NIVEL1	NIVEL2	NIVEL3	NIVEL4	NIVEL5	ETAPA	SUBETAPA	EJECUTADO	DESEMBOLSADO	VR_TOTAL_ANT_BD	ACTA	CLASIFICACION	TERCERO	NIT	DESCRIPCION_ACTA	FECHA	ANO_ACTA	ESTADO	EJECUTADO_POR	NOTA
1 EJECUTADO	1. EJECUTADO ACTAS	1. ACTAS PREVIAS (1268 - 1280 - 1299 - 1305)	1268	ALCALDIA MUNICIPAL DE SOACHA	GENERAL	GENERAL	411623448	411623448	411623448	1268	Urbanismo inicial Predial	ALCALDIA MUNICIPAL DE SOACHA	800094755	PAGO DE IMPUESTO PREDIAL	39995	2009			
1 EJECUTADO	1. EJECUTADO ACTAS	1. ACTAS PREVIAS (1268 - 1280 - 1299 - 1305)	1268	FERNANDO MAZUERA Y CIA S.A.	GENERAL	GENERAL	262160000	262160000	262160000	1268	Urbanismo inicial	FERNANDO MAZUERA Y CIA S.A.	860014917	2DOREEMBOLSO GASTOS-80% EL VINCULO URB MAIPORE	40210	2010			
1 EJECUTADO	1. EJECUTADO ACTAS	1. ACTAS PREVIAS (1268 - 1280 - 1299 - 1305)	1268	MAZUERA VILLEGAS Y CIA S.A.	GENERAL	GENERAL	59100993	59100993	59100993	1268	Urbanismo inicial	MAZUERA VILLEGAS Y CIA S.A.	860028302	1ER REEMBOLSO GASTOS-80% EL VINCULO URB MAIPORE	40026	2009			
1 EJECUTADO	1. EJECUTADO ACTAS	1. ACTAS PREVIAS (1268 - 1280 - 1299 - 1305)	1268	TESORERIA MUNICIPAL	GENERAL	GENERAL	2312000	2312000	2312000	1268	Urbanismo inicial	TESORERIA MUNICIPAL	800094755	IMPUESTO DE ASEO	40360	2010			
1 EJECUTADO	1. EJECUTADO ACTAS	1. ACTAS PREVIAS (1268 - 1280 - 1299 - 1305)	1268	URBANIZADORA MAIPORE SAS	GENERAL	GENERAL	80068418	80068418	80068418	1268	Urbanismo inicial	URBANIZADORA MAIPORE SAS	900346413	ANTICIPO 3 OBRA SALA VENTA Y URBNISMO URB MAIPORE	40299	2010			
1 EJECUTADO	1. EJECUTADO ACTAS	1. ACTAS PREVIAS (1268 - 1280 - 1299 - 1305)	1268	URBANIZADORA MAIPORE SAS	GENERAL	GENERAL	300000000	300000000	300000000	1268	Urbanismo inicial	URBANIZADORA MAIPORE SAS	900346413	ANTICIPO 4 OBRA SALA VENTA Y URBNISMO URB MAIPORE	40299	2010			
1 EJECUTADO	1. EJECUTADO ACTAS	1. ACTAS PREVIAS (1268 - 1280 - 1299 - 1305)	1268	URBANIZADORA MAIPORE SAS	GENERAL	GENERAL	800000000	800000000	800000000	1268	Urbanismo inicial	URBANIZADORA MAIPORE SAS	900346413	ANTICIPO 4 OBRA SALA VENTA Y URBNISMO URB MAIPORE	40330	2010			
1 EJECUTADO	1. EJECUTADO ACTAS	1. ACTAS PREVIAS (1268 - 1280 - 1299 - 1305)	1268	URBANIZADORA MAIPORE SAS	GENERAL	GENERAL	44640034	44640034	44640034	1268	Urbanismo inicial	URBANIZADORA MAIPORE SAS	900346413	PAGO PROVEEDOR EQUIVALENTE AL 80%	40664	2011			
1 EJECUTADO	1. EJECUTADO ACTAS	1. ACTAS PREVIAS (1268 - 1280 - 1299 - 1305)	1268	URBANIZADORA MAIPORE SAS	GENERAL	GENERAL	30209952	30209952	30209952	1268	Urbanismo inicial	URBANIZADORA MAIPORE SAS	900346413	PAGO A PROVEEDOR COSTO INDIRECTO.	40664	2011			
1 EJECUTADO	1. EJECUTADO ACTAS	1. ACTAS PREVIAS (1268 - 1280 - 1299 - 1305)	1268	URBANIZADORA MAIPORE SAS	GENERAL	GENERAL	9885155	9885155	9885155	1268	Urbanismo inicial	URBANIZADORA MAIPORE SAS	900346413	PAGO A PROVEEDOR COSTO INDIRECTO.	40664	2011			
1 EJECUTADO	1. EJECUTADO ACTAS	1. ACTAS PREVIAS (1268 - 1280 - 1299 - 1305)	1280	FIDEICOMI PA MZUERA V FID BANCOLOMBIA	GENERAL	GENERAL	1599574400	1599574400	1599574400	1280	Urbanismo inicial Predial	FIDEICOMI PA MZUERA V FID BANCOLOMBIA	830054539	PAGO IMPUESTO PREDIAL MAIPORE JUNIO 29.	40330	2010			
1 EJECUTADO	1. EJECUTADO ACTAS	1. ACTAS PREVIAS (1268 - 1280 - 1299 - 1305)	1280	GASTOS GENERADOS POR MAIPORE	GENERAL	GENERAL	86576944	86576944	86576944	1280	Urbanismo inicial	GASTOS GENERADOS POR MAIPORE	860007336	GASTOS GENERADOS POR MAIPORE CON CORTE A FEBRERO 28,2011	40603	2011			
1 EJECUTADO	1. EJECUTADO ACTAS	1. ACTAS PREVIAS (1268 - 1280 - 1299 - 1305)	1280	GASTOS GENERADOS POR MAIPORE	GENERAL	GENERAL	1533323851	1533323851	1533323851	1280	Urbanismo inicial	GASTOS GENERADOS POR MAIPORE		GASTOS GENERADOS POR MAIPORE CON CORTE A MARZO 30,2011	40634	2011			
1 EJECUTADO	1. EJECUTADO ACTAS	1. ACTAS PREVIAS (1268 - 1280 - 1299 - 1305)	1280	GASTOS GENERADOS POR MAIPORE	GENERAL	GENERAL	701132263	701132263	701132263	1280	Urbanismo inicial	GASTOS GENERADOS POR MAIPORE	860007336	RETIRO VINCULO DE ACUERDO A MEMORANDO DV0-0996/11. GASTOS GENERADOS MAIPORE	40695	2011			
1 EJECUTADO	1. EJECUTADO ACTAS	1. ACTAS PREVIAS (1268 - 1280 - 1299 - 1305)	1280	GASTOS GENERADOS POR MAIPORE	GENERAL	GENERAL	57678631	57678631	57678631	1280	Urbanismo inicial	GASTOS GENERADOS POR MAIPORE	860007336	GASTOS GENERADOS DE JUNIO 2011 A SEPTIEMBRE DE 2,011	40817	2011			
1 EJECUTADO	1. EJECUTADO ACTAS	1. ACTAS PREVIAS (1268 - 1280 - 1299 - 1305)	1280	GASTOS GENERADOS POR MAIPORE	GENERAL	GENERAL	1438869695	1438869695	1438869695	1280	Urbanismo inicial	GASTOS GENERADOS POR MAIPORE	860007336	GASTOS GENERADOS POR MAIPORE CON CORTE A OCT 31,2010	40817	2011			
1 EJECUTADO	1. EJECUTADO ACTAS	1. ACTAS PREVIAS (1268 - 1280 - 1299 - 1305)	1280	URBANIZADORA MAIPORE SAS	GENERAL	GENERAL	800000000	800000000	800000000	1280	Urbanismo inicial	URBANIZADORA MAIPORE SAS	830054539	ANTICIPO TRABAJOS SALA DE VENTAS	40422	2010			
1 EJECUTADO	1. EJECUTADO ACTAS	1. ACTAS PREVIAS (1268 - 1280 - 1299 - 1305)	1280	URBANIZADORA MAIPORE SAS	GENERAL	GENERAL	383871326	383871326	383871326	1280	Urbanismo inicial	URBANIZADORA MAIPORE SAS	900,346,143	ANTICIPO OBRA	40513	2010			
1 EJECUTADO	1. EJECUTADO ACTAS	1. ACTAS PREVIAS (1268 - 1280 - 1299 - 1305)	1280	URBANIZADORA MAIPORE SAS	GENERAL	GENERAL	34419810	34419810	34419810	1280	Urbanismo inicial	URBANIZADORA MAIPORE SAS	900346143	CANCELACION CUENTAS PRIORIZADAS	40603	2011			
1 EJECUTADO	1. EJECUTADO ACTAS	1. ACTAS PREVIAS (1268 - 1280 - 1299 - 1305)	1280	URBANIZADORA MAIPORE SAS	GENERAL	GENERAL	91112733	91112733	91112733	1280	Urbanismo inicial	URBANIZADORA MAIPORE SAS	900346143	CANCELACION CUENTAS PRIORIZADAS	40603	2011			
1 EJECUTADO	1. EJECUTADO ACTAS	1. ACTAS PREVIAS (1268 - 1280 - 1299 - 1305)	1280	URBANIZADORA MAIPORE SAS	GENERAL	GENERAL	46496547	46496547	46496547	1280	Urbanismo inicial	URBANIZADORA MAIPORE SAS	900346143	CANCELACION CUENTAS PRIORIZADAS	40634	2011			
1 EJECUTADO	1. EJECUTADO ACTAS	1. ACTAS PREVIAS (1268 - 1280 - 1299 - 1305)	1280	URBANIZADORA MAIPORE SAS	GENERAL	GENERAL	161700879	161700879	161700879	1280	Urbanismo inicial	URBANIZADORA MAIPORE SAS	900346143	CANCELACION CUENTAS PRIORIZADAS	40634	2011			
1 EJECUTADO	1. EJECUTADO ACTAS	1. ACTAS PREVIAS (1268 - 1280 - 1299 - 1305)	1280	URBANIZADORA MAIPORE SAS	GENERAL	GENERAL	3055623	3055623	3055623	1280	Urbanismo inicial	URBANIZADORA MAIPORE SAS	900346413	PAGO PROVEEDOR EQUIVALENTE AL 80%	40664	2011			
1 EJECUTADO	1. EJECUTADO ACTAS	1. ACTAS PREVIAS (1268 - 1280 - 1299 - 1305)	1280	URBANIZADORA MAIPORE SAS	GENERAL	GENERAL	21374894	21374894	21374894	1280	Urbanismo inicial	URBANIZADORA MAIPORE SAS	900346413	PAGO PROVEEDOR EQUIVALENTE AL 80%	40664	2011			
1 EJECUTADO	1. EJECUTADO ACTAS	1. ACTAS PREVIAS (1268 - 1280 - 1299 - 1305)	1280	URBANIZADORA MAIPORE SAS	GENERAL	GENERAL	2368411	2368411	2368411	1280	Urbanismo inicial	URBANIZADORA MAIPORE SAS	900346413	PAGO A PROVEEDOR COSTO INDIRECTOS	40695	2011			
1 EJECUTADO	1. EJECUTADO ACTAS	1. ACTAS PREVIAS (1268 - 1280 - 1299 - 1305)	1280	URBANIZADORA MAIPORE SAS	GENERAL	GENERAL	40195421	40195421	40195421	1280	Urbanismo inicial	URBANIZADORA MAIPORE SAS	900346413	PAGO A PROVEEDOR COSTO INDIRECTOS	40695	2011			
1 EJECUTADO	1. EJECUTADO ACTAS	1. ACTAS PREVIAS (1268 - 1280 - 1299 - 1305)	1280	URBANIZADORA MAIPORE SAS	GENERAL	GENERAL	522958922	522958922	522958922	1280	Urbanismo inicial	URBANIZADORA MAIPORE SAS	900346413	RECURSOS DESARROLLO CIUDADELA MAIPORE	40695	2011			
1 EJECUTADO	1. EJECUTADO ACTAS	1. ACTAS PREVIAS (1268 - 1280 - 1299 - 1305)	1280	URBANIZADORA MAIPORE SAS	GENERAL	GENERAL	20945843	20945843	20945843	1280	Urbanismo inicial	URBANIZADORA MAIPORE SAS	900346413	PAGO A PROVEEDOR COSTO INDIRECTOS	40695	2011			
1 EJECUTADO	1. EJECUTADO ACTAS	1. ACTAS PREVIAS (1268 - 1280 - 1299 - 1305)	1280	URBANIZADORA MAIPORE SAS	GENERAL	GENERAL	1477041078	1477041078	1477041078	1280	Urbanismo inicial	URBANIZADORA MAIPORE SAS	900346413	RECURSOS DESARROLLO CIUDADELA MAIPORE	40695	2011			
1 EJECUTADO	1. EJECUTADO ACTAS	1. ACTAS PREVIAS (1268 - 1280 - 1299 - 1305)	1280	URBANIZADORA MAIPORE SAS	GENERAL	GENERAL	50022437	50022437	50022437	1280	Urbanismo inicial	URBANIZADORA MAIPORE SAS	900346413	PAGO A PROVEEDOR COSTO INDIRECTOS	40695	2011			
1 EJECUTADO	1. EJECUTADO ACTAS	1. ACTAS PREVIAS (1268 - 1280 - 1299 - 1305)	1280	URBANIZADORA MAIPORE SAS	GENERAL	GENERAL	1013000000	1013000000	1013000000	1280	Urbanismo inicial	URBANIZADORA MAIPORE SAS	900346413	RECURSOS DESARROLLO CIUDADELA MAIPORE	40756	2011			
1 EJECUTADO	1. EJECUTADO ACTAS	1. ACTAS PREVIAS (1268 - 1280 - 1299 - 1305)	1280	URBANIZADORA MAIPORE SAS	GENERAL	GENERAL	1000000000	1000000000	1000000000	1280	Urbanismo inicial	URBANIZADORA MAIPORE SAS	900346413	RECURSOS DESARROLLO CIUDADELA MAIPORE	40787	2011			
1 EJECUTADO	1. EJECUTADO ACTAS	1. ACTAS PREVIAS (1268 - 1280 - 1299 - 1305)	1280	URBANIZADORA MAIPORE SAS	GENERAL	GENERAL	1000000000	1000000000	1000000000	1280	Urbanismo inicial	URBANIZADORA MAIPORE SAS	900346413	RECURSOS DESARROLLO CIUDADELA MAIPORE	40787	2011			
1 EJECUTADO	1. EJECUTADO ACTAS	1. ACTAS PREVIAS (1268 - 1280 - 1299 - 1305)	1280	URBANIZADORA MAIPORE SAS	GENERAL	GENERAL	3641000000	3641000000	3641000000	1280	Urbanismo inicial	URBANIZADORA MAIPORE SAS	900346413	RECURSOS DESARROLLO CIUDADELA MAIPORE	40817	2011			
1 EJECUTADO	1. EJECUTADO ACTAS	1. ACTAS PREVIAS (1268 - 1280 - 1299 - 1305)	1280	URBANIZADORA MAIPORE SAS	GENERAL	GENERAL	3118280292	3118280292	3118280292	1280	Urbanismo inicial	URBANIZADORA MAIPORE SAS	900346413	RECURSOS DESARROLLO CIUDADELA MAIPORE	40848	2011			
1 EJECUTADO	1. EJECUTADO ACTAS	1. ACTAS PREVIAS (1268 - 1280 - 1299 - 1305)	1299	COLSUBSIDIO	GENERAL	GENERAL	154452519	154452519	154452519	1299	Urbanismo inicial	COLSUBSIDIO	860007336	GASTOS DE MAIPORE DE OCTUBRE 2011 A ENERO 2012	40969	2012			
1 EJECUTADO	1. EJECUTADO ACTAS	1. ACTAS PREVIAS (1268 - 1280 - 1299 - 1305)	1299	EDUARDO OSPINA Y CIA	GENERAL	GENERAL	810925000	810925000	810925000	1299	PTAR inicial	EDUARDO OSPINA Y CIA	890903642	ANTICIPO 50% SUMINISTRO Y MONTAJE PTAR 5,000 VVDAS	40909	2012			
1 EJECUTADO	1. EJECUTADO ACTAS	1. ACTAS PREVIAS (1268 - 1280 - 1299 - 1305)	1299	URBANIZADORA MAIPORE SAS	GENERAL	GENERAL	958719708	958719708	958719708	1299	Urbanismo inicial	URBANIZADORA MAIPORE SAS	900346413	RECURSOS DESARROLLO CIUDADELA MAIPORE	40848	2011			
1 EJECUTADO	1. EJECUTADO ACTAS	1. ACTAS PREVIAS (1268 - 1280 - 1299 - 1305)	1299	URBANIZADORA MAIPORE SAS	GENERAL	GENERAL	4160000000	4160000000	4160000000	1299	Urbanismo inicial	URBANIZADORA MAIPORE SAS	900346413	DESARROLLO DE PROYECTO	40909	2012			
1 EJECUTADO	1. EJECUTADO ACTAS	1. ACTAS PREVIAS (1268 - 1280 - 1299 - 1305)	1299	URBANIZADORA MAIPORE SAS	GENERAL	GENERAL	3129690846	3129690846	3129690846	1299	Urbanismo inicial	URBANIZADORA MAIPORE SAS	900346413	RECURSOS DESARROLLO CIUDADELA MAIPORE	40969	2012			
1 EJECUTADO	1. EJECUTADO ACTAS	1. ACTAS PREVIAS (1268 - 1280 - 1299 - 1305)	1299	URBANIZADORA MAIPORE SAS	GENERAL	GENERAL	1667309154	1667309154	1667309154	1299	Urbanismo inicial	URBANIZADORA MAIPORE SAS	900346413	RECURSOS DESARROLLO CIUDADELA MAIPORE	40969	2012			
1 EJECUTADO	1. EJECUTADO ACTAS	1. ACTAS PREVIAS (1268 - 1280 - 1299 - 1305)	1299	URBANIZADORA MAIPORE SAS	GENERAL	GENERAL	1118902772	1118902772	1118902772	1299	Urbanismo inicial	URBANIZADORA MAIPORE SAS	900346413	RECURSOS DESARROLLO CIUDADELA MAIPORE	41030	2012			
1 EJECUTADO	1. EJECUTADO ACTAS	1. ACTAS PREVIAS (1268 - 1280 - 1299 - 1305)	1305	COLSUBSIDIO	GENERAL	GENERAL	898496701	898496701	898496701	1305	Urbanismo inicial	COLSUBSIDIO	860007336	GASTOS DE MAIPORE DE FEBRERO DE 2012 A JUNIO 2012	41091	2012			
1 EJECUTADO	1. EJECUTADO ACTAS	1. ACTAS PREVIAS (1268 - 1280 - 1299 - 1305)	1305	COLSUBSIDIO	GENERAL	GENERAL	4072520	4072520	4072520	1305	Urbanismo inicial	COLSUBSIDIO	860007336	GASTOS DE MAIPORE DE JULIO DE 2012	41122	2012			
1 EJECUTADO	1. EJECUTADO ACTAS	1. ACTAS PREVIAS (1268 - 1280 - 1299 - 1305)	1305	COLSUBSIDIO	GENERAL	GENERAL	7153526	7153526	0	1305	Urbanismo inicial	COLSUBSIDIO	860007336	RETIRO DE FOVIS DOCUMENTO CONTABLE 3901221220 MEMO GV5-931/15	42248	2015			
1 EJECUTADO	1. EJECUTADO ACTAS	1. ACTAS PREVIAS (1268 - 1280 - 1299 - 1305)	1305	EDUARDO OSPINA Y CIA	GENERAL	GENERAL	486555000	486555000	486555000	1305	PTAR inicial	EDUARDO OSPINA Y CIA	890303642	ANTICIPO 50% SUMINISTRO Y MONTAJE PTAR 5,000 VVDAS	41091	2012			
1 EJECUTADO	1. EJECUTADO ACTAS	1. ACTAS PREVIAS (1268 - 1280 - 1299 - 1305)	1305	URBANIZADORA MAIPORE SAS	GENERAL	GENERAL	1500000000	1500000000	1500000000	1305	Urbanismo inicial	URBANIZADORA MAIPORE SAS	900346413	RECURSOS DESARROLLO CIUDADELA MAIPORE	41091	2012			
1 EJECUTADO	1. EJECUTADO ACTAS	1. ACTAS PREVIAS (1268 - 1280 - 1299 - 1305)	1305	URBANIZADORA MAIPORE SAS	GENERAL	GENERAL	700000000	700000000	700000000	1305	Urbanismo inicial	URBANIZADORA MAIPORE SAS	900346413	RECURSOS DESARROLLO CIUDADELA MAIPORE	41091	2012			
1 EJECUTADO	1. EJECUTADO ACTAS	1. ACTAS PREVIAS (1268 - 1280 - 1299 - 1305)	1305	URBANIZADORA MAIPORE SAS	GENERAL	GENERAL	1500000000	1500000000	1500000000	1305	Urbanismo inicial	URBANIZADORA MAIPORE SAS	900346413	DESARROLLO DE PROYECTO	41091	2012			
1 EJECUTADO	1. EJECUTADO ACTAS	1. ACTAS PREVIAS (1268 - 1280 - 1299 - 1305)	1305	URBANIZADORA MAIPORE SAS	GENERAL	GENERAL	1500000000	1500000000	1500000000	1305	Urbanismo inicial	URBANIZADORA MAIPORE SAS	900346413	RECURSOS DESARROLLO CIUDADELA MAIPORE	41122	2012			
1 EJECUTADO	1. EJECUTADO ACTAS	2. ACTAS POSTERIORES A LA 1305	1318	ACCIÓN VERDE	GENERAL	GENERAL	393558757	393558757	393558757	1318	Reforestación	ACCIÓN VERDE	900174024	Honorarios silviculturales suelos reforestación Maipore	43009	2017			
1 EJECUTADO	1. EJECUTADO ACTAS	2. ACTAS POSTERIORES A LA 1305	1318	ACUACENTRO	GENERAL	GENERAL	3064000000	3064000000	3064000000	1318	ACUACENTRO	ACUACENTRO	900,480,571	CUOTA DE RECONOCIMIENTO DE GASTOS E INVERSIONES DE OPERACIÓN	41760	2014			
1 EJECUTADO	1. EJECUTADO ACTAS	2. ACTAS POSTERIORES A LA 1305	1318	ACUACENTRO	GENERAL	GENERAL	51029621	51029621	51029621	1318	ACUACENTRO	ACUACENTRO	900480571	COSTO ADMON ACUEDUCTO Y ALCANTARILLADO MAYO	41821	2014			
1 EJECUTADO	1. EJECUTADO ACTAS	2. ACTAS POSTERIORES A LA 1305	1318	ACUACENTRO	GENERAL	GENERAL	57274271	57274271	57274271	1318	ACUACENTRO	ACUACENTRO	900480571	RECONOCIMIENTO COSTOS ADMON ACUEDUCTO JULIO 2014	41852	2014			
1 EJECUTADO	1. EJECUTADO ACTAS	2. ACTAS POSTERIORES A LA 1305	1318	ACUACENTRO	GENERAL	GENERAL	62847080	62847080	62847080	1318	ACUACENTRO	ACUACENTRO	900480571	RECONOCIMIENTO COSTOS ADMON ACUEDUCTO AGOS/2014	41883	2014			
1 EJECUTADO	1. EJECUTADO ACTAS	2. ACTAS POSTERIORES A LA 1305	1318	ACUACENTRO	GENERAL	GENERAL	76591418	76591418	76591418	1318	ACUACENTRO	ACUACENTRO	900480571	RECONOCIMIENTO COSTOS ADMON ACUEDUCTO SEPTIEM/2014	41913	2014			
1 EJECUTADO	1. EJECUTADO ACTAS	2. ACTAS POSTERIORES A LA 1305	1318	ACUACENTRO	GENERAL	GENERAL	59529593	59529593	59529593	1318	ACUACENTRO	ACUACENTRO	900480571	RECONOCIMIENTO COSTOS ADMON ACUEDUCTO OCTUBRE/2014	41944	2014			
1 EJECUTADO	1. EJECUTADO ACTAS	2. ACTAS POSTERIORES A LA 1305	1318	ACUACENTRO	GENERAL	GENERAL	55020666	55020666	55020666	1318	ACUACENTRO	ACUACENTRO	900480571	RECONOCIMIENTO COSTOS ADMON ACUEDUCTO NOVIEMB/2014	41974	2014			
1 EJECUTADO	1. EJECUTADO ACTAS	2. ACTAS POSTERIORES A LA 1305	1318	ACUACENTRO	GENERAL	GENERAL	57464451	57464451	57464451	1318	ACUACENTRO	ACUACENTRO	900480571	RECONOCIMIENTO COSTOS ADMON ACUEDUCTO DICIEMB/2014	42005	2015			
1 EJECUTADO	1. EJECUTADO ACTAS	2. ACTAS POSTERIORES A LA 1305	1318	ACUACENTRO	GENERAL	GENERAL	57704415	57704415	57704415	1318	ACUACENTRO	ACUACENTRO	900480571	RECONOCIMIENTO COSTOS ADMON ACUEDUCTO ENERO/2015	42036	2015			
1 EJECUTADO	1. EJECUTADO ACTAS	2. ACTAS POSTERIORES A LA 1305	1318	ACUACENTRO	GENERAL	GENERAL	55874754	55874754	55874754	1318	ACUACENTRO	ACUACENTRO	900480571	RECONOCIMIENTO COSTOS ADMON ACUEDUCTO FEBRERO/2015	42064	2015			
1 EJECUTADO	1. EJECUTADO ACTAS	2. ACTAS POSTERIORES A LA 1305	1318	ACUACENTRO	GENERAL	GENERAL	63668237	63668237	63668237	1318	ACUACENTRO	ACUACENTRO	900480571	RECONOCIMIENTO COSTOS ADMON ACUEDUCTO MARZO/2015	42095	2015			
1 EJECUTADO	1. EJECUTADO ACTAS	2. ACTAS POSTERIORES A LA 1305	1318	ACUACENTRO	GENERAL	GENERAL	58208668	58208668	58208668	1318	ACUACENTRO	ACUACENTRO	900480571	RECONOCIMIENTO COSTOS ADMON ACUEDUCTO ABRIL/2015	42125	2015			
1 EJECUTADO	1. EJECUTADO ACTAS	2. ACTAS POSTERIORES A LA 1305	1318	ACUACENTRO	GENERAL	GENERAL	62835862	62835862	62835862	1318	ACUACENTRO	ACUACENTRO	900480571	RECONOCIMIENTO COSTOS ADMON ACUEDUCTO MAYO/2015	42156	2015			
1 EJECUTADO	1. EJECUTADO ACTAS	2. ACTAS POSTERIORES A LA 1305	1318	ACUACENTRO	GENERAL	GENERAL	60034214	60034214	60034214	1318	ACUACENTRO	ACUACENTRO	900480571	RECONOCIMIENTO COSTOS ADMON ACUEDUCTO JUNIO/2015	42186	2015			
1 EJECUTADO	1. EJECUTADO ACTAS	2. ACTAS POSTERIORES A LA 1305	1318	ACUACENTRO	GENERAL	GENERAL	63212353	63212353	63212353	1318	ACUACENTRO	ACUACENTRO	900480571	RECONOCIMIENTOS COSTOS DE ADMON	42248	2015			
1 EJECUTADO	1. EJECUTADO ACTAS	2. ACTAS POSTERIORES A LA 1305	1318	ACUACENTRO	GENERAL	GENERAL	61009180	61009180	61009180	1318	ACUACENTRO	ACUACENTRO	900480571	RECONOCIMIENTOS COSTOS DE ADMON	42248	2015			
1 EJECUTADO	1. EJECUTADO ACTAS	2. ACTAS POSTERIORES A LA 1305	1318	ACUACENTRO	GENERAL	GENERAL	62617672	62617672	62617672	1318	ACUACENTRO	ACUACENTRO	900480571	RECONOCIMIENTOS COSTOS DE ADMON	42278	2015			
1 EJECUTADO	1. EJECUTADO ACTAS	2. ACTAS POSTERIORES A LA 1305	1318	ACUACENTRO	GENERAL	GENERAL	62331189	62331189	62331189	1318	ACUACENTRO	ACUACENTRO	900480571	RECONOCIMIENTOS COSTOS DE ADMON	42309	2015			
1 EJECUTADO	1. EJECUTADO ACTAS	2. ACTAS POSTERIORES A LA 1305	1318	ACUACENTRO	GENERAL	GENERAL	70700755	70700755	70700755	1318	ACUACENTRO	ACUACENTRO	900480571	RECONOCIMIENTOS COSTOS DE ADMON	42339	2015			
1 EJECUTADO	1. EJECUTADO ACTAS	2. ACTAS POSTERIORES A LA 1305	1318	ACUACENTRO	GENERAL	GENERAL	57129487	57129487	57129487	1318	ACUACENTRO	ACUACENTRO	900480571	RECONOCIMIENTOS COSTOS DE ADMON	42370	2016			
1 EJECUTADO	1. EJECUTADO ACTAS	2. ACTAS POSTERIORES A LA 1305	1318	ACUACENTRO	GENERAL	GENERAL	57615714	57615714	57615714	1318	ACUACENTRO	ACUACENTRO	900480571	RECONOCIMIENTOS COSTOS DE ADMON	42401	2016			
1 EJECUTADO	1. EJECUTADO ACTAS	2. ACTAS POSTERIORES A LA 1305	1318	ACUACENTRO	GENERAL	GENERAL	53046913	53046913	53046913	1318	ACUACENTRO	ACUACENTRO	900480571	RECONOCIMIENTOS COSTOS DE ADMON	42430	2016			
1 EJECUTADO	1. EJECUTADO ACTAS	2. ACTAS POSTERIORES A LA 1305	1318	ACUACENTRO	GENERAL	GENERAL	57582199	57582199	57582199	1318	ACUACENTRO	ACUACENTRO	900480571	RECONOCIMIENTOS COSTOS DE ADMON	42461	2016			
1 EJECUTADO	1. EJECUTADO ACTAS	2. ACTAS POSTERIORES A LA 1305	1318	ACUACENTRO	GENERAL	GENERAL	60193887	60193887	60193887	1318	ACUACENTRO	ACUACENTRO	900480571	RECONOCIMIENTOS COSTOS DE ADMON, DOCT CONTABLE 2900644042	42491	2016			
1 EJECUTADO	1. EJECUTADO ACTAS	2. ACTAS POSTERIORES A LA 1305	1318	ACUACENTRO	GENERAL	GENERAL	59259044	59259044	59259044	1318	ACUACENTRO	ACUACENTRO	900480571	RECONOCIMIENTO COSTOS DE ADMON, DOCT CONTABLE	42522	2016			
1 EJECUTADO	1. EJECUTADO ACTAS	2. ACTAS POSTERIORES A LA 1305	1318	ACUACENTRO	GENERAL	GENERAL	62540610	62540610	62540610	1318	ACUACENTRO	ACUACENTRO	900480571	Reconomientos costos admon	42583	2016			
1 EJECUTADO	1. EJECUTADO ACTAS	2. ACTAS POSTERIORES A LA 1305	1318	ACUACENTRO	GENERAL	GENERAL	61525939	61525939	61525939	1318	ACUACENTRO	ACUACENTRO	900480571	Reconocimientos costos admon	42583	2016			
1 EJECUTADO	1. EJECUTADO ACTAS	2. ACTAS POSTERIORES A LA 1305	1318	ACUACENTRO	GENERAL	GENERAL	56166835	56166835	56166835	1318	ACUACENTRO	ACUACENTRO	900480571	Reconomientos costos admon	42614	2016			
1 EJECUTADO	1. EJECUTADO ACTAS	2. ACTAS POSTERIORES A LA 1305	1318	ACUACENTRO	GENERAL	GENERAL	62171159	62171159	62171159	1318	ACUACENTRO	ACUACENTRO	900480571	Reconocimiento de costos incurridos en septiembre 2016	42644	2016			
1 EJECUTADO	1. EJECUTADO ACTAS	2. ACTAS POSTERIORES A LA 1305	1318	ACUACENTRO	GENERAL	GENERAL	62060373	62060373	62060373	1318	ACUACENTRO	ACUACENTRO	900480571	Reconocimiento de costos incurridos en Junio de 2017	42917	2017			
1 EJECUTADO	1. EJECUTADO ACTAS	2. ACTAS POSTERIORES A LA 1305	1318	ACUACENTRO	GENERAL	GENERAL	36186511	36186511	36186511	1318	ACUACENTRO	ACUACENTRO	900480571	Servicio de mantenimiento de planta	43221	2018			
1 EJECUTADO	1. EJECUTADO ACTAS	2. ACTAS POSTERIORES A LA 1305	1318	ACUACENTRO	GENERAL	GENERAL	36186512	36186512	36186512	1318	ACUACENTRO	ACUACENTRO	900480571	Servicio de mantenimiento de planta	43221	2018			
1 EJECUTADO	1. EJECUTADO ACTAS	2. ACTAS POSTERIORES A LA 1305	1318	ACUACENTRO	GENERAL	GENERAL	72373022	72373022	72373022	1318	ACUACENTRO	ACUACENTRO	900480571	Servicio de mantenimiento de planta	43252	2018			
1 EJECUTADO	1. EJECUTADO ACTAS	2. ACTAS POSTERIORES A LA 1305	1318	ACUACENTRO	GENERAL	GENERAL	41105397	41105397	41105397	1318	ACUACENTRO	ACUACENTRO	900480571	Servicio de mantenimiento de planta	43282	2018			
1 EJECUTADO	1. EJECUTADO ACTAS	2. ACTAS POSTERIORES A LA 1305	1318	ACUACENTRO	GENERAL	GENERAL	35777619	35777619	35777619	1318	ACUACENTRO	ACUACENTRO	900480571	Servicio de mantenimiento de planta tratamiento	43313	2018			
1 EJECUTADO	1. EJECUTADO ACTAS	2. ACTAS POSTERIORES A LA 1305	1318	ACUACENTRO	GENERAL	GENERAL	58932132	58932132	58932132	1318	ACUACENTRO	ACUACENTRO	900480571	Servicio de mantenimiento de planta	43374	2018			
1 EJECUTADO	1. EJECUTADO ACTAS	2. ACTAS POSTERIORES A LA 1305	1318	ACUACENTRO	GENERAL	GENERAL	35958836	35958836	35958836	1318	ACUACENTRO	ACUACENTRO	900480571	Servicio de mantenimiento de planta	43374	2018			
1 EJECUTADO	1. EJECUTADO ACTAS	2. ACTAS POSTERIORES A LA 1305	1318	ACUACENTRO	GENERAL	GENERAL	32333861	32333861	32333861	1318	ACUACENTRO	ACUACENTRO	900480571	Servicio de mantenimiento de planta	43435	2018			
1 EJECUTADO	1. EJECUTADO ACTAS	2. ACTAS POSTERIORES A LA 1305	1318	ACUACENTRO	GENERAL	GENERAL	23294137	23294137	23294137	1318	ACUACENTRO	ACUACENTRO	900480571	Servicio de mantenimiento de planta	43435	2018			
1 EJECUTADO	1. EJECUTADO ACTAS	2. ACTAS POSTERIORES A LA 1305	1318	ACUACENTRO	GENERAL	GENERAL	22633621	22633621	22633621	1318	ACUACENTRO	ACUACENTRO	900480571	Servicio de mantenimiento de planta	43466	2019			
1 EJECUTADO	1. EJECUTADO ACTAS	2. ACTAS POSTERIORES A LA 1305	1318	ACUACENTRO	GENERAL	GENERAL	22767502	22767502	22767502	1318	ACUACENTRO	ACUACENTRO	900480571	Servicio de mantenimiento de planta	43497	2019			
1 EJECUTADO	1. EJECUTADO ACTAS	2. ACTAS POSTERIORES A LA 1305	1318	ACUACENTRO	GENERAL	GENERAL	7112749	7112749	7112749	1318	ACUACENTRO	ACUACENTRO	900480571	Servicio de gastos reembolsables por admon de planta	43586	2019			
1 EJECUTADO	1. EJECUTADO ACTAS	2. ACTAS POSTERIORES A LA 1305	1318	ACUEDUCTO	GENERAL	GENERAL	30306310	30306310	30306310	1318	Diseños	ACUEDUCTO	899999094	Diseño y presupuesto acueducto	42248	2015			
1 EJECUTADO	1. EJECUTADO ACTAS	2. ACTAS POSTERIORES A LA 1305	1318	AG INGENIEROS SAS	GENERAL	GENERAL	7616000	7616000	7616000	1318	Diseños	AG INGENIEROS SAS	800219927	Honorarios modificación diseño redes	43282	2018			
1 EJECUTADO	1. EJECUTADO ACTAS	2. ACTAS POSTERIORES A LA 1305	1318	APIROS	GENERAL	GENERAL	4104925	4104925	4104925	1318	Urbanismo inicial	APIROS	800240724	Reembolso del 3,3% del costo de obras ejecutadas para la señalización en la vía indumil desde el conjunto el Silo hasta la estación de Servicio Terpel.	42917	2017			
1 EJECUTADO	1. EJECUTADO ACTAS	2. ACTAS POSTERIORES A LA 1305	1318	ARGE DE COLOMBIA SAS	GENERAL	GENERAL	23800000	23800000	23800000	1318	Diseños	ARGE DE COLOMBIA SAS	900609830	Honorarios estudio arqueológico	43221	2018			
1 EJECUTADO	1. EJECUTADO ACTAS	2. ACTAS POSTERIORES A LA 1305	1318	ASESORÍAS Y SERVICIOS INVERSIONES INMOBILIARIAS INTEGRALES S.A.S	GENERAL	GENERAL	18587800	18587800	18587800	1318	Jurídico	ASESORÍAS Y SERVICIOS INVERSIONES INMOBILIARIAS INTEGRALES S.A.S	900081535	Avaluo a los lotes 34,35,36,37,38,39,41,42,43,44 y 45 Ciudadela Maipore	42887	2017			
1 EJECUTADO	1. EJECUTADO ACTAS	2. ACTAS POSTERIORES A LA 1305	1318	CAR	GENERAL	GENERAL	517563	517563	517563	1318	HUMEDALES	CAR	899999062	Servicio de seguimiento y control ambientas.	42644	2016			
1 EJECUTADO	1. EJECUTADO ACTAS	2. ACTAS POSTERIORES A LA 1305	1318	CESAR ANGEL BARRIGA	GENERAL	GENERAL	90992518	90992518	90992518	1318	Diseños	CESAR ANGEL BARRIGA	19327520	Licencia de urbanismo	42917	2017			
1 EJECUTADO	1. EJECUTADO ACTAS	2. ACTAS POSTERIORES A LA 1305	1318	CIC CONSULTORES, INGENENIEROS Y CIMENTACIONES	GENERAL	GENERAL	32560829	32560829	32560829	1318	Diseños	CIC CONSULTORES, INGENENIEROS Y CIMENTACIONES	800097495	ESTUDIO DE SUELOS CAUSAS SEP PAVIMENTO MAIPORE	41913	2014			
1 EJECUTADO	1. EJECUTADO ACTAS	2. ACTAS POSTERIORES A LA 1305	1318	CL CONSTRUCCIONES LTDA	GENERAL	GENERAL	3387150	3387150	3387150	1318	Urbanismo inicial	CL CONSTRUCCIONES LTDA	900171152	ARREGLO GENERAL ANDENES EJES VIALES MAIPORE	41974	2014			
1 EJECUTADO	1. EJECUTADO ACTAS	2. ACTAS POSTERIORES A LA 1305	1318	CL CONSTRUCCIONES LTDA	GENERAL	GENERAL	13705509	13705509	13705509	1318	Urbanismo inicial	CL CONSTRUCCIONES LTDA	900171152	ARREGLO GENERAL ANDENES EJES VIALES MAIPORE	41974	2014			
1 EJECUTADO	1. EJECUTADO ACTAS	2. ACTAS POSTERIORES A LA 1305	1318	CL CONSTRUCCIONES LTDA	GENERAL	GENERAL	14635383	14635383	14635383	1318	Urbanismo inicial	CL CONSTRUCCIONES LTDA	900171152	ARREGLO GENERAL SARDINELES PROYECTO MAIPORE	41974	2014			
1 EJECUTADO	1. EJECUTADO ACTAS	2. ACTAS POSTERIORES A LA 1305	1318	CONSORCIO HUMEDALES MAIPORE	GENERAL	GENERAL	101772732	101772732	101772732	1318	HUMEDALES	CONSORCIO HUMEDALES MAIPORE	900823303	LIQUIDACION CTO B-610 ESTUDIOS AMBIENTALES REQ CAR	42095	2015			
1 EJECUTADO	1. EJECUTADO ACTAS	2. ACTAS POSTERIORES A LA 1305	1318	CONSORCIO HUMEDALES MAIPORE	GENERAL	GENERAL	26644040	26644040	26644040	1318	HUMEDALES	CONSORCIO HUMEDALES MAIPORE	900823303	PAGO DEL 50% POR ESTUDIOS AMBIENTALES PARA LA CONSERVACION DE CUERPOS DE AGUA	42491	2016			
1 EJECUTADO	1. EJECUTADO ACTAS	2. ACTAS POSTERIORES A LA 1305	1318	CONSORCIO HUMEDALES MAIPORE	GENERAL	GENERAL	36547875	36547875	36547875	1318	HUMEDALES	CONSORCIO HUMEDALES MAIPORE	900823303	Honorarios monitoreo ambiental	43132	2018			
1 EJECUTADO	1. EJECUTADO ACTAS	2. ACTAS POSTERIORES A LA 1305	1318	CONSORCIO HUMEDALES MAIPORE	GENERAL	GENERAL	36547875	36547875	36547875	1318	HUMEDALES	CONSORCIO HUMEDALES MAIPORE	900823303	Honorarios monitoreo ambiental	43374	2018			
1 EJECUTADO	1. EJECUTADO ACTAS	2. ACTAS POSTERIORES A LA 1305	1318	CONSORCIO HUMEDALES MAIPORE	GENERAL	GENERAL	85278375	85278375	85278375	1318	HUMEDALES	CONSORCIO HUMEDALES MAIPORE	900823303	Honorarios monitoreo ambiental	43435	2018			
1 EJECUTADO	1. EJECUTADO ACTAS	2. ACTAS POSTERIORES A LA 1305	1318	CONSORCIO LOS 5 MAIPORE	GENERAL	GENERAL	77284392	77284392	77284392	1318	HUMEDALES	CONSORCIO LOS 5 MAIPORE	901209110	Administración delegada de humedales	43466	2019			
1 EJECUTADO	1. EJECUTADO ACTAS	2. ACTAS POSTERIORES A LA 1305	1318	CONSORCIO LOS 5 MAIPORE	GENERAL	GENERAL	38642196	38642196	38642196	1318	HUMEDALES	CONSORCIO LOS 5 MAIPORE	901209110	Administración delegada de humedales	43497	2019			
1 EJECUTADO	1. EJECUTADO ACTAS	2. ACTAS POSTERIORES A LA 1305	1318	CURADURIA URBANA N° 1	GENERAL	GENERAL	877883	877883	877883	1318	Diseños	CURADURIA URBANA N° 1	19327520	Pago de prorroga del expediente 17 - 0695	43070	2017			
1 EJECUTADO	1. EJECUTADO ACTAS	2. ACTAS POSTERIORES A LA 1305	1318	FASCON INGENIERÍA Y CONSTRUCCIÓN	GENERAL	GENERAL	5388852	5388852	5388852	1318	Sala de ventas	FASCON INGENIERÍA Y CONSTRUCCIÓN	900401242	Suministro de material y mano de obra, instalaciones eléctricas	42552	2016			
1 EJECUTADO	1. EJECUTADO ACTAS	2. ACTAS POSTERIORES A LA 1305	1318	FASCON INGENIERÍA Y CONSTRUCCIÓN	GENERAL	GENERAL	1359645	1359645	1359645	1318	ACUACENTRO	FASCON INGENIERÍA Y CONSTRUCCIÓN	900401242	Suministro de materiales y mano de obra instalaciones eléctricas oficianas Acuacentro	42552	2016			
1 EJECUTADO	1. EJECUTADO ACTAS	2. ACTAS POSTERIORES A LA 1305	1318	FASCON INGENIERÍA Y CONSTRUCCIÓN	GENERAL	GENERAL	48549376	48549376	48549376	1318	Urbanismo inicial Campamento	FASCON INGENIERÍA Y CONSTRUCCIÓN	900401242	Suministro de materiales y mano de obra traslado de circuito M.T y mantenimiento planta eléctrica.	42552	2016			
1 EJECUTADO	1. EJECUTADO ACTAS	2. ACTAS POSTERIORES A LA 1305	1318	FASCON INGENIERÍA Y CONSTRUCCIÓN	GENERAL	GENERAL	53113753	53113753	53113753	1318	Sala de ventas	FASCON INGENIERÍA Y CONSTRUCCIÓN	900401242	Desmonte y armada de sala de ventas Maipore	42552	2016			
1 EJECUTADO	1. EJECUTADO ACTAS	2. ACTAS POSTERIORES A LA 1305	1318	FASCON INGENIERÍA Y CONSTRUCCIÓN	GENERAL	GENERAL	7755383	7755383	7755383	1318	Urbanismo inicial Campamento	FASCON INGENIERÍA Y CONSTRUCCIÓN	900401242	Desmonte e hincada de poste en concreto, desmonte y monte de red aérea, suministro e instalación de medidor monofásico.	42644	2016			
1 EJECUTADO	1. EJECUTADO ACTAS	2. ACTAS POSTERIORES A LA 1305	1318	FASCON INGENIERÍA Y CONSTRUCCIÓN	GENERAL	GENERAL	13035171	13035171	13035171	1318	Urbanismo varios	FASCON INGENIERÍA Y CONSTRUCCIÓN	900401242	Servicio mantenimiento eléctrico Maipore	43252	2018			
1 EJECUTADO	1. EJECUTADO ACTAS	2. ACTAS POSTERIORES A LA 1305	1318	FIDUCIARIA BOGOTA	GENERAL	GENERAL	2676000000	2676000000	2676000000	1318	CAZUCA	FIDUCIARIA BOGOTA	800142383	PRIMER PAGO CONSTRUCCION TANQUE CAZUCA SUM AGUA	42064	2015			
1 EJECUTADO	1. EJECUTADO ACTAS	2. ACTAS POSTERIORES A LA 1305	1318	FIDUCIARIA BOGOTA	GENERAL	GENERAL	1847000000	1847000000	1847000000	1318	CAZUCA	FIDUCIARIA BOGOTA	800142383	2DO PAGO CONSTRUCCION TANQUE CAZUCA PROY SOACHA	42156	2015			
1 EJECUTADO	1. EJECUTADO ACTAS	2. ACTAS POSTERIORES A LA 1305	1318	FUNDEUCOL	GENERAL	GENERAL	3249976912	3249976912	3249976912	1318	Urbanismo inicial	FUNDEUCOL	900236611	6TA DEVOLUCION APORTES MOMPOS (VINCULO MAIPORE)	42064	2015			
1 EJECUTADO	1. EJECUTADO ACTAS	2. ACTAS POSTERIORES A LA 1305	1318	GESTION LEGAL DE PROYECTOS	GENERAL	GENERAL	3480000	3480000	3480000	1318	Jurídico	GESTION LEGAL DE PROYECTOS	900018346	ASESORIAS JURIDICAS ELABORACION MINUTA MODI MAIPORE	41974	2014			
1 EJECUTADO	1. EJECUTADO ACTAS	2. ACTAS POSTERIORES A LA 1305	1318	H.F.G PREPARACION DE TERRENOS PARA LA CONSTRUCCIÓN	GENERAL	GENERAL	3480000	3480000	3480000	1318	Diseños	H.F.G PREPARACION DE TERRENOS PARA LA CONSTRUCCIÓN	900667931	Actualización de nivelación y planos digitales acueducto.	42552	2016			
1 EJECUTADO	1. EJECUTADO ACTAS	2. ACTAS POSTERIORES A LA 1305	1318	H.F.G PREPARACION DE TERRENOS PARA LA CONSTRUCCIÓN	GENERAL	GENERAL	22122797	22122797	22122797	1318	Diseños	H.F.G PREPARACION DE TERRENOS PARA LA CONSTRUCCIÓN	900667931	Redes exteriores del proyecto. Prestacion de servicios de topografia de mayo 10 a julio 30 de 2016	42583	2016			
1 EJECUTADO	1. EJECUTADO ACTAS	2. ACTAS POSTERIORES A LA 1305	1318	H.F.G PREPARACION DE TERRENOS PARA LA CONSTRUCCIÓN	GENERAL	GENERAL	26453611	26453611	26453611	1318	Diseños	H.F.G PREPARACION DE TERRENOS PARA LA CONSTRUCCIÓN	900667931	Prestación de servicios de topografía del 01 de agosto al 15 de septiembre de 2016	42675	2016			
1 EJECUTADO	1. EJECUTADO ACTAS	2. ACTAS POSTERIORES A LA 1305	1318	H.F.G PREPARACION DE TERRENOS PARA LA CONSTRUCCIÓN	GENERAL	GENERAL	30702000	30702000	30702000	1318	Diseños	H.F.G PREPARACION DE TERRENOS PARA LA CONSTRUCCIÓN	900667631	Honorarios topográficos redes exteriores barrios Maipore	42856	2017			
1 EJECUTADO	1. EJECUTADO ACTAS	2. ACTAS POSTERIORES A LA 1305	1318	H.F.G PREPARACION DE TERRENOS PARA LA CONSTRUCCIÓN	GENERAL	GENERAL	6545000	6545000	6545000	1318	Diseños	H.F.G PREPARACION DE TERRENOS PARA LA CONSTRUCCIÓN	900667931	Honorarios levantamiento topográfico	43191	2018			
1 EJECUTADO	1. EJECUTADO ACTAS	2. ACTAS POSTERIORES A LA 1305	1318	H.F.G PREPARACION DE TERRENOS PARA LA CONSTRUCCIÓN	GENERAL	GENERAL	15410500	15410500	15410500	1318	Diseños	H.F.G PREPARACION DE TERRENOS PARA LA CONSTRUCCIÓN	900667931	Honorarios levantamiento topográfico	43191	2018			
1 EJECUTADO	1. EJECUTADO ACTAS	2. ACTAS POSTERIORES A LA 1305	1318	H.F.G PREPARACION DE TERRENOS PARA LA CONSTRUCCIÓN	GENERAL	GENERAL	14195759	14195759	14195759	1318	Diseños	H.F.G PREPARACION DE TERRENOS PARA LA CONSTRUCCIÓN	900667931	Honorarios levantamiento topográfico	43252	2018			
1 EJECUTADO	1. EJECUTADO ACTAS	2. ACTAS POSTERIORES A LA 1305	1318	H.F.G PREPARACION DE TERRENOS PARA LA CONSTRUCCIÓN	GENERAL	GENERAL	21427560	21427560	21427560	1318	Diseños	H.F.G PREPARACION DE TERRENOS PARA LA CONSTRUCCIÓN	900667931	Honorarios levantamiento topográfico	43374	2018			
1 EJECUTADO	1. EJECUTADO ACTAS	2. ACTAS POSTERIORES A LA 1305	1318	H.F.G PREPARACION DE TERRENOS PARA LA CONSTRUCCIÓN	GENERAL	GENERAL	16070670	16070670	16070670	1318	Diseños	H.F.G PREPARACION DE TERRENOS PARA LA CONSTRUCCIÓN	900667931	Honorarios levantamiento topográfico	43374	2018			
1 EJECUTADO	1. EJECUTADO ACTAS	2. ACTAS POSTERIORES A LA 1305	1318	HIDROOBRAS	GENERAL	GENERAL	47908000	47908000	47908000	1318	Diseños	HIDROOBRAS	800102109	Primer pago del 50% en la ejecucion de diseños del sistema troncal de alcantarillado pluvial compartir II y parte del colector I.	42644	2016			
1 EJECUTADO	1. EJECUTADO ACTAS	2. ACTAS POSTERIORES A LA 1305	1318	HIDROOBRAS	GENERAL	GENERAL	90654000	90654000	90654000	1318	Diseños	HIDROOBRAS	800102109	Primer pago del 50% en la ejecución de los diseños del sistema troncal de alcantarillado residual Muña I y II.	42644	2016			
1 EJECUTADO	1. EJECUTADO ACTAS	2. ACTAS POSTERIORES A LA 1305	1318	HIDROOBRAS	GENERAL	GENERAL	48314000	48314000	48314000	1318	Diseños	HIDROOBRAS	800102109	Elaboración de diseños para las redes de acueducto y alcantarillado del proyecto Ciudadela Maipore. Contrato B- 583	43070	2017			
1 EJECUTADO	1. EJECUTADO ACTAS	2. ACTAS POSTERIORES A LA 1305	1318	OB PROYECTOS SAS	GENERAL	GENERAL	32764892	32764892	32764892	1318	HUMEDALES	OB PROYECTOS SAS	900238499	SUM MATE Y MANO OBRA CERRAMIENTO HUMEDALES MAIPORE	42217	2015			
1 EJECUTADO	1. EJECUTADO ACTAS	2. ACTAS POSTERIORES A LA 1305	1318	OB PROYECTOS SAS	GENERAL	GENERAL	280817813	280817813	280817813	1318	Sala de ventas	OB PROYECTOS SAS	900238499	DEMOLICION Y CONSTRUCCION DE SALA DE VENTAS MAIPORE	42461	2016			
1 EJECUTADO	1. EJECUTADO ACTAS	2. ACTAS POSTERIORES A LA 1305	1318	OB PROYECTOS SAS	GENERAL	GENERAL	175511133	175511133	175511133	1318	Sala de ventas	OB PROYECTOS SAS	900238499	DEMOLICION Y CONSTRUCCION DE SALA DE VENTAS MAIPORE	42461	2016			
1 EJECUTADO	1. EJECUTADO ACTAS	2. ACTAS POSTERIORES A LA 1305	1318	OB PROYECTOS SAS	GENERAL	GENERAL	175511133	175511133	175511133	1318	Sala de ventas	OB PROYECTOS SAS	900238499	DEMOLICION Y CONSTRUCCION DE SALA DE VENTAS MAIPORE	42491	2016			
1 EJECUTADO	1. EJECUTADO ACTAS	2. ACTAS POSTERIORES A LA 1305	1318	OB PROYECTOS SAS	GENERAL	GENERAL	68495586	68495586	68495586	1318	Sala de ventas	OB PROYECTOS SAS	900238499	DEMOLICION Y CONSTRUCCION DE SALA DE VENTAS MAIPORE	42522	2016			
1 EJECUTADO	1. EJECUTADO ACTAS	2. ACTAS POSTERIORES A LA 1305	1318	OB PROYECTOS SAS	GENERAL	GENERAL	49598414	49598414	49598414	1318	HUMEDALES	OB PROYECTOS SAS	900238499	Trabajos realizados según requerimiento de la CAR, para la extracción de tuberias.	42552	2016			
1 EJECUTADO	1. EJECUTADO ACTAS	2. ACTAS POSTERIORES A LA 1305	1318	OB PROYECTOS SAS	GENERAL	GENERAL	17477694	17477694	17477694	1318	Urbanismo inicial Campamento	OB PROYECTOS SAS	900238499	Trabajos realizados para el traslado de materiales y adeucacion patio en Ciudadela Colsubsidio Maipore	42552	2016			
1 EJECUTADO	1. EJECUTADO ACTAS	2. ACTAS POSTERIORES A LA 1305	1318	OB PROYECTOS SAS	GENERAL	GENERAL	21995270	21995270	21995270	1318	Urbanismo inicial Campamento	OB PROYECTOS SAS	900238499	Traslado de caseta Acuacentro en C. Colsubsidio Maipore	42552	2016			
1 EJECUTADO	1. EJECUTADO ACTAS	2. ACTAS POSTERIORES A LA 1305	1318	OB PROYECTOS SAS	GENERAL	GENERAL	47886500	47886500	47886500	1318	HUMEDALES	OB PROYECTOS SAS	900238499	Trabajos realizados según requeimiento CAR para la excavación mecánica de recebo a capa vegetal en la antigua sala de ventas de Ciudadela Colsubsidio Maipore.	42552	2016			
1 EJECUTADO	1. EJECUTADO ACTAS	2. ACTAS POSTERIORES A LA 1305	1318	OB PROYECTOS SAS	GENERAL	GENERAL	23527966	23527966	23527966	1318	Urbanismo varios	OB PROYECTOS SAS	900238499	Trabajos realizados para adecuaciones varias urbanismo en Ciudadela Colsubsidio Maipore	42552	2016			
1 EJECUTADO	1. EJECUTADO ACTAS	2. ACTAS POSTERIORES A LA 1305	1318	OB PROYECTOS SAS	GENERAL	GENERAL	18492681	18492681	18492681	1318	Urbanismo inicial Campamento	OB PROYECTOS SAS	900238499	Trabajos realizados para adecuaciones varias campamento de obra urbanismo en Ciudadela Colsubsidio Maipore	42552	2016			
1 EJECUTADO	1. EJECUTADO ACTAS	2. ACTAS POSTERIORES A LA 1305	1318	OB PROYECTOS SAS	GENERAL	GENERAL	9318405	9318405	9318405	1318	Urbanismo varios	OB PROYECTOS SAS	900238499	Trabajos varios realizados en Ciudadela Colsubsidio Maiporé.	42644	2016			
1 EJECUTADO	1. EJECUTADO ACTAS	2. ACTAS POSTERIORES A LA 1305	1318	OB PROYECTOS SAS	GENERAL	GENERAL	26929784	26929784	26929784	1318	Urbanismo varios	OB PROYECTOS SAS	900238499	Manteminiento de cerramiento en la Ciudadela Colsubsidio Maiporé	42644	2016			
1 EJECUTADO	1. EJECUTADO ACTAS	2. ACTAS POSTERIORES A LA 1305	1318	OB PROYECTOS SAS	GENERAL	GENERAL	13769212	13769212	13769212	1318	Urbanismo varios	OB PROYECTOS SAS	900238499	Señalización de eje vial y adecuación de infraestructura métalica en Ciudadela Colsubsidio Maiporé.	42644	2016			
1 EJECUTADO	1. EJECUTADO ACTAS	2. ACTAS POSTERIORES A LA 1305	1318	OB PROYECTOS SAS	GENERAL	GENERAL	17515319	17515319	17515319	1318	Urbanismo varios	OB PROYECTOS SAS	900238499	Trabajos según corte de obra correspondiente a cerramientos perimetrales humedales Ciudadela Colsubsidio Maipore	42705	2016			
1 EJECUTADO	1. EJECUTADO ACTAS	2. ACTAS POSTERIORES A LA 1305	1318	OB PROYECTOS SAS	GENERAL	GENERAL	11633644	11633644	11633644	1318	Urbanismo varios	OB PROYECTOS SAS	900238499	Trabajos realizados correspondiente a adecuaciones varias en Ciudadela Colsubsidio Maipore	42705	2016			
1 EJECUTADO	1. EJECUTADO ACTAS	2. ACTAS POSTERIORES A LA 1305	1318	OB PROYECTOS SAS	GENERAL	GENERAL	10186951	10186951	10186951	1318	Urbanismo varios	OB PROYECTOS SAS	900238499	Trabajos realizados correspondiente a reconocimiento de redes acueducto en Ciudadela Colsubsidio Maipore	42705	2016			
1 EJECUTADO	1. EJECUTADO ACTAS	2. ACTAS POSTERIORES A LA 1305	1318	OB PROYECTOS SAS	GENERAL	GENERAL	26333192	26333192	26333192	1318	HUMEDALES	OB PROYECTOS SAS	900238499	Trabajos realizados correspondiente a excavaciones varias según requerimiento de la CAR en Ciudadela Colsubsidio Maipore	42705	2016			
1 EJECUTADO	1. EJECUTADO ACTAS	2. ACTAS POSTERIORES A LA 1305	1318	OB PROYECTOS SAS	GENERAL	GENERAL	10078159	10078159	10078159	1318	HUMEDALES	OB PROYECTOS SAS	900238499	Servicio de corte obra traslado Tierra Blanca y Maipore	42767	2017			
1 EJECUTADO	1. EJECUTADO ACTAS	2. ACTAS POSTERIORES A LA 1305	1318	OB PROYECTOS SAS	GENERAL	GENERAL	12953201	12953201	12953201	1318	Urbanismo varios	OB PROYECTOS SAS	900238499	Servicio corte obra excavación canales Maipore	42767	2017			
1 EJECUTADO	1. EJECUTADO ACTAS	2. ACTAS POSTERIORES A LA 1305	1318	OB PROYECTOS SAS	GENERAL	GENERAL	41734339	41734339	41734339	1318	Urbanismo varios	OB PROYECTOS SAS	900238499	Servicio corte obra excavación mecánica Maipore	42767	2017			
1 EJECUTADO	1. EJECUTADO ACTAS	2. ACTAS POSTERIORES A LA 1305	1318	OB PROYECTOS SAS	GENERAL	GENERAL	7336827	7336827	7336827	1318	Urbanismo varios	OB PROYECTOS SAS	900238499	Servicio de corte obra traslado recebos Maipore	42767	2017			
1 EJECUTADO	1. EJECUTADO ACTAS	2. ACTAS POSTERIORES A LA 1305	1318	OB PROYECTOS SAS	GENERAL	GENERAL	1627032	1627032	1627032	1318	Urbanismo varios	OB PROYECTOS SAS	900238499	Suministro e instalación de cerramiento en alambre de púas. Maipore	42887	2017			
1 EJECUTADO	1. EJECUTADO ACTAS	2. ACTAS POSTERIORES A LA 1305	1318	OB PROYECTOS SAS	GENERAL	GENERAL	15839483	15839483	15839483	1318	Urbanismo varios	OB PROYECTOS SAS	900238499	Retiro de cerramiento existente en lamina de zinc y posteria. Maipore	42887	2017			
1 EJECUTADO	1. EJECUTADO ACTAS	2. ACTAS POSTERIORES A LA 1305	1318	OB PROYECTOS SAS	GENERAL	GENERAL	2273539	2273539	2273539	1318	Urbanismo varios	OB PROYECTOS SAS	900238499	Suministro e instalación cerramientos en poste metálico.Maipore	42887	2017			
1 EJECUTADO	1. EJECUTADO ACTAS	2. ACTAS POSTERIORES A LA 1305	1318	OB PROYECTOS SAS	GENERAL	GENERAL	60876488	60876488	60876488	1318	Urbanismo varios	OB PROYECTOS SAS	900238499	Servicios trabajos de obra Ciudadela Maipore	42917	2017			
1 EJECUTADO	1. EJECUTADO ACTAS	2. ACTAS POSTERIORES A LA 1305	1318	OB PROYECTOS SAS	GENERAL	GENERAL	69986516	69986516	69986516	1318	Urbanismo varios	OB PROYECTOS SAS	900238499	Servicio trabajo de obra red agua potable Maipore soacha	43009	2017			
1 EJECUTADO	1. EJECUTADO ACTAS	2. ACTAS POSTERIORES A LA 1305	1318	OB PROYECTOS SAS	GENERAL	GENERAL	73494172	73494172	73494172	1318	Urbanismo varios	OB PROYECTOS SAS	900238499	Servicio trabajo de obra red agua potable Maipore soacha	43009	2017			
1 EJECUTADO	1. EJECUTADO ACTAS	2. ACTAS POSTERIORES A LA 1305	1318	OB PROYECTOS SAS	GENERAL	GENERAL	38227930	38227930	38227930	1318	Urbanismo varios	OB PROYECTOS SAS	900238499	Servicio obra civil acueducto	43252	2018			
1 EJECUTADO	1. EJECUTADO ACTAS	2. ACTAS POSTERIORES A LA 1305	1318	OB PROYECTOS SAS	GENERAL	GENERAL	129045931	129045931	129045931	1318	Urbanismo varios	OB PROYECTOS SAS	900238499	Servicio de construcción de cerramiento	43374	2018			
1 EJECUTADO	1. EJECUTADO ACTAS	2. ACTAS POSTERIORES A LA 1305	1318	OB PROYECTOS SAS	GENERAL	GENERAL	129045931	129045931	129045931	1318	Urbanismo varios	OB PROYECTOS SAS	900238499	Servicio obras de construcción	43374	2018			
1 EJECUTADO	1. EJECUTADO ACTAS	2. ACTAS POSTERIORES A LA 1305	1318	OB PROYECTOS SAS	GENERAL	GENERAL	129045930	129045930	129045930	1318	Urbanismo varios	OB PROYECTOS SAS	900238499	Servicio de construcción de cerramiento	43497	2019			
1 EJECUTADO	1. EJECUTADO ACTAS	2. ACTAS POSTERIORES A LA 1305	1318	OB PROYECTOS SAS	GENERAL	GENERAL	4844451	4844451	4844451	1318	Urbanismo varios	OB PROYECTOS SAS	900238499	Servicio de obra civil	43586	2019			
1 EJECUTADO	1. EJECUTADO ACTAS	2. ACTAS POSTERIORES A LA 1305	1318	ORMUS SAS	GENERAL	GENERAL	78492285	78492285	78492285	1318	Medidores et 2	ORMUS SAS	830144731	553 Medidores de velocidad chorro único. - Barichara	42887	2017			
1 EJECUTADO	1. EJECUTADO ACTAS	2. ACTAS POSTERIORES A LA 1305	1318	ORMUS SAS	GENERAL	GENERAL	65859711	65859711	65859711	1318	Medidores et 2	ORMUS SAS	830144731	464 Medidores de velocidad chorro único. - Ambalema	42948	2017			
1 EJECUTADO	1. EJECUTADO ACTAS	2. ACTAS POSTERIORES A LA 1305	1318	ORMUS SAS	GENERAL	GENERAL	81756883	81756883	81756883	1318	Medidores et 2	ORMUS SAS	830144731	576 Medidores de velocidad chorro único. - Mompos	42948	2017			
1 EJECUTADO	1. EJECUTADO ACTAS	2. ACTAS POSTERIORES A LA 1305	1318	P.A FIDUBOGOTÁ	GENERAL	GENERAL	713943598	713943598	713943598	1318	Urbanismo inicial	P.A FIDUBOGOTÁ	830055897	Beneficios del 1,5% por gestión Maipore matriz	43070	2017			
1 EJECUTADO	1. EJECUTADO ACTAS	2. ACTAS POSTERIORES A LA 1305	1318	PINILLA GONZALEZ Y PRIETO	GENERAL	GENERAL	7549280	7549280	7549280	1318	CAZUCA	PINILLA GONZALEZ Y PRIETO	830065312	HON DEFINI ESQUEMA DESA Y ELABO TANQUE CAZUCA II	42064	2015			
1 EJECUTADO	1. EJECUTADO ACTAS	2. ACTAS POSTERIORES A LA 1305	1318	PINILLA GONZALEZ Y PRIETO	GENERAL	GENERAL	3774640	3774640	3774640	1318	CAZUCA	PINILLA GONZALEZ Y PRIETO	830065312	HON DEFINI ESQUEMA DESA Y ELABO TANQUE CAZUCA II	42156	2015			
1 EJECUTADO	1. EJECUTADO ACTAS	2. ACTAS POSTERIORES A LA 1305	1318	SIERRAOSPINA MANTENIMIENTO LAGOS SA	GENERAL	GENERAL	80907258	80907258	80907258	1318	HUMEDALES	SIERRAOSPINA MANTENIMIENTO LAGOS SA	900348991	Honorarios de Reserva Maipore	43466	2019			
1 EJECUTADO	1. EJECUTADO ACTAS	2. ACTAS POSTERIORES A LA 1305	1318	SIERRAOSPINA MANTENIMIENTO LAGOS SA	GENERAL	GENERAL	40453629	40453629	40453629	1318	HUMEDALES	SIERRAOSPINA MANTENIMIENTO LAGOS SA	900348991	Honorarios de Reserva Maipore	43497	2019			
1 EJECUTADO	1. EJECUTADO ACTAS	2. ACTAS POSTERIORES A LA 1305	1318	SOLUCIONES VIALES M&M S.A.S	GENERAL	GENERAL	30206887	30206887	30206887	1318	Urbanismo inicial	SOLUCIONES VIALES M&M S.A.S	900447978	SELLO DE FISURAS DE POZOS Y VIAS PERIMETRALES MAIPORE	41974	2014			
1 EJECUTADO	1. EJECUTADO ACTAS	2. ACTAS POSTERIORES A LA 1305	1318	SOLUCIONES VIALES M&M S.A.S	GENERAL	GENERAL	16539710	16539710	16539710	1318	Urbanismo inicial	SOLUCIONES VIALES M&M S.A.S	900447978	SUM E INST MEZCLA ASFALTICA REPARC VIAS DE MAIPORE	41974	2014			
1 EJECUTADO	1. EJECUTADO ACTAS	2. ACTAS POSTERIORES A LA 1305	1318	TECNIGUIBAR S.A.S	GENERAL	GENERAL	36511489	36511489	36511489	1318	Urbanismo inicial	TECNIGUIBAR S.A.S	900679498	TRABAJOS EJECUTADOS EN LA OBRA MAIPORE	41974	2014			
1 EJECUTADO	1. EJECUTADO ACTAS	2. ACTAS POSTERIORES A LA 1305	1318	TECNIGUIBAR S.A.S	GENERAL	GENERAL	135387332	135387332	135387332	1318	Urbanismo inicial	TECNIGUIBAR S.A.S	900679498	TRABAJOS EJECUTADOS EN LA OBRA MAIPORE CTO B-602	41974	2014			
1 EJECUTADO	1. EJECUTADO ACTAS	2. ACTAS POSTERIORES A LA 1305	1318	UNION TEMPORAL ACUEDUCTO SOACHA	GENERAL	GENERAL	485878396	485878396	485878396	1318	RM 8	UNION TEMPORAL ACUEDUCTO SOACHA	900987337	Instalación y suministro de la red matriz de acueducto en 8".	42644	2016			
1 EJECUTADO	1. EJECUTADO ACTAS	2. ACTAS POSTERIORES A LA 1305	1318	UNION TEMPORAL ACUEDUCTO SOACHA	GENERAL	GENERAL	242939198	242939198	242939198	1318	RM 8	UNION TEMPORAL ACUEDUCTO SOACHA	900987337	Acta parcial n° 3. Instalación y suministro de la red matriz de acueducto en 8".	42675	2016			
1 EJECUTADO	1. EJECUTADO ACTAS	2. ACTAS POSTERIORES A LA 1305	1318	UNION TEMPORAL ACUEDUCTO SOACHA	GENERAL	GENERAL	242939198	242939198	242939198	1318	RM 8	UNION TEMPORAL ACUEDUCTO SOACHA	900987337	Acta parcial n° 2. Instalación y suministro de la red matriz de acueducto en 8".	42675	2016			
1 EJECUTADO	1. EJECUTADO ACTAS	2. ACTAS POSTERIORES A LA 1305	1318	UNION TEMPORAL ACUEDUCTO SOACHA	GENERAL	GENERAL	242939198	242939198	242939198	1318	RM 8	UNION TEMPORAL ACUEDUCTO SOACHA	900987337	Acta parcial n° 4. Instalación y suministro de la red matriz de acueducto en 8".	42705	2016			
1 EJECUTADO	1. EJECUTADO ACTAS	2. ACTAS POSTERIORES A LA 1305	1318	UNION TEMPORAL ACUEDUCTO SOACHA	GENERAL	GENERAL	242939198	242939198	242939198	1318	RM 8	UNION TEMPORAL ACUEDUCTO SOACHA	900987337	Acta parcial n° 5. Instalación y suministro de la red matriz de acueducto en 8".	42705	2016			
1 EJECUTADO	1. EJECUTADO ACTAS	2. ACTAS POSTERIORES A LA 1305	1318	UNION TEMPORAL ACUEDUCTO SOACHA	GENERAL	GENERAL	246072984	246072984	246072984	1318	RM 8	UNION TEMPORAL ACUEDUCTO SOACHA	900987337	Servicio, instalación y suministro de red matriz de acueducto	42767	2017			
1 EJECUTADO	1. EJECUTADO ACTAS	2. ACTAS POSTERIORES A LA 1305	1318	UNION TEMPORAL ACUEDUCTO SOACHA	GENERAL	GENERAL	117450150	117450150	117450150	1318	RM 8	UNION TEMPORAL ACUEDUCTO SOACHA	900987337	Montaje viga - cercha y reparación en obra de cuantos desperfectos se originen por razones de transporte. Contrato B-680	42856	2017			
1 EJECUTADO	1. EJECUTADO ACTAS	2. ACTAS POSTERIORES A LA 1305	1318	UNION TEMPORAL ACUEDUCTO SOACHA	GENERAL	GENERAL	26941600	26941600	26941600	1318	RM 8	UNION TEMPORAL ACUEDUCTO SOACHA	900987337	Gastos reembolsables del conrato B - 680 instalación y suministro de la red matriz de acueducto en 8".	43070	2017			
1 EJECUTADO	1. EJECUTADO ACTAS	2. ACTAS POSTERIORES A LA 1305	1318	UNION TEMPORAL ACUEDUCTO SOACHA	GENERAL	GENERAL	116900078	116900078	116900078	1318	RM 8	UNION TEMPORAL ACUEDUCTO SOACHA	900987337	Acta parcial n° 7. Instalación y suministro de la red matriz de acueducto en 8".	43070	2017			
1 EJECUTADO	1. EJECUTADO ACTAS	2. ACTAS POSTERIORES A LA 1305	1318	URBANIZADORA MAIPORE SAS	GENERAL	GENERAL	250000000	250000000	250000000	1318	Urbanismo inicial	URBANIZADORA MAIPORE SAS	900346413	DESARROLLO OBRAS DE URBANISMO	41852	2014			
1 EJECUTADO	1. EJECUTADO ACTAS	2. ACTAS POSTERIORES A LA 1305	1318	VICTOR ALVAREZ LAGOS	GENERAL	GENERAL	34464000	34464000	34464000	1318	Diseños	ALVAREZ LAGOS VICTOR	79517361	ANTICIPO ESTUDIOS DISEÑO RED PROY ACUEDUCTO MAIPORE	41944	2014			
1 EJECUTADO	1. EJECUTADO ACTAS	2. ACTAS POSTERIORES A LA 1305	1318	VICTOR ALVAREZ LAGOS	GENERAL	GENERAL	15991296	15991296	15991296	1318	Diseños	VICTOR ALVAREZ LAGOS	79517361	Pago parcial por el 20% del valor del contrato B -603 por estudios y diseños para la red provisional de acueducto Proyecto Ciudadela Colsubsidio Maipore.	42552	2016			
1 EJECUTADO	1. EJECUTADO ACTAS	2. ACTAS POSTERIORES A LA 1305	1318	VICTOR ALVAREZ LAGOS	GENERAL	GENERAL	18677566	18677566	18677566	1318	Diseños	VICTOR ALVAREZ LAGOS	79517361	Segunda realización de trámites ante entidades y rediseño estructural paso elevado red acueducto 8".	42644	2016			
1 EJECUTADO	1. EJECUTADO ACTAS	2. ACTAS POSTERIORES A LA 1305	1318	VICTOR ALVAREZ LAGOS	GENERAL	GENERAL	29750000	29750000	29750000	1318	Diseños	VICTOR ALVAREZ LAGOS	79517361	Honorarios contrato diseño red acueducto Maipore	43282	2018			
1 EJECUTADO	1. EJECUTADO ACTAS	2. ACTAS POSTERIORES A LA 1305	1318	VICTOR ALVAREZ LAGOS	GENERAL	GENERAL	17850000	17850000	17850000	1318	Diseños	VICTOR ALVAREZ LAGOS	79517361	Honorarios contrato diseño red acueducto Maipore	43374	2018			
1 EJECUTADO	1. EJECUTADO ACTAS	2. ACTAS POSTERIORES A LA 1305	1359	ACUACENTRO	GENERAL	GENERAL	64969456	64969456	64969456	1359	ACUACENTRO	ACUACENTRO	900480571	Reconocimiento de costos incurridos en noviembre 2016	42705	2016			
1 EJECUTADO	1. EJECUTADO ACTAS	2. ACTAS POSTERIORES A LA 1305	1359	ACUACENTRO	GENERAL	GENERAL	60555726	60555726	60555726	1359	ACUACENTRO	ACUACENTRO	900480571	Reconocimiento de costos incurridos en octubre 2016	42705	2016			
1 EJECUTADO	1. EJECUTADO ACTAS	2. ACTAS POSTERIORES A LA 1305	1359	ACUACENTRO	GENERAL	GENERAL	66105101	66105101	66105101	1359	ACUACENTRO	ACUACENTRO	900480571	Servicio reconocimiento costos admon enero 2017	42767	2017			
1 EJECUTADO	1. EJECUTADO ACTAS	2. ACTAS POSTERIORES A LA 1305	1359	ACUACENTRO	GENERAL	GENERAL	67733350	67733350	67733350	1359	ACUACENTRO	ACUACENTRO	900480571	Administración mantenimiento generado	42767	2017			
1 EJECUTADO	1. EJECUTADO ACTAS	2. ACTAS POSTERIORES A LA 1305	1359	ACUACENTRO	GENERAL	GENERAL	48918123	48918123	48918123	1359	ACUACENTRO	ACUACENTRO	900480571	Servicio reconocimiento costos admon febrero 2017	42795	2017			
1 EJECUTADO	1. EJECUTADO ACTAS	2. ACTAS POSTERIORES A LA 1305	1359	ACUACENTRO	GENERAL	GENERAL	49139358	49139358	49139358	1359	ACUACENTRO	ACUACENTRO	900480571	Reconocimiento de costos incurridos en abril 2017	42856	2017			
1 EJECUTADO	1. EJECUTADO ACTAS	2. ACTAS POSTERIORES A LA 1305	1359	ACUACENTRO	GENERAL	GENERAL	55320769	55320769	55320769	1359	ACUACENTRO	ACUACENTRO	900480571	Reconocimiento de costos incurridos en marzo 2017	42856	2017			
1 EJECUTADO	1. EJECUTADO ACTAS	2. ACTAS POSTERIORES A LA 1305	1359	ACUACENTRO	GENERAL	GENERAL	51120268	51120268	51120268	1359	ACUACENTRO	ACUACENTRO	900480571	Reconocimiento de costos incurridos en mayo 2017	42887	2017			
1 EJECUTADO	1. EJECUTADO ACTAS	2. ACTAS POSTERIORES A LA 1305	1359	ACUACENTRO	GENERAL	GENERAL	58412768	58412768	58412768	1359	ACUACENTRO	ACUACENTRO	900480571	Servicio reconocimiento cosos admon acueducto julio 2017	42948	2017			
1 EJECUTADO	1. EJECUTADO ACTAS	2. ACTAS POSTERIORES A LA 1305	1359	ACUACENTRO	GENERAL	GENERAL	34025671	34025671	34025671	1359	ACUACENTRO	ACUACENTRO	900480571	Primer pago mantenimiento planta de tratamiento	42948	2017			
1 EJECUTADO	1. EJECUTADO ACTAS	2. ACTAS POSTERIORES A LA 1305	1359	ACUACENTRO	GENERAL	GENERAL	66038400	66038400	66038400	1359	ACUACENTRO	ACUACENTRO	900480571	Servicio reconocimiento cosos admon acueducto agosto / septiembre 2017	43009	2017			
1 EJECUTADO	1. EJECUTADO ACTAS	2. ACTAS POSTERIORES A LA 1305	1359	ACUACENTRO	GENERAL	GENERAL	30000000	30000000	30000000	1359	ACUACENTRO	ACUACENTRO	900480571	Servicio reconocimiento cosos admon acueducto octubre 2017	43040	2017			
1 EJECUTADO	1. EJECUTADO ACTAS	2. ACTAS POSTERIORES A LA 1305	1359	ACUACENTRO	GENERAL	GENERAL	79892596	79892596	79892596	1359	ACUACENTRO	ACUACENTRO	900480571	Reconocimiento cartera acueducto Maipore	43070	2017			
1 EJECUTADO	1. EJECUTADO ACTAS	2. ACTAS POSTERIORES A LA 1305	1359	ACUACENTRO	GENERAL	GENERAL	30000000	30000000	30000000	1359	ACUACENTRO	ACUACENTRO	900480571	Servicio reconocimiento cosos admon acueducto noviembre 2017	43070	2017			
1 EJECUTADO	1. EJECUTADO ACTAS	2. ACTAS POSTERIORES A LA 1305	1359	ACUACENTRO	GENERAL	GENERAL	30408833	30408833	30408833	1359	ACUACENTRO	ACUACENTRO	900480571	Costos de admon, operación y mantenimiento de PTAR de enero 2018	43132	2018			
1 EJECUTADO	1. EJECUTADO ACTAS	2. ACTAS POSTERIORES A LA 1305	1359	ACUACENTRO	GENERAL	GENERAL	30408833	30408833	30408833	1359	ACUACENTRO	ACUACENTRO	900480571	Costos de admon, operación y mantenimiento de PTAR de diciembre 2017	43132	2018			
1 EJECUTADO	1. EJECUTADO ACTAS	2. ACTAS POSTERIORES A LA 1305	1359	ACUACENTRO	GENERAL	GENERAL	69092879	69092879	69092879	1359	ACUACENTRO	ACUACENTRO	900480571	Servicio reembolso mantenimiento preventivo y correctivo aguas	43160	2018			
1 EJECUTADO	1. EJECUTADO ACTAS	2. ACTAS POSTERIORES A LA 1305	1359	ACUACENTRO	GENERAL	GENERAL	22712066	22712066	22712066	1359	ACUACENTRO	ACUACENTRO	900480571	Servicio Admon de planta y gastos reembolsables	43556	2019			
1 EJECUTADO	1. EJECUTADO ACTAS	2. ACTAS POSTERIORES A LA 1305	1359	ACUACENTRO	GENERAL	GENERAL	25542995	25542995	25542995	1359	ACUACENTRO	ACUACENTRO	900480571	Servicio Admon de planta y gastos reembolsables	43556	2019			
1 EJECUTADO	1. EJECUTADO ACTAS	2. ACTAS POSTERIORES A LA 1305	1359	ACUACENTRO	GENERAL	GENERAL	6313269	6313269	6313269	1359	ACUACENTRO	ACUACENTRO	900480571	Servicio gastos reembolsables	43586	2019			
1 EJECUTADO	1. EJECUTADO ACTAS	2. ACTAS POSTERIORES A LA 1305	1359	ACUACENTRO	GENERAL	GENERAL	8407669	8407669	8407669	1359	ACUACENTRO	ACUACENTRO	900480571	Servicio gastos reembolsables	43617	2019			
1 EJECUTADO	1. EJECUTADO ACTAS	2. ACTAS POSTERIORES A LA 1305	1359	ACUACENTRO	GENERAL	GENERAL	21365517	21365517	21365517	1359	ACUACENTRO	ACUACENTRO	900480571	Servicio gastos reembolsables	43617	2019			
1 EJECUTADO	1. EJECUTADO ACTAS	2. ACTAS POSTERIORES A LA 1305	1359	AG INGENIEROS SAS	GENERAL	GENERAL	8330000	8330000	8330000	1359	Diseños	AG INGENIEROS SAS	800219927	Honorarios Levantamiento Proyecto Eléctrico	43435	2018			
1 EJECUTADO	1. EJECUTADO ACTAS	2. ACTAS POSTERIORES A LA 1305	1359	AG INGENIEROS SAS	GENERAL	GENERAL	11424000	11424000	11424000	1359	Diseños	AG INGENIEROS SAS	800219927	Honorarios diseño redes eléctricas	43709	2019			
1 EJECUTADO	1. EJECUTADO ACTAS	2. ACTAS POSTERIORES A LA 1305	1359	ALFONSO URIBE Y CIA	GENERAL	GENERAL	2380000	2380000	2380000	1359	Diseños	ALFONSO URIBE Y CIA	830066664	Asesoría Geotécnica para el manejo de taludes y recomendaciones de excavación para el retiro del dique del humedal.	42795	2017			
1 EJECUTADO	1. EJECUTADO ACTAS	2. ACTAS POSTERIORES A LA 1305	1359	ALFONSO URIBE Y CIA	GENERAL	GENERAL	27608000	27608000	27608000	1359	Diseños	ALFONSO URIBE Y CIA	830066664	Estudio de suelos para las áreas públicas de la afectación en la etapa 7.	42856	2017			
1 EJECUTADO	1. EJECUTADO ACTAS	2. ACTAS POSTERIORES A LA 1305	1359	CONSORCIO HUMEDALES MAIPORE	GENERAL	GENERAL	8330000	8330000	8330000	1359	HUMEDALES	CONSORCIO HUMEDALES MAIPORE	900823303	Trabajos de cálculos y cortes de cada 10 mts de los volúmenes y resultado de material excavación y relleno.	42948	2017			
1 EJECUTADO	1. EJECUTADO ACTAS	2. ACTAS POSTERIORES A LA 1305	1359	CONSORCIO HUMEDALES MAIPORE	GENERAL	GENERAL	12897280	12897280	12897280	1359	HUMEDALES	CONSORCIO HUMEDALES MAIPORE	900823303	Trabajos realizados de los perfiles zona permeable, laboratorio de agua, diario de volúmenes para complemento de la entrega final exigido por la CAR.	42948	2017			
1 EJECUTADO	1. EJECUTADO ACTAS	2. ACTAS POSTERIORES A LA 1305	1359	CONSORCIO HUMEDALES MAIPORE	GENERAL	GENERAL	11305000	11305000	11305000	1359	HUMEDALES	CONSORCIO HUMEDALES MAIPORE	900823303	Trabajos realizados para los cálculos y cortes de cada 10 mts de los volumenes y resultados de material excavación y relleno para los humedales Maipore y Cola de Tierra Blanca.	42948	2017			
1 EJECUTADO	1. EJECUTADO ACTAS	2. ACTAS POSTERIORES A LA 1305	1359	CONSORCIO HUMEDALES MAIPORE	GENERAL	GENERAL	26644040	26644040	26644040	1359	HUMEDALES	CONSORCIO HUMEDALES MAIPORE	900823303	Pago del 50% del valor del contrato CC 20146 -000476 cuyo objeto es estudios ambientales para la conservación de los cuerpos de agua de acuerdo a requerimientos de la carta Auto 499 de sep 2014.	42948	2017			
1 EJECUTADO	1. EJECUTADO ACTAS	2. ACTAS POSTERIORES A LA 1305	1359	CONSORCIO HUMEDALES MAIPORE	GENERAL	GENERAL	36547875	36547875	36547875	1359	HUMEDALES	CONSORCIO HUMEDALES MAIPORE	900823303	Primer pago del contrato CC-2017 -000919 cuyo objeto es el monitoreo ambiental, físico, químico, hidrobiológico de flora y fauna de los humedales Cola de Tierra Blanca y el Vinculo de acuerdo al AUTO DRSOA N° 0755 DE JULIO 07,2017.	43040	2017			
1 EJECUTADO	1. EJECUTADO ACTAS	2. ACTAS POSTERIORES A LA 1305	1359	CONSORCIO HUMEDALES MAIPORE	GENERAL	GENERAL	73095750	73095750	73095750	1359	HUMEDALES	CONSORCIO HUMEDALES MAIPORE	900823303	Honorarios monitoreo ambiental	43221	2018			
1 EJECUTADO	1. EJECUTADO ACTAS	2. ACTAS POSTERIORES A LA 1305	1359	CONSORCIO HUMEDALES MAIPORE	GENERAL	GENERAL	36547875	36547875	36547875	1359	HUMEDALES	CONSORCIO HUMEDALES MAIPORE	900823303	Honorarios monitoreo ambiental	43221	2018			
1 EJECUTADO	1. EJECUTADO ACTAS	2. ACTAS POSTERIORES A LA 1305	1359	CONSORCIO HUMEDALES MAIPORE	GENERAL	GENERAL	73095750	73095750	73095750	1359	HUMEDALES	CONSORCIO HUMEDALES MAIPORE	900823303	Honorarios monitoreo ambiental	43282	2018			
1 EJECUTADO	1. EJECUTADO ACTAS	2. ACTAS POSTERIORES A LA 1305	1359	CONSORCIO HUMEDALES MAIPORE	GENERAL	GENERAL	36547875	36547875	36547875	1359	HUMEDALES	CONSORCIO HUMEDALES MAIPORE	900823303	Honorarios monitoreo ambiental	43313	2018			
1 EJECUTADO	1. EJECUTADO ACTAS	2. ACTAS POSTERIORES A LA 1305	1359	CONSORCIO HUMEDALES MAIPORE	GENERAL	GENERAL	36547875	36547875	36547875	1359	HUMEDALES	CONSORCIO HUMEDALES MAIPORE	900823303	Honorarios monitoreo ambiental	43497	2019			
1 EJECUTADO	1. EJECUTADO ACTAS	2. ACTAS POSTERIORES A LA 1305	1359	CONSORCIO HUMEDALES MAIPORE	GENERAL	GENERAL	41420925	41420925	41420925	1359	HUMEDALES	CONSORCIO HUMEDALES MAIPORE	900823303	Honorarios monitoreo ambiental	43586	2019			
1 EJECUTADO	1. EJECUTADO ACTAS	2. ACTAS POSTERIORES A LA 1305	1359	CONSORCIO HUMEDALES MAIPORE	GENERAL	GENERAL	41420925	41420925	41420925	1359	HUMEDALES	CONSORCIO HUMEDALES MAIPORE	900823303	Honorarios monitoreo ambiental	43586	2019			
1 EJECUTADO	1. EJECUTADO ACTAS	2. ACTAS POSTERIORES A LA 1305	1359	CONSORCIO HUMEDALES MAIPORE	GENERAL	GENERAL	77968800	77968800	77968800	1359	HUMEDALES	CONSORCIO HUMEDALES MAIPORE	900823303	Honorarios monitoreo ambiental	43586	2019			
1 EJECUTADO	1. EJECUTADO ACTAS	2. ACTAS POSTERIORES A LA 1305	1359	CONSORCIO HUMEDALES MAIPORE	GENERAL	GENERAL	41420925	41420925	41420925	1359	HUMEDALES	CONSORCIO HUMEDALES MAIPORE	900823303	Honorarios monitoreo ambiental	43647	2019			
1 EJECUTADO	1. EJECUTADO ACTAS	2. ACTAS POSTERIORES A LA 1305	1359	CONSORCIO HUMEDALES MAIPORE	GENERAL	GENERAL	41420925	41420925	41420925	1359	HUMEDALES	CONSORCIO HUMEDALES MAIPORE	900823303	Honorarios monitoreo ambiental	43647	2019			
1 EJECUTADO	1. EJECUTADO ACTAS	2. ACTAS POSTERIORES A LA 1305	1359	CONSORCIO HUMEDALES MAIPORE	GENERAL	GENERAL	41420925	41420925	41420925	1359	HUMEDALES	CONSORCIO HUMEDALES MAIPORE	900823303	Honorarios monitoreo ambiental	43678	2019			
1 EJECUTADO	1. EJECUTADO ACTAS	2. ACTAS POSTERIORES A LA 1305	1359	CONSORCIO HUMEDALES MAIPORE	GENERAL	GENERAL	41420925	41420925	41420925	1359	HUMEDALES	CONSORCIO HUMEDALES MAIPORE	900823303	Honorarios monitoreo ambiental	43739	2019			
1 EJECUTADO	1. EJECUTADO ACTAS	2. ACTAS POSTERIORES A LA 1305	1359	CONSORCIO HUMEDALES MAIPORE	GENERAL	GENERAL	41420925	41420925	41420925	1359	HUMEDALES	CONSORCIO HUMEDALES MAIPORE	900823303	Honorarios monitoreo ambiental	43739	2019			
1 EJECUTADO	1. EJECUTADO ACTAS	2. ACTAS POSTERIORES A LA 1305	1359	CONSORCIO HUMEDALES MAIPORE	GENERAL	GENERAL	41420925	41420925	41420925	1359	HUMEDALES	CONSORCIO HUMEDALES MAIPORE	900823303	Honorarios monitoreo ambiental humedales	43739	2019			
1 EJECUTADO	1. EJECUTADO ACTAS	2. ACTAS POSTERIORES A LA 1305	1359	CONSORCIO HUMEDALES MAIPORE	GENERAL	GENERAL	41420925	41420925	41420925	1359	HUMEDALES	CONSORCIO HUMEDALES MAIPORE	900823303	Honorarios monitoreo ambiental humedales	43862	2020			
1 EJECUTADO	1. EJECUTADO ACTAS	2. ACTAS POSTERIORES A LA 1305	1359	CONSORCIO LOS 5 MAIPORE	GENERAL	GENERAL	500000000	500000000	500000000	1359	HUMEDALES	CONSORCIO LOS 5 MAIPORE	901209110	Primer pago por administración delegada de Ciudadela Colsubsidio Maipore, de acuerdo a contrato CC-2018-002026.	43435	2018			
1 EJECUTADO	1. EJECUTADO ACTAS	2. ACTAS POSTERIORES A LA 1305	1359	CONSORCIO LOS 5 MAIPORE	GENERAL	GENERAL	38642196	38642196	38642196	1359	HUMEDALES	CONSORCIO LOS 5 MAIPORE	901209110	Servicio admon humedales	43586	2019			
1 EJECUTADO	1. EJECUTADO ACTAS	2. ACTAS POSTERIORES A LA 1305	1359	CONSORCIO LOS 5 MAIPORE	GENERAL	GENERAL	560000000	560000000	560000000	1359	HUMEDALES	CONSORCIO LOS 5 MAIPORE	901209110	Segundo pago por administración delegada de Ciudadela Colsubsidio Maipore, de acuerdo a contrato CC-2018-002026.	43586	2019			
1 EJECUTADO	1. EJECUTADO ACTAS	2. ACTAS POSTERIORES A LA 1305	1359	CONSORCIO LOS 5 MAIPORE	GENERAL	GENERAL	38642196	38642196	38642196	1359	HUMEDALES	CONSORCIO LOS 5 MAIPORE	901209110	Honorarios admon delegada y gastos reembolsables	43586	2019			
1 EJECUTADO	1. EJECUTADO ACTAS	2. ACTAS POSTERIORES A LA 1305	1359	CONSORCIO LOS 5 MAIPORE	GENERAL	GENERAL	38642196	38642196	38642196	1359	HUMEDALES	CONSORCIO LOS 5 MAIPORE	901209110	Honorarios admon delegada y gastos reembolsables	43586	2019			
1 EJECUTADO	1. EJECUTADO ACTAS	2. ACTAS POSTERIORES A LA 1305	1359	CONSORCIO LOS 5 MAIPORE	GENERAL	GENERAL	38642196	38642196	38642196	1359	HUMEDALES	CONSORCIO LOS 5 MAIPORE	901209110	Servicio admon humedales	43647	2019			
1 EJECUTADO	1. EJECUTADO ACTAS	2. ACTAS POSTERIORES A LA 1305	1359	CONSORCIO LOS 5 MAIPORE	GENERAL	GENERAL	940000000	940000000	940000000	1359	HUMEDALES	CONSORCIO LOS 5 MAIPORE	901209110	Tercer pago humedales Cola Tierra Blanca Maipore	43647	2019			
1 EJECUTADO	1. EJECUTADO ACTAS	2. ACTAS POSTERIORES A LA 1305	1359	CONSORCIO LOS 5 MAIPORE	GENERAL	GENERAL	950000000	950000000	950000000	1359	HUMEDALES	CONSORCIO LOS 5 MAIPORE	901209110	Cuarto pago humedales Cola Tierra Blanca	43678	2019			
1 EJECUTADO	1. EJECUTADO ACTAS	2. ACTAS POSTERIORES A LA 1305	1359	CONSORCIO LOS 5 MAIPORE	GENERAL	GENERAL	38642196	38642196	38642196	1359	HUMEDALES	CONSORCIO LOS 5 MAIPORE	901209110	Honorarios admon delegada y gastos reembolsables	43678	2019			
1 EJECUTADO	1. EJECUTADO ACTAS	2. ACTAS POSTERIORES A LA 1305	1359	CONSORCIO LOS 5 MAIPORE	GENERAL	GENERAL	38642196	38642196	38642196	1359	HUMEDALES	CONSORCIO LOS 5 MAIPORE	901209110	Honorarios admon delegada y gastos reembolsables	43709	2019			
1 EJECUTADO	1. EJECUTADO ACTAS	2. ACTAS POSTERIORES A LA 1305	1359	CONSORCIO LOS 5 MAIPORE	GENERAL	GENERAL	1800000000	1800000000	1800000000	1359	HUMEDALES	CONSORCIO LOS 5 MAIPORE	901209110	Quinto pago humedales Cola Tierra blanca	43739	2019			
1 EJECUTADO	1. EJECUTADO ACTAS	2. ACTAS POSTERIORES A LA 1305	1359	CONSORCIO LOS 5 MAIPORE	GENERAL	GENERAL	38642196	38642196	38642196	1359	HUMEDALES	CONSORCIO LOS 5 MAIPORE	901209110	Honorarios admon delegada y gastos reembolsables	43739	2019			
1 EJECUTADO	1. EJECUTADO ACTAS	2. ACTAS POSTERIORES A LA 1305	1359	CONSORCIO LOS 5 MAIPORE	GENERAL	GENERAL	38642196	38642196	38642196	1359	HUMEDALES	CONSORCIO LOS 5 MAIPORE	901209110	Honorarios administración delegada y gastos reembolsables	43831	2020			
1 EJECUTADO	1. EJECUTADO ACTAS	2. ACTAS POSTERIORES A LA 1305	1359	CONSORCIO LOS 5 MAIPORE	GENERAL	GENERAL	1550000000	1550000000	1550000000	1359	HUMEDALES	CONSORCIO LOS 5 MAIPORE	901209110	Sexto pago humedales Cola Tierra Blanca	43862	2020			
1 EJECUTADO	1. EJECUTADO ACTAS	2. ACTAS POSTERIORES A LA 1305	1359	CONSORCIO LOS 5 MAIPORE	GENERAL	GENERAL	38642196	38642196	38642196	1359	HUMEDALES	CONSORCIO LOS 5 MAIPORE	901209110	Honorarios administración delegada y gastos reembolsables	43862	2020			
1 EJECUTADO	1. EJECUTADO ACTAS	2. ACTAS POSTERIORES A LA 1305	1359	CONSORCIO LOS 5 MAIPORE	GENERAL	GENERAL	56117726	56117726	56117726	1359	HUMEDALES	CONSORCIO LOS 5 MAIPORE	901209110	Honorarios administración delegada y gastos reembolsables	43862	2020			
1 EJECUTADO	1. EJECUTADO ACTAS	2. ACTAS POSTERIORES A LA 1305	1359	CURADURIA URBANA N° 1	GENERAL	GENERAL	121757537	121757537	121757537	1359	Diseños	CURADURIA URBANA N° 1	19327520	Licencia de urbanismo ( Pago expensas Ex 17 - 0577)	43040	2017			
1 EJECUTADO	1. EJECUTADO ACTAS	2. ACTAS POSTERIORES A LA 1305	1359	CURADURIA URBANA N° 1	GENERAL	GENERAL	237029	237029	237029	1359	Diseños	CURADURIA URBANA N° 1	19327520	Licencia de modificacion. Pago radicacion exp 17 - 0577	43040	2017			
1 EJECUTADO	1. EJECUTADO ACTAS	2. ACTAS POSTERIORES A LA 1305	1359	EDOSPINA SAS	GENERAL	GENERAL	6195140	6195140	6195140	1359	PTAR inicial	EDOSPINA SAS	890303642	Servicio de reparación	43678	2019			
1 EJECUTADO	1. EJECUTADO ACTAS	2. ACTAS POSTERIORES A LA 1305	1359	EDOSPINA SAS	GENERAL	GENERAL	7404597	7404597	7404597	1359	PTAR inicial	EDOSPINA SAS	890303642	Compra de compresor	43678	2019			
1 EJECUTADO	1. EJECUTADO ACTAS	2. ACTAS POSTERIORES A LA 1305	1359	EDOSPINA SAS	GENERAL	GENERAL	29957060	29957060	29957060	1359	PTAR inicial	EDOSPINA SAS	890303642	Servicio de mantenimiento general	43678	2019			
1 EJECUTADO	1. EJECUTADO ACTAS	2. ACTAS POSTERIORES A LA 1305	1359	EDOSPINA SAS	GENERAL	GENERAL	12320974	12320974	12320974	1359	PTAR inicial	EDOSPINA SAS	890303642	Servicio de instalación canaletas	43678	2019			
1 EJECUTADO	1. EJECUTADO ACTAS	2. ACTAS POSTERIORES A LA 1305	1359	EDOSPINA SAS	GENERAL	GENERAL	4736200	4736200	4736200	1359	PTAR inicial	EDOSPINA SAS	890303642	Suministro e instalación de valvula.	43891	2020			
1 EJECUTADO	1. EJECUTADO ACTAS	2. ACTAS POSTERIORES A LA 1305	1359	FIDUCIARIA BOGOTA	GENERAL	GENERAL	567229084	567229084	567229084	1359	CAZUCA	FIDUCIARIA BOGOTA	800142383	Último pago construcción tanque Cazuca.	42767	2017			
1 EJECUTADO	1. EJECUTADO ACTAS	2. ACTAS POSTERIORES A LA 1305	1359	FIDUCIARIA BOGOTA	GENERAL	GENERAL	565514355	565514355	565514355	1359	Urbanismo inicial	FIDUCIARIA BOGOTA	800142383	Pago de obra Proyecto Mompos	43040	2017			
1 EJECUTADO	1. EJECUTADO ACTAS	2. ACTAS POSTERIORES A LA 1305	1359	FIDUCIARIA BOGOTA	GENERAL	GENERAL	382325913	382325913	382325913	1359	Urbanismo inicial	FIDUCIARIA BOGOTA	800142383	Pago de obra Proyecto Mompos	43070	2017			
1 EJECUTADO	1. EJECUTADO ACTAS	2. ACTAS POSTERIORES A LA 1305	1359	GEOCAM INGENIERIA S.A	GENERAL	GENERAL	5997600	5997600	5997600	1359	Diseños	GEOCAM INGENIERIA S.A	900156867	Servicio de ajuste de diseño	43862	2020			
1 EJECUTADO	1. EJECUTADO ACTAS	2. ACTAS POSTERIORES A LA 1305	1359	GUTIERREZ DIAZ	GENERAL	GENERAL	53832738	53832738	53832738	1359	Interventoria Coinver	GUTIERREZ DIAZ	860505064	Honorarios y consultoria en ingenieria de Proyectos	43497	2019			
1 EJECUTADO	1. EJECUTADO ACTAS	2. ACTAS POSTERIORES A LA 1305	1359	GUTIERREZ DIAZ	GENERAL	GENERAL	53832737	53832737	53832737	1359	Interventoria Coinver	GUTIERREZ DIAZ	860505064	Honorarios interventoria administrativa	43556	2019			
1 EJECUTADO	1. EJECUTADO ACTAS	2. ACTAS POSTERIORES A LA 1305	1359	GUTIERREZ DIAZ	GENERAL	GENERAL	53832737	53832737	53832737	1359	Interventoria Coinver	GUTIERREZ DIAZ	860505064	Honorarios interventoria administrativa	43586	2019			
1 EJECUTADO	1. EJECUTADO ACTAS	2. ACTAS POSTERIORES A LA 1305	1359	GUTIERREZ DIAZ	GENERAL	GENERAL	21105097	21105097	21105097	1359	Interventoria Coinver	GUTIERREZ DIAZ	860505064	Honorarios interventoria administrativa	43586	2019			
1 EJECUTADO	1. EJECUTADO ACTAS	2. ACTAS POSTERIORES A LA 1305	1359	GUTIERREZ DIAZ	GENERAL	GENERAL	53832737	53832737	53832737	1359	Interventoria Coinver	GUTIERREZ DIAZ	860505064	Honorarios interventoria administrativa	43586	2019			
1 EJECUTADO	1. EJECUTADO ACTAS	2. ACTAS POSTERIORES A LA 1305	1359	GUTIERREZ DIAZ	GENERAL	GENERAL	53832738	53832738	53832738	1359	Interventoria Coinver	GUTIERREZ DIAZ	860505064	Honorarios interventoria administrativa	43586	2019			
1 EJECUTADO	1. EJECUTADO ACTAS	2. ACTAS POSTERIORES A LA 1305	1359	GUTIERREZ DIAZ	GENERAL	GENERAL	21105097	21105097	21105097	1359	Interventoria Coinver	GUTIERREZ DIAZ	860505064	Honorarios interventoria administrativa	43647	2019			
1 EJECUTADO	1. EJECUTADO ACTAS	2. ACTAS POSTERIORES A LA 1305	1359	GUTIERREZ DIAZ	GENERAL	GENERAL	49025520	49025520	49025520	1359	Interventoria Coinver	GUTIERREZ DIAZ	860505064	Honorarios Jurídicos	43891	2020			
1 EJECUTADO	1. EJECUTADO ACTAS	2. ACTAS POSTERIORES A LA 1305	1359	H.F.G PREPARACION DE TERRENOS PARA LA CONSTRUCCIÓN	GENERAL	GENERAL	14194320	14194320	14194320	1359	Diseños	H.F.G PREPARACION DE TERRENOS PARA LA CONSTRUCCIÓN	900667631	Honorarios topográficos Maipore, primer trimestre 2017	42856	2017			
1 EJECUTADO	1. EJECUTADO ACTAS	2. ACTAS POSTERIORES A LA 1305	1359	H.F.G PREPARACION DE TERRENOS PARA LA CONSTRUCCIÓN	GENERAL	GENERAL	15827000	15827000	15827000	1359	Diseños	H.F.G PREPARACION DE TERRENOS PARA LA CONSTRUCCIÓN	900667631	Honorarios topográficos	43556	2019			
1 EJECUTADO	1. EJECUTADO ACTAS	2. ACTAS POSTERIORES A LA 1305	1359	H.F.G PREPARACION DE TERRENOS PARA LA CONSTRUCCIÓN	GENERAL	GENERAL	8092000	8092000	8092000	1359	Diseños	H.F.G PREPARACION DE TERRENOS PARA LA CONSTRUCCIÓN	900667631	Honorarios levantamiento topográfico	43586	2019			
1 EJECUTADO	1. EJECUTADO ACTAS	2. ACTAS POSTERIORES A LA 1305	1359	H.F.G PREPARACION DE TERRENOS PARA LA CONSTRUCCIÓN	GENERAL	GENERAL	2975000	2975000	2975000	1359	Diseños	H.F.G PREPARACION DE TERRENOS PARA LA CONSTRUCCIÓN	900667931	Honorarios Topográficos	43617	2019			
1 EJECUTADO	1. EJECUTADO ACTAS	2. ACTAS POSTERIORES A LA 1305	1359	H.F.G PREPARACION DE TERRENOS PARA LA CONSTRUCCIÓN	GENERAL	GENERAL	24775800	24775800	24775800	1359	Diseños	H.F.G PREPARACION DE TERRENOS PARA LA CONSTRUCCIÓN	900667931	Servicio de levantamiento topográfico	43831	2020			
1 EJECUTADO	1. EJECUTADO ACTAS	2. ACTAS POSTERIORES A LA 1305	1359	HIDROOBRAS	GENERAL	GENERAL	31237500	31237500	31237500	1359	Diseños	HIDROOBRAS	800102109	Estudio de cuenda en condiciones de sequia de los humedales cola del humedal tierra Blanca y Maipore el Vinculo. Contrato B- 634	43070	2017			
1 EJECUTADO	1. EJECUTADO ACTAS	2. ACTAS POSTERIORES A LA 1305	1359	HIDROOBRAS	GENERAL	GENERAL	19658800	19658800	19658800	1359	Diseños	HIDROOBRAS	800102109	Honorarios diseño de alcantarillado	43862	2020			
1 EJECUTADO	1. EJECUTADO ACTAS	2. ACTAS POSTERIORES A LA 1305	1359	HIDROOBRAS	GENERAL	GENERAL	69999999	69999999	69999999	1359	Diseños	HIDROOBRAS	800102109	Honorarios diseño de alcantarillado	43862	2020			
1 EJECUTADO	1. EJECUTADO ACTAS	2. ACTAS POSTERIORES A LA 1305	1359	MOSAICO S.A.S	GENERAL	GENERAL	962599260	962599260	962599260	1359	Urbanismo inicial	MOSAICO S.A.S	830506687	Primera cuota del pago convenido en el acta de liquidación final del convenio comercial suscrito entre mazuera Villegas y Colsubsidio, firmado el 13 de julio de 2018	43313	2018			
1 EJECUTADO	1. EJECUTADO ACTAS	2. ACTAS POSTERIORES A LA 1305	1359	MOSAICO S.A.S	GENERAL	GENERAL	962599260	962599260	962599260	1359	Urbanismo inicial	MOSAICO S.A.S	830506687	Segunda cuota del pago convenido en el acta de liquidación final del convenio comercial suscrito entre mazuera Villegas y Colsubsidio, firmado el 13 de julio de 2018	43313	2018			
1 EJECUTADO	1. EJECUTADO ACTAS	2. ACTAS POSTERIORES A LA 1305	1359	MOSAICO S.A.S	GENERAL	GENERAL	962599260	962599260	962599260	1359	Urbanismo inicial	MOSAICO S.A.S	830506687	Tercera cuota del pago convenido en el acta de liquidación final del convenio comercial suscrito entre mazuera Villegas y Colsubsidio, firmado el 13 de julio de 2018	43344	2018			
1 EJECUTADO	1. EJECUTADO ACTAS	2. ACTAS POSTERIORES A LA 1305	1359	MOSAICO S.A.S	GENERAL	GENERAL	962599260	962599260	962599260	1359	Urbanismo inicial	MOSAICO S.A.S	830506687	Cuarta cuota del pago convenido en el acta de liquidación final del convenio comercial suscrito entre mazuera Villegas y Colsubsidio, firmado el 13 de julio de 2018	43374	2018			
1 EJECUTADO	1. EJECUTADO ACTAS	2. ACTAS POSTERIORES A LA 1305	1359	MOSAICO S.A.S	GENERAL	GENERAL	962599260	962599260	962599260	1359	Urbanismo inicial	MOSAICO S.A.S	830506687	Quinta cuota del pago convenido en el acta de liquidación final del convenio comercial suscrito entre mazuera Villegas y Colsubsidio, firmado el 13 de julio de 2018	43405	2018			
1 EJECUTADO	1. EJECUTADO ACTAS	2. ACTAS POSTERIORES A LA 1305	1359	MOSAICO S.A.S	GENERAL	GENERAL	962599260	962599260	962599260	1359	Urbanismo inicial	MOSAICO S.A.S	830506687	Sexta cuota del pago convenido en el acta de liquidación final del convenio comercial suscrito entre mazuera Villegas y Colsubsidio, firmado el 13 de julio de 2018	43435	2018			
1 EJECUTADO	1. EJECUTADO ACTAS	2. ACTAS POSTERIORES A LA 1305	1359	OB PROYECTOS SAS	GENERAL	GENERAL	13495287	13495287	13495287	1359	HUMEDALES	OB PROYECTOS SAS	900238499	Traslado de cerramiento humedal cola de tierra blanca	42856	2017			
1 EJECUTADO	1. EJECUTADO ACTAS	2. ACTAS POSTERIORES A LA 1305	1359	OB PROYECTOS SAS	GENERAL	GENERAL	129045931	129045931	129045931	1359	HUMEDALES	OB PROYECTOS SAS	900238499	Servicio cerramiento humedal Soacha	43252	2018			
1 EJECUTADO	1. EJECUTADO ACTAS	2. ACTAS POSTERIORES A LA 1305	1359	OB PROYECTOS SAS	GENERAL	GENERAL	17313460	17313460	17313460	1359	Urbanismo varios	OB PROYECTOS SAS	900238499	Servicio de obra civil	43252	2018			
1 EJECUTADO	1. EJECUTADO ACTAS	2. ACTAS POSTERIORES A LA 1305	1359	OB PROYECTOS SAS	GENERAL	GENERAL	36483488	36483488	36483488	1359	Sala de ventas	OB PROYECTOS SAS	900238499	Servicio obras civiles ampliación parqueadro	43313	2018			
1 EJECUTADO	1. EJECUTADO ACTAS	2. ACTAS POSTERIORES A LA 1305	1359	OB PROYECTOS SAS	GENERAL	GENERAL	129045931	129045931	129045931	1359	HUMEDALES	OB PROYECTOS SAS	900238499	Servicio construcción cerramiento humedal	43344	2018			
1 EJECUTADO	1. EJECUTADO ACTAS	2. ACTAS POSTERIORES A LA 1305	1359	OB PROYECTOS SAS	GENERAL	GENERAL	129045930	129045930	129045930	1359	Urbanismo varios	OB PROYECTOS SAS	900238499	Servicio obras civiles cerramiento Maipore	43435	2018			
1 EJECUTADO	1. EJECUTADO ACTAS	2. ACTAS POSTERIORES A LA 1305	1359	OB PROYECTOS SAS	GENERAL	GENERAL	21733378	21733378	21733378	1359	Urbanismo varios	OB PROYECTOS SAS	900238499	Servicio obras civil	43586	2019			
1 EJECUTADO	1. EJECUTADO ACTAS	2. ACTAS POSTERIORES A LA 1305	1359	OB PROYECTOS SAS	GENERAL	GENERAL	25801406	25801406	25801406	1359	Urbanismo varios	OB PROYECTOS SAS	900238499	Servicio obras civil	43586	2019			
1 EJECUTADO	1. EJECUTADO ACTAS	2. ACTAS POSTERIORES A LA 1305	1359	SIERRAOSPINA MANTENIMIENTO LAGOS SA	GENERAL	GENERAL	40453628	40453628	40453628	1359	HUMEDALES	SIERRAOSPINA MANTENIMIENTO LAGOS SA	900348991	Honorarios fijos y reembolsables	43586	2019			
1 EJECUTADO	1. EJECUTADO ACTAS	2. ACTAS POSTERIORES A LA 1305	1359	SIERRAOSPINA MANTENIMIENTO LAGOS SA	GENERAL	GENERAL	40453628	40453628	40453628	1359	HUMEDALES	SIERRAOSPINA MANTENIMIENTO LAGOS SA	900348991	Honorarios gestión reserva Maipore y gastos reembolsables	43586	2019			
1 EJECUTADO	1. EJECUTADO ACTAS	2. ACTAS POSTERIORES A LA 1305	1359	SIERRAOSPINA MANTENIMIENTO LAGOS SA	GENERAL	GENERAL	40453629	40453629	40453629	1359	HUMEDALES	SIERRAOSPINA MANTENIMIENTO LAGOS SA	900348991	Honorarios fijos y reembolsables	43647	2019			
1 EJECUTADO	1. EJECUTADO ACTAS	2. ACTAS POSTERIORES A LA 1305	1359	SIERRAOSPINA MANTENIMIENTO LAGOS SA	GENERAL	GENERAL	40453629	40453629	40453629	1359	HUMEDALES	SIERRAOSPINA MANTENIMIENTO LAGOS SA	900348991	Honorarios gestión reserva Maipore y gastos reembolsables	43647	2019			
1 EJECUTADO	1. EJECUTADO ACTAS	2. ACTAS POSTERIORES A LA 1305	1359	SIERRAOSPINA MANTENIMIENTO LAGOS SA	GENERAL	GENERAL	40453629	40453629	40453629	1359	HUMEDALES	SIERRAOSPINA MANTENIMIENTO LAGOS SA	900348991	Honorarios gestion Reserva Maipore y gastos reembolsables	43678	2019			
1 EJECUTADO	1. EJECUTADO ACTAS	2. ACTAS POSTERIORES A LA 1305	1359	SIERRAOSPINA MANTENIMIENTO LAGOS SA	GENERAL	GENERAL	80907258	80907258	80907258	1359	HUMEDALES	SIERRAOSPINA MANTENIMIENTO LAGOS SA	900348991	Honorarios fijos y reembolsables	43739	2019			
1 EJECUTADO	1. EJECUTADO ACTAS	2. ACTAS POSTERIORES A LA 1305	1359	SIERRAOSPINA MANTENIMIENTO LAGOS SA	GENERAL	GENERAL	40453630	40453630	40453630	1359	HUMEDALES	SIERRAOSPINA MANTENIMIENTO LAGOS SA	900348991	Honorarios fijos y gastos reembolsables	43831	2020			
1 EJECUTADO	1. EJECUTADO ACTAS	2. ACTAS POSTERIORES A LA 1305	1359	SIERRAOSPINA MANTENIMIENTO LAGOS SA	GENERAL	GENERAL	40453629	40453629	40453629	1359	HUMEDALES	SIERRAOSPINA MANTENIMIENTO LAGOS SA	900348991	Honorarios fijos y gastos reembolsables	43862	2020			
1 EJECUTADO	1. EJECUTADO ACTAS	2. ACTAS POSTERIORES A LA 1305	1359	SIERRAOSPINA MANTENIMIENTO LAGOS SA	GENERAL	GENERAL	49143924	49143924	49143924	1359	HUMEDALES	SIERRAOSPINA MANTENIMIENTO LAGOS SA	900348991	Honorarios fijos y gastos reembolsables	43862	2020			
1 EJECUTADO	1. EJECUTADO ACTAS	2. ACTAS POSTERIORES A LA 1305	1359	UNION TEMPORAL ACUEDUCTO SOACHA	GENERAL	GENERAL	129172906	129172906	129172906	1359	RM 8	UNION TEMPORAL ACUEDUCTO SOACHA	900987337	Acta parcial n° 7. Instalación y suministro de la red matriz de acueducto en 8".	43070	2017			
1 EJECUTADO	1. EJECUTADO ACTAS	2. ACTAS POSTERIORES A LA 1305	1359	VICTOR ALVAREZ LAGOS	GENERAL	GENERAL	62445250	62445250	62445250	1359	Diseños	ALVAREZ LAGOS VICTOR	79517361	Honorarios diseño estructural	43678	2019			
1 EJECUTADO	1. EJECUTADO ACTAS	2. ACTAS POSTERIORES A LA 1305	1359	VICTOR ALVAREZ LAGOS	GENERAL	GENERAL	54212533	54212533	54212533	1359	Diseños	ALVAREZ LAGOS VICTOR	79517361	Servicio de diseño estructural	43891	2020			
1 EJECUTADO	1. EJECUTADO ACTAS	2. ACTAS POSTERIORES A LA 1305	1370	AG INGENIEROS SAS	GENERAL	GENERAL	8568000	8568000	8568000	1370	Diseños	AG INGENIEROS SAS	800219927	Honorarios Actualización del diseño de alumbrado	44105	2020			
1 EJECUTADO	1. EJECUTADO ACTAS	2. ACTAS POSTERIORES A LA 1305	1370	ALFONSO URIBE Y CIA	GENERAL	GENERAL	5283600	5283600	5283600	1370	Diseños	ALFONSO URIBE Y CIA	830066664	Análisis de suelo	44105	2020			
1 EJECUTADO	1. EJECUTADO ACTAS	2. ACTAS POSTERIORES A LA 1305	1370	ALFONSO URIBE Y CIA	GENERAL	GENERAL	14732200	14732200	14732200	1370	Diseños	ALFONSO URIBE Y CIA	830066664	Levantamiento topográfico	44105	2020			
1 EJECUTADO	1. EJECUTADO ACTAS	2. ACTAS POSTERIORES A LA 1305	1370	ALFONSO URIBE Y CIA	GENERAL	GENERAL	101102400	101102400	101102400	1370	Diseños	ALFONSO URIBE Y CIA	830066664	Estudio de suelos	44166	2020			
1 EJECUTADO	1. EJECUTADO ACTAS	2. ACTAS POSTERIORES A LA 1305	1370	BAYING SAS	GENERAL	GENERAL	16056202	16056202	16056202	1370	OPERACIÓN PTAR	BAYING SAS	830060732	Administración y Operación de da Planta de Tratamiento de Aguas Residuales Domesticas PTAR	44228	2021			
1 EJECUTADO	1. EJECUTADO ACTAS	2. ACTAS POSTERIORES A LA 1305	1370	CONSORCIO 57 UNO Y NIETO ARQUITECTOS	GENERAL	GENERAL	98175000	98175000	98175000	1370	Diseños	CONSORCIO 57 UNO Y NIETO ARQUITECTOS	901430975	Diseño del proyecto de sistema de espacio publico y su aprobacion ante las entidades municipales competentes de la Ciudadela Colsubsidio Maipore soacha - Cundinamarca.	44287	2021			
1 EJECUTADO	1. EJECUTADO ACTAS	2. ACTAS POSTERIORES A LA 1305	1370	CONSORCIO HUMEDALES MAIPORE	GENERAL	GENERAL	18152621	18152621	18152621	1370	HUMEDALES	CONSORCIO HUMEDALES MAIPORE	900823303	Servicio de supervisión	44105	2020			
1 EJECUTADO	1. EJECUTADO ACTAS	2. ACTAS POSTERIORES A LA 1305	1370	CONSORCIO HUMEDALES MAIPORE	GENERAL	GENERAL	23454071	23454071	23454071	1370	HUMEDALES	CONSORCIO HUMEDALES MAIPORE	900823303	Honorarios de Monitoreo humedales	44105	2020			
1 EJECUTADO	1. EJECUTADO ACTAS	2. ACTAS POSTERIORES A LA 1305	1370	CONSORCIO HUMEDALES MAIPORE	GENERAL	GENERAL	23454071	23454071	23454071	1370	HUMEDALES	CONSORCIO HUMEDALES MAIPORE	900823303	Honorarios de Monitoreo humedales	44105	2020			
1 EJECUTADO	1. EJECUTADO ACTAS	2. ACTAS POSTERIORES A LA 1305	1370	CONSORCIO HUMEDALES MAIPORE	GENERAL	GENERAL	23454071	23454071	23454071	1370	HUMEDALES	CONSORCIO HUMEDALES MAIPORE	900823303	Honorarios de Monitoreo humedales	44105	2020			
1 EJECUTADO	1. EJECUTADO ACTAS	2. ACTAS POSTERIORES A LA 1305	1370	CONSORCIO HUMEDALES MAIPORE	GENERAL	GENERAL	22399495	22399495	22399495	1370	HUMEDALES	CONSORCIO HUMEDALES MAIPORE	900823303	Honorarios Monitoreo	44105	2020			
1 EJECUTADO	1. EJECUTADO ACTAS	2. ACTAS POSTERIORES A LA 1305	1370	CONSORCIO HUMEDALES MAIPORE	GENERAL	GENERAL	23454071	23454071	23454071	1370	HUMEDALES	CONSORCIO HUMEDALES MAIPORE	900823303	Honorarios Monitoreo y análisis ambiental	44166	2020			
1 EJECUTADO	1. EJECUTADO ACTAS	2. ACTAS POSTERIORES A LA 1305	1370	CONSORCIO HUMEDALES MAIPORE	GENERAL	GENERAL	70362213	70362213	70362213	1370	HUMEDALES	CONSORCIO HUMEDALES MAIPORE	900823303	Monitoreo y seguimiento constante de la restauración de los humedales TIERRA DE COLA BLANCA y de Maiporé Soacha mediante la evaluación de los diferentes componentes biótico, abióticos y sociales	44228	2021			
1 EJECUTADO	1. EJECUTADO ACTAS	2. ACTAS POSTERIORES A LA 1305	1370	CONSORCIO HUMEDALES MAIPORE	GENERAL	GENERAL	37711218	37711218	37711218	1370	HUMEDALES	CONSORCIO HUMEDALES MAIPORE	900823303	Otrosi 2 - Monitoreo Ambiental Y Seguimiento Constante De La Restauración De Los Humedales Tierra De Cola Blanca Y El Vínculo Maipore Ubicados En El Proyecto Ciudadela Colsubsidio Maipore - Soacha Cundinamarca.	44317	2021			
1 EJECUTADO	1. EJECUTADO ACTAS	2. ACTAS POSTERIORES A LA 1305	1370	CONSORCIO LOS 5 MAIPORE	GENERAL	GENERAL	28058863	28058863	28058863	1370	HUMEDALES	CONSORCIO LOS 5 MAIPORE	901209110	Honorarios y reembolsables año 2019	43952	2020			
1 EJECUTADO	1. EJECUTADO ACTAS	2. ACTAS POSTERIORES A LA 1305	1370	CONSORCIO LOS 5 MAIPORE	GENERAL	GENERAL	800000000	800000000	800000000	1370	HUMEDALES	CONSORCIO LOS 5 MAIPORE	901209110	Septimo pago de humedales Cola Tierra Blanca	44075	2020			
1 EJECUTADO	1. EJECUTADO ACTAS	2. ACTAS POSTERIORES A LA 1305	1370	CONSORCIO LOS 5 MAIPORE	GENERAL	GENERAL	15552947	15552947	15552947	1370	HUMEDALES	CONSORCIO LOS 5 MAIPORE	901209110	Honorarios administración delegada	44105	2020			
1 EJECUTADO	1. EJECUTADO ACTAS	2. ACTAS POSTERIORES A LA 1305	1370	CONSORCIO LOS 5 MAIPORE	GENERAL	GENERAL	15013239	15013239	15013239	1370	HUMEDALES	CONSORCIO LOS 5 MAIPORE	901209110	Honorarios administración delegada	44105	2020			
1 EJECUTADO	1. EJECUTADO ACTAS	2. ACTAS POSTERIORES A LA 1305	1370	CONSORCIO LOS 5 MAIPORE	GENERAL	GENERAL	6769793	6769793	6769793	1370	HUMEDALES	CONSORCIO LOS 5 MAIPORE	901209110	Administración delegada Humedal Cola de Tierra Blanca	44105	2020			
1 EJECUTADO	1. EJECUTADO ACTAS	2. ACTAS POSTERIORES A LA 1305	1370	CONSORCIO LOS 5 MAIPORE	GENERAL	GENERAL	349759666	349759666	349759666	1370	HUMEDALES	CONSORCIO LOS 5 MAIPORE	901209110	Octavo desembolso Humedales Maipore	44287	2021			
1 EJECUTADO	1. EJECUTADO ACTAS	2. ACTAS POSTERIORES A LA 1305	1370	CORPORACIÓN SETIS	GENERAL	GENERAL	4149824	4149824	4149824	1370	HUMEDALES	CORPORACIÓN SETIS	900916212	Formulacion, Implementacion, Seguimiento y Evaluacion Socio Ambiental Octubre - Noviembre de 2020 Area de Influencia Humedales El Vinculo y Cola Tierra Blanca Ciudadela Colsubsidio Maipore	44256	2021			
1 EJECUTADO	1. EJECUTADO ACTAS	2. ACTAS POSTERIORES A LA 1305	1370	EDOSPINA SAS	GENERAL	GENERAL	21062148	21062148	21062148	1370	PTAR inicial	EDOSPINA SAS	890303642	Limpieza general y lavado de tanque agua residual retiro con vactor de lodos y disposicion general de desechos mantenimiento brazos decanter de los reactores	43952	2020			
1 EJECUTADO	1. EJECUTADO ACTAS	2. ACTAS POSTERIORES A LA 1305	1370	EDOSPINA SAS	GENERAL	GENERAL	18352180	18352180	18352180	1370	PTAR inicial	EDOSPINA SAS	890303642	Analisis de muestra residual y cambio de bornes dañados puntos calientes limpieza de contactos mantenimiento de dosificadores.	43952	2020			
1 EJECUTADO	1. EJECUTADO ACTAS	2. ACTAS POSTERIORES A LA 1305	1370	EDOSPINA SAS	GENERAL	GENERAL	28377930	28377930	28377930	1370	PTAR inicial	EDOSPINA SAS	890303642	Mantenimiento Tanque Elevador Bombas sumergibles Portico Tablero Electrico de fuerza y control	43952	2020			
1 EJECUTADO	1. EJECUTADO ACTAS	2. ACTAS POSTERIORES A LA 1305	1370	EDOSPINA SAS	GENERAL	GENERAL	65016840	65016840	65016840	1370	OPERACIÓN PTAR	EDOSPINA SAS	890303642	Mantenimiento Correctivo y Preventivo PTAR Maiporé	44228	2021			
1 EJECUTADO	1. EJECUTADO ACTAS	2. ACTAS POSTERIORES A LA 1305	1370	GEOCAM INGENIERIA S.A	GENERAL	GENERAL	8996400	8996400	8996400	1370	Diseños	GEOCAM INGENIERIA S.A	900156867	40% Primer pago al inicio del diseño 50% a la entrega del diseño y 10% A la aprobacion o un mes despues de la entrega oficial del alcance de los trabajos del ajuste al diseño geometrico vial de todo los ejes del proyecto con respecto a la nueva cota topografica aprobada por el Acueducto	44166	2020			
1 EJECUTADO	1. EJECUTADO ACTAS	2. ACTAS POSTERIORES A LA 1305	1370	GUTIERREZ DIAZ	GENERAL	GENERAL	311223918	311223918	311223918	1370	Interventoria Coinver	GUTIERREZ DIAZ	860505064	Honorarios y reembolsables año 2019	43952	2020			
1 EJECUTADO	1. EJECUTADO ACTAS	2. ACTAS POSTERIORES A LA 1305	1370	GUTIERREZ DIAZ	GENERAL	GENERAL	0	0	-4585114	1370	Interventoria Coinver	GUTIERREZ DIAZ	860505064	Reintegro de recursos Fovis	44256	2021			
1 EJECUTADO	1. EJECUTADO ACTAS	2. ACTAS POSTERIORES A LA 1305	1370	H.F.G PREPARACION DE TERRENOS PARA LA CONSTRUCCIÓN	GENERAL	GENERAL	12727000	12727000	12727000	1370	Lindero	H.F.G PREPARACION DE TERRENOS PARA LA CONSTRUCCIÓN	900667931	Realizar validacion topografica del lindero urbano y rural del proyecto ciudadela colsubsidio maipore en soacha, incluye amojonamiento en concreto.	44440	2021			
1 EJECUTADO	1. EJECUTADO ACTAS	2. ACTAS POSTERIORES A LA 1305	1370	H.F.G PREPARACION DE TERRENOS PARA LA CONSTRUCCIÓN	GENERAL	GENERAL	688415	688415	688415	1370	Lindero	H.F.G PREPARACION DE TERRENOS PARA LA CONSTRUCCIÓN	900667931	Realizar validacion topografica del lindero urbano y rural del proyecto ciudadela colsubsidio maipore en soacha, incluye amojonamiento en concreto.	44440	2021			
1 EJECUTADO	1. EJECUTADO ACTAS	2. ACTAS POSTERIORES A LA 1305	1370	HIDROOBRAS	GENERAL	GENERAL	34313131	34313131	34313131	1370	Diseños	HIDROOBRAS	800102109	Servicio de obra civil	44105	2020			
1 EJECUTADO	1. EJECUTADO ACTAS	2. ACTAS POSTERIORES A LA 1305	1370	HIDROOBRAS	GENERAL	GENERAL	12390000	12390000	12390000	1370	Diseños	HIDROOBRAS	800102109	Servicio de obra civil	44105	2020			
1 EJECUTADO	1. EJECUTADO ACTAS	2. ACTAS POSTERIORES A LA 1305	1370	HIDROOBRAS	GENERAL	GENERAL	23445000	23445000	23445000	1370	Diseños	HIDROOBRAS	800102109	Servicio de obra civil	44105	2020			
1 EJECUTADO	1. EJECUTADO ACTAS	2. ACTAS POSTERIORES A LA 1305	1370	HIDROOBRAS	GENERAL	GENERAL	53550000	53550000	53550000	1370	Diseños	HIDROOBRAS	800102109	Ajuste A Los Diseños De Redes Acueducto Con Niveles De Las Cotas Ditd De Los Sistemas De Alcantarillado Pluvial Y Residual Del Proyecto Ciudadela Colsubsidio Maipore En Soacha Cundinamarca.	44317	2021			
1 EJECUTADO	1. EJECUTADO ACTAS	2. ACTAS POSTERIORES A LA 1305	1370	HIDROOBRAS	GENERAL	GENERAL	20230000	20230000	20230000	1370	Diseños	HIDROOBRAS	800102109	Análisis De Los Sistemas De Alcantarillado Pluvial Y Residual Del Proyecto Ciudadela Colsubsidio Maipore.	44317	2021			
1 EJECUTADO	1. EJECUTADO ACTAS	2. ACTAS POSTERIORES A LA 1305	1370	HIDROOBRAS	GENERAL	GENERAL	14161000	14161000	14161000	1370	Diseños	HIDROOBRAS	800102109	Estudio Hidrológico Para Los Sistemas De Alcantarillado Pluvial Y Residual Del Proyecto Ciudadela Colsubsidio Maipore.	44317	2021			
1 EJECUTADO	1. EJECUTADO ACTAS	2. ACTAS POSTERIORES A LA 1305	1370	PARQUE DE MAQUINARIAS	GENERAL	GENERAL	6593190	6593190	6593190	1370	Urbanismo varios	PARQUE DE MAQUINARIAS	830065444	Servicios de inspección	44197	2021			
1 EJECUTADO	1. EJECUTADO ACTAS	2. ACTAS POSTERIORES A LA 1305	1370	SIERRAOSPINA MANTENIMIENTO LAGOS SA	GENERAL	GENERAL	31735462	31735462	31735462	1370	HUMEDALES	SIERRAOSPINA MANTENIMIENTO LAGOS SA	900348991	Honorarios febrero, marzo y abril	43952	2020			
1 EJECUTADO	1. EJECUTADO ACTAS	2. ACTAS POSTERIORES A LA 1305	1370	SIERRAOSPINA MANTENIMIENTO LAGOS SA	GENERAL	GENERAL	11122271	11122271	11122271	1370	HUMEDALES	SIERRAOSPINA MANTENIMIENTO LAGOS SA	900348991	Reembolso de gastos	44105	2020			
1 EJECUTADO	1. EJECUTADO ACTAS	2. ACTAS POSTERIORES A LA 1305	1370	SIERRAOSPINA MANTENIMIENTO LAGOS SA	GENERAL	GENERAL	18802254	18802254	18802254	1370	HUMEDALES	SIERRAOSPINA MANTENIMIENTO LAGOS SA	900348991	Honorarios y gastos reembolsables	44105	2020			
1 EJECUTADO	1. EJECUTADO ACTAS	2. ACTAS POSTERIORES A LA 1305	1400	BAYING SAS	GENERAL	GENERAL	16056202	16056202	16056202	1400	OPERACIÓN PTAR	BAYING SAS	830060732	Administración PTAR	44197	2021			
1 EJECUTADO	1. EJECUTADO ACTAS	2. ACTAS POSTERIORES A LA 1305	1400	BAYING SAS	GENERAL	GENERAL	16056202	16056202	16056202	1400	OPERACIÓN PTAR	BAYING SAS	830060732	Administración PTAR	44197	2021			
1 EJECUTADO	1. EJECUTADO ACTAS	2. ACTAS POSTERIORES A LA 1305	1400	BAYING SAS	GENERAL	GENERAL	16056202	16056202	16056202	1400	OPERACIÓN PTAR	BAYING SAS	830060732	Administración y operación de la planta de tratamiento de aguas residuales domésticas ptard	44256	2021			
1 EJECUTADO	1. EJECUTADO ACTAS	2. ACTAS POSTERIORES A LA 1305	1400	BAYING SAS	GENERAL	GENERAL	32112405	32112405	32112405	1400	OPERACIÓN PTAR	BAYING SAS	830060732	Administracion Y Operacion De La Planta De Tratamiento De Aguas Residuales Domesticas Ptard De La Urbanizacion Ciudadela Colsubsidio Maipore Ubicada En El Municipio De Soacha Cundinamarca.	44317	2021			
1 EJECUTADO	1. EJECUTADO ACTAS	2. ACTAS POSTERIORES A LA 1305	1400	BAYING SAS	GENERAL	GENERAL	16056202	16056202	16056202	1400	OPERACIÓN PTAR	BAYING SAS	830060732	Administración y operación de la planta de tratamiento de aguas residuales domésticas ptard	44378	2021			
1 EJECUTADO	1. EJECUTADO ACTAS	2. ACTAS POSTERIORES A LA 1305	1400	BAYING SAS	GENERAL	GENERAL	16056202	16056202	16056202	1400	OPERACIÓN PTAR	BAYING SAS	830060732	Administración y operación de la planta de tratamiento de aguas residuales domésticas ptard	44409	2021			
1 EJECUTADO	1. EJECUTADO ACTAS	2. ACTAS POSTERIORES A LA 1305	1400	BAYING SAS	GENERAL	GENERAL	16056202	16056202	16056202	1400	OPERACIÓN PTAR	BAYING SAS	830060732	Administración PTAR. Agosto 2021	44501	2021			
1 EJECUTADO	1. EJECUTADO ACTAS	2. ACTAS POSTERIORES A LA 1305	1400	BAYING SAS	GENERAL	GENERAL	16056202	16056202	16056202	1400	OPERACIÓN PTAR	BAYING SAS	830060732	Administración PTAR. Julio 2021	44501	2021			
1 EJECUTADO	1. EJECUTADO ACTAS	2. ACTAS POSTERIORES A LA 1305	1400	BAYING SAS	GENERAL	GENERAL	16056202	16056202	16056202	1400	OPERACIÓN PTAR	BAYING SAS	830060732	Administración PTAR. Junio 2021	44501	2021			
1 EJECUTADO	1. EJECUTADO ACTAS	2. ACTAS POSTERIORES A LA 1305	1400	BAYING SAS	GENERAL	GENERAL	16635831	16635831	16635831	1400	OPERACIÓN PTAR	BAYING SAS	830060732	Administración PTAR. Septiembre 2021	44562	2022			
1 EJECUTADO	1. EJECUTADO ACTAS	2. ACTAS POSTERIORES A LA 1305	1400	BAYING SAS	GENERAL	GENERAL	16635831	16635831	16635831	1400	OPERACIÓN PTAR	BAYING SAS	830060732	Administración PTAR. Noviembre 2021	44621	2022			
1 EJECUTADO	1. EJECUTADO ACTAS	2. ACTAS POSTERIORES A LA 1305	1400	BAYING SAS	GENERAL	GENERAL	17714522	17714522	17714522	1400	OPERACIÓN PTAR	BAYING SAS	830060732	Alquiler de bomba	44621	2022			
1 EJECUTADO	1. EJECUTADO ACTAS	2. ACTAS POSTERIORES A LA 1305	1400	BAYING SAS	GENERAL	GENERAL	16635831	16635831	16635831	1400	OPERACIÓN PTAR	BAYING SAS	830060732	Administración PTAR	44621	2022			
1 EJECUTADO	1. EJECUTADO ACTAS	2. ACTAS POSTERIORES A LA 1305	1400	BAYING SAS	GENERAL	GENERAL	16635831	16635831	16635831	1400	OPERACIÓN PTAR	BAYING SAS	830060732	Alquiler PTART. Octubre 2021	44621	2022			
1 EJECUTADO	1. EJECUTADO ACTAS	2. ACTAS POSTERIORES A LA 1305	1400	DE VALDENEBRO INGENIEROS	GENERAL	GENERAL	62475000	62475000	62475000	1400	Diseños	DE VALDENEBRO INGENIEROS	860353659	Ajuste Diseño Estructural Ptar Para El Proyecto Ciudadela Colsubsidio Maipore En Soacha	44378	2021			
1 EJECUTADO	1. EJECUTADO ACTAS	2. ACTAS POSTERIORES A LA 1305	1400	FLUJOTEC SAS	GENERAL	GENERAL	39143708	39143708	39143708	1400	OPERACIÓN PTAR	FLUJOTEC SAS	900781393	Suministro, Instalacion Y Puesta En Marcha De Sistema De Trasiego De Lodos Para Ptard	44501	2021			
1 EJECUTADO	1. EJECUTADO ACTAS	2. ACTAS POSTERIORES A LA 1305	1403	AG INGENIEROS SAS	GENERAL	GENERAL	4284000	4284000	4284000	1403	Diseños	AG INGENIEROS SAS	800219927	Actualizacion Del Diseño De Alumbrado Publico Del Proyecto Urbanizacion Ciudadela Colsubsidio Maipore En Soacha.	44348	2021			
1 EJECUTADO	1. EJECUTADO ACTAS	2. ACTAS POSTERIORES A LA 1305	1403	AG INGENIEROS SAS	GENERAL	GENERAL	5117000	5117000	5117000	1403	Diseños	AG INGENIEROS SAS	800219927	Modificacion Al Diseño De Los Planos Serie 1 De Media Tension Del Proyecto Urbanizacion Ciudadela Colsubsidio Maipore En Soacha.	44409	2021			
1 EJECUTADO	1. EJECUTADO ACTAS	2. ACTAS POSTERIORES A LA 1305	1403	ALFONSO URIBE Y CIA	GENERAL	GENERAL	58680182	58680182	58680182	1403	Diseños	ALFONSO URIBE Y CIA	830066664	Estudio De Suelos Y Diseño De Cimentaciones De Las Redes Troncales De Alcantarillado De Muña Y Compartir	44378	2021			
1 EJECUTADO	1. EJECUTADO ACTAS	2. ACTAS POSTERIORES A LA 1305	1403	ALFONSO URIBE Y CIA	GENERAL	GENERAL	37758035	37758035	37758035	1403	Diseños	ALFONSO URIBE Y CIA	830066664	Estudio de suelos y diseño de cimentaciones tuberias red matriz de acueducto 24" y red de acueducto, redes locales .Doc 3609775633	44440	2021			
1 EJECUTADO	1. EJECUTADO ACTAS	2. ACTAS POSTERIORES A LA 1305	1403	ALFONSO URIBE Y CIA	GENERAL	GENERAL	96003964	96003964	96003964	1403	Diseños	ALFONSO URIBE Y CIA	830066664	Estudio de suelos, analisis de cimentaciones y diseño de pavimentos, parques y puentes peatonales en la ciudadela colsubsidio maipore en soacha.	44713	2022			
1 EJECUTADO	1. EJECUTADO ACTAS	2. ACTAS POSTERIORES A LA 1305	1403	ALFONSO URIBE Y CIA	GENERAL	GENERAL	13940084	13940084	13940084	1403	Diseños	ALFONSO URIBE Y CIA	830066664	Estudio de suelos y diseño de cimentaciones, redes de acueducto y alcantarillado sanitario en la ciudadela colsubsidio maipore en soacha.	44743	2022			
1 EJECUTADO	1. EJECUTADO ACTAS	2. ACTAS POSTERIORES A LA 1305	1403	ALVEIRO TELLEZ	GENERAL	GENERAL	1904000	1904000	1904000	1403	Diseños	ALVEIRO TELLEZ	79432818	Liquidacion Anticipada Diseño Hidrosanitario Urbanismo Exterior Y Validacion De Diseño Eléctrico Elaborado Para Los Edificios En 2016, Para El Proyecto Sala De Ventas Maipore En Soacha.	44348	2021			
1 EJECUTADO	1. EJECUTADO ACTAS	2. ACTAS POSTERIORES A LA 1305	1403	ALVEIRO TELLEZ	GENERAL	GENERAL	4165000	4165000	4165000	1403	Diseños	ALVEIRO TELLEZ	79432818	Diseño hidrosanitario y redes generales para el proyecto nueva sala de ventas en la Ciudadela Colsubsidio Maipore en Soacha.	44531	2021			
1 EJECUTADO	1. EJECUTADO ACTAS	2. ACTAS POSTERIORES A LA 1305	1403	ALVEIRO TELLEZ	GENERAL	GENERAL	11424000	11424000	11424000	1403	Diseños	ALVEIRO TELLEZ	79432818	Diseño hidrosanitario y recomendaciones para el diseño del espacio publico de la ciudadela colsubsidio maipore en soacha.	44896	2022			
1 EJECUTADO	1. EJECUTADO ACTAS	2. ACTAS POSTERIORES A LA 1305	1403	ANASCOL SAS	GENERAL	GENERAL	11382588	11382588	11382588	1403	HUMEDALES	ANASCOL SAS	900488065	Estudio para muestreo y caracterizacion de aspectos fisicoquimicos, microbiologicos e hidrobiologicos de los humedales maipore y cola de tierra blanca en soacha.	44713	2022			
1 EJECUTADO	1. EJECUTADO ACTAS	2. ACTAS POSTERIORES A LA 1305	1403	ANASCOL SAS	GENERAL	GENERAL	3620813	3620813	3620813	1403	OPERACIÓN PTAR	ANASCOL SAS	900488065	Estudio para muestreo de calidad del agua de la ptar en la ciudadela colsubsidio maipore en soacha. resolucion 1256/2021, decreto 1076/2015	44774	2022			
1 EJECUTADO	1. EJECUTADO ACTAS	2. ACTAS POSTERIORES A LA 1305	1403	ARGE DE COLOMBIA SAS	GENERAL	GENERAL	11900000	11900000	11900000	1403	Diseños	ARGE DE COLOMBIA SAS	900609380	Elaborar plan de manejo arqueológico etapas 3,4,5,6,8,y 9 de la Ciudadela Colsubsidio Maiporé	44562	2022			
1 EJECUTADO	1. EJECUTADO ACTAS	2. ACTAS POSTERIORES A LA 1305	1403	ARQUIMODELS SAS	GENERAL	GENERAL	2023000	2023000	2023000	1403	Diseños	ARQUIMODELS SAS	900214138	Actualizacion logos maqueta proyecto ciudadela colsubsidio maipore en soacha.	44774	2022			
1 EJECUTADO	1. EJECUTADO ACTAS	2. ACTAS POSTERIORES A LA 1305	1403	ARQUIMODELS SAS	GENERAL	GENERAL	144000	144000	0	1403	Diseños	ARQUIMODELS SAS	900214138	100% Elaboracion, transporte e instalacion Maqueta Patio Portal Transmilenio Ciudadela Colsubsidio Maipore en Soacha-Cundinamarca	45474	2024			
1 EJECUTADO	1. EJECUTADO ACTAS	2. ACTAS POSTERIORES A LA 1305	1403	BAYING SAS	GENERAL	GENERAL	16056202	16056202	16056202	1403	OPERACIÓN PTAR	BAYING SAS	830060732	Administración Y Operación De La Planta De Tratamiento De Aguas Residuales Domesticas Ptard De La Urbanización Ciudadela Colsubsidio Maiporé Ubicada En El Municipio De Soacha Cundinamarca.	44317	2021			
1 EJECUTADO	1. EJECUTADO ACTAS	2. ACTAS POSTERIORES A LA 1305	1403	CARLOS ERNESTO PEDRAZA	GENERAL	GENERAL	7000000	7000000	7000000	1403	HUMEDALES	CARLOS ERNESTO PEDRAZA	91016240	Consultoria de los monitoreos ambientales para los humedales cola de tierra blanca y el vinculo Maipore en soacha.	44531	2021			
1 EJECUTADO	1. EJECUTADO ACTAS	2. ACTAS POSTERIORES A LA 1305	1403	CARLOS ERNESTO PEDRAZA	GENERAL	GENERAL	7000000	7000000	7000000	1403	HUMEDALES	CARLOS ERNESTO PEDRAZA	91016240	Consultoria de los monitoreos ambientales para los humedales cola de tierra blanca y el vinculo maipore en Soacha. Periodo Noviembre 2021	44562	2022			
1 EJECUTADO	1. EJECUTADO ACTAS	2. ACTAS POSTERIORES A LA 1305	1403	CARLOS ERNESTO PEDRAZA	GENERAL	GENERAL	7000000	7000000	7000000	1403	HUMEDALES	CARLOS ERNESTO PEDRAZA	91016240	Consultoria Monitoreo Humedales	44621	2022			
1 EJECUTADO	1. EJECUTADO ACTAS	2. ACTAS POSTERIORES A LA 1305	1403	CARLOS ERNESTO PEDRAZA	GENERAL	GENERAL	7000000	7000000	7000000	1403	HUMEDALES	CARLOS ERNESTO PEDRAZA	91016240	Consultoria Monitoreo Humedales	44621	2022			
1 EJECUTADO	1. EJECUTADO ACTAS	2. ACTAS POSTERIORES A LA 1305	1403	CARLOS ERNESTO PEDRAZA	GENERAL	GENERAL	7000000	7000000	7000000	1403	HUMEDALES	CARLOS ERNESTO PEDRAZA	91016240	Consultoria de los monitoreos ambientales para los humedales cola de tierra blanca y el vinculo maipore en soacha. Periodo Febrero 2022	44682	2022			
1 EJECUTADO	1. EJECUTADO ACTAS	2. ACTAS POSTERIORES A LA 1305	1403	CARLOS ERNESTO PEDRAZA	GENERAL	GENERAL	7000000	7000000	7000000	1403	HUMEDALES	CARLOS ERNESTO PEDRAZA	91016240	Consultoria de los monitoreos ambientales para los humedales cola de tierra blanca y el vinculo maipore en soacha.Periodo marzo 2022	44682	2022			
1 EJECUTADO	1. EJECUTADO ACTAS	2. ACTAS POSTERIORES A LA 1305	1403	CARLOS ERNESTO PEDRAZA	GENERAL	GENERAL	7000000	7000000	7000000	1403	HUMEDALES	CARLOS ERNESTO PEDRAZA	91016240	Consultoria de los monitoreos ambientales para los humedales cola de tierra blanca y el vinculo maipore en soacha.Periodo abril 2022	44713	2022			
1 EJECUTADO	1. EJECUTADO ACTAS	2. ACTAS POSTERIORES A LA 1305	1403	CARLOS ERNESTO PEDRAZA	GENERAL	GENERAL	2800000	2800000	2800000	1403	HUMEDALES	CARLOS ERNESTO PEDRAZA	91016240	Estudio ambiental para la elaboracion del plan de compensacion de ocupacion del cauce en la ciudadela colsubsidio maipore en soacha	44713	2022			
1 EJECUTADO	1. EJECUTADO ACTAS	2. ACTAS POSTERIORES A LA 1305	1403	CARLOS ERNESTO PEDRAZA	GENERAL	GENERAL	7000000	7000000	7000000	1403	HUMEDALES	CARLOS ERNESTO PEDRAZA	91016240	Consultoria de los monitoreos ambientales para los humedales cola de tierra blanca y el vinculo maipore en soacha. Periodo mayo 2022	44743	2022			
1 EJECUTADO	1. EJECUTADO ACTAS	2. ACTAS POSTERIORES A LA 1305	1403	CARLOS ERNESTO PEDRAZA	GENERAL	GENERAL	7000000	7000000	7000000	1403	HUMEDALES	CARLOS ERNESTO PEDRAZA	91016240	Consultoria de los monitoreos ambientales para los humedales cola de tierra blanca y el vinculo maipore en soacha. Periodo junio 2022	44774	2022			
1 EJECUTADO	1. EJECUTADO ACTAS	2. ACTAS POSTERIORES A LA 1305	1403	CARLOS ERNESTO PEDRAZA	GENERAL	GENERAL	7000000	7000000	7000000	1403	HUMEDALES	CARLOS ERNESTO PEDRAZA	91016240	Otrosi 1 - consultoria de los monitoreos ambientales para los humedales cola de tierra blanca y el vinculo maipore en soacha. periodo julio 2022	44774	2022			
1 EJECUTADO	1. EJECUTADO ACTAS	2. ACTAS POSTERIORES A LA 1305	1403	CARLOS ERNESTO PEDRAZA	GENERAL	GENERAL	7000000	7000000	7000000	1403	HUMEDALES	CARLOS ERNESTO PEDRAZA	91016240	Estudio de suelos, analisis de cimentaciones y diseño de pavimentos, parques y puentes peatonales en la ciudadela colsubsidio maipore en soacha.Periodo agosto 2022	44805	2022			
1 EJECUTADO	1. EJECUTADO ACTAS	2. ACTAS POSTERIORES A LA 1305	1403	CARLOS ERNESTO PEDRAZA	GENERAL	GENERAL	7000000	7000000	7000000	1403	HUMEDALES	CARLOS ERNESTO PEDRAZA	91016240	Otrosi 1 - consultoria de los monitoreos ambientales para los humedales cola de tierra blanca y el vinculo maipore en soacha. Periodo septiembre 2022	44835	2022			
1 EJECUTADO	1. EJECUTADO ACTAS	2. ACTAS POSTERIORES A LA 1305	1403	CARLOS ERNESTO PEDRAZA	GENERAL	GENERAL	7000000	7000000	7000000	1403	HUMEDALES	CARLOS ERNESTO PEDRAZA	91016240	Otrosi 1 - consultoria de los monitoreos ambientales para los humedales cola de tierra blanca y el vinculo maipore en soacha. Periodo octubre 2022	44866	2022			
1 EJECUTADO	1. EJECUTADO ACTAS	2. ACTAS POSTERIORES A LA 1305	1403	CARLOS ERNESTO PEDRAZA	GENERAL	GENERAL	7000000	7000000	7000000	1403	HUMEDALES	CARLOS ERNESTO PEDRAZA	91016240	Otrosi 1 - consultoria de los monitoreos ambientales para los humedales cola de tierra blanca y el vinculo maipore en soacha. Perido Noviembre 2022	44896	2022			
1 EJECUTADO	1. EJECUTADO ACTAS	2. ACTAS POSTERIORES A LA 1305	1403	CARLOS ERNESTO PEDRAZA	GENERAL	GENERAL	7000000	7000000	7000000	1403	HUMEDALES	CARLOS ERNESTO PEDRAZA	91016240	Otrosi 1 - consultoria de los monitoreos ambientales para los humedales cola de tierra blanca y el vinculo maipore en soacha. Perido Diciembre 2022	44927	2023			
1 EJECUTADO	1. EJECUTADO ACTAS	2. ACTAS POSTERIORES A LA 1305	1403	CARLOS ERNESTO PEDRAZA	GENERAL	GENERAL	7000000	7000000	7000000	1403	HUMEDALES	CARLOS ERNESTO PEDRAZA	91016240	Otrosi 1 - consultoria de los monitoreos ambientales para los humedales cola de tierra blanca y el vinculo maipore en soacha. Periodo Enero 2023	44986	2023			
1 EJECUTADO	1. EJECUTADO ACTAS	2. ACTAS POSTERIORES A LA 1305	1403	CARLOS ERNESTO PEDRAZA	GENERAL	GENERAL	7910000	7910000	7910000	1403	HUMEDALES	CARLOS ERNESTO PEDRAZA	91016240	Consultoría ambiental para adelantar el monitoreo ambiental, fisicoquímico e hidrobiológico de fauna y flora de los Humedales Cola de Tierra Blanca y el Vínculo ubicados en la Urbanización Ciudadela Maiporé, ubicada en el Municipio de Soacha- Honorarios Marzo 2023	45078	2023			
1 EJECUTADO	1. EJECUTADO ACTAS	2. ACTAS POSTERIORES A LA 1305	1403	CARLOS ERNESTO PEDRAZA	GENERAL	GENERAL	7910000	7910000	7910000	1403	HUMEDALES	CARLOS ERNESTO PEDRAZA	91016240	Consultoria de los monitoreos ambientales para los humedales cola de tierra blanca y el vinculo maipore en soacha. honorarios febrero 2023	45078	2023			
1 EJECUTADO	1. EJECUTADO ACTAS	2. ACTAS POSTERIORES A LA 1305	1403	CONSORCIO 57 UNO Y NIETO ARQUITECTOS	GENERAL	GENERAL	117810000	117810000	117810000	1403	Diseños	CONSORCIO 57 UNO Y NIETO ARQUITECTOS	901430975	Diseño Del Proyecto De Sistema De Espacio Publico Y Su Aprobacion Ante Las Entidades Municipales Competentes De La Ciudadela Colsubsidio Maipore Soacha – Cundinamarca.	44348	2021			
1 EJECUTADO	1. EJECUTADO ACTAS	2. ACTAS POSTERIORES A LA 1305	1403	CONSORCIO 57 UNO Y NIETO ARQUITECTOS	GENERAL	GENERAL	78540000	78540000	78540000	1403	Diseños	CONSORCIO 57 UNO Y NIETO ARQUITECTOS	901430975	Otrosi 1 - diseño del proyecto de sistema de espacio publico y su aprobacion ante las entidades municipales competentes de laCiudadela Colsubsidio Maipore en Soacha.	44562	2022			
1 EJECUTADO	1. EJECUTADO ACTAS	2. ACTAS POSTERIORES A LA 1305	1403	CONSORCIO 57 UNO Y NIETO ARQUITECTOS	GENERAL	GENERAL	58905000	58905000	58905000	1403	Diseños	CONSORCIO 57 UNO Y NIETO ARQUITECTOS	901430975	Otrosi 1 - diseño del proyecto de sistema de espacio publico y su aprobacion ante las entidades municipales competentes de la ciudadela colsubsidio maipore en soacha.4° pg 15% al finalizar la actualizacion de planos.	44682	2022			
1 EJECUTADO	1. EJECUTADO ACTAS	2. ACTAS POSTERIORES A LA 1305	1403	CONSORCIO HUMEDALES MAIPORE	GENERAL	GENERAL	10590500	10590500	10590500	1403	HUMEDALES	CONSORCIO HUMEDALES MAIPORE	900823303	Desmonte e instalacion de miras, elaboracion de curvas de capacidad, muestreos hidrobiologicos y diagnostico fitosanitarios para los humedales vinculo y cola de tierra blanca en la ciudadela de colsubsidio maipore en soacha	44562	2022			
1 EJECUTADO	1. EJECUTADO ACTAS	2. ACTAS POSTERIORES A LA 1305	1403	CONSORCIO LOS 5 MAIPORE	GENERAL	GENERAL	11722421	11722421	11722421	1403	HUMEDALES	CONSORCIO LOS 5 MAIPORE	901209110	Otrosi 2 - Administración Delegada Para La Reconformación Hidro Geomorfológicas De Los Humedales Cola De Tierra Blanca Y El Vínculo Maipore Ubicados En El Proyecto Ciudadela Colsubsidio Maipore Soacha.	44317	2021			
1 EJECUTADO	1. EJECUTADO ACTAS	2. ACTAS POSTERIORES A LA 1305	1403	CONSORCIO LOS 5 MAIPORE	GENERAL	GENERAL	22612273	22612273	22612273	1403	HUMEDALES	CONSORCIO LOS 5 MAIPORE	901209110	Otrosi 2 - Administración Delegada Para La Reconformación Hidro Geomorfológicas De Los Humedales Cola De Tierra Blanca Y El Vínculo Maipore Ubicados En El Proyecto Ciudadela Colsubsidio Maipore Soacha.	44409	2021			
1 EJECUTADO	1. EJECUTADO ACTAS	2. ACTAS POSTERIORES A LA 1305	1403	CONSULOBRAS SAS	GENERAL	GENERAL	47600000	47600000	47600000	1403	Diseños	CONSULOBRAS SAS	800060834	1° PAGO 40% a la entrega del anteproyecto estructural para los diseños de camaras y estructuras especiales en concreto reforzado para las redes de Acueducto y alcantarillado de aguas lluvias y residuales de Maipore.	44197	2021			
1 EJECUTADO	1. EJECUTADO ACTAS	2. ACTAS POSTERIORES A LA 1305	1403	CONSULOBRAS SAS	GENERAL	GENERAL	59500000	59500000	59500000	1403	Diseños	CONSULOBRAS SAS	800060834	50% a la entrega del diseño final para los diseños de camaras y estructuras especiales en concreto reforzado para las redes de acueducto y alcantarillado de aguas lluvias y residuales de maipore	44256	2021			
1 EJECUTADO	1. EJECUTADO ACTAS	2. ACTAS POSTERIORES A LA 1305	1403	CONSULOBRAS SAS	GENERAL	GENERAL	11900000	11900000	11900000	1403	Diseños	CONSULOBRAS SAS	800060834	Diseños Estructurales Sobre Redes Locales De Acueducto Y Alcantarillado Del Proyecto Ciudadela Colsubsidio Maipore En Soacha.	44348	2021			
1 EJECUTADO	1. EJECUTADO ACTAS	2. ACTAS POSTERIORES A LA 1305	1403	CONSULOBRAS SAS	GENERAL	GENERAL	49266000	49266000	49266000	1403	Diseños	CONSULOBRAS SAS	800060834	Diseños Estructurales Sobre Redes Troncales De Alcantarillado Redes De Muña Y Compartir Del Proyecto Ciudadela Colsubsidio Maipore En Soacha.	44378	2021			
1 EJECUTADO	1. EJECUTADO ACTAS	2. ACTAS POSTERIORES A LA 1305	1403	CONSULOBRAS SAS	GENERAL	GENERAL	7140000	7140000	7140000	1403	Diseños	CONSULOBRAS SAS	800060834	Diseños Estructurales Para Dos Vrps Sobre La Red Menor De Acueducto Del Proyecto Ciudadela Colsubsidio Maipore En Soacha.	44501	2021			
1 EJECUTADO	1. EJECUTADO ACTAS	2. ACTAS POSTERIORES A LA 1305	1403	CONSULOBRAS SAS	GENERAL	GENERAL	6426000	6426000	6426000	1403	Diseños	CONSULOBRAS SAS	800060834	Diseño Estructural Tablestacado Y Ajuste Entibados E1A Y E1B Del Proyecto Ciudadela Colsubsidio Maipore En Soacha.	44501	2021			
1 EJECUTADO	1. EJECUTADO ACTAS	2. ACTAS POSTERIORES A LA 1305	1403	CONSULOBRAS SAS	GENERAL	GENERAL	5474000	5474000	5474000	1403	Diseños	CONSULOBRAS SAS	800060834	Diseños Estructurales Sobre Redes Troncales De Alcantarillado Redes De Muña Y Compartir Del Proyecto Ciudadela Colsubsidio Maipore En Soacha.	44501	2021			
1 EJECUTADO	1. EJECUTADO ACTAS	2. ACTAS POSTERIORES A LA 1305	1403	CONSULOBRAS SAS	GENERAL	GENERAL	714000	714000	714000	1403	Diseños	CONSULOBRAS SAS	800060834	Diseño estructural tablestacado y ajuste entibados e1a y e1b del proyecto ciudadela colsubsidio maipore en soacha. 1% pg 90% a la entrega de los diseños estructurales de redes locales en Soacha Zona 5	45078	2023			
1 EJECUTADO	1. EJECUTADO ACTAS	2. ACTAS POSTERIORES A LA 1305	1403	CORPORACIÓN SETIS	GENERAL	GENERAL	2074912	2074912	2074912	1403	HUMEDALES	CORPORACIÓN SETIS	900916212	Formulación, Implementación, Seguimiento Y Evaluación Socio Ambiental En El Área De Influencia De Los Humedales El Vinculo Y Cola Tierra Blanca En La Ciudadela Colsubsidio Maipore.	44317	2021			
1 EJECUTADO	1. EJECUTADO ACTAS	2. ACTAS POSTERIORES A LA 1305	1403	DE VALDENEBRO INGENIEROS	GENERAL	GENERAL	2380000	2380000	2380000	1403	Diseños	DE VALDENEBRO INGENIEROS	860353659	Ajuste al diseño estructural de 2010 de la sala de ventas en la ciudadela colsubsidio maipore en soacha. Doc 3609770670.	44440	2021			
1 EJECUTADO	1. EJECUTADO ACTAS	2. ACTAS POSTERIORES A LA 1305	1403	DE VALDENEBRO INGENIEROS	GENERAL	GENERAL	23324000	23324000	23324000	1403	Diseños	DE VALDENEBRO INGENIEROS	860353659	Diseño estructural y recomendaciones para el diseño de espacio publico en la ciudadela colsubsidio maipore en soacha.	44866	2022			
1 EJECUTADO	1. EJECUTADO ACTAS	2. ACTAS POSTERIORES A LA 1305	1403	EDOSPINA SAS	GENERAL	GENERAL	3763645	3763645	3763645	1403	OPERACIÓN PTAR	EDOSPINA SAS	890303642	Servicio Técnico de Toma de parámetros para análisis de agua residuales	44166	2020			
1 EJECUTADO	1. EJECUTADO ACTAS	2. ACTAS POSTERIORES A LA 1305	1403	EDOSPINA SAS	GENERAL	GENERAL	6316520	6316520	6316520	1403	OPERACIÓN PTAR	EDOSPINA SAS	890303642	Servicio de mantenimiento preventivo ptar para estabilizacion de lodos inspeccion calidad agua validacion parametros ph oxigeno ivl sz y dqo arranque planta inoculacion bacterias para estabilizar la planta.	44774	2022			
1 EJECUTADO	1. EJECUTADO ACTAS	2. ACTAS POSTERIORES A LA 1305	1403	FLUJOTEC SAS	GENERAL	GENERAL	6593362	6593362	6593362	1403	OPERACIÓN PTAR	FLUJOTEC SAS	900781393	Suministro de lonas y cabeceros para filtro prensa ptar en la ciudadela colsubsidio maipore en soacha.	44713	2022			
1 EJECUTADO	1. EJECUTADO ACTAS	2. ACTAS POSTERIORES A LA 1305	1403	H.F.G PREPARACION DE TERRENOS PARA LA CONSTRUCCIÓN	GENERAL	GENERAL	7942575	7942575	7942575	1403	Diseños	H.F.G PREPARACION DE TERRENOS PARA LA CONSTRUCCIÓN	900667931	Levantamiento topografico para red express de acueducto desde el tranque Santa Ana hasta el Predio Almacafe.	44621	2022			
1 EJECUTADO	1. EJECUTADO ACTAS	2. ACTAS POSTERIORES A LA 1305	1403	H.F.G PREPARACION DE TERRENOS PARA LA CONSTRUCCIÓN	GENERAL	GENERAL	12522600	12522600	12522600	1403	HUMEDALES	H.F.G PREPARACION DE TERRENOS PARA LA CONSTRUCCIÓN	900667931	Levantamiento topobatimetrico del humedal el vinculo en la ciudadela colsubsidio maipore en soacha.	44682	2022			
1 EJECUTADO	1. EJECUTADO ACTAS	2. ACTAS POSTERIORES A LA 1305	1403	H.F.G PREPARACION DE TERRENOS PARA LA CONSTRUCCIÓN	GENERAL	GENERAL	8348400	8348400	8348400	1403	Lindero	H.F.G PREPARACION DE TERRENOS PARA LA CONSTRUCCIÓN	900667931	Levantamiento topografico altimetrico del predio rural con apoyo fotogrametrico en la ciudadela colsubsidio maipore en soacha.	44743	2022			
1 EJECUTADO	1. EJECUTADO ACTAS	2. ACTAS POSTERIORES A LA 1305	1403	H.F.G PREPARACION DE TERRENOS PARA LA CONSTRUCCIÓN	GENERAL	GENERAL	4581500	4581500	4581500	1403	Lindero	H.F.G PREPARACION DE TERRENOS PARA LA CONSTRUCCIÓN	900667931	Actualizacion catastral de coordenadas, linderos y divisiones de predios segun los planos georreferenciados en la ciudadela colsubsidio maipore en soacha.	44774	2022			
1 EJECUTADO	1. EJECUTADO ACTAS	2. ACTAS POSTERIORES A LA 1305	1403	HIDROOBRAS	GENERAL	GENERAL	32354100	32354100	32354100	1403	Diseños	HIDROOBRAS	800102109	Segundo pago del 15% de la aprobación hidraulica de los diseños del sistema troncal de alcantarillado pluvial de los colectores compartir II.	44197	2021			
1 EJECUTADO	1. EJECUTADO ACTAS	2. ACTAS POSTERIORES A LA 1305	1403	HIDROOBRAS	GENERAL	GENERAL	17098200	17098200	17098200	1403	Diseños	HIDROOBRAS	800102109	Segundo pago del 15% de la aprobación hidraulica de los diseños del sistema troncal de alcantarillado pluvial de los colectores compartir II.	44197	2021			
1 EJECUTADO	1. EJECUTADO ACTAS	2. ACTAS POSTERIORES A LA 1305	1403	HIDROOBRAS	GENERAL	GENERAL	32130000	32130000	32130000	1403	Diseños	HIDROOBRAS	800102109	Generacion de los archivos tipo shape del diseño de acuerdo con la norma ns-054 y ns-028 red matriz 24", red troncal muña, troncal maipore y troncal compartir del Proyecto Ciudadela Colsubsidio Maipore en soacha.	44562	2022			
1 EJECUTADO	1. EJECUTADO ACTAS	2. ACTAS POSTERIORES A LA 1305	1403	HIDROOBRAS	GENERAL	GENERAL	18049269	18049269	18049269	1403	Diseños	HIDROOBRAS	800102109	Diseño de sistemas de acueducto y alcantarillado de aguas residuales y aguas lluvias de la urbanizacion ciudadela Colsubsidio maipore en soacha.	44682	2022			
1 EJECUTADO	1. EJECUTADO ACTAS	2. ACTAS POSTERIORES A LA 1305	1403	INGENIERIA ELÉCTRICA APLICADA	GENERAL	GENERAL	1713600	1713600	1713600	1403	Diseños	INGENIERIA ELÉCTRICA APLICADA	900641978	Liquidacion Anticipada Diseño Electrico Urbanismo Exterior Y Validacion De Diseño Electrico Elaborado Para Los Edificios En 2016, Para El Proyecto Sala De Ventas Maipore En Soacha.	44348	2021			
1 EJECUTADO	1. EJECUTADO ACTAS	2. ACTAS POSTERIORES A LA 1305	1403	JUAN CARLOS ALMONACID	GENERAL	GENERAL	26078049	26078049	26078049	1403	Diseños	JUAN CARLOS ALMONACID	19476154	Cargo variable licencia de urbanismo etapa 6 Ciudadela Colsubsidio Maipore en soacha.	44531	2021			
1 EJECUTADO	1. EJECUTADO ACTAS	2. ACTAS POSTERIORES A LA 1305	1403	JUAN CARLOS ALMONACID	GENERAL	GENERAL	1254726	1254726	1254726	1403	Diseños	JUAN CARLOS ALMONACID	19476154	Orden de compra a favor de Juan Carlos Almonacid Martínez de la Curaduria Urbana No. 1 de Soacha por concepto de prórroga de revalidacion licencia de urbanismo etapa 2 Ciudadela Maipore	45078	2023			
1 EJECUTADO	1. EJECUTADO ACTAS	2. ACTAS POSTERIORES A LA 1305	1403	JUAN CARLOS ALMONACID	GENERAL	GENERAL	1254726	1254726	1254726	1403	Diseños	JUAN CARLOS ALMONACID	19476154	Orden de compra a favor de Juan Carlos Almonacid Martínez de la Curaduria Urbana No. 1 de Soacha por concepto de prórroga de revalidacion licencia de urbanismo etapa 7 Ciudadela Maipore	45078	2023			
1 EJECUTADO	1. EJECUTADO ACTAS	2. ACTAS POSTERIORES A LA 1305	1403	MULTILAB AGROANALÍTICA SA	GENERAL	GENERAL	3810000	3810000	3810000	1403	Reforestación	MULTILAB AGROANALÍTICA SA	810004212	Estudio de suelos en la ladera para uso agricola en la ciudadela colsubsidio maipore en soacha.	44713	2022			
1 EJECUTADO	1. EJECUTADO ACTAS	2. ACTAS POSTERIORES A LA 1305	1403	NUÑEZ AYALA GABRIEL	GENERAL	GENERAL	4000000	4000000	4000000	1403	Diseños	NUÑEZ AYALA GABRIEL	13830486	50% a la entrega del modelo hidraulico aprobado de las redes de maipore de las redes locales alcantarillado lluvias, residuales y acueducto	44256	2021			
1 EJECUTADO	1. EJECUTADO ACTAS	2. ACTAS POSTERIORES A LA 1305	1403	ON OFF INGENIERIA	GENERAL	GENERAL	6247500	6247500	6247500	1403	Diseños	ON OFF INGENIERIA	900798499	Modificacion del diseño electrico serie 1 en la ciudadela colsubsidio maipore en soacha.	44835	2022			
1 EJECUTADO	1. EJECUTADO ACTAS	2. ACTAS POSTERIORES A LA 1305	1403	ON OFF INGENIERIA	GENERAL	GENERAL	6247500	6247500	6247500	1403	Diseños	ON OFF INGENIERIA	900798499	Solicitud cotización ajustes y revalidación para el proyecto serie 3 subestaciones de alumbrado público ap3-ap4	45078	2023			
1 EJECUTADO	1. EJECUTADO ACTAS	2. ACTAS POSTERIORES A LA 1305	1403	PROYECTAR CONSTRUCCIONES Y SOLUCIONES	GENERAL	GENERAL	32901972	32901972	32901972	1403	HUMEDALES	PROYECTAR CONSTRUCCIONES Y SOLUCIONES	900238499	Mantenimiento Del Humedal El Vínculo En La Ciudadela Colsubsidio Maipore Soacha.	44317	2021			
1 EJECUTADO	1. EJECUTADO ACTAS	2. ACTAS POSTERIORES A LA 1305	1403	PROYECTAR CONSTRUCCIONES Y SOLUCIONES	GENERAL	GENERAL	19072151	19072151	19072151	1403	HUMEDALES	PROYECTAR CONSTRUCCIONES Y SOLUCIONES	900238499	Mantenimiento Del Humedal Cola De Tierra Blanca En La Ciudadela Colsubsidio Maipore En Soacha.	44348	2021			
1 EJECUTADO	1. EJECUTADO ACTAS	2. ACTAS POSTERIORES A LA 1305	1403	PROYECTAR CONSTRUCCIONES Y SOLUCIONES	GENERAL	GENERAL	10120986	10120986	10120986	1403	Sala de ventas	PROYECTAR CONSTRUCCIONES Y SOLUCIONES	900238499	Mantenimiento Sala De Ventas, Muro Publicidad Y Cerramiento Campamento En La Ciudadela Colsubsidio Maipore.	44348	2021			
1 EJECUTADO	1. EJECUTADO ACTAS	2. ACTAS POSTERIORES A LA 1305	1403	PROYECTAR CONSTRUCCIONES Y SOLUCIONES	GENERAL	GENERAL	18038881	18038881	18038881	1403	Urbanismo varios	PROYECTAR CONSTRUCCIONES Y SOLUCIONES	900238499	Suministro, instalacion y adecuacion de semaforos autopista sur en la Ciudadela Colsubsidio Maipore en soacha	44562	2022			
1 EJECUTADO	1. EJECUTADO ACTAS	2. ACTAS POSTERIORES A LA 1305	1403	SERVICIOS INTEGRALES DPI	GENERAL	GENERAL	15232000	15232000	15232000	1403	Diseños	SERVICIOS INTEGRALES DPI	900887857	Diseño hidraulico para corredor de red express de acueducto de 4" desde el tanque santa ana hasta el predio almacafe en soacha.	44682	2022			
1 EJECUTADO	1. EJECUTADO ACTAS	2. ACTAS POSTERIORES A LA 1305	1403	SIERRAOSPINA MANTENIMIENTO LAGOS SA	GENERAL	GENERAL	4039088	4039088	4039088	1403	HUMEDALES	SIERRAOSPINA MANTENIMIENTO LAGOS SA	900348991	Otrosi 2 - Interventoría Técnica Y Ambiental Para La Reconformación Hidro Geomorfológicas De Los Humedales Cola De Tierra Blanca Y El Vínculo Maipore	44378	2021			
1 EJECUTADO	1. EJECUTADO ACTAS	2. ACTAS POSTERIORES A LA 1305	1403	SIERRAOSPINA MANTENIMIENTO LAGOS SA	GENERAL	GENERAL	29507309	29507309	29507309	1403	HUMEDALES	SIERRAOSPINA MANTENIMIENTO LAGOS SA	900348991	Otrosi 2 - Interventoría Técnica Y Ambiental Para La Reconformación Hidro Geomorfológicas De Los Humedales Cola De Tierra Blanca Y El Vínculo Maipore	44409	2021			
1 EJECUTADO	1. EJECUTADO ACTAS	2. ACTAS POSTERIORES A LA 1305	1403	VICTOR ALVAREZ LAGOS	GENERAL	GENERAL	24990000	24990000	24990000	1403	Diseños	VICTOR ALVAREZ LAGOS	79517361	Diseño estructural cámaras adicionales para la red de 24" Acueducto en tubería de acero recubierta de mortero.	44166	2020			
1 EJECUTADO	1. EJECUTADO ACTAS	2. ACTAS POSTERIORES A LA 1305	1403	VICTOR ALVAREZ LAGOS	GENERAL	GENERAL	5950000	5950000	5950000	1403	Diseños	VICTOR ALVAREZ LAGOS	79517361	Diseño estructural cruce el Box Culvert con cárcamo especial en la red de 24" Acueducto en tubería de acero recubierta de mortero.	44166	2020			
1 EJECUTADO	1. EJECUTADO ACTAS	2. ACTAS POSTERIORES A LA 1305	1403	VICTOR ALVAREZ LAGOS	GENERAL	GENERAL	21420000	21420000	21420000	1403	Diseños	VICTOR ALVAREZ LAGOS	79517361	Diseño Estructural Para Los Cabezales De Descarga De Los Humedales Maipore Y Cola De Tierra Blanca Del Proyecto Ciudadela Colsubsidio Maipore En Soacha Cundinamarca.	44317	2021			
1 EJECUTADO	1. EJECUTADO ACTAS	2. ACTAS POSTERIORES A LA 1305	1423	ALFONSO URIBE Y CIA	GENERAL	GENERAL	7463060	7463060	0	1423	Diseños	ALFONSO URIBE Y CIA	830066664	Estudio de suelos y cimentaciones -apartamentos modelo sala de ventas Ciudadela Colsubsidio Maiporé	45413	2024			
1 EJECUTADO	1. EJECUTADO ACTAS	2. ACTAS POSTERIORES A LA 1305	1423	ALFONSO URIBE Y CIA	GENERAL	GENERAL	12019000	0	0	1423	Diseños	ALFONSO URIBE Y CIA	830066664	ESTUDIO DE SUELOS Y CIMENTACIONES - DESCOLE COLECTOR MAIPORÉ - CIUDADELA COLSUBSIDIO MAIPORÉ	45883	2025			Pago del archivo de actas jul/2026 que no esta en la BD de Lugel: sin desembolso registrado
1 EJECUTADO	1. EJECUTADO ACTAS	2. ACTAS POSTERIORES A LA 1305	1423	ALTUZARRA INGENIEROS SAS	GENERAL	GENERAL	9955968	0	0	1423	Otros Urbanismo Coinver	ALTUZARRA INGENIEROS SAS	901567541	ELABORACIÓN LEVANTAMIENTO TOPOGRÁFICO RÍO BOGOTÁ REQUERMIENTO FIAB PARA AJUSTE DISEÑO COLECTOR MAIPORÉ	46044	2026			Pago del archivo de actas jul/2026 que no esta en la BD de Lugel: sin desembolso registrado
1 EJECUTADO	1. EJECUTADO ACTAS	2. ACTAS POSTERIORES A LA 1305	1423	ALVEIRO TELLEZ	GENERAL	GENERAL	17136000	17136000	17136000	1423	Diseños	ALVEIRO TELLEZ	79432818	Elaboración del diseño hidrosanitario y recomendaciones para el diseño del espacio público de la urbanización Ciudadela Colsubsidio Maiporé	45108	2023			
1 EJECUTADO	1. EJECUTADO ACTAS	2. ACTAS POSTERIORES A LA 1305	1423	ARQUIMODELS SAS	GENERAL	GENERAL	6902000	6902000	0	1423	Diseños	ARQUIMODELS SAS	900214138	100% Elaboracion, transporte e instalacion maqueta colegio nuevo Ciudadela Colsubsidio Maipore en Soacha-Cundinamarca	45413	2024			
1 EJECUTADO	1. EJECUTADO ACTAS	2. ACTAS POSTERIORES A LA 1305	1423	ARQUIMODELS SAS	GENERAL	GENERAL	1047200	1047200	0	1423	Diseños	ARQUIMODELS SAS	900214138	100% Elaboracion, transporte e instalacion maqueta bloc Casona Ciudadela Colsubsidio Maipore en Soacha-Cundinamarca	45413	2024			
1 EJECUTADO	1. EJECUTADO ACTAS	2. ACTAS POSTERIORES A LA 1305	1423	ARQUIMODELS SAS	GENERAL	GENERAL	5568000	5568000	0	1423	Diseños	ARQUIMODELS SAS	900214138	100% Elaboracion, transporte e instalacion Maqueta Patio Portal Transmilenio Ciudadela Colsubsidio Maipore en Soacha-Cundinamarca	45474	2024			
1 EJECUTADO	1. EJECUTADO ACTAS	2. ACTAS POSTERIORES A LA 1305	1423	CALLE MAESTRE YAIR ANTONIO	GENERAL	GENERAL	7000000	0	0	1423	Diseños	CALLE MAESTRE YAIR ANTONIO	1065565155	AJUSTE MODELO HIDRAULICO DE REDES LOCALES ACUEDUCTO - CIUDADELA COLSUBSIDIO MAIPORÉ	45939	2025			Pago del archivo de actas jul/2026 que no esta en la BD de Lugel: sin desembolso registrado
1 EJECUTADO	1. EJECUTADO ACTAS	2. ACTAS POSTERIORES A LA 1305	1423	CALLE MAESTRE YAIR ANTONIO	GENERAL	GENERAL	18000000	0	0	1423	Diseños	CALLE MAESTRE YAIR ANTONIO	1065565155	40% A LA ENTREGA DEL PREDIMENSIONAMIENTO. 60% A LA ENTREGA DEL MODELO HIDRÁULICO.	46030	2026			Pago del archivo de actas jul/2026 que no esta en la BD de Lugel: sin desembolso registrado
1 EJECUTADO	1. EJECUTADO ACTAS	2. ACTAS POSTERIORES A LA 1305	1423	CAMILO SANTAMARIA ARQUITECTOS	GENERAL	GENERAL	21896000	0	0	1423	Diseños	CAMILO SANTAMARIA ARQUITECTOS	900811911	PRIMER PAGO DEL 40%:ENTREGA DEL PLAN DE TRABAJO	46044	2026			Pago del archivo de actas jul/2026 que no esta en la BD de Lugel: sin desembolso registrado
1 EJECUTADO	1. EJECUTADO ACTAS	2. ACTAS POSTERIORES A LA 1305	1423	CARLOS ERNESTO PEDRAZA	GENERAL	GENERAL	7910000	7910000	7910000	1423	HUMEDALES	CARLOS ERNESTO PEDRAZA	91016240	Consultoría ambiental para adelantar el monitoreo ambiental, fisicoquímico e hidrobiológico de fauna y flora de los Humedales Cola de Tierra Blanca y el Vínculo ubicados en la Urbanización Ciudadela Maiporé, ubicada en el Municipio de Soacha-	45078	2023			
1 EJECUTADO	1. EJECUTADO ACTAS	2. ACTAS POSTERIORES A LA 1305	1423	CARLOS ERNESTO PEDRAZA	GENERAL	GENERAL	7910000	7910000	7910000	1423	HUMEDALES	CARLOS ERNESTO PEDRAZA	91016240	Consultoría ambiental para adelantar el monitoreo ambiental, fisicoquímico e hidrobiológico de fauna y flora de los humedales cola de tierra blanca y el vínculo ubicados en la urbanización Ciudadela Maiporé, ubicada en el municipio de Soacha- Cundinamarca.	45108	2023			
1 EJECUTADO	1. EJECUTADO ACTAS	2. ACTAS POSTERIORES A LA 1305	1423	CARLOS ERNESTO PEDRAZA	GENERAL	GENERAL	7910000	7910000	7910000	1423	HUMEDALES	CARLOS ERNESTO PEDRAZA	91016240	Consultoría ambiental para adelantar el monitoreo ambiental, fisicoquímico e hidrobiológico de fauna y flora de los Humedales Cola de Tierra Blanca y el Vínculo ubicados en la Urbanización Ciudadela Maiporé, ubicada en el Municipio de Soacha-Cundinamarca. Honorarios de julio 2023	45170	2023			
1 EJECUTADO	1. EJECUTADO ACTAS	2. ACTAS POSTERIORES A LA 1305	1423	CARLOS ERNESTO PEDRAZA	GENERAL	GENERAL	7910000	7910000	7910000	1423	HUMEDALES	CARLOS ERNESTO PEDRAZA	91016240	Consultoría ambiental para adelantar el monitoreo ambiental, fisicoquímico e hidrobiológico de fauna y flora de los Humedales Cola de Tierra Blanca y el Vínculo ubicados en la Urbanización Ciudadela Maiporé, ubicada en el Municipio de Soacha-Cundinamarca. Honorarios junio 2023	45170	2023			
1 EJECUTADO	1. EJECUTADO ACTAS	2. ACTAS POSTERIORES A LA 1305	1423	CARLOS ERNESTO PEDRAZA	GENERAL	GENERAL	7910000	7910000	7910000	1423	HUMEDALES	CARLOS ERNESTO PEDRAZA	91016240	Consultoría ambiental para adelantar el monitoreo ambiental, fisicoquímico e hidrobiológico de fauna y flora de los Humedales Cola de Tierra Blanca y el Vínculo ubicados en la Urbanización Ciudadela Maiporé, ubicada en el Municipio de Soacha-Cundinamarca.	45231	2023			
1 EJECUTADO	1. EJECUTADO ACTAS	2. ACTAS POSTERIORES A LA 1305	1423	CARLOS ERNESTO PEDRAZA	GENERAL	GENERAL	7910000	7910000	7910000	1423	HUMEDALES	CARLOS ERNESTO PEDRAZA	91016240	Consultoría ambiental para adelantar el monitoreo ambiental, fisicoquímico e hidrobiológico de fauna y flora de los Humedales Cola de Tierra Blanca y el Vínculo ubicados en la Urbanización Ciudadela Maiporé, ubicada en el Municipio de Soacha-Cundinamarca. Honorarios de septiembre 2023	45261	2023			
1 EJECUTADO	1. EJECUTADO ACTAS	2. ACTAS POSTERIORES A LA 1305	1423	CARLOS ERNESTO PEDRAZA	GENERAL	GENERAL	9000000	9000000	0	1423	HUMEDALES	CARLOS ERNESTO PEDRAZA	91016240	Consultoria Ambiental - Monitoreo Ambiental Fisicoquimico e Hidrobiologico de Flora y Fauna Humedales Cola Tierra Blanca y El Vinculo URBANIZACION CIUDADELA COLSUBSIDIO MAIPOR	45413	2024			En la BD de Lugel esta en 6. HUMEDALES (EL VINCULO - COLA DE TIERRA BLANCA)
1 EJECUTADO	1. EJECUTADO ACTAS	2. ACTAS POSTERIORES A LA 1305	1423	CARLOS ERNESTO PEDRAZA	GENERAL	GENERAL	9000000	9000000	0	1423	HUMEDALES	CARLOS ERNESTO PEDRAZA	91016240	Consultoria Ambiental - Monitoreo Ambiental Fisicoquimico e Hidrobiologico de Flora y Fauna Humedales Cola Tierra Blanca y El Vinculo URBANIZACION CIUDADELA COLSUBSIDIO MAIPORE	45413	2024			En la BD de Lugel esta en 6. HUMEDALES (EL VINCULO - COLA DE TIERRA BLANCA)
1 EJECUTADO	1. EJECUTADO ACTAS	2. ACTAS POSTERIORES A LA 1305	1423	CARLOS ERNESTO PEDRAZA	GENERAL	GENERAL	9000000	9000000	0	1423	HUMEDALES	CARLOS ERNESTO PEDRAZA	91016240	Consultoria Ambiental - Monitoreo Ambiental Fisicoquimico e Hidrobiologico de Flora y Fauna Humedales Cola Tierra Blanca y El Vinculo URBANIZACION CIUDADELA COLSUBSIDIO MAIPORE	45413	2024			En la BD de Lugel esta en 6. HUMEDALES (EL VINCULO - COLA DE TIERRA BLANCA)
1 EJECUTADO	1. EJECUTADO ACTAS	2. ACTAS POSTERIORES A LA 1305	1423	CARRILLO MONCADA JUAN ANTONIO	GENERAL	GENERAL	34786006	0	0	1423	Otros Urbanismo Coinver	CARRILLO MONCADA JUAN ANTONIO	79351583	PRUEBA HIDROSTÁTICA, LAVADO Y DESINFECCIÓN, CALIDAD DEL AGUA SECTORIZACIÓN ANILLO SUR REDES LOCALES - CIUDADELA COLSUBSIDIO MAIPORÉ	45875	2025			Pago del archivo de actas jul/2026 que no esta en la BD de Lugel: sin desembolso registrado
1 EJECUTADO	1. EJECUTADO ACTAS	2. ACTAS POSTERIORES A LA 1305	1423	CARRILLO MONCADA JUAN ANTONIO	GENERAL	GENERAL	18528449	0	0	1423	Otros Urbanismo Coinver	CARRILLO MONCADA JUAN ANTONIO	79351583	SUMINISTRO Y M. O. CAJAS Y VÁLVULAS 12" - 8" SECTORIZACIÓN ANILLO SUR REDES LOCALES - URBANISMO MAIPORÉ	45897	2025			Pago del archivo de actas jul/2026 que no esta en la BD de Lugel: sin desembolso registrado
1 EJECUTADO	1. EJECUTADO ACTAS	2. ACTAS POSTERIORES A LA 1305	1423	CARRILLO MONCADA JUAN ANTONIO	GENERAL	GENERAL	3895625	0	0	1423	Otros Urbanismo Coinver	CARRILLO MONCADA JUAN ANTONIO	79351583	PRUEBA CON GEÓFONO DIGITAL RED 12" SECTORIZACIÓN ANILLO SUR REDES LOCALES - URBANISMO MAIPORÉ	45911	2025			Pago del archivo de actas jul/2026 que no esta en la BD de Lugel: sin desembolso registrado
1 EJECUTADO	1. EJECUTADO ACTAS	2. ACTAS POSTERIORES A LA 1305	1423	CARRILLO MONCADA JUAN ANTONIO	GENERAL	GENERAL	43691988	0	0	1423	Otros Urbanismo Coinver	CARRILLO MONCADA JUAN ANTONIO	79351583	ACTIVIDADES DE M. O. Y SUMINISTRO DE MATERIALES PARA PRUEBAS HIDROSTÁTICAS CORTE No. 4 REDES LOCALES ANILLO SUR - URBANISMO MAIPORÉ	45918	2025			Pago del archivo de actas jul/2026 que no esta en la BD de Lugel: sin desembolso registrado
1 EJECUTADO	1. EJECUTADO ACTAS	2. ACTAS POSTERIORES A LA 1305	1423	CARRILLO MONCADA JUAN ANTONIO	GENERAL	GENERAL	63650939	0	0	1423	Otros Urbanismo Coinver	CARRILLO MONCADA JUAN ANTONIO	79351583	ACTIVIDADES DE M. O. Y SUMINISTRO DE MATERIALES PARA PRUEBAS HIDROSTÁTICAS CORTE No. 5 REDES LOCALES ANILLO SUR - URBANISMO MAIPORÉ	45926	2025			Pago del archivo de actas jul/2026 que no esta en la BD de Lugel: sin desembolso registrado
1 EJECUTADO	1. EJECUTADO ACTAS	2. ACTAS POSTERIORES A LA 1305	1423	CARRILLO MONCADA JUAN ANTONIO	GENERAL	GENERAL	57133246	0	0	1423	Otros Urbanismo Coinver	CARRILLO MONCADA JUAN ANTONIO	79,351,583	Actividades de M. O. y Suministro de Materiales para Pruebas Hidrostaticas Corte No. 6 Redes Locales Anillo Sur	45931	2025			Pago del archivo de actas jul/2026 que no esta en la BD de Lugel: sin desembolso registrado
1 EJECUTADO	1. EJECUTADO ACTAS	2. ACTAS POSTERIORES A LA 1305	1423	CARRILLO MONCADA JUAN ANTONIO	GENERAL	GENERAL	53056869	0	0	1423	Otros Urbanismo Coinver	CARRILLO MONCADA JUAN ANTONIO	79,351,583	Actividades de M. O. y Suministro de Materiales para Pruebas Hidrostaticas, Corte No. 7 Redes Locales Anillo Sur - Urbanismo Maipore	45960	2025			Pago del archivo de actas jul/2026 que no esta en la BD de Lugel: sin desembolso registrado
1 EJECUTADO	1. EJECUTADO ACTAS	2. ACTAS POSTERIORES A LA 1305	1423	CARRILLO MONCADA JUAN ANTONIO	GENERAL	GENERAL	36198419	0	0	1423	Otros Urbanismo Coinver	CARRILLO MONCADA JUAN ANTONIO	79351583	ACTIVIDADES DE M. O. Y SUMINISTRO DE MATERIALES SECTORIZACIÓN ANILLO NORTE Y SUR REDES LOCALES. CORTE No. 9, CIUDADELA COLSUBSIDIO MAIPORÉ	46030	2026			Pago del archivo de actas jul/2026 que no esta en la BD de Lugel: sin desembolso registrado
1 EJECUTADO	1. EJECUTADO ACTAS	2. ACTAS POSTERIORES A LA 1305	1423	CARRILLO MONCADA JUAN ANTONIO	GENERAL	GENERAL	39709195	0	0	1423	Otros Urbanismo Coinver	CARRILLO MONCADA JUAN ANTONIO	79351583	ACTIVIDADES DE M. O. Y SUMINISTRO DE MATERIALES SECTORIZACIÓN ANILLO NORTE Y SUR REDES LOCALES. CORTE No. 8, CIUDADELA COLSUBSIDIO MAIPORÉ	46030	2026			Pago del archivo de actas jul/2026 que no esta en la BD de Lugel: sin desembolso registrado
1 EJECUTADO	1. EJECUTADO ACTAS	2. ACTAS POSTERIORES A LA 1305	1423	CARRILLO MONCADA JUAN ANTONIO	GENERAL	GENERAL	41221184	0	0	1423	Otros Urbanismo Coinver	CARRILLO MONCADA JUAN ANTONIO	79351583	OBRA CIVIL M. O. Y SUMINISTRO PARA LA EJECUCION DE EMPATES REDES DE ACUEDUCTO ANILLO NORTE - CIUDADELA COLSUBSIDIO MAIPORE	46066	2026			Pago del archivo de actas jul/2026 que no esta en la BD de Lugel: sin desembolso registrado
1 EJECUTADO	1. EJECUTADO ACTAS	2. ACTAS POSTERIORES A LA 1305	1423	CASTILLO MEDINA ARQUITECTOS AVALUADORES	GENERAL	GENERAL	6902000	6902000	0	1423	Diseños	CASTILLO MEDINA ARQUITECTOS AVALUADORES	900,076,923	Elaboración avalúos comerciales lotes L3-L26	45536	2024			En la BD de Lugel esta en 7. INDIRECTOS
1 EJECUTADO	1. EJECUTADO ACTAS	2. ACTAS POSTERIORES A LA 1305	1423	Conceptual SAS	GENERAL	GENERAL	15000000	15000000	0	1423	Diseños	Conceptual SAS	900932673	ANÁLISIS ESTADO PROYECTOS EN PROCESO SUBSIDIOS Y TRÁMITE DITG EAB PARA NÚMERO PROYECTO MUÑA URBANIZACIÓN CIUDADELA COLSUBSIDIO MAIPORÉ EN EL MUNICIPIO DE SOACHA CUNDINAMARCA.	45820	2025			En la BD de Lugel esta en 7. INDIRECTOS
1 EJECUTADO	1. EJECUTADO ACTAS	2. ACTAS POSTERIORES A LA 1305	1423	Conceptual SAS	GENERAL	GENERAL	29452500	29452500	0	1423	Diseños	Conceptual SAS	900932673	TERCER PAGO 15% CORRESPONDIENTE A LA CULMINACIÓN DE LAS ACTIVIDADES PARA EL PROYECTO MAIPORE II, CUARTO PAGO 10% CULMINACIÓN ACTIVIDADES PROYECTO JARDÍN, QUINTO PAGO 20% CULMINACIÓN ACTIVIDADES RED MATRIZ 24" Y SEXTO PAGO CULMINACIÓN ACTIVIDADES COLECTOR MUÑA ASESORIA Y ACOMPAÑAMIENTO ANTE LA EMPRESA DE ACUEDUCTO DE BOGOTÁ PARA LOS PROYECTOS UBICADOS EN LA URBANIZACIÓN CIUDADELA COLSUBSIDIO MAIPORÉ EN EL MUNICIPIO DE SOACHACUNDINAMARCA	45848	2025			En la BD de Lugel esta en 7. INDIRECTOS
1 EJECUTADO	1. EJECUTADO ACTAS	2. ACTAS POSTERIORES A LA 1305	1423	CONSORCIO 57 UNO Y NIETO ARQUITECTOS	GENERAL	GENERAL	5280000	5280000	5280000	1423	Diseños	CONSORCIO 57 UNO Y NIETO ARQUITECTOS	901430975	5o pago - Atención de solicitudes de consulta de obra y ajustes de diseños del proyecto de sistema de espacio público y su aprobación ante las entidades municipales competentes de la URBANIZACIÓN CIUDADELA COLSUBSIDIO MAIPORÉ ubicada en el municipio de SOACHA-CUNDINAMARCA	45261	2023			
1 EJECUTADO	1. EJECUTADO ACTAS	2. ACTAS POSTERIORES A LA 1305	1423	CONSORCIO 57 UNO Y NIETO ARQUITECTOS	GENERAL	GENERAL	39270000	39270000	39270000	1423	Diseños	CONSORCIO 57 UNO Y NIETO ARQUITECTOS	901430975	5o pago - Atención de solicitudes de consulta de obra y ajustes de diseños del proyecto de sistema de espacio público y su aprobación ante las entidades municipales competentes de la URBANIZACIÓN CIUDADELA COLSUBSIDIO MAIPORÉ ubicada en el municipio de SOACHA-CUNDINAMARCA	45261	2023			
1 EJECUTADO	1. EJECUTADO ACTAS	2. ACTAS POSTERIORES A LA 1305	1423	CONSORCIO 57 UNO Y NIETO ARQUITECTOS	GENERAL	GENERAL	36000000	36000000	0	1423	Diseños	CONSORCIO 57 UNO Y NIETO ARQUITECTOS	901430975	Elaboración del diseño y/o actualización del proyecto de sistema de espacio público y su aprobación ante las entidades municipales competentes de la URBANIZACIÓN CIUDADELA COLSUBSIDIO MAIPORÉ ubicada en el municipio de SOACHA-CUNDINAMARCA.	45383	2024			
1 EJECUTADO	1. EJECUTADO ACTAS	2. ACTAS POSTERIORES A LA 1305	1423	CONSORCIO 57 UNO Y NIETO ARQUITECTOS	GENERAL	GENERAL	39270000	0	0	1423	Diseños	CONSORCIO 57 UNO Y NIETO ARQUITECTOS	901430975	PAGO FINAL LIQUIDACIÓN CONTRATO	46021	2025			Pago del archivo de actas jul/2026 que no esta en la BD de Lugel: sin desembolso registrado
1 EJECUTADO	1. EJECUTADO ACTAS	2. ACTAS POSTERIORES A LA 1305	1423	CONSULOBRAS SAS	GENERAL	GENERAL	8925000	0	0	1423	Diseños	CONSULOBRAS SAS	800060834	Pago 1: 30% a la entrega de los planos de dimensiones estructurales, previo a la modelación y calculo del refuerzos.	45953	2025			Pago del archivo de actas jul/2026 que no esta en la BD de Lugel: sin desembolso registrado
1 EJECUTADO	1. EJECUTADO ACTAS	2. ACTAS POSTERIORES A LA 1305	1423	CONSULOBRAS SAS	GENERAL	GENERAL	19040000	0	0	1423	Diseños	CONSULOBRAS SAS	800060834	ENTREGA DEL ANTEPROYECTO 40% POR VALOR DE $7.616.000 I.V.A. INCLUÍDO; CONTRAENTREGA DE LOS DISEÑOS 60% POR VALOR DE $11.424.000 I.V.A. INCLUÍDO.	46093	2026			Pago del archivo de actas jul/2026 que no esta en la BD de Lugel: sin desembolso registrado
1 EJECUTADO	1. EJECUTADO ACTAS	2. ACTAS POSTERIORES A LA 1305	1423	DE VALDENEBRO INGENIEROS	GENERAL	GENERAL	34986000	34986000	34986000	1423	Diseños	DE VALDENEBRO INGENIEROS	860353659	40% entrega de predimensionamiento, 60% de entrega de planos y memorias de calculo	45078	2023			
1 EJECUTADO	1. EJECUTADO ACTAS	2. ACTAS POSTERIORES A LA 1305	1423	DE VALDENEBRO INGENIEROS	GENERAL	GENERAL	2380000	2380000	0	1423	Diseños	DE VALDENEBRO INGENIEROS	860353659	Diseño y cálculo estructural no estructural - apartamentos modelo sala de ventas Ciudadela Colsubsidio Maiporé	45413	2024			
1 EJECUTADO	1. EJECUTADO ACTAS	2. ACTAS POSTERIORES A LA 1305	1423	EMPRESA DE ACUEDUCTO Y ALCANTARILLADO DE BOGOTÁ	GENERAL	GENERAL	1518597978	1518597978	1518597978	1423	Carta de compromiso	EMPRESA DE ACUEDUCTO Y ALCANTARILLADO DE BOGOTÁ	899999094	Diseño y presupuesto acueducto y alcantarillado	44896	2022			
1 EJECUTADO	1. EJECUTADO ACTAS	2. ACTAS POSTERIORES A LA 1305	1423	EMPRESA DE ACUEDUCTO Y ALCANTARILLADO DE BOGOTÁ	GENERAL	GENERAL	80669680	80669680	80669680	1423	Carta de compromiso	EMPRESA DE ACUEDUCTO Y ALCANTARILLADO DE BOGOTÁ	899999094	Por concepto de supervisión de obras de urbanismo, basado en la liquidación enviada por la dirección de apoyo técnico MI 3050001-2023-0940 del 17 de abril de 2023. PROYECTO CIUDADELA MAIPORE, carta de compromiso 9-99-30100-0001-2023.	45170	2023			
1 EJECUTADO	1. EJECUTADO ACTAS	2. ACTAS POSTERIORES A LA 1305	1423	EMPRESA DE ACUEDUCTO Y ALCANTARILLADO DE BOGOTÁ	GENERAL	GENERAL	442923	442923	0	1423	Diseños	EMPRESA DE ACUEDUCTO Y ALCANTARILLADO DE BOGOTÁ	899999094	COMPRA PLANOS EAAB- CIUDADELA COLSUBSIDIO MAIPORÉ	45689	2025			En la BD de Lugel esta en 7. INDIRECTOS
1 EJECUTADO	1. EJECUTADO ACTAS	2. ACTAS POSTERIORES A LA 1305	1423	HELPCOL	GENERAL	GENERAL	13800000	13800000	13800000	1423	Diseños	HELPCOL	901195401	Analisis de estabilidad y socavación del humedal cola de tierra blanca	45292	2024			
1 EJECUTADO	1. EJECUTADO ACTAS	2. ACTAS POSTERIORES A LA 1305	1423	HIDROOBRAS	GENERAL	GENERAL	34391000	34391000	34391000	1423	Diseños	HIDROOBRAS	800102109	Detalles de interferencias redes troncales muña y compartir - Ciudadela Colsubsidio Maiporé	45108	2023			
1 EJECUTADO	1. EJECUTADO ACTAS	2. ACTAS POSTERIORES A LA 1305	1423	HIDROOBRAS	GENERAL	GENERAL	20557250	20557250	20557250	1423	Diseños	HIDROOBRAS	800102109	Ajuste modelo de redes locales de acueducto y alcantarillado con la aprobacion de la carta de compromiso - Ciudadela Colsubsidio Maiporé	45108	2023			
1 EJECUTADO	1. EJECUTADO ACTAS	2. ACTAS POSTERIORES A LA 1305	1423	HIDROOBRAS	GENERAL	GENERAL	19910366	19910366	19910366	1423	Diseños	HIDROOBRAS	800102109	Calibracion modelo obra con la aprobacion de la carta de compromiso - Ciudadela Colsubsidio Maiporé	45108	2023			
1 EJECUTADO	1. EJECUTADO ACTAS	2. ACTAS POSTERIORES A LA 1305	1423	HIDROOBRAS	GENERAL	GENERAL	7899999	7899999	7899999	1423	Diseños	HIDROOBRAS	800102109	Ajuste modelo hidraulico de redes locales existentes acueducto y alcantarillado sanitario - Ciudadela Colsubsidio Maiporé	45108	2023			
1 EJECUTADO	1. EJECUTADO ACTAS	2. ACTAS POSTERIORES A LA 1305	1423	HIDROOBRAS	GENERAL	GENERAL	22491000	22491000	0	1423	Diseños	HIDROOBRAS	800102109	Pago 100% modelos epanet agrupación de vivienda jardín y patio portal transmilenio ciudadela colsubsidio maiporé	45505	2024			En la BD de Lugel esta en 7. INDIRECTOS
1 EJECUTADO	1. EJECUTADO ACTAS	2. ACTAS POSTERIORES A LA 1305	1423	HIDROOBRAS	GENERAL	GENERAL	18921000	0	0	1423	Diseños	HIDROOBRAS	800102109	PRIMER PAGO 30% ENTREGA DE ESQUEMAS	46127	2026			Pago del archivo de actas jul/2026 que no esta en la BD de Lugel: sin desembolso registrado
1 EJECUTADO	1. EJECUTADO ACTAS	2. ACTAS POSTERIORES A LA 1305	1423	JUAN CARLOS ALMONACID	GENERAL	GENERAL	1254726	1254726	1254726	1423	Diseños	JUAN CARLOS ALMONACID	19476154	Prórroga de revalidacion licencia de urbanismo etapa 1 Ciudadela Maipore	45078	2023			
1 EJECUTADO	1. EJECUTADO ACTAS	2. ACTAS POSTERIORES A LA 1305	1423	JUAN CARLOS ALMONACID	GENERAL	GENERAL	1254728	1254728	0	1423	Diseños	JUAN CARLOS ALMONACID	19476154	Pago por concepto prórroga licencia de urbanismo etapa 6	45323	2024			
1 EJECUTADO	1. EJECUTADO ACTAS	2. ACTAS POSTERIORES A LA 1305	1423	JUAN CARLOS ALMONACID	GENERAL	GENERAL	1084301	1084301	0	1423	Diseños	JUAN CARLOS ALMONACID	19476154	Pago por concepto modificación ampliación licencia de construcción sala de ventas - Ciudadela Colsubsidio Maipore	45323	2024			
1 EJECUTADO	1. EJECUTADO ACTAS	2. ACTAS POSTERIORES A LA 1305	1423	JUAN CARLOS ALMONACID	GENERAL	GENERAL	1975393	1975393	0	1423	Diseños	JUAN CARLOS ALMONACID	19476154	100% a la aprobacion orden de compra a favor de Juan Carlos Almonacid Martínez de la Curaduria Urbana No. 1 de Soacha por concepto de Cargo Variable Solicitud Ampliación y Modificación Licencia de Construcción Sala de Ventas Ciudadela Maipore	45474	2024			
1 EJECUTADO	1. EJECUTADO ACTAS	2. ACTAS POSTERIORES A LA 1305	1423	JUAN CARLOS ALMONACID	GENERAL	GENERAL	1482705	0	0	1423	Diseños	JUAN CARLOS ALMONACID	19476154	PAGO POR CONCEPTO PRÓRROGA REVALIDACIÓN - LICENCIAS URBANISMO ETAPAS 3-4-5 CIUDADELA COLSUBSIDIO MAIPORÉ	45939	2025			Pago del archivo de actas jul/2026 que no esta en la BD de Lugel: sin desembolso registrado
1 EJECUTADO	1. EJECUTADO ACTAS	2. ACTAS POSTERIORES A LA 1305	1423	JUAN CARLOS ALMONACID	GENERAL	GENERAL	1482705	0	0	1423	Diseños	JUAN CARLOS ALMONACID	19476154	CARGO FIJO MODIFICACIÓN PROYECTO URBANÍSTICO GENERAL - MAIPORÉ	46036	2026			Pago del archivo de actas jul/2026 que no esta en la BD de Lugel: sin desembolso registrado
1 EJECUTADO	1. EJECUTADO ACTAS	2. ACTAS POSTERIORES A LA 1305	1423	JUAN CARLOS ALMONACID	GENERAL	GENERAL	200206	0	0	1423	Diseños	JUAN CARLOS ALMONACID	19476154	CARGO FIJO MODIFICACIÓN LICENCIA DE URBANISMO ETAPA 4 - MAIPORÉ	46043	2026			Pago del archivo de actas jul/2026 que no esta en la BD de Lugel: sin desembolso registrado
1 EJECUTADO	1. EJECUTADO ACTAS	2. ACTAS POSTERIORES A LA 1305	1423	ON OFF INGENIERIA	GENERAL	GENERAL	5950000	5950000	5950000	1423	Diseños	ON OFF INGENIERIA	900798499	100% a la entrega del proyecto aprobado ajustes y revalidación para el proyecto serie 1	45078	2023			
1 EJECUTADO	1. EJECUTADO ACTAS	2. ACTAS POSTERIORES A LA 1305	1423	ON OFF INGENIERIA	GENERAL	GENERAL	2380000	2380000	2380000	1423	Diseños	ON OFF INGENIERIA	900798499	100% a la entrega del proyecto aprobado ajustes y revalidación para el proyecto serie 3 subestación de alumbrado público ap4.	45108	2023			
1 EJECUTADO	1. EJECUTADO ACTAS	2. ACTAS POSTERIORES A LA 1305	1423	ON OFF INGENIERIA	GENERAL	GENERAL	3123750	3123750	0	1423	Diseños	ON OFF INGENIERIA	900798499	Ajustes y revalidación para el proyecto serie 3 ap4 - Ciudadela Colsubsidio Maiporé/Soacha - Cundinamarca	45474	2024			
1 EJECUTADO	1. EJECUTADO ACTAS	2. ACTAS POSTERIORES A LA 1305	1423	ON OFF INGENIERIA	GENERAL	GENERAL	3867500	3867500	0	1423	Diseños	ON OFF INGENIERIA	900798499	Ajustes y revalidación para el proyecto serie 1 - Ciudadela Colsubsidio Maiporé/Soacha - Cundinamarca	45474	2024			
1 EJECUTADO	1. EJECUTADO ACTAS	2. ACTAS POSTERIORES A LA 1305	1423	ON OFF INGENIERIA	GENERAL	GENERAL	3123750	3123750	0	1423	Diseños	ON OFF INGENIERIA	900798499	Ajustes y revalidación para el proyecto serie 3 ap3 - ciudadela colsubsidio maiporé/soacha - cundinamarca	45474	2024			
1 EJECUTADO	1. EJECUTADO ACTAS	2. ACTAS POSTERIORES A LA 1305	1423	ON OFF INGENIERIA	GENERAL	GENERAL	4165000	4165000	0	1423	Diseños	ON OFF INGENIERIA	900798499	PAGO HONORARIOS REVALIDACIÓN PARA EL PROYECTO SERIE 3 AP4 - CIUDADELA COLSUBSIDIO MAIPORÉ / SOACHA - CUNDINAMARCA	45708	2025			En la BD de Lugel esta en 7. INDIRECTOS
1 EJECUTADO	1. EJECUTADO ACTAS	2. ACTAS POSTERIORES A LA 1305	1423	ON OFF INGENIERIA	GENERAL	GENERAL	2082500	2082500	0	1423	Diseños	ON OFF INGENIERIA	900798499	AJUSTES Y REVALIDACIÓN PARA EL PROYECTO SERIE 3 SUBESTACIÓN DE ALUMBRADO PÚBLICO AP3 CIUDADELA COLSUBSIDIO MAIPORÉ / SOACHA	45708	2025			En la BD de Lugel esta en 7. INDIRECTOS
1 EJECUTADO	1. EJECUTADO ACTAS	2. ACTAS POSTERIORES A LA 1305	1423	POSSE HERRERA RUIZ	GENERAL	GENERAL	7735000	7735000	0	1423	Diseños	POSSE HERRERA RUIZ	830022196	Pago 100% por asesoría legal determinación alternativas área de reserva avenida circunvalar del sur Ciudadela Colsubsidio Maiporé	45474	2024			
1 EJECUTADO	1. EJECUTADO ACTAS	2. ACTAS POSTERIORES A LA 1305	1423	SHAPE SAS	GENERAL	GENERAL	30809100	30809100	0	1423	Diseños	SHAPE SAS	901036190	Elaboración video, animación render y plataforma tech Ciudadela - Colsubsidio Maipore	45474	2024			
1 EJECUTADO	1. EJECUTADO ACTAS	2. ACTAS POSTERIORES A LA 1305	1423	SYG INGENIERIA SA	GENERAL	GENERAL	16704000	16704000	0	1423	Diseños	SYG INGENIERIA SA	900375921	60% a la radicación ante Secretaría de Movilidad de Soacha y 40% a la aprobación por concepto de diseño vertical y horizontal señalización vial Ciudadela Colsubsidio Maiporé	45383	2024			
1 EJECUTADO	1. EJECUTADO ACTAS	2. ACTAS POSTERIORES A LA 1305	1423	SYG INGENIERIA SA	GENERAL	GENERAL	432000	432000	0	1423	Diseños	SYG INGENIERIA SA	900375921	60% a la radicación ante Secretaría de Movilidad de Soacha y 40% a la aprobación por concepto de diseño vertical y horizontal señalización vial Ciudadela Colsubsidio Maiporé	45383	2024			
1 EJECUTADO	1. EJECUTADO ACTAS	2. ACTAS POSTERIORES A LA 1305	1440	ACFERBO SAS	GENERAL	GENERAL	10376800	0	0	1440	Otros PTAR	ACFERBO SAS	900387217	Suministro Bombas Tanque Homogenizador PTAR Ciudadela Colsubsidio Maipore	45883	2025			Pago del archivo de actas jul/2026 que no esta en la BD de Lugel: sin desembolso registrado
1 EJECUTADO	1. EJECUTADO ACTAS	2. ACTAS POSTERIORES A LA 1305	1440	Ariel Lopez	GENERAL	GENERAL	2975000	2975000	0	1440	Diseños	Ariel Lopez	901524901	Diseño alumbrado camino acceso peatonal	45667	2025			En la BD de Lugel esta en 7. INDIRECTOS
1 EJECUTADO	1. EJECUTADO ACTAS	2. ACTAS POSTERIORES A LA 1305	1440	B Y G Ingenieria SAS	GENERAL	GENERAL	198403220	198403220	0	1440	Casona	B Y G Ingenieria SAS	900500851	Póliza de cumplimiento, póliza de salarios, póliza de responsabilidad civil, póliza de calidad y estabilidad.	45744	2025			En la BD de Lugel esta en 4. ACTIVIDADES POR EJECUTAR
1 EJECUTADO	1. EJECUTADO ACTAS	2. ACTAS POSTERIORES A LA 1305	1440	B Y G Ingenieria SAS	GENERAL	GENERAL	96133638	96133638	0	1440	Casona	B Y G Ingenieria SAS	900500851	Obras civiles en camino peatonal.	45750	2025			En la BD de Lugel esta en 4. ACTIVIDADES POR EJECUTAR
1 EJECUTADO	1. EJECUTADO ACTAS	2. ACTAS POSTERIORES A LA 1305	1440	B Y G Ingenieria SAS	GENERAL	GENERAL	11364500	11364500	0	1440	Casona	B Y G Ingenieria SAS	900,500,851	Estudios de suelos, topografia y diseño estructural para obras civiles anden bloc casona maipore	45757	2025			En la BD de Lugel esta en 4. ACTIVIDADES POR EJECUTAR
1 EJECUTADO	1. EJECUTADO ACTAS	2. ACTAS POSTERIORES A LA 1305	1440	CARLOS ERNESTO PEDRAZA	GENERAL	GENERAL	9000000	9000000	0	1440	HUMEDALES	CARLOS ERNESTO PEDRAZA	91016240	Consultoria Ambiental - Monitoreo Ambiental Fisicoquimico e Hidrobiologico de Flora y Fauna Humedales Cola Tierra Blanca y El Vinculo URBANIZACION CIUDADELA COLSUBSIDIO MAIPORE - Mayo 2024	45474	2024			En la BD de Lugel esta en 6. HUMEDALES (EL VINCULO - COLA DE TIERRA BLANCA)
1 EJECUTADO	1. EJECUTADO ACTAS	2. ACTAS POSTERIORES A LA 1305	1440	CARLOS ERNESTO PEDRAZA	GENERAL	GENERAL	9000000	9000000	0	1440	HUMEDALES	CARLOS ERNESTO PEDRAZA	91016240	Consultoria Ambiental - Monitoreo Ambiental Fisicoquimico e Hidrobiologico de Flora y Fauna Humedales Cola Tierra Blanca y El Vinculo URBANIZACION CIUDADELA COLSUBSIDIO MAIPORE - Marzo 2024	45474	2024			En la BD de Lugel esta en 6. HUMEDALES (EL VINCULO - COLA DE TIERRA BLANCA)
1 EJECUTADO	1. EJECUTADO ACTAS	2. ACTAS POSTERIORES A LA 1305	1440	CARLOS ERNESTO PEDRAZA	GENERAL	GENERAL	9000000	9000000	0	1440	HUMEDALES	CARLOS ERNESTO PEDRAZA	91016240	Consultoria Ambiental - Monitoreo Ambiental Fisicoquimico e Hidrobiologico de Flora y Fauna Humedales Cola Tierra Blanca y El Vinculo URBANIZACION CIUDADELA COLSUBSIDIO MAIPORE - Abril 2024	45474	2024			En la BD de Lugel esta en 6. HUMEDALES (EL VINCULO - COLA DE TIERRA BLANCA)
1 EJECUTADO	1. EJECUTADO ACTAS	2. ACTAS POSTERIORES A LA 1305	1440	CARLOS ERNESTO PEDRAZA	GENERAL	GENERAL	9000000	9000000	0	1440	HUMEDALES	CARLOS ERNESTO PEDRAZA	91016240	Consultoria Ambiental - Monitoreo Ambiental Fisicoquimico e Hidrobiologico de Flora y Fauna Humedales Cola Tierra Blanca y El Vinculo URBANIZACION CIUDADELA COLSUBSIDIO MAIPORE - Mayo 2024	45505	2024			En la BD de Lugel esta en 6. HUMEDALES (EL VINCULO - COLA DE TIERRA BLANCA)
1 EJECUTADO	1. EJECUTADO ACTAS	2. ACTAS POSTERIORES A LA 1305	1440	CARLOS ERNESTO PEDRAZA	GENERAL	GENERAL	9000000	9000000	0	1440	HUMEDALES	CARLOS ERNESTO PEDRAZA	91016240	Consultoria Ambiental - Monitoreo Ambiental Fisicoquimico e Hidrobiologico de Flora y Fauna Humedales Cola Tierra Blanca y El Vinculo URBANIZACION CIUDADELA COLSUBSIDIO MAIPORE - Honorarios Junio 2024	45505	2024			En la BD de Lugel esta en 6. HUMEDALES (EL VINCULO - COLA DE TIERRA BLANCA)
1 EJECUTADO	1. EJECUTADO ACTAS	2. ACTAS POSTERIORES A LA 1305	1440	CARLOS ERNESTO PEDRAZA	GENERAL	GENERAL	9000000	9000000	0	1440	HUMEDALES	CARLOS ERNESTO PEDRAZA	91016240	Monitoreo ambiental fisicoquimico e hidrobiologico de flora y fauna humedales cola tierra blanca y el vinculo urbanizacion ciudadela colsubsidio maipore . honorarios de agosto 2024	45536	2024			En la BD de Lugel esta en 6. HUMEDALES (EL VINCULO - COLA DE TIERRA BLANCA)
1 EJECUTADO	1. EJECUTADO ACTAS	2. ACTAS POSTERIORES A LA 1305	1440	CARLOS ERNESTO PEDRAZA	GENERAL	GENERAL	9000000	9000000	0	1440	HUMEDALES	CARLOS ERNESTO PEDRAZA	91016240	Consultoría ambiental para adelantar el monitoreo ambiental, fisicoquímico e hidrobiológico de fauna y flora de los Humedales Cola de Tierra Blanca y el Vínculo ubicados en la Urbanización Ciudadela Maiporé, ubicada en el Municipio de Soacha-Cundinamarca. Honorarios de Septiembre 2024	45631	2024			En la BD de Lugel esta en 6. HUMEDALES (EL VINCULO - COLA DE TIERRA BLANCA)
1 EJECUTADO	1. EJECUTADO ACTAS	2. ACTAS POSTERIORES A LA 1305	1440	CARLOS ERNESTO PEDRAZA	GENERAL	GENERAL	9000000	9000000	0	1440	HUMEDALES	CARLOS ERNESTO PEDRAZA	91016240	Consultoría ambiental para adelantar el monitoreo ambiental, fisicoquímico e hidrobiológico de fauna y flora de los Humedales Cola de Tierra Blanca y el Vínculo ubicados en la Urbanización Ciudadela Maiporé, ubicada en el Municipio de Soacha-Cundinamarca. Honorarios de Octubre 2024	45645	2024			En la BD de Lugel esta en 6. HUMEDALES (EL VINCULO - COLA DE TIERRA BLANCA)
1 EJECUTADO	1. EJECUTADO ACTAS	2. ACTAS POSTERIORES A LA 1305	1440	CARLOS ERNESTO PEDRAZA	GENERAL	GENERAL	9000000	9000000	0	1440	HUMEDALES	CARLOS ERNESTO PEDRAZA	91016240	MONITOREO AMBIENTAL FISICOQUIMICO E HIDROBIOLOGICO DE FLORA Y FAUNA HUMEDALES COLA TIERRA BLANCA Y EL VINCULO URBANIZACION CIUDADELA COLSUBSIDIO MAIPORE . HONORARIOS DE NOVIEMBRE 2024	45667	2025			En la BD de Lugel esta en 6. HUMEDALES (EL VINCULO - COLA DE TIERRA BLANCA)
1 EJECUTADO	1. EJECUTADO ACTAS	2. ACTAS POSTERIORES A LA 1305	1440	CARLOS ERNESTO PEDRAZA	GENERAL	GENERAL	9000000	9000000	0	1440	HUMEDALES	CARLOS ERNESTO PEDRAZA	91016240	Otrosi No. 1 Consultoria Ambiental Fisico Quimico e Hidrobiologico de Flora y Fauna Humedales Cola Tierra Blanca y El Vinculo Maipore. Honorarios Enero 2025	45701	2025			En la BD de Lugel esta en 6. HUMEDALES (EL VINCULO - COLA DE TIERRA BLANCA)
1 EJECUTADO	1. EJECUTADO ACTAS	2. ACTAS POSTERIORES A LA 1305	1440	CARLOS ERNESTO PEDRAZA	GENERAL	GENERAL	9000000	9000000	0	1440	HUMEDALES	CARLOS ERNESTO PEDRAZA	91016240	Consultoría ambiental para adelantar el monitoreo ambiental, fisicoquímico e hidrobiológico de fauna y flora de los Humedales Cola de Tierra Blanca y el Vínculo ubicados en la Urbanización Ciudadela Maiporé, ubicada en el Municipio de Soacha-Cundinamarca. Honorarios de Diciembre 2024	45708	2025			En la BD de Lugel esta en 6. HUMEDALES (EL VINCULO - COLA DE TIERRA BLANCA)
1 EJECUTADO	1. EJECUTADO ACTAS	2. ACTAS POSTERIORES A LA 1305	1440	CARLOS ERNESTO PEDRAZA	GENERAL	GENERAL	9000000	9000000	0	1440	HUMEDALES	CARLOS ERNESTO PEDRAZA	91,016,240	Otrosi No. 1 Consultoria Ambiental Fisico Quimico e Hidrobiologico de Flora y Fauna Humedales Cola Tierra Blanca y El Vinculo Maipore. Honorarios de enero 2025.	45729	2025			En la BD de Lugel esta en 6. HUMEDALES (EL VINCULO - COLA DE TIERRA BLANCA)
1 EJECUTADO	1. EJECUTADO ACTAS	2. ACTAS POSTERIORES A LA 1305	1440	CARLOS ERNESTO PEDRAZA	GENERAL	GENERAL	9000000	9000000	0	1440	HUMEDALES	CARLOS ERNESTO PEDRAZA	91,016,240	Otrosi No. 1 Consultoria Ambiental Fisico Quimico e Hidrobiologico de Flora y Fauna Humedales Cola Tierra Blanca y El Vinculo Maipore. Honorarios de febrero 2025.	45757	2025			En la BD de Lugel esta en 6. HUMEDALES (EL VINCULO - COLA DE TIERRA BLANCA)
1 EJECUTADO	1. EJECUTADO ACTAS	2. ACTAS POSTERIORES A LA 1305	1440	CARLOS ERNESTO PEDRAZA	GENERAL	GENERAL	9000000	9000000	0	1440	HUMEDALES	CARLOS ERNESTO PEDRAZA	91,016,240	Otrosi No. 1 Consultoria Ambiental Fisico Quimico e Hidrobiologico de Flora y Fauna Humedales Cola Tierra Blanca y El Vinculo Maipore. Honorarios de marzo 2025.	45778	2025			En la BD de Lugel esta en 6. HUMEDALES (EL VINCULO - COLA DE TIERRA BLANCA)
1 EJECUTADO	1. EJECUTADO ACTAS	2. ACTAS POSTERIORES A LA 1305	1440	CARLOS ERNESTO PEDRAZA	GENERAL	GENERAL	9000000	9000000	0	1440	HUMEDALES	CARLOS ERNESTO PEDRAZA	91,016,240	Otrosi No. 1 Consultoria Ambiental Fisico Quimico e Hidrobiologico de Flora y Fauna Humedales Cola Tierra Blanca y El Vinculo Maipore. Honorarios de abril 2025.	45809	2025			En la BD de Lugel esta en 6. HUMEDALES (EL VINCULO - COLA DE TIERRA BLANCA)
1 EJECUTADO	1. EJECUTADO ACTAS	2. ACTAS POSTERIORES A LA 1305	1440	CARLOS ERNESTO PEDRAZA	GENERAL	GENERAL	9000000	0	0	1440	HUMEDALES	CARLOS ERNESTO PEDRAZA	91,016,240	Consultoría ambiental para adelantar el monitoreo ambiental, fisicoquímico e hidrobiológico de fauna y flora de los Humedales Cola de Tierra Blanca y el Vínculo ubicados en la Urbanización Ciudadela Maiporé, ubicada en el Municipio de Soacha-Cundinamarca. Honorarios Mayo 2025	45848	2025			Pago del archivo de actas jul/2026 que no esta en la BD de Lugel: sin desembolso registrado
1 EJECUTADO	1. EJECUTADO ACTAS	2. ACTAS POSTERIORES A LA 1305	1440	CARLOS ERNESTO PEDRAZA	GENERAL	GENERAL	9000000	0	0	1440	HUMEDALES	CARLOS ERNESTO PEDRAZA	91,016,240	HONORARIOS JUNIO 2025	45869	2025			Pago del archivo de actas jul/2026 que no esta en la BD de Lugel: sin desembolso registrado
1 EJECUTADO	1. EJECUTADO ACTAS	2. ACTAS POSTERIORES A LA 1305	1440	CARLOS ERNESTO PEDRAZA	GENERAL	GENERAL	9000000	0	0	1440	HUMEDALES	CARLOS ERNESTO PEDRAZA	91,016,240	Consultoría ambiental para adelantar el monitoreo ambiental, fisicoquímico e hidrobiológico de fauna y flora de los Humedales Cola de Tierra Blanca y el Vínculo ubicados en la Urbanización Ciudadela Maiporé, ubicada en el Municipio de Soacha-Cundinamarca	45911	2025			Pago del archivo de actas jul/2026 que no esta en la BD de Lugel: sin desembolso registrado
1 EJECUTADO	1. EJECUTADO ACTAS	2. ACTAS POSTERIORES A LA 1305	1440	CARLOS ERNESTO PEDRAZA	GENERAL	GENERAL	9000000	0	0	1440	HUMEDALES	CARLOS ERNESTO PEDRAZA	91,016,240	HONORARIOS AGOSTO 2025	45939	2025			Pago del archivo de actas jul/2026 que no esta en la BD de Lugel: sin desembolso registrado
1 EJECUTADO	1. EJECUTADO ACTAS	2. ACTAS POSTERIORES A LA 1305	1440	CARLOS ERNESTO PEDRAZA	GENERAL	GENERAL	9000000	0	0	1440	HUMEDALES	CARLOS ERNESTO PEDRAZA	91,016,240	Consultoría ambiental para adelantar el monitoreo ambiental, fisicoquímico e hidrobiológico de fauna y flora de los Humedales Cola de Tierra Blanca y el Vínculo ubicados en la Urbanización Ciudadela Maiporé, ubicada en el Municipio de Soacha-Cundinamarca. Honorarios Septiembre 2025.	45974	2025			Pago del archivo de actas jul/2026 que no esta en la BD de Lugel: sin desembolso registrado
1 EJECUTADO	1. EJECUTADO ACTAS	2. ACTAS POSTERIORES A LA 1305	1440	CARLOS ERNESTO PEDRAZA	GENERAL	GENERAL	9000000	0	0	1440	HUMEDALES	CARLOS ERNESTO PEDRAZA	91,016,240	Consultoría ambiental para adelantar el monitoreo ambiental, fisicoquímico e hidrobiológico de fauna y flora de los Humedales Cola de Tierra Blanca y el Vínculo ubicados en la Urbanización Ciudadela Maiporé, ubicada en el Municipio de Soacha-Cundinamarca. HONORARIOS OCTUBRE 2025	45974	2025			Pago del archivo de actas jul/2026 que no esta en la BD de Lugel: sin desembolso registrado
1 EJECUTADO	1. EJECUTADO ACTAS	2. ACTAS POSTERIORES A LA 1305	1440	CORPORACION AMBIENTAL EMPRESARIAL	GENERAL	GENERAL	27762500	27762500	0	1440	HUMEDALES	CORPORACION AMBIENTAL EMPRESARIAL	860514187	CUOTA 1 - DICIEMBRE 2024	45694	2025			En la BD de Lugel esta en 6. HUMEDALES (EL VINCULO - COLA DE TIERRA BLANCA)
1 EJECUTADO	1. EJECUTADO ACTAS	2. ACTAS POSTERIORES A LA 1305	1440	CORPORACIÓN AMBIENTAL EMPRESARIAL	GENERAL	GENERAL	3154687	0	0	1440	HUMEDALES	CORPORACIÓN AMBIENTAL EMPRESARIAL	860,514,187	Cuota 1 / Cuota 8	45862	2025			Pago del archivo de actas jul/2026 que no esta en la BD de Lugel: sin desembolso registrado
1 EJECUTADO	1. EJECUTADO ACTAS	2. ACTAS POSTERIORES A LA 1305	1440	CORPORACIÓN AMBIENTAL EMPRESARIAL	GENERAL	GENERAL	3154687	0	0	1440	HUMEDALES	CORPORACIÓN AMBIENTAL EMPRESARIAL	860,514,187	Cuota 2 / Cuota 8	45967	2025			Pago del archivo de actas jul/2026 que no esta en la BD de Lugel: sin desembolso registrado
1 EJECUTADO	1. EJECUTADO ACTAS	2. ACTAS POSTERIORES A LA 1305	1440	CORPORACIÓN AMBIENTAL EMPRESARIAL	GENERAL	GENERAL	3154687	0	0	1440	HUMEDALES	CORPORACIÓN AMBIENTAL EMPRESARIAL	860,514,187	Siembra de quinientos (500) individuos arbóreos en el Humedal Cola de Tierra Blanca de la Urbanización Ciudadela Colsubsidio Maiporé, Soacha, Cundinamarca en el marco del cumplimiento de la medida de compensación forestal establecida por la CAR Regional Cundinmarca, dentro del expediente 91072.	45988	2025			Pago del archivo de actas jul/2026 que no esta en la BD de Lugel: sin desembolso registrado
1 EJECUTADO	1. EJECUTADO ACTAS	2. ACTAS POSTERIORES A LA 1305	1440	IMPLANTEMOS SAS	GENERAL	GENERAL	4845233	4845233	0	1440	HUMEDALES	IMPLANTEMOS SAS	900297575	Cuota 6 - 09 DEOCTUBRE DEL 2024 AL 09 DE NOVIEMBRE DEL 2024.	45658	2025			En la BD de Lugel esta en 6. HUMEDALES (EL VINCULO - COLA DE TIERRA BLANCA)
1 EJECUTADO	1. EJECUTADO ACTAS	2. ACTAS POSTERIORES A LA 1305	1440	IMPLANTEMOS SAS	GENERAL	GENERAL	4845233	4845233	0	1440	HUMEDALES	IMPLANTEMOS SAS	900297575	Cuota 7 - 09 DENOVIEMBRE DEL 2024 AL 09 DE DICIEMBRE DEL 2024.	45687	2025			En la BD de Lugel esta en 6. HUMEDALES (EL VINCULO - COLA DE TIERRA BLANCA)
1 EJECUTADO	1. EJECUTADO ACTAS	2. ACTAS POSTERIORES A LA 1305	1440	IMPLANTEMOS SAS	GENERAL	GENERAL	22627900	22627900	0	1440	HUMEDALES	IMPLANTEMOS SAS	900297575	Prestación del servicio de siembra de quinientos (500) individuos arbóreos en el Humedal El Vínculo Maiporé de la Urbanización Ciudadela Colsubsidio Maiporé de Soacha, Cundinamarca cumplimiento de la medida de compensación forestal establecida por la Corporación Autónoma Regional de Cundinamarca- CAR, dentro del expediente 91072. CUOTA 1 - DICIEMBRE 2024.	45694	2025			En la BD de Lugel esta en 6. HUMEDALES (EL VINCULO - COLA DE TIERRA BLANCA)
1 EJECUTADO	1. EJECUTADO ACTAS	2. ACTAS POSTERIORES A LA 1305	1440	IMPLANTEMOS SAS	GENERAL	GENERAL	4845233	4845233	0	1440	HUMEDALES	IMPLANTEMOS SAS	900297575	Cuota 8 - 09 DEDICIEMBRE DEL 2024 AL 09 DE ENERO DEL 2025.	45736	2025			En la BD de Lugel esta en 6. HUMEDALES (EL VINCULO - COLA DE TIERRA BLANCA)
1 EJECUTADO	1. EJECUTADO ACTAS	2. ACTAS POSTERIORES A LA 1305	1440	IMPLANTEMOS SAS	GENERAL	GENERAL	22627900	22627900	0	1440	HUMEDALES	IMPLANTEMOS SAS	900,297,575	Prestación del servicio de siembra de quinientos (500) individuos arbóreos en el Humedal El Vínculo Maiporé de la Urbanización Ciudadela Colsubsidio Maiporé de Soacha, Cundinamarca cumplimiento de la medida de compensación forestal establecida por la Corporación Autónoma Regional de Cundinamarca- CAR, dentro del expediente 91072. Cuota 2 Enero 2025	45744	2025			En la BD de Lugel esta en 6. HUMEDALES (EL VINCULO - COLA DE TIERRA BLANCA)
1 EJECUTADO	1. EJECUTADO ACTAS	2. ACTAS POSTERIORES A LA 1305	1440	IMPLANTEMOS SAS	GENERAL	GENERAL	4845233	4845233	0	1440	HUMEDALES	IMPLANTEMOS SAS	900,297,575	Cuota 9 - 09 DE ENERO DEL 2025 AL 09 DE FEBRERO DEL 2025.	45757	2025			En la BD de Lugel esta en 6. HUMEDALES (EL VINCULO - COLA DE TIERRA BLANCA)
1 EJECUTADO	1. EJECUTADO ACTAS	2. ACTAS POSTERIORES A LA 1305	1440	IMPLANTEMOS SAS	GENERAL	GENERAL	4845233	4845233	0	1440	HUMEDALES	IMPLANTEMOS SAS	900,297,575	Cuota 10 - 09 DEFEBRERO DEL 2025 AL 09 DE MARZO DEL 2025	45778	2025			En la BD de Lugel esta en 6. HUMEDALES (EL VINCULO - COLA DE TIERRA BLANCA)
1 EJECUTADO	1. EJECUTADO ACTAS	2. ACTAS POSTERIORES A LA 1305	1440	IMPLANTEMOS SAS	GENERAL	GENERAL	4845233	4845233	0	1440	HUMEDALES	IMPLANTEMOS SAS	900,297,575	Cuota 11 - 09 DEMARZO AL 09 DE ABRIL DEL 2025	45809	2025			En la BD de Lugel esta en 6. HUMEDALES (EL VINCULO - COLA DE TIERRA BLANCA)
1 EJECUTADO	1. EJECUTADO ACTAS	2. ACTAS POSTERIORES A LA 1305	1440	IMPLANTEMOS SAS	GENERAL	GENERAL	1103800	1103800	0	1440	HUMEDALES	IMPLANTEMOS SAS	900,297,575	Prestación del servicio de siembra de quinientos (500) individuos arbóreos en el Humedal El Vínculo Maiporé de la Urbanización Ciudadela Colsubsidio Maiporé de Soacha, Cundinamarca cumplimiento de la medida de compensación forestal establecida por la Corporación Autónoma Regional de Cundinamarca- CAR, dentro del expediente 91072. CUOTA 1 - ABRIL 2025	45809	2025			En la BD de Lugel esta en 6. HUMEDALES (EL VINCULO - COLA DE TIERRA BLANCA)
1 EJECUTADO	1. EJECUTADO ACTAS	2. ACTAS POSTERIORES A LA 1305	1440	IMPLANTEMOS SAS	GENERAL	GENERAL	4845233	0	0	1440	HUMEDALES	IMPLANTEMOS SAS	900,297,575	Cuota 12 - 09 DE ABRIL AL 09 DE MAYO DEL 2025	45835	2025			Pago del archivo de actas jul/2026 que no esta en la BD de Lugel: sin desembolso registrado
1 EJECUTADO	1. EJECUTADO ACTAS	2. ACTAS POSTERIORES A LA 1305	1440	IMPLANTEMOS SAS	GENERAL	GENERAL	5305530	0	0	1440	HUMEDALES	IMPLANTEMOS SAS	900,297,575	Prestación de servicios para desarrollar las labores ambientales y de manejo silvicultural en la Urbanización Ciudadela Colsubsidio Maiporé en el municipio de Soacha – Cundinamarca. CUOTA No. 1 - 22 MAYO 2025 AL 22 JUNIO 2025	45891	2025			Pago del archivo de actas jul/2026 que no esta en la BD de Lugel: sin desembolso registrado
1 EJECUTADO	1. EJECUTADO ACTAS	2. ACTAS POSTERIORES A LA 1305	1440	IMPLANTEMOS SAS	GENERAL	GENERAL	5305530	0	0	1440	HUMEDALES	IMPLANTEMOS SAS	900,297,575	CUOTA No. 2 - 22 JUNIO 2025 AL 22 JULIO 2025	45918	2025			Pago del archivo de actas jul/2026 que no esta en la BD de Lugel: sin desembolso registrado
1 EJECUTADO	1. EJECUTADO ACTAS	2. ACTAS POSTERIORES A LA 1305	1440	IMPLANTEMOS SAS	GENERAL	GENERAL	1103800	0	0	1440	HUMEDALES	IMPLANTEMOS SAS	900,297,575	Cuota 4 Agosto 2025Pago 2 / Pago 8 Trimestral	45932	2025			Pago del archivo de actas jul/2026 que no esta en la BD de Lugel: sin desembolso registrado
1 EJECUTADO	1. EJECUTADO ACTAS	2. ACTAS POSTERIORES A LA 1305	1440	IMPLANTEMOS SAS	GENERAL	GENERAL	5305530	0	0	1440	HUMEDALES	IMPLANTEMOS SAS	900,297,575	CUOTA No. 3 - 22 JULIO 2025 AL 22 AGOSTO 2025	45953	2025			Pago del archivo de actas jul/2026 que no esta en la BD de Lugel: sin desembolso registrado
1 EJECUTADO	1. EJECUTADO ACTAS	2. ACTAS POSTERIORES A LA 1305	1440	IMPLANTEMOS SAS	GENERAL	GENERAL	5191133	0	0	1440	HUMEDALES	IMPLANTEMOS SAS	900,297,575	Prestación de servicios para desarrollar las labores ambientales y de manejo silvicultural en la Urbanización Ciudadela Colsubsidio Maiporé en el municipio de Soacha – Cundinamarca. CUOTA No. 5 - 22 SEPTIEMBRE 2025 AL 22 OCTUBRE 2025	45979	2025			Pago del archivo de actas jul/2026 que no esta en la BD de Lugel: sin desembolso registrado
1 EJECUTADO	1. EJECUTADO ACTAS	2. ACTAS POSTERIORES A LA 1305	1440	IMPLANTEMOS SAS	GENERAL	GENERAL	5305530	0	0	1440	HUMEDALES	IMPLANTEMOS SAS	900,297,575	CUOTA No. 4 - 22 AGOSTO 2025 AL 22 SEPTIEMBRE 2025	45981	2025			Pago del archivo de actas jul/2026 que no esta en la BD de Lugel: sin desembolso registrado
1 EJECUTADO	1. EJECUTADO ACTAS	2. ACTAS POSTERIORES A LA 1305	1440	IMPLANTEMOS SAS	GENERAL	GENERAL	114397	0	0	1440	HUMEDALES	IMPLANTEMOS SAS	900,297,575	Prestación de servicios para desarrollar las labores ambientales y de manejo silvicultural en la Urbanización Ciudadela Colsubsidio Maiporé en el municipio de Soacha – Cundinamarca. CUOTA No. 5 - 22 SEPTIEMBRE 2025 AL 22 OCTUBRE 2025	46009	2025			Pago del archivo de actas jul/2026 que no esta en la BD de Lugel: sin desembolso registrado
1 EJECUTADO	1. EJECUTADO ACTAS	2. ACTAS POSTERIORES A LA 1305	1440	M I DIVISIONES ARQUITECTONICAS SAS	GENERAL	GENERAL	24485329	24485329	0	1440	Casona	M I DIVISIONES ARQUITECTONICAS SAS	901065241	Suministro e instalación de Barandas - BLOC MAIPORE	45710	2025			En la BD de Lugel esta en 4. ACTIVIDADES POR EJECUTAR
1 EJECUTADO	1. EJECUTADO ACTAS	2. ACTAS POSTERIORES A LA 1305	1440	Pablo Loaiza Tapiero	GENERAL	GENERAL	49028887	49028887	0	1440	Casona	Pablo Loaiza Tapiero	11309634	Paisajismo Bloc Maipore	45778	2025			En la BD de Lugel esta en 4. ACTIVIDADES POR EJECUTAR
1 EJECUTADO	2. PRESUPUESTO COINVER	1. URBANISMO	1359	COINVER S.A	GENERAL	GENERAL	500000000	500000000	500000000	1359	Urbanismo Coinver	COINVER S.A	860072901	Primer pago contrato de contrucción urbaismo Etp 1, 2 y 7	43739	2019			
1 EJECUTADO	2. PRESUPUESTO COINVER	1. URBANISMO	1370	COINVER S.A	GENERAL	GENERAL	2500000000	2500000000	2500000000	1370	Urbanismo Coinver	COINVER S.A	860072901	Tercer pago de construcción Urbanismo Etp 1, 2 y 7	43952	2020			
1 EJECUTADO	2. PRESUPUESTO COINVER	1. URBANISMO	1370	COINVER S.A	GENERAL	GENERAL	436064353	436064353	436064353	1370	Urbanismo Coinver	COINVER S.A	860072901	Pago Admon delegada Maipore	43952	2020			
1 EJECUTADO	2. PRESUPUESTO COINVER	1. URBANISMO	1370	COINVER S.A	GENERAL	GENERAL	4500000000	4500000000	4500000000	1370	Urbanismo Coinver	COINVER S.A	860072901	Cuarto pago de construcción Urbanismo Etp 1, 2 y 7	44044	2020			
1 EJECUTADO	2. PRESUPUESTO COINVER	1. URBANISMO	1370	COINVER S.A	GENERAL	GENERAL	360178472	360178472	360178472	1370	Urbanismo Coinver	COINVER S.A	860072901	Honorarios y reembolsables año 2019	44044	2020			
1 EJECUTADO	2. PRESUPUESTO COINVER	1. URBANISMO	1370	COINVER S.A	GENERAL	GENERAL	4500000000	4500000000	4500000000	1370	Urbanismo Coinver	COINVER S.A	860072901	Quinto pago de construcción Urbanismo Etp 1, 2 y 7	44105	2020			
1 EJECUTADO	2. PRESUPUESTO COINVER	1. URBANISMO	1370	COINVER S.A	GENERAL	GENERAL	2000000000	2000000000	2000000000	1370	Urbanismo Coinver	COINVER S.A	860072901	Desembolso N° 8 para construcción de urbanismo Ciudadela Colsubsidio Maipore	44287	2021			
1 EJECUTADO	2. PRESUPUESTO COINVER	1. URBANISMO	1370	COINVER S.A	GENERAL	GENERAL	959000000	959000000	0	1370	Urbanismo Coinver	COINVER S.A	860072901	Desembolso N° 21 para construcción de urbanismo Ciudadela Colsubsidio Maipore	45352	2024			
1 EJECUTADO	2. PRESUPUESTO COINVER	1. URBANISMO	1370	COINVER S.A	GENERAL	GENERAL	4000000000	4000000000	0	1370	Urbanismo Coinver	COINVER S.A	860072901	Desembolso N° 20 para construcción de urbanismo Ciudadela Colsubsidio Maipore	45352	2024			
1 EJECUTADO	2. PRESUPUESTO COINVER	1. URBANISMO	1403	COINVER S.A	GENERAL	GENERAL	2500000000	2500000000	2500000000	1403	Urbanismo Coinver	COINVER S.A	860072901	Construcción de urbanismo Etapas 1,2,3,4 y 7 de la Urbanización Ciudadela Colsubsidio Maipore	44409	2021			
1 EJECUTADO	2. PRESUPUESTO COINVER	1. URBANISMO	1403	COINVER S.A	GENERAL	GENERAL	2000000000	2000000000	2000000000	1403	Urbanismo Coinver	COINVER S.A	860072901	Construcción de urbanismo Etapas 1,2,3,4 y 7 de la Urbanización Ciudadela Colsubsidio Maipore. Doc 2900879630	44440	2021			
1 EJECUTADO	2. PRESUPUESTO COINVER	1. URBANISMO	1403	COINVER S.A	GENERAL	GENERAL	3000000000	3000000000	3000000000	1403	Urbanismo Coinver	COINVER S.A	860072901	Treceavo pago de Fovis Urbanismo Maipore	44501	2021			
1 EJECUTADO	2. PRESUPUESTO COINVER	1. URBANISMO	1403	COINVER S.A	GENERAL	GENERAL	3500000000	3500000000	3500000000	1403	Urbanismo Coinver	COINVER S.A	860072901	Catorceavo desemboso Fovis	44713	2022			
1 EJECUTADO	2. PRESUPUESTO COINVER	1. URBANISMO	1403	COINVER S.A	GENERAL	GENERAL	5000000000	5000000000	5000000000	1403	Urbanismo Coinver	COINVER S.A	860072901	16° pagos fovis - urbanismo maipore - soacha	44835	2022			
1 EJECUTADO	2. PRESUPUESTO COINVER	1. URBANISMO	1423	COINVER S.A	GENERAL	GENERAL	6500000000	6500000000	6500000000	1423	Urbanismo Coinver	COINVER S.A	860072901	Construcción del urbanismo en las etapas 1,2,3,4	44896	2022			
1 EJECUTADO	2. PRESUPUESTO COINVER	1. URBANISMO	1423	COINVER S.A	GENERAL	GENERAL	5000000000	5000000000	5000000000	1423	Urbanismo Coinver	COINVER S.A	860072901	Construcción del urbanismo en las etapas 1,2,3,4	45200	2023			
1 EJECUTADO	2. PRESUPUESTO COINVER	1. URBANISMO	1440	COINVER S.A	GENERAL	GENERAL	6000000000	6000000000	0	1440	Urbanismo Coinver	COINVER S.A	860072901	Desembolso numero 22 según flujo de caja proyectado para la construcción del urbanismo en las etapas 1, 2, 3, 4 y 7 de la urbanización Ciudadela Colsubsidio Maiporé ubicada en el Municipio de Soacha - Cundinamarca.	45474	2024			
1 EJECUTADO	2. PRESUPUESTO COINVER	1. URBANISMO	1440	COINVER S.A	GENERAL	GENERAL	3000000000	3000000000	0	1440	Urbanismo Coinver	COINVER S.A	860072901	Desembolso numero 23 según flujo de caja proyectado para la construcción del urbanismo en las etapas 1, 2, 3, 4 y 7 de la urbanización Ciudadela Colsubsidio Maiporé ubicada en el Municipio de Soacha - Cundinamarca.	45505	2024			
1 EJECUTADO	2. PRESUPUESTO COINVER	1. URBANISMO	1440	COINVER S.A	GENERAL	GENERAL	1266378000	0	0	1440	Urbanismo Coinver	COINVER S.A	860072901	Construcción del urbanismo Etp 1.2.3.4 y 7 Ciudadela Colsubsidio Maipore.	46113	2026			Pago del archivo de actas jul/2026 que no esta en la BD de Lugel: sin desembolso registrado
1 EJECUTADO	2. PRESUPUESTO COINVER	2. RED MATRIZ	1400	COINVER S.A	GENERAL	GENERAL	3575000000	3575000000	3575000000	1400	Urbanismo Coinver red 24	COINVER S.A	860072901	Construcción de Red matriz 24"	44105	2020			
1 EJECUTADO	2. PRESUPUESTO COINVER	2. RED MATRIZ	1400	COINVER S.A	GENERAL	GENERAL	1500000000	1500000000	1500000000	1400	Urbanismo Coinver red 24	COINVER S.A	860072901	Construcción de Red matriz 24"	44287	2021			
1 EJECUTADO	2. PRESUPUESTO COINVER	2. RED MATRIZ	1400	COINVER S.A	GENERAL	GENERAL	2000000000	2000000000	2000000000	1400	Urbanismo Coinver red 24	COINVER S.A	860072901	Construcción de Red matriz 24"	44713	2022			
1 EJECUTADO	2. PRESUPUESTO COINVER	3. PTAR	1400	COINVER S.A	GENERAL	GENERAL	1100000000	1100000000	1100000000	1400	Urbanismo Coinver ptar	COINVER S.A	860072901	Construcción de la ampliación PTAR	44105	2020			
1 EJECUTADO	2. PRESUPUESTO COINVER	3. PTAR	1400	COINVER S.A	GENERAL	GENERAL	899983000	899983000	899983000	1400	Urbanismo Coinver ptar	COINVER S.A	860072901	Construcción de la ampliación PTAR	44287	2021			
1 EJECUTADO	2. PRESUPUESTO COINVER	5. REEMBOLSABLES	1359	COINVER S.A	GENERAL	GENERAL	86683878	86683878	86683878	1359	Admin delegada Coinver	COINVER S.A	860072901	Honorarios consultoria y gastos reembolsables	43770	2019			
1 EJECUTADO	2. PRESUPUESTO COINVER	5. REEMBOLSABLES	1370	COINVER S.A	GENERAL	GENERAL	82714878	82714878	82714878	1370	Urbanismo Coinver	COINVER S.A	860072901	Honorarios de consultoria	44044	2020			
1 EJECUTADO	2. PRESUPUESTO COINVER	5. REEMBOLSABLES	1370	COINVER S.A	GENERAL	GENERAL	78922112	78922112	78922112	1370	Admin delegada Coinver	COINVER S.A	860072901	Honorarios y reembolsables	44105	2020			
1 EJECUTADO	2. PRESUPUESTO COINVER	5. REEMBOLSABLES	1370	COINVER S.A	GENERAL	GENERAL	57398409	57398409	57398409	1370	Admin delegada Coinver	COINVER S.A	860072901	Honorarios y reembolsables	44105	2020			
1 EJECUTADO	2. PRESUPUESTO COINVER	5. REEMBOLSABLES	1370	COINVER S.A	GENERAL	GENERAL	82926207	82926207	82926207	1370	Admin delegada Coinver	COINVER S.A	860072901	Honorarios y reembolsables	44105	2020			
1 EJECUTADO	2. PRESUPUESTO COINVER	5. REEMBOLSABLES	1370	COINVER S.A	GENERAL	GENERAL	72787353	72787353	72787353	1370	Admin delegada Coinver	COINVER S.A	860072901	Honorarios y reembolsables	44166	2020			
1 EJECUTADO	2. PRESUPUESTO COINVER	5. REEMBOLSABLES	1370	COINVER S.A	GENERAL	GENERAL	121447281	121447281	121447281	1370	Admin delegada Coinver	COINVER S.A	860072901	Honorarios y reembolsables	44228	2021			
1 EJECUTADO	2. PRESUPUESTO COINVER	5. REEMBOLSABLES	1370	COINVER S.A	GENERAL	GENERAL	86674950	86674950	86674950	1370	Admin delegada Coinver	COINVER S.A	860072901	Honorarios y reembolsables	44228	2021			
1 EJECUTADO	2. PRESUPUESTO COINVER	5. REEMBOLSABLES	1370	COINVER S.A	GENERAL	GENERAL	182771798	182771798	182771798	1370	Admin delegada Coinver	COINVER S.A	860072901	Honorarios y Reembolsables	44228	2021			
1 EJECUTADO	2. PRESUPUESTO COINVER	5. REEMBOLSABLES	1370	COINVER S.A	GENERAL	GENERAL	106236434	106236434	106236434	1370	Admin delegada Coinver	COINVER S.A	860072901	Honorarios y reembolsables	44256	2021			
1 EJECUTADO	2. PRESUPUESTO COINVER	5. REEMBOLSABLES	1370	COINVER S.A	GENERAL	GENERAL	104300928	104300928	104300928	1370	Admin delegada Coinver	COINVER S.A	860072901	Otrosi 2 - Administración Delegada Para La Construcción Del Urbanismo En Las Etapas 1 2 3 4 5 Y 7; Construcción De La Planta De Tratamiento Fase Ii Y Red De 24" Acueducto De La Ciudadela Colsubsidio Maipore Soacha.	44317	2021			
1 EJECUTADO	2. PRESUPUESTO COINVER	5. REEMBOLSABLES	1403	COINVER S.A	GENERAL	GENERAL	86632480	86632480	86632480	1403	Admin delegada Coinver	COINVER S.A	860072901	Administracion Delegada Para La Construccion Del Urbanismo En Las Etapas 1 2 3 4 5 Y 7; Construccion De La Planta De Tratamiento Fase Ii Y Red De 24" Acueducto De La Ciudadela Colsubsidio Maipore Soacha.	44348	2021			
1 EJECUTADO	2. PRESUPUESTO COINVER	5. REEMBOLSABLES	1403	COINVER S.A	GENERAL	GENERAL	89970868	89970868	89970868	1403	Admin delegada Coinver	COINVER S.A	860072901	Administracion Delegada Para La Construccion Del Urbanismo En Las Etapas 1 2 3 4 5 Y 7; Construccion De La Planta De Tratamiento Fase Ii Y Red De 24" Acueducto De La Ciudadela Colsubsidio Maipore Soacha.	44348	2021			
1 EJECUTADO	2. PRESUPUESTO COINVER	5. REEMBOLSABLES	1403	COINVER S.A	GENERAL	GENERAL	2367755	2367755	2367755	1403	Admin delegada Coinver	COINVER S.A	860072901	Administracion Delegada Para La Construccion Del Urbanismo En Las Etapas 1 2 3 4 5 Y 7; Construccion De La Planta De Tratamiento Fase Ii Y Red De 24" Acueducto De La Ciudadela Colsubsidio Maipore Soacha.	44378	2021			
1 EJECUTADO	2. PRESUPUESTO COINVER	5. REEMBOLSABLES	1403	COINVER S.A	GENERAL	GENERAL	75965254	75965254	75965254	1403	Admin delegada Coinver	COINVER S.A	860072901	Administracion Delegada Para La Construccion Del Urbanismo En Las Etapas 1 2 3 4 5 Y 7; Construccion De La Planta De Tratamiento Fase Ii Y Red De 24" Acueducto De La Ciudadela Colsubsidio Maipore Soacha.	44378	2021			
1 EJECUTADO	2. PRESUPUESTO COINVER	5. REEMBOLSABLES	1403	COINVER S.A	GENERAL	GENERAL	7584392	7584392	7584392	1403	Admin delegada Coinver	COINVER S.A	860072901	Administracion Delegada Para La Construccion Del Urbanismo En Las Etapas 1 2 3 4 5 Y 7; Construccion De La Planta De Tratamiento Fase Ii Y Red De 24" Acueducto De La Ciudadela Colsubsidio Maipore Soacha.	44378	2021			
1 EJECUTADO	2. PRESUPUESTO COINVER	5. REEMBOLSABLES	1403	COINVER S.A	GENERAL	GENERAL	78071609	78071609	78071609	1403	Admin delegada Coinver	COINVER S.A	860072901	Otrosi 3 - administracion delegada para la construccion del urbanismo en las etapas 1 2 3 4 5 y 7; construccion de la planta de tratamiento fase ii y red de 24" acueducto. Doc 3609741886	44440	2021			
1 EJECUTADO	2. PRESUPUESTO COINVER	5. REEMBOLSABLES	1403	COINVER S.A	GENERAL	GENERAL	77949009	77949009	77949009	1403	Admin delegada Coinver	COINVER S.A	860072901	Otrosi 3 - administracion delegada para la construccion del urbanismo en las etapas 1 2 3 4 5 y 7; construccion de la planta de tratamiento fase ii y red de 24" acueducto .Doc 3609764244.	44440	2021			
1 EJECUTADO	2. PRESUPUESTO COINVER	5. REEMBOLSABLES	1403	COINVER S.A	GENERAL	GENERAL	23248345	23248345	23248345	1403	Admin delegada Coinver	COINVER S.A	860072901	Otrosi 3 - administracion delegada para la construccion del urbanismo en las etapas 1 2 3 4 5 y 7; construccion de la planta de tratamiento fase ii y red de 24" acueducto. Doc 3609741886	44440	2021			
1 EJECUTADO	2. PRESUPUESTO COINVER	5. REEMBOLSABLES	1403	COINVER S.A	GENERAL	GENERAL	5751382	5751382	5751382	1403	Admin delegada Coinver	COINVER S.A	860072901	Otrosi 3 - administracion delegada para la construccion del urbanismo en las etapas 1 2 3 4 5 y 7; construccion de la planta de tratamiento fase ii y red de 24" acueducto .Doc 3609764244.	44440	2021			
1 EJECUTADO	2. PRESUPUESTO COINVER	5. REEMBOLSABLES	1403	COINVER S.A	GENERAL	GENERAL	3706038	3706038	3706038	1403	Admin delegada Coinver	COINVER S.A	860072901	Otrosi 3 - Administracion Delegada Para La Construccion Del Urbanismo En Las Etapas 1 2 3 4 5 Y 7; Construccion De La Planta De Tratamiento Fase Ii Y Red De 24" Acueducto De La Ciudadela Colsubsidio Maipore Soacha. Honorarios de agosto 2021.	44501	2021			
1 EJECUTADO	2. PRESUPUESTO COINVER	5. REEMBOLSABLES	1403	COINVER S.A	GENERAL	GENERAL	66698409	66698409	66698409	1403	Admin delegada Coinver	COINVER S.A	860072901	Otrosi 3 - Administracion Delegada Para La Construccion Del Urbanismo En Las Etapas 1 2 3 4 5 Y 7; Construccion De La Planta De Tratamiento Fase Ii Y Red De 24" Acueducto De La Ciudadela Colsubsidio Maipore Soacha. Honorarios de agosto 2021.	44501	2021			
1 EJECUTADO	2. PRESUPUESTO COINVER	5. REEMBOLSABLES	1403	COINVER S.A	GENERAL	GENERAL	9084255	9084255	9084255	1403	Admin delegada Coinver	COINVER S.A	860072901	Otrosi 3 - Administracion Delegada Para La Construccion Del Urbanismo En Las Etapas 1 2 3 4 5 Y 7; Construccion De La Planta De Tratamiento Fase Ii Y Red De 24" Acueducto De La Ciudadela Colsubsidio Maipore Soacha. Honorarios de julio 2021.	44501	2021			
1 EJECUTADO	2. PRESUPUESTO COINVER	5. REEMBOLSABLES	1403	COINVER S.A	GENERAL	GENERAL	70066389	70066389	70066389	1403	Admin delegada Coinver	COINVER S.A	860072901	Otrosi 3 - Administracion Delegada Para La Construccion Del Urbanismo En Las Etapas 1 2 3 4 5 Y 7; Construccion De La Planta De Tratamiento Fase Ii Y Red De 24" Acueducto De La Ciudadela Colsubsidio Maipore Soacha. Honorarios de julio 2021.	44501	2021			
1 EJECUTADO	2. PRESUPUESTO COINVER	5. REEMBOLSABLES	1403	COINVER S.A	GENERAL	GENERAL	67539010	67539010	67539010	1403	Admin delegada Coinver	COINVER S.A	860072901	Otrosi 5 - administracion delegada para la construccion del urbanismo en las etapas 1 2 3 4 5 y 7; construccion de la planta de tratamiento fase ii y red de 24" acueducto de la Ciudadela Colsubsidio Maipore en Soacha. Honorarios Septiembre 2021	44531	2021			
1 EJECUTADO	2. PRESUPUESTO COINVER	5. REEMBOLSABLES	1403	COINVER S.A	GENERAL	GENERAL	46160988	46160988	46160988	1403	Admin delegada Coinver	COINVER S.A	860072901	Otrosi 5 - administracion delegada para la construccion del urbanismo en las etapas 1 2 3 4 5 y 7; construccion de la planta de tratamiento fase ii y red de 24" acueducto de la Ciudadela Colsubsidio Maipore en Soacha. Honorarios Septiembre 2021	44621	2022			
1 EJECUTADO	2. PRESUPUESTO COINVER	5. REEMBOLSABLES	1403	COINVER S.A	GENERAL	GENERAL	76229809	76229809	76229809	1403	Admin delegada Coinver	COINVER S.A	860072901	Otrosi 6 - administracion delegada para la construccion del urbanismo en las etapas 1 2 3 4 5 y 7; construccion de la planta de tratamiento fase II y red de 24" acueducto de la ciudadela colsubsidio maipore en soacha. Honorarios y reembolsables de marzo 2022	44682	2022			
1 EJECUTADO	2. PRESUPUESTO COINVER	5. REEMBOLSABLES	1403	COINVER S.A	GENERAL	GENERAL	116582254	116582254	116582254	1403	Admin delegada Coinver	COINVER S.A	860072901	Otrosi 6 - administracion delegada para la construccion del urbanismo en las etapas 1 2 3 4 5 y 7; construccion de la planta de tratamiento fase ii y red de 24" acueducto de la ciudadela colsubsidio maipore en soacha. Honorarios y reembolsables de Febrero 2022	44682	2022			
1 EJECUTADO	2. PRESUPUESTO COINVER	5. REEMBOLSABLES	1403	COINVER S.A	GENERAL	GENERAL	71393873	71393873	71393873	1403	Admin delegada Coinver	COINVER S.A	860072901	Otrosi 6 - administracion delegada para la construccion del urbanismo en las etapas 1 2 3 4 5 y 7; construccion de la planta de tratamiento fase ii y red de 24" acueducto de la ciudadela colsubsidio maipore en soacha.	44713	2022			
1 EJECUTADO	2. PRESUPUESTO COINVER	5. REEMBOLSABLES	1403	COINVER S.A	GENERAL	GENERAL	3420847	3420847	3420847	1403	Admin delegada Coinver	COINVER S.A	860072901	Otrosi 6 - administracion delegada para la construccion del urbanismo en las etapas 1 2 3 4 5 y 7; construccion de la planta de tratamiento fase ii y red de 24" acueducto de la ciudadela colsubsidio maipore en soacha.	44713	2022			
1 EJECUTADO	2. PRESUPUESTO COINVER	5. REEMBOLSABLES	1403	COINVER S.A	GENERAL	GENERAL	95622387	95622387	95622387	1403	Admin delegada Coinver	COINVER S.A	860072901	Otrosi 6 - administracion delegada para la construccion del urbanismo en las etapas 1 2 3 4 5 y 7; construccion de la planta de tratamiento fase ii y red de 24" acueducto de la ciudadela colsubsidio maipore en soacha. Honorarios Mayo	44743	2022			
1 EJECUTADO	2. PRESUPUESTO COINVER	5. REEMBOLSABLES	1403	COINVER S.A	GENERAL	GENERAL	142787746	142787746	142787746	1403	Admin delegada Coinver	COINVER S.A	860072901	Otrosi 7 - administracion delegada para la construccion del urbanismo en las etapas 1 2 3 4 5 y 7; construccion de la planta de tratamiento fase ii y red de 24" acueducto de la ciudadela colsubsidio maipore en soacha. honorarios junio 2022	44774	2022			
1 EJECUTADO	2. PRESUPUESTO COINVER	5. REEMBOLSABLES	1403	COINVER S.A	GENERAL	GENERAL	16215008	16215008	16215008	1403	Admin delegada Coinver	COINVER S.A	860072901	Otrosi 7 - administracion delegada para la construccion del urbanismo en las etapas 1 2 3 4 5 y 7; construccion de la planta de tratamiento fase ii y red de 24" acueducto de la ciudadela colsubsidio maipore en soacha. honorarios junio 2022	44774	2022			
1 EJECUTADO	2. PRESUPUESTO COINVER	5. REEMBOLSABLES	1403	COINVER S.A	GENERAL	GENERAL	6067446	6067446	6067446	1403	Admin delegada Coinver	COINVER S.A	860072901	Otrosi 7 - administracion delegada para la construccion del urbanismo en las etapas 1 2 3 4 5 y 7; construccion de la planta de tratamiento fase ii y red de 24" acueducto de la ciudadela colsubsidio maipore en soacha. honorarios junio 2022	44774	2022			
1 EJECUTADO	2. PRESUPUESTO COINVER	5. REEMBOLSABLES	1403	COINVER S.A	GENERAL	GENERAL	103473523	103473523	103473523	1403	Admin delegada Coinver	COINVER S.A	860072901	Otrosi 7 - administracion delegada para la construccion del urbanismo en las etapas 1 2 3 4 5 y 7; construccion de la planta de tratamiento fase ii y red de 24" acueducto de la ciudadela colsubsidio maipore en soacha. honorarios de septiembre 2022	44835	2022			
1 EJECUTADO	2. PRESUPUESTO COINVER	5. REEMBOLSABLES	1403	COINVER S.A	GENERAL	GENERAL	85827082	85827082	85827082	1403	Admin delegada Coinver	COINVER S.A	860072901	Otrosi 7 - administracion delegada para la construccion del urbanismo en las etapas 1 2 3 4 5 y 7; construccion de la planta de tratamiento fase ii y red de 24" acueducto de la ciudadela colsubsidio maipore en soacha. honorarios de agosto 2022	44835	2022			
1 EJECUTADO	2. PRESUPUESTO COINVER	5. REEMBOLSABLES	1403	COINVER S.A	GENERAL	GENERAL	43251297	43251297	43251297	1403	Admin delegada Coinver	COINVER S.A	860072901	Otrosi 7 - administracion delegada para la construccion del urbanismo en las etapas 1 2 3 4 5 y 7; construccion de la planta de tratamiento fase ii y red de 24" acueducto de la ciudadela colsubsidio maipore en soacha. honorarios de agosto 2022	44835	2022			
1 EJECUTADO	2. PRESUPUESTO COINVER	5. REEMBOLSABLES	1403	COINVER S.A	GENERAL	GENERAL	117296562	117296562	117296562	1403	Admin delegada Coinver	COINVER S.A	860072901	Otrosi 7 - administracion delegada para la construccion del urbanismo en las etapas 1 2 3 4 5 y 7; construccion de la planta de tratamiento fase ii y red de 24" acueducto de la ciudadela colsubsidio maipore en soacha. Honorarios de noviembre 2022	44896	2022			
1 EJECUTADO	2. PRESUPUESTO COINVER	5. REEMBOLSABLES	1403	COINVER S.A	GENERAL	GENERAL	90737293	90737293	90737293	1403	Admin delegada Coinver	COINVER S.A	860072901	Otrosi 7 - administracion delegada para la construccion del urbanismo en las etapas 1 2 3 4 5 y 7; construccion de la planta de tratamiento fase ii y red de 24" acueducto de la ciudadela colsubsidio maipore en soacha. honorarios de octubre 2022	44896	2022			
1 EJECUTADO	2. PRESUPUESTO COINVER	5. REEMBOLSABLES	1403	COINVER S.A	GENERAL	GENERAL	75953403	75953403	75953403	1403	Admin delegada Coinver	COINVER S.A	860072901	Otrosi 7 - administracion delegada para la construccion del urbanismo en las etapas 1 2 3 4 5 y 7; construccion de la planta de tratamiento fase II y red de 24" acueducto de la ciudadela colsubsidio maipore en soacha.	44927	2023			
1 EJECUTADO	2. PRESUPUESTO COINVER	5. REEMBOLSABLES	1403	COINVER S.A	GENERAL	GENERAL	64006886	64006886	64006886	1403	Admin delegada Coinver	COINVER S.A	860072901	Otrosi 7 - administracion delegada para la construccion del urbanismo en las etapas 1 2 3 4 5 y 7; construccion de la planta de tratamiento fase II y red de 24" acueducto de la ciudadela colsubsidio maipore en soacha. Honorarios de diciembre 2022	44927	2023			
1 EJECUTADO	2. PRESUPUESTO COINVER	5. REEMBOLSABLES	1403	COINVER S.A	GENERAL	GENERAL	7906727	7906727	7906727	1403	Admin delegada Coinver	COINVER S.A	860072901	Honorarios Febrero 2023	45078	2023			
1 EJECUTADO	2. PRESUPUESTO COINVER	5. REEMBOLSABLES	1423	COINVER S.A	GENERAL	GENERAL	75848403	75848403	75848403	1423	Admin delegada Coinver	COINVER S.A	860072901	Honorarios febrero 2023	45078	2023			
1 EJECUTADO	2. PRESUPUESTO COINVER	5. REEMBOLSABLES	1423	COINVER S.A	GENERAL	GENERAL	75848403	75848403	75848403	1423	Admin delegada Coinver	COINVER S.A	860072901	Contrato administracion delegada construccion urbanismo etapas 2 4 5 y 7 ciudadela colsubsidio maipore coinver sa correspondientes a reembolsables enero 2023.	45078	2023			
1 EJECUTADO	2. PRESUPUESTO COINVER	5. REEMBOLSABLES	1423	COINVER S.A	GENERAL	GENERAL	82064971	82064971	82064971	1423	Admin delegada Coinver	COINVER S.A	860072901	Administración delegada obras de urbanismo ciudadela maipore etapas 1 2 3 4 y 7 ciudadela maipore - soacha - honorarios marzo 2023	45078	2023			
1 EJECUTADO	2. PRESUPUESTO COINVER	5. REEMBOLSABLES	1423	COINVER S.A	GENERAL	GENERAL	87669357	87669357	87669357	1423	Admin delegada Coinver	COINVER S.A	860072901	Administración delegada obras de urbanismo ciudadela maipore etapas 1 2 3 4 y 7 Ciudadela Maipore - soacha - honorarios abril 2023	45108	2023			
1 EJECUTADO	2. PRESUPUESTO COINVER	5. REEMBOLSABLES	1423	COINVER S.A	GENERAL	GENERAL	222894926	222894926	222894926	1423	Admin delegada Coinver	COINVER S.A	860072901	Administración delegada obras de urbanismo ciudadela maipore etapas 1 2 3 4 y 7 Ciudadela Maipore - soacha - honorarios mayo - junio 2023	45170	2023			
1 EJECUTADO	2. PRESUPUESTO COINVER	5. REEMBOLSABLES	1423	COINVER S.A	GENERAL	GENERAL	106106628	106106628	106106628	1423	Admin delegada Coinver	COINVER S.A	860072901	Administración delegada obras de urbanismo ciudadela Maipore etapas 1 2 3 4 y 7 Ciudadela Maipore - Soacha . Honorarios de Julio 2023	45231	2023			
1 EJECUTADO	2. PRESUPUESTO COINVER	5. REEMBOLSABLES	1423	COINVER S.A	GENERAL	GENERAL	123197247	123197247	123197247	1423	Admin delegada Coinver	COINVER S.A	860072901	Administración delegada obras de urbanismo Ciudadela Maipore etapas 1 2 3 4 y 7 Ciudadela Maipore - Soacha . Honorarios de Agosto 2023	45231	2023			
1 EJECUTADO	2. PRESUPUESTO COINVER	5. REEMBOLSABLES	1423	COINVER S.A	GENERAL	GENERAL	106329035	106329035	106329035	1423	Admin delegada Coinver	COINVER S.A	860072901	Administración delegada obras de urbanism o ciudadela m aipore etapas 1 2 3 4 y 7 Ciudadela Maipore - Soacha. Honorarios de septiembre 2023	45292	2024			
1 EJECUTADO	2. PRESUPUESTO COINVER	5. REEMBOLSABLES	1423	COINVER S.A	GENERAL	GENERAL	117382731	117382731	0	1423	Admin delegada Coinver	COINVER S.A	860072901	Administración delegada obras de urbanism o ciudadela m aipore etapas 1 2 3 4 y 7 Ciudadela Maipore - Soacha. Honorarios de octubre 2023	45323	2024			
1 EJECUTADO	2. PRESUPUESTO COINVER	5. REEMBOLSABLES	1423	COINVER S.A	GENERAL	GENERAL	94415573	94415573	0	1423	Admin delegada Coinver	COINVER S.A	860072901	Administración delegada obras de urbanism o ciudadela m aipore etapas 1 2 3 4 y 7 Ciudadela Maipore - Soacha. Honorarios de noviembre 2023	45323	2024			
1 EJECUTADO	2. PRESUPUESTO COINVER	5. REEMBOLSABLES	1423	COINVER S.A	GENERAL	GENERAL	7863981	7863981	0	1423	Admin delegada Coinver	COINVER S.A	860072901	Administración delegada obras de urbanismo Ciudadela Maipore etapas 1 2 3 4 y 7 Ciudadela Maipore - Soacha. Honorarios de enero 2024	45383	2024			
1 EJECUTADO	2. PRESUPUESTO COINVER	5. REEMBOLSABLES	1423	COINVER S.A	GENERAL	GENERAL	72492742	72492742	0	1423	Admin delegada Coinver	COINVER S.A	860072901	Otrosi 14 al cc-2019-002459 construccion urbanismo etapas 2 4 5 y 7 de la ptar fase ii y red de 24 acueducto Maipore	45383	2024			
1 EJECUTADO	2. PRESUPUESTO COINVER	5. REEMBOLSABLES	1423	COINVER S.A	GENERAL	GENERAL	10981779	10981779	0	1423	Admin delegada Coinver	COINVER S.A	860072901	Administración delegada obras de urbanismo Ciudadela Maipore etapas 1 2 3 4 y 7 Ciudadela Maipore - Soacha. Honorarios de febrero 2024	45383	2024			
1 EJECUTADO	2. PRESUPUESTO COINVER	5. REEMBOLSABLES	1423	COINVER S.A	GENERAL	GENERAL	72492742	72492742	0	1423	Admin delegada Coinver	COINVER S.A	860072901	Administración delegada obras de urbanismo Ciudadela Maipore etapas 1 2 3 4 y 7 Ciudadela Maipore - Soacha. Reembolsales de enero 2024	45383	2024			
1 EJECUTADO	2. PRESUPUESTO COINVER	5. REEMBOLSABLES	1423	COINVER S.A	GENERAL	GENERAL	72492742	72492742	0	1423	Admin delegada Coinver	COINVER S.A	860072901	Administración delegada obras de urbanismo Ciudadela Maipore etapas 1 2 3 4 y 7 Ciudadela Maipore - Soacha. Reembolsales de febrero 2024	45383	2024			
1 EJECUTADO	2. PRESUPUESTO COINVER	5. REEMBOLSABLES	1423	COINVER S.A	GENERAL	GENERAL	37288662	37288662	0	1423	Admin delegada Coinver	COINVER S.A	860072901	Administración delegada obras de urbanismo Ciudadela Maipore etapas 1 2 3 4 y 7 Ciudadela Maipore - Soacha. Honorarios de noviembre 2023	45383	2024			
1 EJECUTADO	2. PRESUPUESTO COINVER	5. REEMBOLSABLES	1423	COINVER S.A	GENERAL	GENERAL	7325552	7325552	0	1423	Admin delegada Coinver	COINVER S.A	860072901	Administración delegada obras de urbanismo Ciudadela Maipore etapas 1 2 3 4 y 7 Ciudadela Maipore - Soacha. Honorarios de marzo 2024.	45413	2024			
1 EJECUTADO	2. PRESUPUESTO COINVER	5. REEMBOLSABLES	1423	COINVER S.A	GENERAL	GENERAL	72492742	72492742	0	1423	Admin delegada Coinver	COINVER S.A	860072901	Administración delegada obras de urbanismo Ciudadela Maipore etapas 1 2 3 4 y 7 Ciudadela Maipore - Soacha. Reembolsables de marzo 2024.	45413	2024			
1 EJECUTADO	2. PRESUPUESTO COINVER	5. REEMBOLSABLES	1423	COINVER S.A	GENERAL	GENERAL	70725132	70725132	0	1423	Admin delegada Coinver	COINVER S.A	860072901	Administración delegada obras de urbanismo ciudadela maipore etapas 1 2 3 4 y 7 Ciudadela Maipore - Soacha Reembolsables de Abril 2024	45474	2024			
1 EJECUTADO	2. PRESUPUESTO COINVER	5. REEMBOLSABLES	1423	COINVER S.A	GENERAL	GENERAL	2057816	2057816	0	1423	Admin delegada Coinver	COINVER S.A	860072901	Administración delegada obras de urbanismo ciudadela maipore etapas 1 2 3 4 y 7 Ciudadela Maipore - Soacha. Honorarios de abril 2024	45474	2024			
1 EJECUTADO	2. PRESUPUESTO COINVER	5. REEMBOLSABLES	1423	COINVER S.A	GENERAL	GENERAL	15574665	15574665	0	1423	Admin delegada Coinver	COINVER S.A	860072901	Administración delegada obras de urbanismo ciudadela maipore etapas 1 2 3 4 y 7 Ciudadela Maipore - Soacha. Honorarios de abril 2024	45474	2024			
1 EJECUTADO	2. PRESUPUESTO COINVER	5. REEMBOLSABLES	1423	COINVER S.A	GENERAL	GENERAL	33001205	33001205	0	1423	Admin delegada Coinver	COINVER S.A	860072901	Administración delegada obras de urbanismo ciudadela maipore etapas 1 2 3 4 y 7 Ciudadela Maipore - Soacha. Rembolsables de mayo 2024	45505	2024			
1 EJECUTADO	2. PRESUPUESTO COINVER	5. REEMBOLSABLES	1423	COINVER S.A	GENERAL	GENERAL	13373009	13373009	0	1423	Admin delegada Coinver	COINVER S.A	860072901	Administración delegada obras de urbanismo ciudadela maipore etapas 1 2 3 4 y 7 Ciudadela Maipore - Soacha. Honorarios de mayo 2024	45505	2024			
1 EJECUTADO	2. PRESUPUESTO COINVER	5. REEMBOLSABLES	1423	COINVER S.A	GENERAL	GENERAL	47885153	47885153	0	1423	Admin delegada Coinver	COINVER S.A	860072901	Otrosi7 al cc-2019-002459 contrato administracion delegada construccion urbanismo etapas 2 4 5 y 7 ciudadela colsubsidio maipore nit 860072901 coinver sa correspondientes a honorarios con valor total de 397612932 meses septiembre 2022 a febrero 2023.	45505	2024			
1 EJECUTADO	2. PRESUPUESTO COINVER	5. REEMBOLSABLES	1423	COINVER S.A	GENERAL	GENERAL	83089984	83089984	0	1423	Admin delegada Coinver	COINVER S.A	860072901	Administración delegada obras de urbanismo ciudadela maipore etapas 1 2 3 4 y 7 Ciudadela Maipore - Soacha. Reembolsables de mayo 2024	45505	2024			
1 EJECUTADO	2. PRESUPUESTO COINVER	5. REEMBOLSABLES	1423	COINVER S.A	GENERAL	GENERAL	18097080	18097080	0	1423	Admin delegada Coinver	COINVER S.A	860072901	Administración delegada obras de urbanismo ciudadela maipore etapas 1 2 3 4 y 7 Ciudadela Maipore - Soacha. Honorarios de junio 2024	45505	2024			
1 EJECUTADO	2. PRESUPUESTO COINVER	5. REEMBOLSABLES	1423	COINVER S.A	GENERAL	GENERAL	39487685	39487685	0	1423	Admin delegada Coinver	COINVER S.A	860072901	Otrosi 16 al cc-2019-002459 construccion urbanismo etapas 2 4 5 y 7 de la ptar fase ii y red de 24 acueducto	45505	2024			
1 EJECUTADO	2. PRESUPUESTO COINVER	5. REEMBOLSABLES	1423	COINVER S.A	GENERAL	GENERAL	36770153	36770153	0	1423	Admin delegada Coinver	COINVER S.A	860072901	Administración delegada obras de urbanismo ciudadela maipore etapas 1 2 3 4 y 7 ciudade la maipore - soacha.reembolsables de septiembre 2024	45536	2024			
1 EJECUTADO	2. PRESUPUESTO COINVER	5. REEMBOLSABLES	1423	COINVER S.A	GENERAL	GENERAL	12726938	12726938	0	1423	Admin delegada Coinver	COINVER S.A	860072901	Administración delegada obras de urbanismo ciudadela maipore etapas 1 2 3 4 y 7 ciudade la maipore - soacha.honorarios de septiembre 2024	45536	2024			
1 EJECUTADO	2. PRESUPUESTO COINVER	5. REEMBOLSABLES	1423	COINVER S.A	GENERAL	GENERAL	22370101	22370101	0	1423	Admin delegada Coinver	COINVER S.A	860072901	ADMINISTRACIÓN DELEGADA OBRAS DE URBANISMO CIUDADELA MAIPORE ETAPAS 1 2 3 4 Y 7 CIUDADE LA MAIPORE - SOACHA. REEMBOLSABLES DE NOVIEMBRE 2024	45667	2025			
1 EJECUTADO	2. PRESUPUESTO COINVER	5. REEMBOLSABLES	1423	COINVER S.A	GENERAL	GENERAL	16785953	16785953	0	1423	Admin delegada Coinver	COINVER S.A	860072901	ADMINISTRACIÓN DELEGADA OBRAS DE URBANISMO CIUDADELA MAIPORE ETAPAS 1 2 3 4 Y 7 CIUDADE LA MAIPORE - SOACHA.HONORARIOS DE OCTUBRE 2024	45689	2025			
1 EJECUTADO	2. PRESUPUESTO COINVER	5. REEMBOLSABLES	1423	COINVER S.A	GENERAL	GENERAL	29371224	29371224	0	1423	Admin delegada Coinver	COINVER S.A	860072901	ADMINISTRACIÓN DELEGADA OBRAS DE URBANISMO CIUDADELA MAIPORE ETAPAS 1 2 3 4 Y 7 CIUDADE LA MAIPORE - SOACHA.HONORARIOS DE NOVIEMBRE 2024	45689	2025			
1 EJECUTADO	2. PRESUPUESTO COINVER	5. REEMBOLSABLES	1423	COINVER S.A	GENERAL	GENERAL	31281593	31281593	0	1423	Admin delegada Coinver	COINVER S.A	860072901	ADMINISTRACIÓN DELEGADA OBRAS DE URBANISMO CIUDADELA MAIPORE ETAPAS 1 2 3 4 Y 7 CIUDADE LA MAIPORE - SOACHA.REEMBOLSABLES DE OCTUBRE 2024	45689	2025			
1 EJECUTADO	2. PRESUPUESTO COINVER	5. REEMBOLSABLES	1423	COINVER S.A	GENERAL	GENERAL	17567922	17567922	0	1423	Admin delegada Coinver	COINVER S.A	860072901	ADMINISTRACIÓN DELEGADA OBRAS DE URBANISMO CIUDADELA MAIPORE ETAPAS 1 2 3 4 Y 7 CIUDADE LA MAIPORE - SOACHA.HONORARIOS DICIEMBRE 2024 Y ENERO 2025	45721	2025			
1 EJECUTADO	2. PRESUPUESTO COINVER	5. REEMBOLSABLES	1423	COINVER S.A	GENERAL	GENERAL	5456951	5456951	0	1423	Admin delegada Coinver	COINVER S.A	860072901	ADMINISTRACIÓN DELEGADA OBRAS DE URBANISMO CIUDADELA MAIPORE ETAPAS 1 2 3 4 Y 7 CIUDADE LA MAIPORE - SOACHA. HONORARIOS FEBRERO 2025	45748	2025			
1 EJECUTADO	2. PRESUPUESTO COINVER	5. REEMBOLSABLES	1423	COINVER S.A	GENERAL	GENERAL	15635725	0	0	1423	Admin delegada Coinver	COINVER S.A	860072901	ADMINISTRACIÓN DELEGADA OBRAS DE URBANISMO CIUDADELA MAIPORE ETAPAS 1 2 3 4 Y 7 CIUDADE LA MAIPORE - SOACHA. HONORARIOS MARZO/ABRIL 2025	45826	2025			Pago del archivo de actas jul/2026 que no esta en la BD de Lugel: sin desembolso registrado
1 EJECUTADO	2. PRESUPUESTO COINVER	5. REEMBOLSABLES	1423	COINVER S.A	GENERAL	GENERAL	3245688	0	0	1423	Admin delegada Coinver	COINVER S.A	860072901	ADMINISTRACIÓN DELEGADA OBRAS DE URBANISMO CIUDADELA MAIPORE ETAPAS 1 2 3 4 Y 7 CIUDADE LA MAIPORE - SOACHA. HONORARIOS MAYO 2025	45847	2025			Pago del archivo de actas jul/2026 que no esta en la BD de Lugel: sin desembolso registrado
1 EJECUTADO	2. PRESUPUESTO COINVER	5. REEMBOLSABLES	1423	COINVER S.A	GENERAL	GENERAL	28714908	0	0	1423	Admin delegada Coinver	COINVER S.A	860072901	ADMINISTRACIÓN DELEGADA OBRAS DE URBANISMO CIUDADELA MAIPORE ETAPAS 1 2 3 4 Y 7 CIUDADE LA MAIPORE - SOACHA. HONORARIOS JUNIO, JULIO Y AGOSTO 2025.	45933	2025			Pago del archivo de actas jul/2026 que no esta en la BD de Lugel: sin desembolso registrado
1 EJECUTADO	2. PRESUPUESTO COINVER	5. REEMBOLSABLES	1423	COINVER S.A	GENERAL	GENERAL	11865031	0	0	1423	Admin delegada Coinver	COINVER S.A	860072901	ADMINISTRACIÓN DELEGADA OBRAS DE URBANISMO CIUDADELA MAIPORE ETAPAS 1 2 3 4 Y 7 CIUDADELA MAIPORE - SOACHA	46008	2025			Pago del archivo de actas jul/2026 que no esta en la BD de Lugel: sin desembolso registrado
1 EJECUTADO	2. PRESUPUESTO COINVER	5. REEMBOLSABLES	1423	COINVER S.A	GENERAL	GENERAL	568911768	0	0	1423	Admin delegada Coinver	COINVER S.A	860072901	ADMINISTRACIÓN DELEGADA OBRAS DE URBANISMO CIUDADELA MAIPORE ETAPAS 1 2 3 4 Y 7 CIUDADELA MAIPORE - SOACHA	46204	2026			Pago del archivo de actas jul/2026 que no esta en la BD de Lugel: sin desembolso registrado
1 EJECUTADO	2. PRESUPUESTO COINVER	5. REEMBOLSABLES	1440	COINVER S.A	GENERAL	GENERAL	22724681	22724681	0	1440	Admin delegada Coinver	COINVER S.A	860072901	Administración delegada obras de urbanismo Ciudadela Maipore etapas 1 2 3 4 y 7 ciudade la maipore - soacha. Honorarios de agosto 2024.	45536	2024			
1 EJECUTADO	2. PRESUPUESTO COINVER	5. REEMBOLSABLES	1440	COINVER S.A	GENERAL	GENERAL	39519587	39519587	0	1440	Admin delegada Coinver	COINVER S.A	860072901	Administración delegada obras de urbanismo ciudadela maipore etapas 1 2 3 4 y 7 ciudade la maipore - soacha. Reembolsables de agosto 2024.	45536	2024			
1 EJECUTADO	3. PRESUPUESTO PAYC	1. HONORARIOS Y REEMBOLSABLES PAYC	1403	PAYC SAS	GENERAL	GENERAL	45264332	45264332	45264332	1403	Interventoria Coinver	PAYC SAS	860077099	Interventoria Tecnica, Administrativa, Financiera, Legal Y Ambiental Para El Proyecto Urbanismo Ciudadela Colsubsidio Maipore En Soacha.	44409	2021			
1 EJECUTADO	3. PRESUPUESTO PAYC	1. HONORARIOS Y REEMBOLSABLES PAYC	1403	PAYC SAS	GENERAL	GENERAL	45264332	45264332	45264332	1403	Interventoria Coinver	PAYC SAS	860077099	Interventoria Tecnica, Administrativa, Financiera, Legal Y Ambiental Para El Proyecto Urbanismo Ciudadela Colsubsidio Maipore En Soacha.	44409	2021			
1 EJECUTADO	3. PRESUPUESTO PAYC	1. HONORARIOS Y REEMBOLSABLES PAYC	1403	PAYC SAS	GENERAL	GENERAL	45264332	45264332	45264332	1403	Interventoria Coinver	PAYC SAS	860077099	Interventoria Tecnica, Administrativa, Financiera, Legal Y Ambiental Para El Proyecto Urbanismo Ciudadela Colsubsidio Maipore En Soacha.	44501	2021			
1 EJECUTADO	3. PRESUPUESTO PAYC	1. HONORARIOS Y REEMBOLSABLES PAYC	1403	PAYC SAS	GENERAL	GENERAL	45264332	45264332	45264332	1403	Interventoria Coinver	PAYC SAS	860077099	Interventoria Tecnica, Administrativa, Financiera, Legal Y Ambiental Para El Proyecto Urbanismo Ciudadela Colsubsidio Maipore En Soacha.	44501	2021			
1 EJECUTADO	3. PRESUPUESTO PAYC	1. HONORARIOS Y REEMBOLSABLES PAYC	1403	PAYC SAS	GENERAL	GENERAL	45264332	45264332	45264332	1403	Interventoria Coinver	PAYC SAS	860077099	Interventoria tecnica, administrativa, financiera, legal y ambiental para el proyecto urbanismo Ciudadela Colsubsidio Maipore en Soacha.	44531	2021			
1 EJECUTADO	3. PRESUPUESTO PAYC	1. HONORARIOS Y REEMBOLSABLES PAYC	1403	PAYC SAS	GENERAL	GENERAL	45264332	45264332	45264332	1403	Interventoria Coinver	PAYC SAS	860077099	Interventoria tecnica, administrativa, financiera, legal y ambiental para el proyecto urbanismo ciudadela colsubsidio maipore en soacha.Periodo Octubre	44562	2022			
1 EJECUTADO	3. PRESUPUESTO PAYC	1. HONORARIOS Y REEMBOLSABLES PAYC	1403	PAYC SAS	GENERAL	GENERAL	45264332	45264332	45264332	1403	Interventoria Coinver	PAYC SAS	860077099	CONTRATO CC-2021-003283 - DE INTERVENTORIA TECNICA, ADMINISTRATIVA, FINANCIERA, LEGAL Y AMBIENTAL PARA EL PROYECTO URBANISMO Maipore	44621	2022			
1 EJECUTADO	3. PRESUPUESTO PAYC	1. HONORARIOS Y REEMBOLSABLES PAYC	1403	PAYC SAS	GENERAL	GENERAL	30176221	30176221	30176221	1403	Interventoria Coinver	PAYC SAS	860077099	otrosi 1 - interventoria tecnica, administrativa, financiera, legal y ambiental para el proyecto urbanismo ciudadela colsubsidio maipore en soacha.	44682	2022			
1 EJECUTADO	3. PRESUPUESTO PAYC	1. HONORARIOS Y REEMBOLSABLES PAYC	1403	PAYC SAS	GENERAL	GENERAL	58566885	58566885	58566885	1403	Interventoria Coinver	PAYC SAS	860077099	Otrosi 1 - interventoria tecnica, administrativa, financiera, legal y ambiental para el proyecto urbanismo ciudadela colsubsidio maipore en soacha. Periodo febrero 2022	44713	2022			
1 EJECUTADO	3. PRESUPUESTO PAYC	1. HONORARIOS Y REEMBOLSABLES PAYC	1403	PAYC SAS	GENERAL	GENERAL	71005883	71005883	71005883	1403	Interventoria Coinver	PAYC SAS	860077099	Otrosi 1 - interventoria tecnica, administrativa, financiera, legal y ambiental para el proyecto urbanismo ciudadela colsubsidio maipore en soacha. Periodo marzo 2022	44713	2022			
1 EJECUTADO	3. PRESUPUESTO PAYC	1. HONORARIOS Y REEMBOLSABLES PAYC	1403	PAYC SAS	GENERAL	GENERAL	69148048	69148048	69148048	1403	Interventoria Coinver	PAYC SAS	860077099	Otrosi 2 - interventoria tecnica, administrativa, financiera, legal y ambiental proyecto urbanismo ciudadela colsubsidio maipore en soacha. periodo junio 2022	44774	2022			
1 EJECUTADO	3. PRESUPUESTO PAYC	1. HONORARIOS Y REEMBOLSABLES PAYC	1403	PAYC SAS	GENERAL	GENERAL	140509514	140509514	140509514	1403	Interventoria Coinver	PAYC SAS	860077099	Otrosi 1 - interventoria tecnica, administrativa, financiera, legal y ambiental para el proyecto urbanismo ciudadela colsubsidio maipore en soacha. - Periodo Abril 2022	44774	2022			
1 EJECUTADO	3. PRESUPUESTO PAYC	1. HONORARIOS Y REEMBOLSABLES PAYC	1403	PAYC SAS	GENERAL	GENERAL	68776481	68776481	68776481	1403	Interventoria Coinver	PAYC SAS	860077099	Otrosi 2 - interventoria tecnica, administrativa, financiera, legal y ambiental proyecto urbanismo ciudadela colsubsidio maipore en soacha. periodo julio 2022	44805	2022			
1 EJECUTADO	3. PRESUPUESTO PAYC	1. HONORARIOS Y REEMBOLSABLES PAYC	1403	PAYC SAS	GENERAL	GENERAL	63034143	63034143	63034143	1403	Interventoria Coinver	PAYC SAS	860077099	Otrosi 2 - interventoria tecnica, administrativa, financiera, legal y ambiental proyecto urbanismo ciudadela colsubsidio maipore en soacha.- Periodo agosto 2022	44835	2022			
1 EJECUTADO	3. PRESUPUESTO PAYC	1. HONORARIOS Y REEMBOLSABLES PAYC	1403	PAYC SAS	GENERAL	GENERAL	70256121	70256121	70256121	1403	Interventoria Coinver	PAYC SAS	860077099	Otrosi 2 - interventoria tecnica, administrativa, financiera, legal y ambiental proyecto urbanismo ciudadela colsubsidio maipore en soacha.- Periodo septiembre 2022	44866	2022			
1 EJECUTADO	3. PRESUPUESTO PAYC	1. HONORARIOS Y REEMBOLSABLES PAYC	1403	PAYC SAS	GENERAL	GENERAL	65196888	65196888	65196888	1403	Interventoria Coinver	PAYC SAS	860077099	Otrosi 2 - interventoria tecnica, administrativa, financiera, legal y ambiental proyecto urbanismo ciudadela colsubsidio maipore en soacha. Periodo noviembre 2022	44927	2023			
1 EJECUTADO	3. PRESUPUESTO PAYC	1. HONORARIOS Y REEMBOLSABLES PAYC	1403	PAYC SAS	GENERAL	GENERAL	66132433	66132433	66132433	1403	Interventoria Coinver	PAYC SAS	860077099	Otrosi 2 - interventoria tecnica, administrativa, financiera, legal y ambiental proyecto urbanismo ciudadela colsubsidio maipore en soacha. Periodo octubre 2022	44927	2023			
1 EJECUTADO	3. PRESUPUESTO PAYC	1. HONORARIOS Y REEMBOLSABLES PAYC	1423	PAYC SAS	GENERAL	GENERAL	51519745	51519745	51519745	1423	Interventoria Coinver	PAYC SAS	860077090	Otrosi 3 - interventoria tecnica administrativa financiera legal y ambiental urbanismo ciudadela colsubsidio maiporePAYC SAS sas. honorarios diciembre 2022	45078	2023			
1 EJECUTADO	3. PRESUPUESTO PAYC	1. HONORARIOS Y REEMBOLSABLES PAYC	1423	PAYC SAS	GENERAL	GENERAL	55652073	55652073	55652073	1423	Interventoria Coinver	PAYC SAS	860077090	Otrosi 2 - interventoria tecnica administrativa financiera legal y ambiental urbanismo ciudadela colsubsidio maiporePAYC SAS sas	45078	2023			
1 EJECUTADO	3. PRESUPUESTO PAYC	1. HONORARIOS Y REEMBOLSABLES PAYC	1423	PAYC SAS	GENERAL	GENERAL	18214507	18214507	18214507	1423	Interventoria Coinver	PAYC SAS	860077090	Realizar la Interventoría Técnica, Administrativa, Financiera, Legal y Ambiental para continuar con la ejecución del proyecto urbanístico denominado Urbanismo Ciudadela Colsubsidio Maiporé, en el que se desarrollarán las etapas 1, 2, 3, 4 y 7, la Red Acueducto 24" y la Construcción de la Planta de Tratamiento PTAR Fase II. Honorarios de Junio 2023	45231	2023			
1 EJECUTADO	3. PRESUPUESTO PAYC	1. HONORARIOS Y REEMBOLSABLES PAYC	1423	PAYC SAS	GENERAL	GENERAL	83938290	83938290	83938290	1423	Interventoria Coinver	PAYC SAS	860077090	Realizar la Interventoría Técnica, Administrativa, Financiera, Legal y Ambiental para continuar con la ejecución del proyecto urbanístico denominado Urbanismo Ciudadela Colsubsidio Maiporé, en el que se desarrollarán las etapas 1, 2, 3, 4 y 7, la Red Acueducto 24" y la Construcción de la Planta de Tratamiento PTAR Fase II. Honorarios de Mayo 2023	45231	2023			
1 EJECUTADO	3. PRESUPUESTO PAYC	1. HONORARIOS Y REEMBOLSABLES PAYC	1423	PAYC SAS	GENERAL	GENERAL	120508148	120508148	120508148	1423	Interventoria Coinver	PAYC SAS	860077090	Realizar la Interventoría Técnica, Administrativa, Financiera, Legal y Ambiental para continuar con la ejecución del proyecto urbanístico denominado Urbanismo Ciudadela Colsubsidio Maiporé, en el que se desarrollarán las etapas 1, 2, 3, 4 y 7, la Red Acueducto 24" y la Construcción de la Planta de Tratamiento PTAR Fase II.	45231	2023			
1 EJECUTADO	3. PRESUPUESTO PAYC	1. HONORARIOS Y REEMBOLSABLES PAYC	1423	PAYC SAS	GENERAL	GENERAL	18214507	18214507	18214507	1423	Interventoria Coinver	PAYC SAS	860077090	Realizar la Interventoría Técnica, Administrativa, Financiera, Legal y Ambiental para continuar con la ejecución del proyecto urbanístico denominado Urbanismo Ciudadela Colsubsidio Maiporé, en el que se desarrollarán las etapas 1, 2, 3, 4 y 7, la Red Acueducto 24" y la Construcción de la Planta de Tratamiento PTAR Fase II.	45231	2023			
1 EJECUTADO	3. PRESUPUESTO PAYC	1. HONORARIOS Y REEMBOLSABLES PAYC	1423	PAYC SAS	GENERAL	GENERAL	18214507	18214507	18214507	1423	Interventoria Coinver	PAYC SAS	860077090	Realizar la Interventoría Técnica, Administrativa, Financiera, Legal y Ambiental para continuar con la ejecución del proyecto urbanístico denominado Urbanismo Ciudadela Colsubsidio Maiporé, en el que se desarrollarán las etapas 1, 2, 3, 4 y 7, la Red Acueducto 24" y la construcciòn de la planta de tratamiento PTAR Fase II. Honorarios de Agosto 2023	45261	2023			
1 EJECUTADO	3. PRESUPUESTO PAYC	1. HONORARIOS Y REEMBOLSABLES PAYC	1423	PAYC SAS	GENERAL	GENERAL	18214507	18214507	18214507	1423	Interventoria Coinver	PAYC SAS	860077090	Realizar la Interventoría Técnica, Administrativa, Financiera, Legal y Ambiental para continuar con la ejecución del proyecto urbanístico denominado Urbanismo Ciudadela Colsubsidio Maiporé, en el que se desarrollarán las etapas 1, 2, 3, 4 y 7, la Red Acueducto 24" y la construcciòn de la planta de tratamiento PTAR Fase II. Honorarios de Julio 2023	45261	2023			
1 EJECUTADO	3. PRESUPUESTO PAYC	1. HONORARIOS Y REEMBOLSABLES PAYC	1423	PAYC SAS	GENERAL	GENERAL	83938290	83938290	83938290	1423	Interventoria Coinver	PAYC SAS	860077090	Realizar la Interventoría Técnica, Administrativa, Financiera, Legal y Ambiental para continuar con la ejecución del proyecto urbanístico denominado Urbanismo Ciudadela Colsubsidio Maiporé, en el que se desarrollarán las etapas 1, 2, 3, 4 y 7, la Red Acueducto 24" y la construcciòn de la planta de tratamiento PTAR Fase II. Nomina correspondiente al periodo de Mayo 16 a 30 de Junio 2023	45261	2023			
1 EJECUTADO	3. PRESUPUESTO PAYC	1. HONORARIOS Y REEMBOLSABLES PAYC	1423	PAYC SAS	GENERAL	GENERAL	83938290	83938290	83938290	1423	Interventoria Coinver	PAYC SAS	860077090	Realizar la Interventoría Técnica, Administrativa, Financiera, Legal y Ambiental para continuar con la ejecución del proyecto urbanístico denominado Urbanismo Ciudadela Colsubsidio Maiporé, en el que se desarrollarán las etapas 1, 2, 3, 4 y 7, la Red Acueducto 24" y la construcciòn de la planta de tratamiento PTAR Fase II. Nomina correspondiente al periodo de 1 de Julio al 15 de Agosto 2023	45261	2023			
1 EJECUTADO	3. PRESUPUESTO PAYC	1. HONORARIOS Y REEMBOLSABLES PAYC	1423	PAYC SAS	GENERAL	GENERAL	83938290	83938290	83938290	1423	Interventoria Coinver	PAYC SAS	860077099	Realizar la Interventoría Técnica, Administrativa, Financiera, Legal y Ambiental para continuar con la ejecución del proyecto urbanístico denominado Urbanismo Ciudadela Colsubsidio Maiporé, en el que se desarrollarán las etapas 1, 2, 3, 4 y 7, la Red Acueducto 24" y la Construcción de la Planta de Tratamiento PTAR Fase II. Nomina correspondiente al periodo del 16 de Agosto al 30 de septiembre del 2023	45292	2024			
1 EJECUTADO	3. PRESUPUESTO PAYC	1. HONORARIOS Y REEMBOLSABLES PAYC	1423	PAYC SAS	GENERAL	GENERAL	18214507	18214507	18214507	1423	Interventoria Coinver	PAYC SAS	860077099	Realizar la Interventoría Técnica, Administrativa, Financiera, Legal y Ambiental para continuar con la ejecución del proyecto urbanístico denominado Urbanismo Ciudadela Colsubsidio Maiporé, en el que se desarrollarán las etapas 1, 2, 3, 4 y 7, la Red Acueducto 24" y la Construcción de la Planta de Tratamiento PTAR Fase II. Honorarios del periodo 01 al 30 Septiembre 2023	45292	2024			
1 EJECUTADO	3. PRESUPUESTO PAYC	1. HONORARIOS Y REEMBOLSABLES PAYC	1423	PAYC SAS	GENERAL	GENERAL	27321760	27321760	0	1423	Interventoria Coinver	PAYC SAS	860077099	Realizar la Interventoría Técnica, Administrativa, Financiera, Legal y Ambiental para continuar con la ejecución del proyecto urbanístico denominado Urbanismo Ciudadela Colsubsidio Maiporé, en el que se desarrollarán las etapas 1, 2, 3, 4 y 7, la Red Acueducto 24" y la Construcción de la Planta de Tratamiento PTAR Fase II.Honorarios del periodo 01 al 30 noviembre 2023	45383	2024			
1 EJECUTADO	3. PRESUPUESTO PAYC	1. HONORARIOS Y REEMBOLSABLES PAYC	1423	PAYC SAS	GENERAL	GENERAL	58865121	58865121	0	1423	Interventoria Coinver	PAYC SAS	860077099	Realizar la Interventoría Técnica, Administrativa, Financiera, Legal y Ambiental para continuar con la ejecución del proyecto urbanístico denominado Urbanismo Ciudadela Colsubsidio Maiporé, en el que se desarrollarán las etapas 1, 2, 3, 4 y 7, la Red Acueducto 24" y la Construcción de la Planta de Tratamiento PTAR Fase II.Nomina correspondiente al periodo del 15 de noviembre al 31 de diciembre del 2023	45383	2024			
1 EJECUTADO	3. PRESUPUESTO PAYC	1. HONORARIOS Y REEMBOLSABLES PAYC	1423	PAYC SAS	GENERAL	GENERAL	27321760	27321760	0	1423	Interventoria Coinver	PAYC SAS	860077099	Realizar la Interventoría Técnica, Administrativa, Financiera, Legal y Ambiental para continuar con la ejecución del proyecto urbanístico denominado Urbanismo Ciudadela Colsubsidio Maiporé, en el que se desarrollarán las etapas 1, 2, 3, 4 y 7, la Red Acueducto 24" y la Construcción de la Planta de Tratamiento PTAR Fase II.Honorarios del periodo 01 al 30 octubre 2023	45383	2024			
1 EJECUTADO	3. PRESUPUESTO PAYC	1. HONORARIOS Y REEMBOLSABLES PAYC	1423	PAYC SAS	GENERAL	GENERAL	19644140	19644140	0	1423	Interventoria Coinver	PAYC SAS	860077099	Realizar la Interventoría Técnica, Administrativa, Financiera, Legal y Ambiental para continuar con la ejecución del proyecto urbanístico denominado Urbanismo Ciudadela Colsubsidio Maiporé, en el que se desarrollarán las etapas 1, 2, 3, 4 y 7, la Red Acueducto 24" y la Construcción de la Planta de Tratamiento PTAR Fase II.Nomina correspondiente al periodo del 1 de octubre al 15 de noviembre del 2023	45383	2024			
1 EJECUTADO	3. PRESUPUESTO PAYC	1. HONORARIOS Y REEMBOLSABLES PAYC	1423	PAYC SAS	GENERAL	GENERAL	61552179	61552179	0	1423	Interventoria Coinver	PAYC SAS	860077099	Realizar la Interventoría Técnica, Administrativa, Financiera, Legal y Ambiental para continuar con la ejecución del proyecto urbanístico denominado Urbanismo Ciudadela Colsubsidio Maiporé, en el que se desarrollarán las etapas 1, 2, 3, 4 y 7, la Red Acueducto 24" y la Construcción de la Planta de Tratamiento PTAR Fase II.Nomina correspondiente al periodo del 1 de octubre al 15 de noviembre del 2023	45383	2024			
1 EJECUTADO	3. PRESUPUESTO PAYC	1. HONORARIOS Y REEMBOLSABLES PAYC	1423	PAYC SAS	GENERAL	GENERAL	18214507	18214507	0	1423	Interventoria Coinver	PAYC SAS	860077099	Realizar la interventoría técnica, administrativ a, financiera, legal y ambiental para continuar con la ejecución del proyecto urbanístico denominado urbanismo Ciudadela Colsubsidio Maiporé, en el que se desarrollarán las etapas 1, 2, 3, 4 y 7, la red acueducto 24" y la construcción de la planta de tratamiento ptar fase II. Honorarios de Enero 2024	45413	2024			
1 EJECUTADO	3. PRESUPUESTO PAYC	1. HONORARIOS Y REEMBOLSABLES PAYC	1423	PAYC SAS	GENERAL	GENERAL	44626933	44626933	0	1423	Interventoria Coinver	PAYC SAS	860077099	Realizar la Interventoría Técnica, Administrativ a, Financiera, Legal y Ambiental para continuar con la ejecución del proyecto urbanístico denominado Urbanismo Ciudadela Colsubsidio Maiporé, en el que se desarrollarán las etapas 1, 2, 3, 4 y 7, la Red Acueducto 24" y la Construcción de la Planta de Tratamiento PTAR Fase II - Honorarios de Enero 2024	45413	2024			
1 EJECUTADO	3. PRESUPUESTO PAYC	1. HONORARIOS Y REEMBOLSABLES PAYC	1423	PAYC SAS	GENERAL	GENERAL	18214507	18214507	0	1423	Interventoria Coinver	PAYC SAS	860077099	Realizar la Interventoría Técnica, Administrativ a, Financiera, Legal y Ambiental para continuar con la ejecución del proyecto urbanístico denominado Urbanismo Ciudadela Colsubsidio Maiporé, en el que se desarrollarán las etapas 1, 2, 3, 4 y 7, la Red Acueducto 24" y la Construcción de la Planta de Tratamiento PTAR Fase II	45474	2024			
1 EJECUTADO	3. PRESUPUESTO PAYC	1. HONORARIOS Y REEMBOLSABLES PAYC	1423	PAYC SAS	GENERAL	GENERAL	31288365	31288365	0	1423	Interventoria Coinver	PAYC SAS	860077099	Realizar la Interventoría Técnica, Administrativ a, Financiera, Legal y Ambiental para continuar con la ejecución del proyecto urbanístico denominado Urbanismo Ciudadela Colsubsidio Maiporé, en el que se desarrollarán las etapas 1, 2, 3, 4 y 7, la Red Acueducto 24" y la Construcción de la Planta de Tratamiento PTAR Fase II.Personal 1 de Febrero de 2024 al 29 de Febrero de 2024	45474	2024			
1 EJECUTADO	3. PRESUPUESTO PAYC	1. HONORARIOS Y REEMBOLSABLES PAYC	1423	PAYC SAS	GENERAL	GENERAL	18214507	18214507	0	1423	Interventoria Coinver	PAYC SAS	860077099	Realizar la Interventoría Técnica, Administrativ a, Financiera, Legal y Ambiental para continuar con la ejecución del proyecto urbanístico denominado Urbanismo Ciudadela Colsubsidio Maiporé, en el que se desarrollarán las etapas 1, 2, 3, 4 y 7, la Red Acueducto 24" y la Construcción de la Planta de Tratamiento PTAR Fase II. Honorarios Marzo 2024	45474	2024			
1 EJECUTADO	3. PRESUPUESTO PAYC	1. HONORARIOS Y REEMBOLSABLES PAYC	1423	PAYC SAS	GENERAL	GENERAL	32338082	32338082	0	1423	Interventoria Coinver	PAYC SAS	860077099	Realizar la Interventoría Técnica, Administrativ a, Financiera, Legal y Ambiental para continuar con la ejecución del proyecto urbanístico denominado Urbanismo Ciudadela Colsubsidio Maiporé, en el que se desarrollarán las etapas 1, 2, 3, 4 y 7, la Red Acueducto 24" y la Construcción de la Planta de Tratamiento PTAR Fase II.Personal 1 de Marzo de 2024 al 31 de Marzo de 2024	45474	2024			
1 EJECUTADO	3. PRESUPUESTO PAYC	1. HONORARIOS Y REEMBOLSABLES PAYC	1423	PAYC SAS	GENERAL	GENERAL	54643520	54643520	0	1423	Interventoria Coinver	PAYC SAS	860077099	Realizar la Interventoría Técnica, Administrativ a, Financiera, Legal y Ambiental para continuar con la ejecución del proyecto urbanístico denominado Urbanismo Ciudadela Colsubsidio Maiporé, en el que se desarrollarán las etapas 1, 2, 3, 4 y 7, la Red Acueducto 24" y la Construcción de la Planta de Tratamiento PTAR Fase II. Honorarios Parcial Abril, Parcial Mayo y Junio 2024	45505	2024			
1 EJECUTADO	3. PRESUPUESTO PAYC	1. HONORARIOS Y REEMBOLSABLES PAYC	1423	PAYC SAS	GENERAL	GENERAL	105493669	105493669	0	1423	Interventoria Coinver	PAYC SAS	860077099	Realizar la Interventoría Técnica, Administrativ a, Financiera, Legal y Ambiental para continuar con la ejecución del proyecto urbanístico denominado Urbanismo Ciudadela Colsubsidio Maiporé, en el que se desarrollarán las etapas 1, 2, 3, 4 y 7, la Red Acueducto 24" y la Construcción de la Planta de Tratamiento PTAR Fase II. Honorarios Parcial Abril, Parcial Mayo y Junio 2024	45505	2024			
1 EJECUTADO	3. PRESUPUESTO PAYC	1. HONORARIOS Y REEMBOLSABLES PAYC	1423	PAYC SAS	GENERAL	GENERAL	50101745	50101745	0	1423	Interventoria Coinver	PAYC SAS	860077099	Realizar la Interventoría Técnica, Administrativ a, Financiera, Legal y Ambiental para continuar con la ejecución del proyecto urbanístico denominado Urbanismo Ciudadela Colsubsidio Maiporé, en el que se desarrollarán las etapas 1, 2, 3, 4 y 7, la Red Acueducto 24" y la Construcción de la Planta de Tratamiento PTAR Fase II.Personal Julio - Agosto 2024	45689	2025			
1 EJECUTADO	3. PRESUPUESTO PAYC	1. HONORARIOS Y REEMBOLSABLES PAYC	1423	PAYC SAS	GENERAL	GENERAL	36429013	36429013	0	1423	Interventoria Coinver	PAYC SAS	860077099	Realizar la Interventoría Técnica, Administrativ a, Financiera, Legal y Ambiental para continuar con la ejecución del proyecto urbanístico denominado Urbanismo Ciudadela Colsubsidio Maiporé, en el que se desarrollarán las etapas 1, 2, 3, 4 y 7, la Red Acueducto 24" y la Construcción de la Planta de Tratamiento PTAR Fase II.Honorarios Julio - Agosto 2024	45689	2025			
