1	2	ACTIVIDADES POR EJECUTAR																																			
2	2.1	PRELIMINARES																																			
3	2.1.1	OBRAS PRELIMINARES																																			
4	2.1.1.1	OBRAS PRELIMINARES GENERALES																																			
5	2.1.1.1.1	Obras preliminares generales	GL	0	0	0	0	0	0	0	0	0	0	0	0	0	0	0	0	0	0	0	0	0	0	0	0	0	0	0	0	0	0	0	0	0	0
2	2.2	PERFILES VIALES (VIAS-ANDENES)																																			
3	2.2.1	ANDENES																																			
4	2.2.1.1	Descapote y nivelación subrasante																																			
5	2.2.1.1.1	Compactación de subrasante (Incluye nivelación)	M2	140.56	0	0	0	0	0	0	0	0	0	0	0	0	0	0	0	0	0	0	0	0	0	0	0	0	0	0	0	0	0	0	0	0	0
5	2.2.1.1.2	Descapote mecánico de material vegetal (Incluye cargue y retiro externo)	M2	140.56	0	0	0	0	0	0	0	0	0	0	0	0	0	0	0	0	0	0	0	0	0	0	0	0	0	0	0	0	0	0	0	0	0
4	2.2.1.2	Suministro																																			
5	2.2.1.2.1	Adoquín gris 10x20x6	UN	3648	0	0	0	0	0	0	0	0	0	0	0	0	0	0	0	0	0	0	0	0	0	0	0	0	0	0	0	0	0	0	0	0	0
5	2.2.1.2.7	Loseta lisa 20x20x6	UN	1496	0	0	0	0	0	0	0	0	0	0	0	0	0	0	0	0	0	0	0	0	0	0	0	0	0	0	0	0	0	0	0	0	0
5	2.2.1.2.2	Loseta toperol 20x20x6	UN	195	0	0	0	0	0	0	0	0	0	0	0	0	0	0	0	0	0	0	0	0	0	0	0	0	0	0	0	0	0	0	0	0	0
5	2.2.1.2.3	Loseta guía 20x20x6	UN	195	0	0	0	0	0	0	0	0	0	0	0	0	0	0	0	0	0	0	0	0	0	0	0	0	0	0	0	0	0	0	0	0	0
5	2.2.1.2.4	Bordillo prefabricado A-80	UN	49	0	0	0	0	0	0	0	0	0	0	0	0	0	0	0	0	0	0	0	0	0	0	0	0	0	0	0	0	0	0	0	0	0
5	2.2.1.2.5	Transporte de prefabricados	KG	0	0	0	0	0	0	0	0	0	0	0	0	0	0	0	0	0	0	0	0	0	0	0	0	0	0	0	0	0	0	0	0	0	0
5	2.2.1.2.6	Arena de nivelación	M3	5.6219999999999999	0	0	0	0	0	0	0	0	0	0	0	0	0	0	0	0	0	0	0	0	0	0	0	0	0	0	0	0	0	0	0	0	0
4	2.2.1.7	Instalación																																			
5	2.2.1.7.1	M.O. localización y replanteo	M2	140.56	0	0	0	0	0	0	0	0	0	0	0	0	0	0	0	0	0	0	0	0	0	0	0	0	0	0	0	0	0	0	0	0	0
5	2.2.1.7.2	M.O. instalación de adoquín y tabletas	M2	140.56	0	0	0	0	0	0	0	0	0	0	0	0	0	0	0	0	0	0	0	0	0	0	0	0	0	0	0	0	0	0	0	0	0
5	2.2.1.7.3	M.O. nivelación con arena	M2	140.56	0	0	0	0	0	0	0	0	0	0	0	0	0	0	0	0	0	0	0	0	0	0	0	0	0	0	0	0	0	0	0	0	0
5	2.2.1.7.4	M.O. instalación de bordillo prefabricado	ML	39.03	0	0	0	0	0	0	0	0	0	0	0	0	0	0	0	0	0	0	0	0	0	0	0	0	0	0	0	0	0	0	0	0	0
5	2.2.1.7.5	M.O. instalación de loseta guía y toperol	ML	156.24	0	0	0	0	0	0	0	0	0	0	0	0	0	0	0	0	0	0	0	0	0	0	0	0	0	0	0	0	0	0	0	0	0
4	2.2.1.3	Excavaciones y rellenos																																			
5	2.2.1.3.1	Excavación mecánica en material común (Incluye cargue, transporte y disposición externa)	M3	5.59	0	0	0	0	0	0	0	0	0	0	0	0	0	0	0	0	0	0	0	0	0	0	0	0	0	0	0	0	0	0	0	0	0
5	2.2.1.3.2	Relleno con material seleccionado B-200	M3	5.44	0	0	0	0	0	0	0	0	0	0	0	0	0	0	0	0	0	0	0	0	0	0	0	0	0	0	0	0	0	0	0	0	0
5	2.2.1.3.3	Suministro y colocación de recebo	M3	0	0	0	0	0	0	0	0	0	0	0	0	0	0	0	0	0	0	0	0	0	0	0	0	0	0	0	0	0	0	0	0	0	0
4	2.2.1.5	Granulares																																			
5	2.2.1.4.1	Subbase granular SBG	M3	70.28	0	0	0	0	0	0	0	0	0	0	0	0	0	0	0	0	0	0	0	0	0	0	0	0	0	0	0	0	0	0	0	0	0
5	2.2.1.4.4	Geotextil tejido 2100	M2	161.64400000000001	0	0	0	0	0	0	0	0	0	0	0	0	0	0	0	0	0	0	0	0	0	0	0	0	0	0	0	0	0	0	0	0	0
4	2.2.1.6	Arborización																																			
5	2.2.1.6.1	Suministro e instalación de árbol	UN	0	0	0	0	0	0	0	0	0	0	0	0	0	0	0	0	0	0	0	0	0	0	0	0	0	0	0	0	0	0	0	0	0	0
4	2.2.1.8	Mobiliario																																			
5	2.2.1.8.7	Suministro e instalación de banca en concreto con espaldar M-30	UN	0	0	0	0	0	0	0	0	0	0	0	0	0	0	0	0	0	0	0	0	0	0	0	0	0	0	0	0	0	0	0	0	0	0
5	2.2.1.8.8	Suministro e instalación de banca L=2,06m (CIO106682)	UN	0	0	0	0	0	0	0	0	0	0	0	0	0	0	0	0	0	0	0	0	0	0	0	0	0	0	0	0	0	0	0	0	0	0
5	2.2.1.8.9	Suministro e instalación de dos canecas M-121	UN	0	0	0	0	0	0	0	0	0	0	0	0	0	0	0	0	0	0	0	0	0	0	0	0	0	0	0	0	0	0	0	0	0	0
5	2.2.1.8.11	Suministro e instalación de protector de árbol de dos tubos Tipo M-91	UN	0	0	0	0	0	0	0	0	0	0	0	0	0	0	0	0	0	0	0	0	0	0	0	0	0	0	0	0	0	0	0	0	0	0
5	2.2.1.8.12	Suministro y construcción de contenedor de raíces (Dimensiones: 2,0x1,2m). Incluye tierra negra	UN	0	0	0	0	0	0	0	0	0	0	0	0	0	0	0	0	0	0	0	0	0	0	0	0	0	0	0	0	0	0	0	0	0	0
5	2.2.1.6.8	Suministro y construcción de contenedor de raíces Tipo A (2,00x2,20)m	UN	0	0	0	0	0	0	0	0	0	0	0	0	0	0	0	0	0	0	0	0	0	0	0	0	0	0	0	0	0	0	0	0	0	0
5	2.2.1.6.9	Suministro y construcción de contenedor de raíces Tipo B (1,50x2,20)m	UN	0	0	0	0	0	0	0	0	0	0	0	0	0	0	0	0	0	0	0	0	0	0	0	0	0	0	0	0	0	0	0	0	0	0
5	2.2.1.6.10	Suministro y construcción de contenedor de raíces Tipo C (1,20x2,20)m	UN	0	0	0	0	0	0	0	0	0	0	0	0	0	0	0	0	0	0	0	0	0	0	0	0	0	0	0	0	0	0	0	0	0	0
5	2.2.1.6.11	Suministro y construcción de contenedor de raíces Tipo D (0,84x4,20)m	UN	0	0	0	0	0	0	0	0	0	0	0	0	0	0	0	0	0	0	0	0	0	0	0	0	0	0	0	0	0	0	0	0	0	0
5	2.2.1.6.12	Suministro y construcción de contenedor de raíces Tipo E (0,70x4,20)m	UN	0	0	0	0	0	0	0	0	0	0	0	0	0	0	0	0	0	0	0	0	0	0	0	0	0	0	0	0	0	0	0	0	0	0
5	2.2.1.6.13	Suministro y construcción de contenedor de raíces Tipo F (0,70x4,20)m	UN	0	0	0	0	0	0	0	0	0	0	0	0	0	0	0	0	0	0	0	0	0	0	0	0	0	0	0	0	0	0	0	0	0	0
3	2.2.2	VÍA																																			
4	2.2.2.1	Descapote y nivelación subrasante																																			
5	2.2.2.1.1	Compactación de subrasante (Incluye nivelación)	M2	2202.5419999999999	0	0	0	0	0	0	1152.232	0	0	0	0	0	2075.0239999999999	0	0	0	2115.8159999999998	0	0	0	0	0	0	0	0	0	0	0	0	0	0	0	0
5	2.2.2.1.2	Descapote mecánico de material vegetal (Incluye cargue y retiro externo)	M2	2202.5419999999999	0	0	0	0	0	0	1152.232	0	0	0	0	0	2075.0239999999999	0	0	0	2115.8159999999998	0	0	0	0	0	0	0	0	0	0	0	0	0	0	0	0
4	2.2.2.2	Acabados																																			
5	2.2.2.2.1	Grano de caucho reciclado	M3	0	0	0	0	0	0	0	0	0	0	0	0	0	0	0	0	0	0	0	0	0	0	0	0	0	0	0	0	0	0	0	0	0	0
5	2.2.2.2.2	Transporte de equipos para asfaltos	VJ	0	0	0	0	0	0	0	0	0	0	0	0	0	0	0	0	0	0	0	0	0	0	0	0	0	0	0	0	0	0	0	0	0	0
4	2.2.2.7	Instalación																																			
5	2.2.2.7.1	M.O. instalación de sardinel prefabricado	ML	522.17000000000007	0	0	0	0	0	0	0	0	0	0	0	0	95.85	0	0	0	488.84000000000003	0	0	0	0	0	0	0	0	0	0	0	0	0	0	0	0
4	2.2.2.3	Mezclas asfálticas																																			
5	2.2.2.3.1	Suministro y colocación de Emulsión Asfáltica de Rompimiento Lento CRL-1 (Imprimación)	M2	1674.1410000000001	0	0	0	0	0	0	906.35199999999998	0	0	0	0	0	1645.825	0	0	0	1612.0640000000001	0	0	0	0	0	0	0	0	0	0	0	0	0	0	0	0
5	2.2.2.3.2	Suministro y colocación de Emulsión Asfáltica de Rompimiento rápido CRR-2 (Riego de liga)	M2	1674.1410000000001	0	0	0	0	0	0	906.35199999999998	0	0	0	0	0	1645.825	0	0	0	1612.0640000000001	0	0	0	0	0	0	0	0	0	0	0	0	0	0	0	0
5	2.2.2.3.5	Suministro, extendida y compactación de Rodadura Asfáltica MDC-19	M3	83.706999999999994	0	0	0	0	0	0	45.317999999999998	0	0	0	0	0	82.290999999999997	0	0	0	80.602999999999994	0	0	0	0	0	0	0	0	0	0	0	0	0	0	0	0
5	2.2.2.3.6	Suministro, extendida y compactación de Capa intermedia asfáltica MDC-25	M3	83.706999999999994	0	0	0	0	0	0	45.317999999999998	0	0	0	0	0	82.290999999999997	0	0	0	80.602999999999994	0	0	0	0	0	0	0	0	0	0	0	0	0	0	0	0
5	2.2.2.3.7	Sardinel prefabricado A-10	UN	655	0	0	0	0	0	0	0	0	0	0	0	0	122	0	0	0	613	0	0	0	0	0	0	0	0	0	0	0	0	0	0	0	0
4	2.2.2.5	Excavaciones y rellenos																																			
5	2.2.2.5.1	Excavación mecánica en material común (Incluye cargue, transporte y disposición externa)	M3	3557.2530000000002	0	0	0	0	0	0	1170.2940000000001	0	0	0	0	0	1769.4169999999999	0	0	0	837.01300000000003	0	0	0	0	0	0	0	0	0	0	0	0	0	0	0	0
5	2.2.2.5.2	Suministro y colocación de recebo	M3	0	0	0	0	0	0	0	0	0	0	0	0	0	0	0	0	0	14.621	0	0	0	0	0	0	0	0	0	0	0	0	0	0	0	0
4	2.2.2.6	Granulares																																			
5	2.2.2.6.1	Base granular BG	M3	440.50799999999998	0	0	0	0	0	0	230.446	0	0	0	0	0	415.005	0	0	0	423.16300000000001	0	0	0	0	0	0	0	0	0	0	0	0	0	0	0	0
5	2.2.2.6.2	Subbase granular SBG (sello subrasante)	M3	220.25399999999999	0	0	0	0	0	0	115.223	0	0	0	0	0	207.50200000000001	0	0	0	211.58199999999999	0	0	0	0	0	0	0	0	0	0	0	0	0	0	0	0
5	2.2.2.6.3	Subbase granular SBG	M3	660.76300000000003	0	0	0	0	0	0	345.67	0	0	0	0	0	622.50699999999995	0	0	0	634.745	0	0	0	0	0	0	0	0	0	0	0	0	0	0	0	0
5	2.2.2.6.4	Geotextil tejido 2400	M2	2532.9229999999998	0	0	0	0	0	0	1325.067	0	0	0	0	0	2386.277	0	0	0	2433.1880000000001	0	0	0	0	0	0	0	0	0	0	0	0	0	0	0	0
5	2.2.2.6.5	Piedra rajón (mejoramiento subrasante)	M3	660.76300000000003	0	0	0	0	0	0	345.67	0	0	0	0	0	622.50699999999995	0	0	0	634.745	0	0	0	0	0	0	0	0	0	0	0	0	0	0	0	0
4	2.2.2.8	Drenaje																																			
5	2.2.2.8.2	Suministro e instalación de filtro tipo francés (Ancho=0,30m. Incluye tubo PVC perforado Ø=4", geotextil, arena lavada + gravilla 1/2" 0,60:0,40)	ML	0	0	0	0	0	0	0	0	0	0	0	0	0	0	0	0	0	0	0	0	0	0	0	0	0	0	0	0	0	0	0	0	0	0
3	2.2.3	CICLORRUTA																																			
4	2.2.3.1	Descapote y nivelación subrasante																																			
5	2.2.3.1.1	Compactación de subrasante (Incluye nivelación)	M2	0	0	0	0	0	0	0	0	0	0	0	0	0	0	0	0	0	0	0	0	0	0	0	0	0	0	0	0	0	0	0	0	0	0
5	2.2.3.1.2	Descapote mecánico de material vegetal (Incluye cargue y retiro externo)	M2	0	0	0	0	0	0	0	0	0	0	0	0	0	0	0	0	0	0	0	0	0	0	0	0	0	0	0	0	0	0	0	0	0	0
4	2.2.3.2	Acabados																																			
5	2.2.3.2.2	Suministro, extendida y compactación de Rodadura Asfáltica MD-13	M3	0	0	0	0	0	0	0	0	0	0	0	0	0	0	0	0	0	0	0	0	0	0	0	0	0	0	0	0	0	0	0	0	0	0
5	2.2.3.2.3	Transporte de equipos para asfaltos	VJ	0	0	0	0	0	0	0	0	0	0	0	0	0	0	0	0	0	0	0	0	0	0	0	0	0	0	0	0	0	0	0	0	0	0
5	2.2.3.2.5	Bordillo prefabricado A-80	UN	0	0	0	0	0	0	0	0	0	0	0	0	0	0	0	0	0	0	0	0	0	0	0	0	0	0	0	0	0	0	0	0	0	0
5	2.2.3.2.6	Transporte de prefabricados	KG	0	0	0	0	0	0	0	0	0	0	0	0	0	0	0	0	0	0	0	0	0	0	0	0	0	0	0	0	0	0	0	0	0	0
5		Suministro de cañuela prefabricada	UN																																		
4	2.2.3.5	Instalación																																			
5	2.2.3.5.1	M.O. instalación de bordillo prefabricado	ML	0	0	0	0	0	0	0	0	0	0	0	0	0	0	0	0	0	0	0	0	0	0	0	0	0	0	0	0	0	0	0	0	0	0
5		M.O. instalación de cañuela prefabricada	ML																																		
4	2.2.3.3	Excavaciones y rellenos																																			
5	2.2.3.3.1	Excavación mecánica en material común (Incluye cargue, transporte y disposición externa)	M3	0	0	0	0	0	0	0	0	0	0	0	0	0	0	0	0	0	0	0	0	0	0	0	0	0	0	0	0	0	0	0	0	0	0
5	2.2.3.3.3	Suministro y colocación de recebo B-200	M3	0	0	0	0	0	0	0	0	0	0	0	0	0	0	0	0	0	0	0	0	0	0	0	0	0	0	0	0	0	0	0	0	0	0
4	2.2.3.6	Granulares																																			
5	2.2.3.4.1	Subbase granular SBG	M3	0	0	0	0	0	0	0	0	0	0	0	0	0	0	0	0	0	0	0	0	0	0	0	0	0	0	0	0	0	0	0	0	0	0
5	2.2.3.4.4	Geotextil tejido 2100	M2	0	0	0	0	0	0	0	0	0	0	0	0	0	0	0	0	0	0	0	0	0	0	0	0	0	0	0	0	0	0	0	0	0	0
3	2.2.4	RAMPA VEHICULAR																																			
4	2.2.4.1	Descapote y nivelación subrasante																																			
5	2.2.4.1.1	Compactación de subrasante (Incluye nivelación)	M2	0	0	0	0	0	0	0	0	0	0	0	0	0	0	0	0	0	0	0	0	0	0	0	0	0	0	0	0	0	0	0	0	0	0
5	2.2.4.1.2	Descapote mecánico de material vegetal (Incluye cargue y retiro externo)	M2	0	0	0	0	0	0	0	0	0	0	0	0	0	0	0	0	0	0	0	0	0	0	0	0	0	0	0	0	0	0	0	0	0	0
4	2.2.4.2	Suministro																																			
5	2.2.4.2.1	Suministro pieza remate A-105 para rampa	UN	0	0	0	0	0	0	0	0	0	0	0	0	0	0	0	0	0	0	0	0	0	0	0	0	0	0	0	0	0	0	0	0	0	0
5		Sardinel prefabricado A-10	UN																																		
5	2.2.4.2.2	Suministro sardinel alto A-86 para rampas	UN	0	0	0	0	0	0	0	0	0	0	0	0	0	0	0	0	0	0	0	0	0	0	0	0	0	0	0	0	0	0	0	0	0	0
5	2.2.4.2.3	Suministro sardinel bajo A-85 para rampa	UN	0	0	0	0	0	0	0	0	0	0	0	0	0	0	0	0	0	0	0	0	0	0	0	0	0	0	0	0	0	0	0	0	0	0
5	2.2.4.2.4	Suministro sardinel especial A-100 para rampa	UN	0	0	0	0	0	0	0	0	0	0	0	0	0	0	0	0	0	0	0	0	0	0	0	0	0	0	0	0	0	0	0	0	0	0
5	2.2.5.2.12	Bordillo prefabricado A-80	UN	2	0	0	0	0	0	0	0	0	0	0	0	0	0	0	0	0	0	0	0	0	0	0	0	0	0	0	0	0	0	0	0	0	0
5	2.2.5.2.9	Adoquín gris 10x20x6	UN	0	0	0	0	0	0	0	0	0	0	0	0	0	0	0	0	0	0	0	0	0	0	0	0	0	0	0	0	0	0	0	0	0	0
5	2.2.5.2.15	Loseta lisa 20x20x6	UN	0	0	0	0	0	0	0	0	0	0	0	0	0	0	0	0	0	0	0	0	0	0	0	0	0	0	0	0	0	0	0	0	0	0
5	2.2.5.2.10	Loseta toperol 20x20x6	UN	0	0	0	0	0	0	0	0	0	0	0	0	0	0	0	0	0	0	0	0	0	0	0	0	0	0	0	0	0	0	0	0	0	0
5	2.2.5.2.11	Loseta guía 20x20x6	UN	0	0	0	0	0	0	0	0	0	0	0	0	0	0	0	0	0	0	0	0	0	0	0	0	0	0	0	0	0	0	0	0	0	0
5	2.2.5.2.13	Transporte de prefabricados	KG	0	0	0	0	0	0	0	0	0	0	0	0	0	0	0	0	0	0	0	0	0	0	0	0	0	0	0	0	0	0	0	0	0	0
5	2.2.5.2.14	Arena de nivelación	M3	0	0	0	0	0	0	0	0	0	0	0	0	0	0	0	0	0	0	0	0	0	0	0	0	0	0	0	0	0	0	0	0	0	0
4	2.2.4.7	Instalación																																			
5	2.2.4.7.1	M.O. instalación de adoquín y tabletas	M2	0	0	0	0	0	0	0	0	0	0	0	0	0	0	0	0	0	0	0	0	0	0	0	0	0	0	0	0	0	0	0	0	0	0
5	2.2.4.7.2	M.O. instalación de bordillo prefabricado	ML	0	0	0	0	0	0	0	0	0	0	0	0	0	0	0	0	0	0	0	0	0	0	0	0	0	0	0	0	0	0	0	0	0	0
5	2.2.4.7.3	M.O. instalación de sardinel prefabricado	ML	0	0	0	0	0	0	0	0	0	0	0	0	0	0	0	0	0	0	0	0	0	0	0	0	0	0	0	0	0	0	0	0	0	0
5	2.2.4.7.4	M.O. instalación de loseta guía y toperol	ML	0	0	0	0	0	0	0	0	0	0	0	0	0	0	0	0	0	0	0	0	0	0	0	0	0	0	0	0	0	0	0	0	0	0
5		M.O. localización y replanteo	M2																																		
5		M.O. nivelación con arena	M2																																		
5		M.O. instalación pieza remate A-105	UN																																		
4	2.2.4.5	Excavaciones y rellenos																																			
5	2.2.4.5.1	Excavación mecánica en material común (Incluye cargue, transporte y disposición externa)	M3	0	0	0	0	0	0	0	0	0	0	0	0	0	0	0	0	0	0	0	0	0	0	0	0	0	0	0	0	0	0	0	0	0	0
5	2.2.4.5.2	Suministro y colocación de recebo B-200	M3	0	0	0	0	0	0	0	0	0	0	0	0	0	0	0	0	0	0	0	0	0	0	0	0	0	0	0	0	0	0	0	0	0	0
4	2.2.4.6	Granulares																																			
5	2.2.4.5.5	Subbase granular SBG	M3	0	0	0	0	0	0	0	0	0	0	0	0	0	0	0	0	0	0	0	0	0	0	0	0	0	0	0	0	0	0	0	0	0	0
5	2.2.4.5.4	Geotextil tejido 2100	M2	0	0	0	0	0	0	0	0	0	0	0	0	0	0	0	0	0	0	0	0	0	0	0	0	0	0	0	0	0	0	0	0	0	0
4	2.2.4.8	Mobiliario																																			
5	2.2.4.8.5	Suministro e instalación de bolardo alto en hierro Tipo M-63	UN	0	0	0	0	0	0	0	0	0	0	0	0	0	0	0	0	0	0	0	0	0	0	0	0	0	0	0	0	0	0	0	0	0	0
3	2.2.5	RAMPA PEATONAL																																			
4	2.2.5.1	Descapote y nivelación subrasante																																			
5	2.2.5.1.1	Compactación de subrasante (Incluye nivelación)	M2	0	0	0	0	0	0	0	0	0	0	0	0	0	0	0	0	0	0	0	0	0	0	0	0	0	0	0	0	0	0	0	0	0	0
5	2.2.5.1.2	Descapote mecánico de material vegetal (Incluye cargue y retiro externo)	M2	0	0	0	0	0	0	0	0	0	0	0	0	0	0	0	0	0	0	0	0	0	0	0	0	0	0	0	0	0	0	0	0	0	0
4	2.2.5.2	Suministro																																			
5	2.2.5.2.8	Suministro sardinel alto A-86 para rampas	ML	0	0	0	0	0	0	0	0	0	0	0	0	0	0	0	0	0	0	0	0	0	0	0	0	0	0	0	0	0	0	0	0	0	0
5	2.2.5.2.9	Suministro sardinel bajo A-85 para rampa	UN	0	0	0	0	0	0	0	0	0	0	0	0	0	0	0	0	0	0	0	0	0	0	0	0	0	0	0	0	0	0	0	0	0	0
5	2.2.5.2.10	Suministro sardinel especial A-100 para rampa	UN	0	0	0	0	0	0	0	0	0	0	0	0	0	0	0	0	0	0	0	0	0	0	0	0	0	0	0	0	0	0	0	0	0	0
5	2.2.5.2.11	Suministro y construcción de remate de rampa en concreto fundido en sitio	M2	0	0	0	0	0	0	0	0	0	0	0	0	0	0	0	0	0	0	0	0	0	0	0	0	0	0	0	0	0	0	0	0	0	0
5	2.2.5.2.9	Adoquín gris 10x20x6	UN	0	0	0	0	0	0	0	0	0	0	0	0	0	0	0	0	0	0	0	0	0	0	0	0	0	0	0	0	0	0	0	0	0	0
5	2.2.5.2.10	Loseta toperol 20x20x6	UN	0	0	0	0	0	0	0	0	0	0	0	0	0	0	0	0	0	0	0	0	0	0	0	0	0	0	0	0	0	0	0	0	0	0
5	2.2.5.2.11	Loseta guía 20x20x6	UN	0	0	0	0	0	0	0	0	0	0	0	0	0	0	0	0	0	0	0	0	0	0	0	0	0	0	0	0	0	0	0	0	0	0
5	2.2.5.2.12	Bordillo prefabricado A-80	UN	2	0	0	0	0	0	0	0	0	0	0	0	0	0	0	0	0	0	0	0	0	0	0	0	0	0	0	0	0	0	0	0	0	0
5	2.2.5.2.13	Transporte de prefabricados	KG	0	0	0	0	0	0	0	0	0	0	0	0	0	0	0	0	0	0	0	0	0	0	0	0	0	0	0	0	0	0	0	0	0	0
5	2.2.5.2.14	Arena de nivelación	M3	0	0	0	0	0	0	0	0	0	0	0	0	0	0	0	0	0	0	0	0	0	0	0	0	0	0	0	0	0	0	0	0	0	0
5	2.2.5.2.15	Loseta lisa 20x20x6	UN	0	0	0	0	0	0	0	0	0	0	0	0	0	0	0	0	0	0	0	0	0	0	0	0	0	0	0	0	0	0	0	0	0	0
4	2.2.5.6	Instalación																																			
5	2.2.5.6.1	M.O. localización y replanteo	M2	0	0	0	0	0	0	0	0	0	0	0	0	0	0	0	0	0	0	0	0	0	0	0	0	0	0	0	0	0	0	0	0	0	0
5	2.2.5.6.2	M.O. instalación de adoquín y tabletas	M2	0	0	0	0	0	0	0	0	0	0	0	0	0	0	0	0	0	0	0	0	0	0	0	0	0	0	0	0	0	0	0	0	0	0
5	2.2.5.6.3	M.O. nivelación con arena	M2	0	0	0	0	0	0	0	0	0	0	0	0	0	0	0	0	0	0	0	0	0	0	0	0	0	0	0	0	0	0	0	0	0	0
5	2.2.5.6.4	M.O. instalación de bordillo prefabricado	ML	11.9	0	0	0	0	0	0	0	0	0	0	0	0	0	0	0	0	0	0	0	0	0	0	0	0	0	0	0	0	0	0	0	0	0
5	2.2.5.6.5	M.O. instalación de loseta guía y toperol	ML	8	0	0	0	0	0	0	0	0	0	0	0	0	0	0	0	0	0	0	0	0	0	0	0	0	0	0	0	0	0	0	0	0	0
5		M.O. instalación de sardinel prefabricado	ML																																		
4	2.2.5.3	Excavaciones y rellenos																																			
5	2.2.5.3.1	Excavación mecánica en material común (Incluye cargue, transporte y disposición externa)	M3	0	0	0	0	0	0	0	0	0	0	0	0	0	0	0	0	0	0	0	0	0	0	0	0	0	0	0	0	0	0	0	0	0	0
5	2.2.5.3.3	Suministro y colocación de recebo B-200	M3	0	0	0	0	0	0	0	0	0	0	0	0	0	0	0	0	0	0	0	0	0	0	0	0	0	0	0	0	0	0	0	0	0	0
4	2.2.5.5	Granulares																																			
5	2.2.5.4.1	Subbase granular SBG	M3	0	0	0	0	0	0	0	0	0	0	0	0	0	0	0	0	0	0	0	0	0	0	0	0	0	0	0	0	0	0	0	0	0	0
5	2.2.5.4.4	Geotextil tejido 2100	M2	0	0	0	0	0	0	0	0	0	0	0	0	0	0	0	0	0	0	0	0	0	0	0	0	0	0	0	0	0	0	0	0	0	0
4	2.2.5.7	Mobiliario																																			
5	2.2.5.7.6	Suministro e instalación de bolardo alto en hierro Tipo M-63	UN	0	0	0	0	0	0	0	0	0	0	0	0	0	0	0	0	0	0	0	0	0	0	0	0	0	0	0	0	0	0	0	0	0	0
3	2.2.6	PASO PEATONAL SEGURO																																			
4	2.2.6.1	Descapote y nivelación subrasante																																			
5	2.2.6.1.1	Compactación de subrasante (Incluye nivelación)	M2	0	0	0	0	0	0	0	0	0	0	0	0	0	0	0	0	0	0	0	0	0	0	0	0	0	0	0	0	0	0	0	0	0	0
5	2.2.6.1.2	Descapote mecánico de material vegetal (Incluye cargue y retiro externo)	M2	0	0	0	0	0	0	0	0	0	0	0	0	0	0	0	0	0	0	0	0	0	0	0	0	0	0	0	0	0	0	0	0	0	0
4	2.2.6.2	Suministro																																			
5	2.2.6.2.1	Adoquín gris 10x20x6	UN	0	0	0	0	0	0	0	0	0	0	0	0	0	0	0	0	0	0	0	0	0	0	0	0	0	0	0	0	0	0	0	0	0	0
5	2.2.6.2.2	Bordillo prefabricado A-80	UN	0	0	0	0	0	0	0	0	0	0	0	0	0	0	0	0	0	0	0	0	0	0	0	0	0	0	0	0	0	0	0	0	0	0
5	2.2.6.2.3	Transporte de prefabricados	KG	0	0	0	0	0	0	0	0	0	0	0	0	0	0	0	0	0	0	0	0	0	0	0	0	0	0	0	0	0	0	0	0	0	0
5	2.2.6.2.4	Arena de nivelación	M3	0	0	0	0	0	0	0	0	0	0	0	0	0	0	0	0	0	0	0	0	0	0	0	0	0	0	0	0	0	0	0	0	0	0
4	2.2.6.5	Instalación																																			
5	2.2.6.5.1	M.O. localización y replanteo	M2	0	0	0	0	0	0	0	0	0	0	0	0	0	0	0	0	0	0	0	0	0	0	0	0	0	0	0	0	0	0	0	0	0	0
5	2.2.6.5.2	M.O. instalación de adoquín y tabletas	M2	0	0	0	0	0	0	0	0	0	0	0	0	0	0	0	0	0	0	0	0	0	0	0	0	0	0	0	0	0	0	0	0	0	0
5	2.2.6.5.3	M.O. nivelación con arena	M2	0	0	0	0	0	0	0	0	0	0	0	0	0	0	0	0	0	0	0	0	0	0	0	0	0	0	0	0	0	0	0	0	0	0
5	2.2.6.5.4	M.O. instalación de bordillo prefabricado	ML	0	0	0	0	0	0	0	0	0	0	0	0	0	0	0	0	0	0	0	0	0	0	0	0	0	0	0	0	0	0	0	0	0	0
4	2.2.6.3	Excavaciones y rellenos																																			
5	2.2.6.3.1	Excavación mecánica en material común (Incluye cargue, transporte y disposición externa)	M3	0	0	0	0	0	0	0	0	0	0	0	0	0	0	0	0	0	0	0	0	0	0	0	0	0	0	0	0	0	0	0	0	0	0
5	2.2.6.3.2	Relleno con material seleccionado B-200	M3	0	0	0	0	0	0	0	0	0	0	0	0	0	0	0	0	0	0	0	0	0	0	0	0	0	0	0	0	0	0	0	0	0	0
5	2.2.6.3.3	Suministro y colocación de recebo	M3	0	0	0	0	0	0	0	0	0	0	0	0	0	0	0	0	0	0	0	0	0	0	0	0	0	0	0	0	0	0	0	0	0	0
4	2.2.6.6	Granulares																																			
5	2.2.6.4.1	Subbase granular SBG	M3	0	0	0	0	0	0	0	0	0	0	0	0	0	0	0	0	0	0	0	0	0	0	0	0	0	0	0	0	0	0	0	0	0	0
5	2.2.6.4.4	Geotextil tejido 2100	M2	0	0	0	0	0	0	0	0	0	0	0	0	0	0	0	0	0	0	0	0	0	0	0	0	0	0	0	0	0	0	0	0	0	0
3	2.2.7	ZONA VERDE																																			
4	2.2.7.1	Empradización																																			
5	2.2.7.1.1	Empradización y conformación	M2	0	0	0	0	0	0	0	0	0	0	0	0	0	0	0	0	0	0	0	0	0	0	0	0	0	0	0	0	0	0	0	0	0	0
4	2.2.7.2	Arborización																																			
5	2.2.7.2.1	Suministro e instalación de árbol	UN	0	0	0	0	0	0	0	0	0	0	0	0	0	0	0	0	0	0	0	0	0	0	0	0	0	0	0	0	0	0	0	0	0	0
4		Excavaciones y rellenos																																			
5		Excavación mecánica en material común (Incluye cargue, transporte y disposición externa)	M3																																		
5		Suministro y colocación de recebo B-200	M3																																		
3	2.2.8	SEÑALIZACIÓN Y DEMARCACIÓN																																			
4	2.2.8.1	Señalización horizontal																																			
5	2.2.8.1.1	Cruce ciclorruta por calzada (0,4m x 0,4m) - Pintura de dos componentes metil metacrilato	M2	0	0	0	0	0	0	0	0	0	0	0	0	0	0	0	0	0	0	0	0	0	0	0	0	0	0	0	0	0	0	0	0	0	0
5	2.2.8.1.2	Cruce ciclorruta por calzada (Color azul) - Pintura de dos componentes metil metacrilato	M2	0	0	0	0	0	0	0	0	0	0	0	0	0	0	0	0	0	0	0	0	0	0	0	0	0	0	0	0	0	0	0	0	0	0
5	2.2.8.1.3	Demarcación de letras - Pintura acrílica	M2	0	0	0	0	0	0	0	0	0	0	0	0	0	0	0	0	0	0	0	0	0	0	0	0	0	0	0	0	0	0	0	0	0	0
5	2.2.8.1.4	Demarcación de rampas de pompeyano (Color amarillo) - Pintura de dos componentes metil metacrilato	M2	0	0	0	0	0	0	0	0	0	0	0	0	0	0	0	0	0	0	0	0	0	0	0	0	0	0	0	0	0	0	0	0	0	0
5	2.2.8.1.5	Demarcación máxima velocidad permitida (20 km/h) - Pintura de dos componentes metil metacrilato	M2	0	0	0	0	0	0	0	0	0	0	0	0	0	0	0	0	0	0	0	0	0	0	0	0	0	0	0	0	0	0	0	0	0	0
5	2.2.8.1.6	Flecha a la derecha - Pintura de dos componentes metil metacrilato	M2	0	0	0	0	0	0	0	0	0	0	0	0	0	0	0	0	0	0	0	0	0	0	0	0	0	0	0	0	0	0	0	0	0	0
5	2.2.8.1.7	Flecha a la derecha o a la izquierda - Pintura de dos componentes metil metacrilato	M2	0	0	0	0	0	0	0	0	0	0	0	0	0	0	0	0	0	0	0	0	0	0	0	0	0	0	0	0	0	0	0	0	0	0
5	2.2.8.1.8	Flecha a la izquierda - Pintura de dos componentes metil metacrilato	M2	0	0	0	0	0	0	0	0	0	0	0	0	0	0	0	0	0	0	0	0	0	0	0	0	0	0	0	0	0	0	0	0	0	0
5	2.2.8.1.9	Flecha de frente - Pintura de dos componentes metil metacrilato	M2	0	0	0	0	0	0	0	0	0	0	0	0	0	0	0	0	0	0	0	0	0	0	0	0	0	0	0	0	0	0	0	0	0	0
5	2.2.8.1.10	Flecha de frente o a la derecha - Pintura de dos componentes metil metacrilato	M2	0	0	0	0	0	0	0	0	0	0	0	0	0	0	0	0	0	0	0	0	0	0	0	0	0	0	0	0	0	0	0	0	0	0
5	2.2.8.1.11	Flecha de frente o a la izquierda - Pintura de dos componentes metil metacrilato	M2	0	0	0	0	0	0	0	0	0	0	0	0	0	0	0	0	0	0	0	0	0	0	0	0	0	0	0	0	0	0	0	0	0	0
5	2.2.8.1.12	Flecha de frente para ciclocarril - Pintura acrílica	M2	0	0	0	0	0	0	0	0	0	0	0	0	0	0	0	0	0	0	0	0	0	0	0	0	0	0	0	0	0	0	0	0	0	0
5	2.2.8.1.13	Flecha de frente, a la derecha o a la izquierda - Pintura de dos componentes metil metacrilato	M2	0	0	0	0	0	0	0	0	0	0	0	0	0	0	0	0	0	0	0	0	0	0	0	0	0	0	0	0	0	0	0	0	0	0
5	2.2.8.1.14	Línea cebreada para paso de peatones (a=0,4m) - Pintura de dos componentes metil metacrilato	M2	0	0	0	0	0	0	0	0	0	0	0	0	0	0	0	0	0	0	0	0	0	0	0	0	0	0	0	0	0	0	0	0	0	0
5	2.2.8.1.15	Línea continua de color amarillo - Pintura de dos componentes metil metacrilato (a=0,12m)	ML	0	0	0	0	0	0	0	0	0	0	0	0	0	0	0	0	0	0	0	0	0	0	0	0	0	0	0	0	0	0	0	0	0	0
5	2.2.8.1.16	Línea continua de color amarillo - Pintura de dos componentes metil metacrilato (a=0,15m)	ML	0	0	0	0	0	0	0	0	0	0	0	0	0	0	0	0	0	0	0	0	0	0	0	0	0	0	0	0	0	0	0	0	0	0
5	2.2.8.1.17	Línea continua de color blanco - Pintura de dos componentes metil metacrilato (a=0,12m)	ML	0	0	0	0	0	0	0	0	0	0	0	0	0	0	0	0	0	0	0	0	0	0	0	0	0	0	0	0	0	0	0	0	0	0
5	2.2.8.1.18	Línea continua de color blanco para ciclorruta - Pintura acrílica (a=0,10m)	ML	0	0	0	0	0	0	0	0	0	0	0	0	0	0	0	0	0	0	0	0	0	0	0	0	0	0	0	0	0	0	0	0	0	0
5	2.2.8.1.19	Línea de Pare - Pintura acrílica (a=0,2m)	M2	0	0	0	0	0	0	0	0	0	0	0	0	0	0	0	0	0	0	0	0	0	0	0	0	0	0	0	0	0	0	0	0	0	0
5	2.2.8.1.20	Línea de Pare - Pintura de dos componentes metil metacrilato (a=0,6m)	M2	0	0	0	0	0	0	0	0	0	0	0	0	0	0	0	0	0	0	0	0	0	0	0	0	0	0	0	0	0	0	0	0	0	0
5	2.2.8.1.21	Línea discontinua de color amarillo para ciclorruta 1m x 2m - Pintura acrílica (a=0,10m)	ML	0	0	0	0	0	0	0	0	0	0	0	0	0	0	0	0	0	0	0	0	0	0	0	0	0	0	0	0	0	0	0	0	0	0
5	2.2.8.1.22	Línea discontinua de color blanco 1m x 1m - Pintura de dos componentes metil metacrilato (a=0,20m)	ML	0	0	0	0	0	0	0	0	0	0	0	0	0	0	0	0	0	0	0	0	0	0	0	0	0	0	0	0	0	0	0	0	0	0
5	2.2.8.1.23	Línea discontinua de color blanco 3m x 5m - Pintura de dos componentes metil metacrilato (a=0,12m)	ML	0	0	0	0	0	0	0	0	0	0	0	0	0	0	0	0	0	0	0	0	0	0	0	0	0	0	0	0	0	0	0	0	0	0
5	2.2.8.1.24	Pictograma de bicicleta - Pintura acrílica	M2	0	0	0	0	0	0	0	0	0	0	0	0	0	0	0	0	0	0	0	0	0	0	0	0	0	0	0	0	0	0	0	0	0	0
5	2.2.8.1.25	Pictograma de cruce peatonal - Pintura de dos componentes metil metacrilato	M2	0	0	0	0	0	0	0	0	0	0	0	0	0	0	0	0	0	0	0	0	0	0	0	0	0	0	0	0	0	0	0	0	0	0
5	2.2.8.1.26	Reproceso de pintura	GL	0	0	0	0	0	0	0	0	0	0	0	0	0	0	0	0	0	0	0	0	0	0	0	0	0	0	0	0	0	0	0	0	0	0
5	2.2.8.1.27	Sentido del tránsito en pompeyanos (Triángulos) - Pintura de dos componentes metil metacrilato	M2	0	0	0	0	0	0	0	0	0	0	0	0	0	0	0	0	0	0	0	0	0	0	0	0	0	0	0	0	0	0	0	0	0	0
5	2.2.8.1.28	Suministro e instalación de resalto en concreto	ML	0	0	0	0	0	0	0	0	0	0	0	0	0	0	0	0	0	0	0	0	0	0	0	0	0	0	0	0	0	0	0	0	0	0
5	2.2.8.1.29	Tacha reflectiva bidireccional (Línea central)	UN	0	0	0	0	0	0	0	0	0	0	0	0	0	0	0	0	0	0	0	0	0	0	0	0	0	0	0	0	0	0	0	0	0	0
5	2.2.8.1.30	Tacha reflectiva bidireccional (Línea de borde)	UN	0	0	0	0	0	0	0	0	0	0	0	0	0	0	0	0	0	0	0	0	0	0	0	0	0	0	0	0	0	0	0	0	0	0
4	2.2.8.2	Señalización vertical																																			
5	2.2.8.2.1	Señal vertical (0,60mx0,60m)	UN	0	0	0	0	0	0	0	0	0	0	0	0	0	0	0	0	0	0	0	0	0	0	0	0	0	0	0	0	0	0	0	0	0	0
5	2.2.8.2.2	Señal vertical ciclorruta doble (0,45m x 0,45m)	UN	0	0	0	0	0	0	0	0	0	0	0	0	0	0	0	0	0	0	0	0	0	0	0	0	0	0	0	0	0	0	0	0	0	0
5	2.2.8.2.3	Señal vertical ciclorruta sencilla "Fin ciclorruta"	UN	0	0	0	0	0	0	0	0	0	0	0	0	0	0	0	0	0	0	0	0	0	0	0	0	0	0	0	0	0	0	0	0	0	0
5	2.2.8.2.4	Señal vertical ciclorruta sencilla "Inicio ciclorruta"	UN	0	0	0	0	0	0	0	0	0	0	0	0	0	0	0	0	0	0	0	0	0	0	0	0	0	0	0	0	0	0	0	0	0	0
5	2.2.8.2.5	Señal vertical ciclorruta sencilla (0,45m x 0,45m)	UN	0	0	0	0	0	0	0	0	0	0	0	0	0	0	0	0	0	0	0	0	0	0	0	0	0	0	0	0	0	0	0	0	0	0
5	2.2.8.2.6	Señal vertical SP-46A / SR-30	UN	0	0	0	0	0	0	0	0	0	0	0	0	0	0	0	0	0	0	0	0	0	0	0	0	0	0	0	0	0	0	0	0	0	0
5	2.2.8.2.7	Señal vertical SPB-03	UN	0	0	0	0	0	0	0	0	0	0	0	0	0	0	0	0	0	0	0	0	0	0	0	0	0	0	0	0	0	0	0	0	0	0
5	2.2.8.2.8	Señal vertical SPB-04	UN	0	0	0	0	0	0	0	0	0	0	0	0	0	0	0	0	0	0	0	0	0	0	0	0	0	0	0	0	0	0	0	0	0	0
5	2.2.8.2.9	Señal vertical SPC-01 / SPC-01	UN	0	0	0	0	0	0	0	0	0	0	0	0	0	0	0	0	0	0	0	0	0	0	0	0	0	0	0	0	0	0	0	0	0	0
5	2.2.8.2.10	Señal vertical SPC-01 / SRC-01	UN	0	0	0	0	0	0	0	0	0	0	0	0	0	0	0	0	0	0	0	0	0	0	0	0	0	0	0	0	0	0	0	0	0	0
5	2.2.8.2.11	Señal vertical ubicación de cruce ciclistas SP-59A	UN	0	0	0	0	0	0	0	0	0	0	0	0	0	0	0	0	0	0	0	0	0	0	0	0	0	0	0	0	0	0	0	0	0	0
5	2.2.8.2.12	Señal vertical ubicación de cruce peatonal SP-46	UN	0	0	0	0	0	0	0	0	0	0	0	0	0	0	0	0	0	0	0	0	0	0	0	0	0	0	0	0	0	0	0	0	0	0
5	2.2.8.2.13	Señal vertical ubicación de cruce peatonal SP-46B	UN	0	0	0	0	0	0	0	0	0	0	0	0	0	0	0	0	0	0	0	0	0	0	0	0	0	0	0	0	0	0	0	0	0	0
2	2.3	EQUIPAMIENTOS (PARQUES-SENDEROS PEATONALES Y PUENTES)																																			
3	2.3.1	PL3																																			
4	2.3.2.1	MOVIMIENTO DE TIERRA																																			
5	2.3.2.1.1	Localizacion y replanteo	M2	0	0	0	0	0	0	0	0	0	0	0	0	0	0	0	0	0	0	0	0	0	0	0	0	0	0	0	0	0	0	0	0	0	8637
5	2.3.2.1.2	Descapote con botadero certificado	M3	0	0	0	0	0	0	0	0	0	0	0	0	0	0	0	0	0	0	0	0	0	0	0	0	0	0	0	0	0	0	0	0	0	8637
5	2.3.2.1.3	Subabase granular SBG-B	M3	0	0	0	0	0	0	0	0	0	0	0	0	0	0	0	0	0	0	0	0	0	0	0	0	0	0	0	0	0	0	0	0	0	12350.91
4	2.3.2.2	ZONAS VERDES																																			
5	2.3.2.2.1	Localizacion y replanteo	M2	0	0	0	0	0	0	0	0	0	0	0	0	0	0	0	0	0	0	0	0	0	0	0	0	0	0	0	0	0	0	0	0	0	4194.78
5	2.3.2.2.2	Relleno Material seleccionado(montañas)	M3	0	0	0	0	0	0	0	0	0	0	0	0	0	0	0	0	0	0	0	0	0	0	0	0	0	0	0	0	0	0	0	0	0	671.35950000000003
5	2.3.2.2.3	Relleno Manual Tierra Negra X 30CM	M3	0	0	0	0	0	0	0	0	0	0	0	0	0	0	0	0	0	0	0	0	0	0	0	0	0	0	0	0	0	0	0	0	0	906.75
5	2.3.2.2.4	Arboles 80 cm	M3	0	0	0	0	0	0	0	0	0	0	0	0	0	0	0	0	0	0	0	0	0	0	0	0	0	0	0	0	0	0	0	0	0	50
5	2.3.2.2.5	Arboles 120 cm	M2	0	0	0	0	0	0	0	0	0	0	0	0	0	0	0	0	0	0	0	0	0	0	0	0	0	0	0	0	0	0	0	0	0	50
5	2.3.2.2.6	Jardineria	M2	0	0	0	0	0	0	0	0	0	0	0	0	0	0	0	0	0	0	0	0	0	0	0	0	0	0	0	0	0	0	0	0	0	1230.3900000000001
5	2.3.2.2.7	Coberturas Zonas Verdes	M2	0	0	0	0	0	0	0	0	0	0	0	0	0	0	0	0	0	0	0	0	0	0	0	0	0	0	0	0	0	0	0	0	0	2964.39
4	2.3.2.3	SENDEROS PEATONALES - Incluye el area de los escalones																																			
5	2.3.2.3.1	Localizacion y replanteo	M2	0	0	0	0	0	0	0	0	0	0	0	0	0	0	0	0	0	0	0	0	0	0	0	0	0	0	0	0	0	0	0	0	0	752.25
5	2.3.2.3.2	Excavacion y retiro a maquina con batadero certificado	M3	0	0	0	0	0	0	0	0	0	0	0	0	0	0	0	0	0	0	0	0	0	0	0	0	0	0	0	0	0	0	0	0	0	810.89125000000001
5	2.3.2.3.3	Subabase granular SBG-B	M3	0	0	0	0	0	0	0	0	0	0	0	0	0	0	0	0	0	0	0	0	0	0	0	0	0	0	0	0	0	0	0	0	0	195.58500000000001
5	2.3.2.3.4	base granular BG	M3	0	0	0	0	0	0	0	0	0	0	0	0	0	0	0	0	0	0	0	0	0	0	0	0	0	0	0	0	0	0	0	0	0	146.68875
5	2.3.2.3.5	Geotextil tejido 2100	M2	0	0	0	0	0	0	0	0	0	0	0	0	0	0	0	0	0	0	0	0	0	0	0	0	0	0	0	0	0	0	0	0	0	752.25
5	2.3.2.3.6	Concreto 3000 psi	M3	0	0	0	0	0	0	0	0	0	0	0	0	0	0	0	0	0	0	0	0	0	0	0	0	0	0	0	0	0	0	0	0	0	78.986249999999998
5	2.3.2.3.7	Malla electrosoldada	KG	0	0	0	0	0	0	0	0	0	0	0	0	0	0	0	0	0	0	0	0	0	0	0	0	0	0	0	0	0	0	0	0	0	6318.9
5	2.3.2.3.8	Mano de obra losa contrapiso	M2	0	0	0	0	0	0	0	0	0	0	0	0	0	0	0	0	0	0	0	0	0	0	0	0	0	0	0	0	0	0	0	0	0	752.25
5	2.3.2.3.9	Separadores losa	UN	0	0	0	0	0	0	0	0	0	0	0	0	0	0	0	0	0	0	0	0	0	0	0	0	0	0	0	0	0	0	0	0	0	1504.5
5	2.3.2.3.10	Cañuela prefabricado	ML	0	0	0	0	0	0	0	0	0	0	0	0	0	0	0	0	0	0	0	0	0	0	0	0	0	0	0	0	0	0	0	0	0	241.7216
5	2.3.2.3.11	Bordillo de confinamiento	ML	0	0	0	0	0	0	0	0	0	0	0	0	0	0	0	0	0	0	0	0	0	0	0	0	0	0	0	0	0	0	0	0	0	899.27840000000003
5	2.3.2.3.12	MO Escobillado concreto	M2	0	0	0	0	0	0	0	0	0	0	0	0	0	0	0	0	0	0	0	0	0	0	0	0	0	0	0	0	0	0	0	0	0	752.25
5	2.3.2.3.13	Señalizacion zonas	GB	0	0	0	0	0	0	0	0	0	0	0	0	0	0	0	0	0	0	0	0	0	0	0	0	0	0	0	0	0	0	0	0	0	1
5	2.3.2.3.14	Canecas tipo idu	UN	0	0	0	0	0	0	0	0	0	0	0	0	0	0	0	0	0	0	0	0	0	0	0	0	0	0	0	0	0	0	0	0	0	12
5	2.3.2.3.15	totem parque	UN	0	0	0	0	0	0	0	0	0	0	0	0	0	0	0	0	0	0	0	0	0	0	0	0	0	0	0	0	0	0	0	0	0	1
5	2.3.2.3.16	Mesa rural con asientos	UN	0	0	0	0	0	0	0	0	0	0	0	0	0	0	0	0	0	0	0	0	0	0	0	0	0	0	0	0	0	0	0	0	0	2
5	2.3.2.3.17	Bancas tipo idu en concreto(sin espaldar)	UN	0	0	0	0	0	0	0	0	0	0	0	0	0	0	0	0	0	0	0	0	0	0	0	0	0	0	0	0	0	0	0	0	0	8
5	2.3.2.3.18	Bancas tipo idu en concreto(con espaldar)	UN	0	0	0	0	0	0	0	0	0	0	0	0	0	0	0	0	0	0	0	0	0	0	0	0	0	0	0	0	0	0	0	0	0	8
4	2.3.2.4	PARQUE DE NIÑOS																																			
5	2.3.2.4.1	Localizacion y replanteo	M2	0	0	0	0	0	0	0	0	0	0	0	0	0	0	0	0	0	0	0	0	0	0	0	0	0	0	0	0	0	0	0	0	0	269.27
5	2.3.2.4.2	Excavacion y retiro a maquina con batadero certificado	M3	0	0	0	0	0	0	0	0	0	0	0	0	0	0	0	0	0	0	0	0	0	0	0	0	0	0	0	0	0	0	0	0	0	178.52601000000001
5	2.3.2.4.3	Subabase granular SBG-B	M3	0	0	0	0	0	0	0	0	0	0	0	0	0	0	0	0	0	0	0	0	0	0	0	0	0	0	0	0	0	0	0	0	0	70.010199999999998
5	2.3.2.4.4	base granular BG	M3	0	0	0	0	0	0	0	0	0	0	0	0	0	0	0	0	0	0	0	0	0	0	0	0	0	0	0	0	0	0	0	0	0	52.507649999999998
5	2.3.2.4.5	Geotextil tejido 2100	M2	0	0	0	0	0	0	0	0	0	0	0	0	0	0	0	0	0	0	0	0	0	0	0	0	0	0	0	0	0	0	0	0	0	282.73349999999999
5	2.3.2.4.6	Concreto 3000 psi	M3	0	0	0	0	0	0	0	0	0	0	0	0	0	0	0	0	0	0	0	0	0	0	0	0	0	0	0	0	0	0	0	0	0	28.273350000000001
5	2.3.2.4.7	Malla electrosoldada	KG	0	0	0	0	0	0	0	0	0	0	0	0	0	0	0	0	0	0	0	0	0	0	0	0	0	0	0	0	0	0	0	0	0	2261.8679999999999
5	2.3.2.4.8	Mano de obra losa contrapiso	M2	0	0	0	0	0	0	0	0	0	0	0	0	0	0	0	0	0	0	0	0	0	0	0	0	0	0	0	0	0	0	0	0	0	269.27
5	2.3.2.4.9	Separadores losa	UN	0	0	0	0	0	0	0	0	0	0	0	0	0	0	0	0	0	0	0	0	0	0	0	0	0	0	0	0	0	0	0	0	0	538.54
5	2.3.2.4.10	Piso en mulch de madera inorganico	M2	0	0	0	0	0	0	0	0	0	0	0	0	0	0	0	0	0	0	0	0	0	0	0	0	0	0	0	0	0	0	0	0	0	282.73349999999999
5	2.3.2.4.11	D5-02 deslizadero recto en polimero	UN	0	0	0	0	0	0	0	0	0	0	0	0	0	0	0	0	0	0	0	0	0	0	0	0	0	0	0	0	0	0	0	0	0	2
5	2.3.2.4.12	D5-03 columpio en canasta	UN	0	0	0	0	0	0	0	0	0	0	0	0	0	0	0	0	0	0	0	0	0	0	0	0	0	0	0	0	0	0	0	0	0	1
5	2.3.2.4.13	D5-05 red piramidal pequeña	UN	0	0	0	0	0	0	0	0	0	0	0	0	0	0	0	0	0	0	0	0	0	0	0	0	0	0	0	0	0	0	0	0	0	1
5	2.3.2.4.14	D5-07 arco con red y rocodromo	UN	0	0	0	0	0	0	0	0	0	0	0	0	0	0	0	0	0	0	0	0	0	0	0	0	0	0	0	0	0	0	0	0	0	1
5	2.3.2.4.15	D5-10,11,12 juegos de muelle	UN	0	0	0	0	0	0	0	0	0	0	0	0	0	0	0	0	0	0	0	0	0	0	0	0	0	0	0	0	0	0	0	0	0	3
5	2.3.2.4.16	D2-01 troncos de equilibrio en madera	UN	0	0	0	0	0	0	0	0	0	0	0	0	0	0	0	0	0	0	0	0	0	0	0	0	0	0	0	0	0	0	0	0	0	1
5	2.3.2.4.17	D2-02 laberinto de troncos	UN	0	0	0	0	0	0	0	0	0	0	0	0	0	0	0	0	0	0	0	0	0	0	0	0	0	0	0	0	0	0	0	0	0	1
4	2.3.2.5	ZONA GYM BIOSALUDABLE																																			
5	2.3.2.5.1	Localizacion y replanteo	M2	0	0	0	0	0	0	0	0	0	0	0	0	0	0	0	0	0	0	0	0	0	0	0	0	0	0	0	0	0	0	0	0	0	51
5	2.3.2.5.2	Excavacion y retiro a maquina con batadero certificado	M3	0	0	0	0	0	0	0	0	0	0	0	0	0	0	0	0	0	0	0	0	0	0	0	0	0	0	0	0	0	0	0	0	0	33.813000000000002
5	2.3.2.5.3	Subabase granular SBG-B	M3	0	0	0	0	0	0	0	0	0	0	0	0	0	0	0	0	0	0	0	0	0	0	0	0	0	0	0	0	0	0	0	0	0	13.26
5	2.3.2.5.4	base granular BG	M3	0	0	0	0	0	0	0	0	0	0	0	0	0	0	0	0	0	0	0	0	0	0	0	0	0	0	0	0	0	0	0	0	0	9.9450000000000003
5	2.3.2.5.5	Geotextil tejido 2100	M2	0	0	0	0	0	0	0	0	0	0	0	0	0	0	0	0	0	0	0	0	0	0	0	0	0	0	0	0	0	0	0	0	0	51
5	2.3.2.5.6	Concreto 3000 psi	M3	0	0	0	0	0	0	0	0	0	0	0	0	0	0	0	0	0	0	0	0	0	0	0	0	0	0	0	0	0	0	0	0	0	5.3550000000000004
5	2.3.2.5.7	Malla electrosoldada	KG	0	0	0	0	0	0	0	0	0	0	0	0	0	0	0	0	0	0	0	0	0	0	0	0	0	0	0	0	0	0	0	0	0	428.4
5	2.3.2.5.8	Mano de obra losa contrapiso	M2	0	0	0	0	0	0	0	0	0	0	0	0	0	0	0	0	0	0	0	0	0	0	0	0	0	0	0	0	0	0	0	0	0	51
5	2.3.2.5.9	Separadores losa	UN	0	0	0	0	0	0	0	0	0	0	0	0	0	0	0	0	0	0	0	0	0	0	0	0	0	0	0	0	0	0	0	0	0	102
5	2.3.2.5.10	superficie en caucho reciclado	M2	0	0	0	0	0	0	0	0	0	0	0	0	0	0	0	0	0	0	0	0	0	0	0	0	0	0	0	0	0	0	0	0	0	3.2130000000000001
5	2.3.2.5.11	Maquinas gym	UN	0	0	0	0	0	0	0	0	0	0	0	0	0	0	0	0	0	0	0	0	0	0	0	0	0	0	0	0	0	0	0	0	0	6
4	2.3.2.6	PISTA DE TROTE																																			
5	2.3.2.6.1	Localizacion y replanteo	M2	0	0	0	0	0	0	0	0	0	0	0	0	0	0	0	0	0	0	0	0	0	0	0	0	0	0	0	0	0	0	0	0	0	252
5	2.3.2.6.2	Excavacion y retiro a maquina con batadero certificado	M3	0	0	0	0	0	0	0	0	0	0	0	0	0	0	0	0	0	0	0	0	0	0	0	0	0	0	0	0	0	0	0	0	0	186.732
5	2.3.2.6.3	Subabase granular SBG-B	M3	0	0	0	0	0	0	0	0	0	0	0	0	0	0	0	0	0	0	0	0	0	0	0	0	0	0	0	0	0	0	0	0	0	163.80000000000001
5	2.3.2.6.4	Geotextil tejido 2100	M2	0	0	0	0	0	0	0	0	0	0	0	0	0	0	0	0	0	0	0	0	0	0	0	0	0	0	0	0	0	0	0	0	0	252
5	2.3.2.6.5	mortero de nivelacion	M3	0	0	0	0	0	0	0	0	0	0	0	0	0	0	0	0	0	0	0	0	0	0	0	0	0	0	0	0	0	0	0	0	0	10.584
5	2.3.2.6.6	superficie en caucho reciclado	M2	0	0	0	0	0	0	0	0	0	0	0	0	0	0	0	0	0	0	0	0	0	0	0	0	0	0	0	0	0	0	0	0	0	252
4	2.3.2.7	BICIPARQUEO																																			
5	2.3.2.7.1	Localizacion y replanteo	M2	0	0	0	0	0	0	0	0	0	0	0	0	0	0	0	0	0	0	0	0	0	0	0	0	0	0	0	0	0	0	0	0	0	106.21
5	2.3.2.7.2	Excavacion y retiro a maquina con batadero certificado	M3	0	0	0	0	0	0	0	0	0	0	0	0	0	0	0	0	0	0	0	0	0	0	0	0	0	0	0	0	0	0	0	0	0	60.539700000000003
5	2.3.2.7.3	Subabase granular SBG-B	M3	0	0	0	0	0	0	0	0	0	0	0	0	0	0	0	0	0	0	0	0	0	0	0	0	0	0	0	0	0	0	0	0	0	53.104999999999997
5	2.3.2.7.4	Geotextil tejido 2100	M2	0	0	0	0	0	0	0	0	0	0	0	0	0	0	0	0	0	0	0	0	0	0	0	0	0	0	0	0	0	0	0	0	0	106.21
5	2.3.2.7.5	mortero de nivelacion	M3	0	0	0	0	0	0	0	0	0	0	0	0	0	0	0	0	0	0	0	0	0	0	0	0	0	0	0	0	0	0	0	0	0	4.2484000000000002
5	2.3.2.7.6	Bicicletero enrollado (capacidad: 11 bicicletas)	UN	0	0	0	0	0	0	0	0	0	0	0	0	0	0	0	0	0	0	0	0	0	0	0	0	0	0	0	0	0	0	0	0	0	37
5	2.3.2.7.7	superficie en ecopavimento	M2	0	0	0	0	0	0	0	0	0	0	0	0	0	0	0	0	0	0	0	0	0	0	0	0	0	0	0	0	0	0	0	0	0	106.21
4	2.3.2.8	CANCHA MULTIPLE NO REGLAMENTARIA																																			
5	2.3.2.8.1	Localizacion y replanteo	M2	0	0	0	0	0	0	0	0	0	0	0	0	0	0	0	0	0	0	0	0	0	0	0	0	0	0	0	0	0	0	0	0	0	608
5	2.3.2.8.2	Descapote con botadero certificado	M2	0	0	0	0	0	0	0	0	0	0	0	0	0	0	0	0	0	0	0	0	0	0	0	0	0	0	0	0	0	0	0	0	0	608
5	2.3.2.8.3	Excavacion y retiro a maquina con batadero certificado	M3	0	0	0	0	0	0	0	0	0	0	0	0	0	0	0	0	0	0	0	0	0	0	0	0	0	0	0	0	0	0	0	0	0	553.28
5	2.3.2.8.4	Geotextil tejido 2400	M2	0	0	0	0	0	0	0	0	0	0	0	0	0	0	0	0	0	0	0	0	0	0	0	0	0	0	0	0	0	0	0	0	0	608
5	2.3.2.8.5	Mejoramiento en rajon 0,25m	M3	0	0	0	0	0	0	0	0	0	0	0	0	0	0	0	0	0	0	0	0	0	0	0	0	0	0	0	0	0	0	0	0	0	197.6
5	2.3.2.8.6	base granular 0,20m idu	M3	0	0	0	0	0	0	0	0	0	0	0	0	0	0	0	0	0	0	0	0	0	0	0	0	0	0	0	0	0	0	0	0	0	158.08000000000001
5	2.3.2.8.7	Subbase granular 0,20m idu	M3	0	0	0	0	0	0	0	0	0	0	0	0	0	0	0	0	0	0	0	0	0	0	0	0	0	0	0	0	0	0	0	0	0	158.08000000000001
5	2.3.2.8.8	Rodadura asfaltica MDC-II de 5.5cm	M2	0	0	0	0	0	0	0	0	0	0	0	0	0	0	0	0	0	0	0	0	0	0	0	0	0	0	0	0	0	0	0	0	0	608
5	2.3.2.8.9	Excavacion manual de vigas cerramiento y zanjas filto perimetral	M3	0	0	0	0	0	0	0	0	0	0	0	0	0	0	0	0	0	0	0	0	0	0	0	0	0	0	0	0	0	0	0	0	0	5.7
5	2.3.2.8.10	Concreto 3000psi impermeabilzado	M3	0	0	0	0	0	0	0	0	0	0	0	0	0	0	0	0	0	0	0	0	0	0	0	0	0	0	0	0	0	0	0	0	0	7.85045454545455
5	2.3.2.8.11	Hierro 60000 psi - losa y vigas	KG	0	0	0	0	0	0	0	0	0	0	0	0	0	0	0	0	0	0	0	0	0	0	0	0	0	0	0	0	0	0	0	0	0	968.48181818181797
5	2.3.2.8.12	Alambre negro	KG	0	0	0	0	0	0	0	0	0	0	0	0	0	0	0	0	0	0	0	0	0	0	0	0	0	0	0	0	0	0	0	0	0	29.054454545454501
5	2.3.2.8.13	MO Dados cerramiento	M3	0	0	0	0	0	0	0	0	0	0	0	0	0	0	0	0	0	0	0	0	0	0	0	0	0	0	0	0	0	0	0	0	0	1.8654545454545499
5	2.3.2.8.14	MO Vigas corridas cimentacion cerramiento	M3	0	0	0	0	0	0	0	0	0	0	0	0	0	0	0	0	0	0	0	0	0	0	0	0	0	0	0	0	0	0	0	0	0	5.7
5	2.3.2.8.15	Sum + MO Bordillo de confinamiento	ML	0	0	0	0	0	0	0	0	0	0	0	0	0	0	0	0	0	0	0	0	0	0	0	0	0	0	0	0	0	0	0	0	0	102
5	2.3.2.8.16	Filtro perimetral a todo costo	ML	0	0	0	0	0	0	0	0	0	0	0	0	0	0	0	0	0	0	0	0	0	0	0	0	0	0	0	0	0	0	0	0	0	102
5	2.3.2.8.17	Sum + Inst malla eslabonada cerramiento de altura 5m -	M2	0	0	0	0	0	0	0	0	0	0	0	0	0	0	0	0	0	0	0	0	0	0	0	0	0	0	0	0	0	0	0	0	0	76
5	2.3.2.8.18	Pintura de trafico peatonal y deportivo antideslizante Demarcacion de cancha	ML	0	0	0	0	0	0	0	0	0	0	0	0	0	0	0	0	0	0	0	0	0	0	0	0	0	0	0	0	0	0	0	0	0	498.56
5	2.3.2.8.19	Arcos metalicos de microfutbol altura 1,80 x 2,5 ancho	UN	0	0	0	0	0	0	0	0	0	0	0	0	0	0	0	0	0	0	0	0	0	0	0	0	0	0	0	0	0	0	0	0	0	2
5	2.3.2.8.20	Tableros para baloncesto	UN	0	0	0	0	0	0	0	0	0	0	0	0	0	0	0	0	0	0	0	0	0	0	0	0	0	0	0	0	0	0	0	0	0	2
4	2.3.2.9	CANCHA SINTETICA																																			
5	2.3.2.9.1	Localizacion y replanteo	M2	0	0	0	0	0	0	0	0	0	0	0	0	0	0	0	0	0	0	0	0	0	0	0	0	0	0	0	0	0	0	0	0	0	2874
5	2.3.2.9.2	Descapote con botadero certificado	M2	0	0	0	0	0	0	0	0	0	0	0	0	0	0	0	0	0	0	0	0	0	0	0	0	0	0	0	0	0	0	0	0	0	2874
5	2.3.2.9.3	Excavacion y retiro a maquina con batadero certificado	M3	0	0	0	0	0	0	0	0	0	0	0	0	0	0	0	0	0	0	0	0	0	0	0	0	0	0	0	0	0	0	0	0	0	1192.71
5	2.3.2.9.4	Acabado sintetico	M2	0	0	0	0	0	0	0	0	0	0	0	0	0	0	0	0	0	0	0	0	0	0	0	0	0	0	0	0	0	0	0	0	0	2874
5	2.3.2.9.5	Riego de arena y caucho	M2	0	0	0	0	0	0	0	0	0	0	0	0	0	0	0	0	0	0	0	0	0	0	0	0	0	0	0	0	0	0	0	0	0	2874
5	2.3.2.9.6	Geotextil tejido 1600	M2	0	0	0	0	0	0	0	0	0	0	0	0	0	0	0	0	0	0	0	0	0	0	0	0	0	0	0	0	0	0	0	0	0	2874
5	2.3.2.9.7	Mejoramiento en gravilla(material de filtro)	M3	0	0	0	0	0	0	0	0	0	0	0	0	0	0	0	0	0	0	0	0	0	0	0	0	0	0	0	0	0	0	0	0	0	452.65499999999997
5	2.3.2.9.8	Geomembrana impermable HDPE 1mm	M2	0	0	0	0	0	0	0	0	0	0	0	0	0	0	0	0	0	0	0	0	0	0	0	0	0	0	0	0	0	0	0	0	0	2874
5	2.3.2.9.9	Subbase granular 0,20m idu	M3	0	0	0	0	0	0	0	0	0	0	0	0	0	0	0	0	0	0	0	0	0	0	0	0	0	0	0	0	0	0	0	0	0	754.42499999999995
5	2.3.2.9.10	Excavacion manual de vigas cerramiento y zanjas filto perimetral	M3	0	0	0	0	0	0	0	0	0	0	0	0	0	0	0	0	0	0	0	0	0	0	0	0	0	0	0	0	0	0	0	0	0	26.4
5	2.3.2.9.11	Concreto 3000psi impermeabilzado	M3	0	0	0	0	0	0	0	0	0	0	0	0	0	0	0	0	0	0	0	0	0	0	0	0	0	0	0	0	0	0	0	0	0	36.36
5	2.3.2.9.12	Hierro 60000 psi - losa y vigas	KG	0	0	0	0	0	0	0	0	0	0	0	0	0	0	0	0	0	0	0	0	0	0	0	0	0	0	0	0	0	0	0	0	0	4485.6000000000004
5	2.3.2.9.13	Alambre negro	KG	0	0	0	0	0	0	0	0	0	0	0	0	0	0	0	0	0	0	0	0	0	0	0	0	0	0	0	0	0	0	0	0	0	134.56800000000001
5	2.3.2.9.14	MO Dados cerramiento	M3	0	0	0	0	0	0	0	0	0	0	0	0	0	0	0	0	0	0	0	0	0	0	0	0	0	0	0	0	0	0	0	0	0	8.64
5	2.3.2.9.15	MO Vigas corridas cimentacion cerramiento	M3	0	0	0	0	0	0	0	0	0	0	0	0	0	0	0	0	0	0	0	0	0	0	0	0	0	0	0	0	0	0	0	0	0	26.4
5	2.3.2.9.16	Sum + Inst malla eslabonada cerramiento de altura 5m -	M2	0	0	0	0	0	0	0	0	0	0	0	0	0	0	0	0	0	0	0	0	0	0	0	0	0	0	0	0	0	0	0	0	0	880
5	2.3.2.9.17	Pintura de trafico peatonal y deportivo antideslizante Demarcacion de cancha	ML	0	0	0	0	0	0	0	0	0	0	0	0	0	0	0	0	0	0	0	0	0	0	0	0	0	0	0	0	0	0	0	0	0	2356.6799999999998
5	2.3.2.9.18	Relleno Manual Tierra Negra X 30CM	M3	0	0	0	0	0	0	0	0	0	0	0	0	0	0	0	0	0	0	0	0	0	0	0	0	0	0	0	0	0	0	0	0	0	124.8
5	2.3.2.9.19	Coberturas Zonas Verdes	M2	0	0	0	0	0	0	0	0	0	0	0	0	0	0	0	0	0	0	0	0	0	0	0	0	0	0	0	0	0	0	0	0	0	416
5	2.3.2.9.20	Arcos metalicos de futbol(incluyen malla)	UN	0	0	0	0	0	0	0	0	0	0	0	0	0	0	0	0	0	0	0	0	0	0	0	0	0	0	0	0	0	0	0	0	0	2
4	2.3.2.10	SKATEPARK																																			
5	2.3.2.10.1	Localizacion y replanteo	M2	0	0	0	0	0	0	0	0	0	0	0	0	0	0	0	0	0	0	0	0	0	0	0	0	0	0	0	0	0	0	0	0	0	367
5	2.3.2.10.2	Descapote con botadero certificado	M2	0	0	0	0	0	0	0	0	0	0	0	0	0	0	0	0	0	0	0	0	0	0	0	0	0	0	0	0	0	0	0	0	0	367
5	2.3.2.10.3	Excavacion y retiro a maquina con batadero certificado	M3	0	0	0	0	0	0	0	0	0	0	0	0	0	0	0	0	0	0	0	0	0	0	0	0	0	0	0	0	0	0	0	0	0	636.13333333333298
5	2.3.2.10.4	Geotextil tejido 2400	M2	0	0	0	0	0	0	0	0	0	0	0	0	0	0	0	0	0	0	0	0	0	0	0	0	0	0	0	0	0	0	0	0	0	530.11111111111097
5	2.3.2.10.5	base granular 0,20m idu	M3	0	0	0	0	0	0	0	0	0	0	0	0	0	0	0	0	0	0	0	0	0	0	0	0	0	0	0	0	0	0	0	0	0	111.323333333333
5	2.3.2.10.6	Excavacion manual de muro contencion con zarpa	M3	0	0	0	0	0	0	0	0	0	0	0	0	0	0	0	0	0	0	0	0	0	0	0	0	0	0	0	0	0	0	0	0	0	72.8
5	2.3.2.10.7	Concreto 3000psi impermeabilzado	M3	0	0	0	0	0	0	0	0	0	0	0	0	0	0	0	0	0	0	0	0	0	0	0	0	0	0	0	0	0	0	0	0	0	182.46222222222201
5	2.3.2.10.8	Hierro 60000 psi - losa y vigas	KG	0	0	0	0	0	0	0	0	0	0	0	0	0	0	0	0	0	0	0	0	0	0	0	0	0	0	0	0	0	0	0	0	0	4179.3555555555604
5	2.3.2.10.9	Alambre negro	KG	0	0	0	0	0	0	0	0	0	0	0	0	0	0	0	0	0	0	0	0	0	0	0	0	0	0	0	0	0	0	0	0	0	125.380666666667
5	2.3.2.10.10	MO Muro contencion con zarpa	M3	0	0	0	0	0	0	0	0	0	0	0	0	0	0	0	0	0	0	0	0	0	0	0	0	0	0	0	0	0	0	0	0	0	76.44
5	2.3.2.10.11	MO Placa de contrapiso	M3	0	0	0	0	0	0	0	0	0	0	0	0	0	0	0	0	0	0	0	0	0	0	0	0	0	0	0	0	0	0	0	0	0	106.022222222222
5	2.3.2.10.12	MO Pulida de concreto con helicoptero	M2	0	0	0	0	0	0	0	0	0	0	0	0	0	0	0	0	0	0	0	0	0	0	0	0	0	0	0	0	0	0	0	0	0	530.11111111111097
5	2.3.2.10.13	Sum + MO Tuberia en acero galvanizado 2"	ML	0	0	0	0	0	0	0	0	0	0	0	0	0	0	0	0	0	0	0	0	0	0	0	0	0	0	0	0	0	0	0	0	0	104
5	2.3.2.10.14	Sum + MO Baranda M-18 tipo idu	ML	0	0	0	0	0	0	0	0	0	0	0	0	0	0	0	0	0	0	0	0	0	0	0	0	0	0	0	0	0	0	0	0	0	62.4
4	2.3.2.11	INSTALACIONES REDES HUMEDAS																																			
5	2.3.2.11.1	Excavacion mecanica material	M3	0	0	0	0	0	0	0	0	0	0	0	0	0	0	0	0	0	0	0	0	0	0	0	0	0	0	0	0	0	0	0	0	0	473.22098000051801
5	2.3.2.11.2	Relleno en recebo b400	M3	0	0	0	0	0	0	0	0	0	0	0	0	0	0	0	0	0	0	0	0	0	0	0	0	0	0	0	0	0	0	0	0	0	34.648800000000001
5	2.3.2.11.3	Relleno en arena peña	M3	0	0	0	0	0	0	0	0	0	0	0	0	0	0	0	0	0	0	0	0	0	0	0	0	0	0	0	0	0	0	0	0	0	103.233115733272
5	2.3.2.11.4	Relleno con mezcla de gravilla de 3/4" y arena de rio	M3	0	0	0	0	0	0	0	0	0	0	0	0	0	0	0	0	0	0	0	0	0	0	0	0	0	0	0	0	0	0	0	0	0	306.89664800000003
5	2.3.2.11.5	Geotextil tejido 2400	M2	0	0	0	0	0	0	0	0	0	0	0	0	0	0	0	0	0	0	0	0	0	0	0	0	0	0	0	0	0	0	0	0	0	243.06720000000001
5	2.3.2.11.6	Mano de obra tuberia novafort 315 mm - 6"	ML	0	0	0	0	0	0	0	0	0	0	0	0	0	0	0	0	0	0	0	0	0	0	0	0	0	0	0	0	0	0	0	0	0	310
5	2.3.2.11.7	Suministro tuberia novafor 315 mm 6"- 6 mts	UN	0	0	0	0	0	0	0	0	0	0	0	0	0	0	0	0	0	0	0	0	0	0	0	0	0	0	0	0	0	0	0	0	0	51.6666666666667
5	2.3.2.11.8	Dren filtro 100 mm(filtro frances)	ML	0	0	0	0	0	0	0	0	0	0	0	0	0	0	0	0	0	0	0	0	0	0	0	0	0	0	0	0	0	0	0	0	0	390
5	2.3.2.11.9	Dren filtro 200 mm (filtro frances)	ML	0	0	0	0	0	0	0	0	0	0	0	0	0	0	0	0	0	0	0	0	0	0	0	0	0	0	0	0	0	0	0	0	0	85
5	2.3.2.11.10	Tuberia plana 12"x1"	ML	0	0	0	0	0	0	0	0	0	0	0	0	0	0	0	0	0	0	0	0	0	0	0	0	0	0	0	0	0	0	0	0	0	203
5	2.3.2.11.11	Empate a punto de conexión	UN	0	0	0	0	0	0	0	0	0	0	0	0	0	0	0	0	0	0	0	0	0	0	0	0	0	0	0	0	0	0	0	0	0	3
5	2.3.2.11.12	Pozo de inspeccion en concreto hmax=2m, tapa en concreto	UN	0	0	0	0	0	0	0	0	0	0	0	0	0	0	0	0	0	0	0	0	0	0	0	0	0	0	0	0	0	0	0	0	0	1
5	2.3.2.11.13	Caja de desague h=1 m, incluye marco y tapa	UN	0	0	0	0	0	0	0	0	0	0	0	0	0	0	0	0	0	0	0	0	0	0	0	0	0	0	0	0	0	0	0	0	0	25
5	2.3.2.11.14	Sumidero de concreto prefabricado	UN	0	0	0	0	0	0	0	0	0	0	0	0	0	0	0	0	0	0	0	0	0	0	0	0	0	0	0	0	0	0	0	0	0	4
4	2.3.2.12	INSTALACIONES REDES ELECTRICAS																																			
5	2.3.2.12.1	INSTALACIONES REDES ELECTRICAS	GB	0	0	0	0	0	0	0	0	0	0	0	0	0	0	0	0	0	0	0	0	0	0	0	0	0	0	0	0	0	0	0	0	0	1
4	2.3.2.13	IMPREVISTOS																																			
5	2.3.2.13.1	IMPREVISTOS	%	0	0	0	0	0	0	0	0	0	0	0	0	0	0	0	0	0	0	0	0	0	0	0	0	0	0	0	0	0	0	0	0	0	0.05
3	2.3.3	PQ10A-PQ10B																																			
4	2.3.3.1	MOVIMIENTO DE TIERRA																																			
5	2.3.3.1.1	Localizacion y replanteo	M2	0	0	0	0	0	0	0	0	0	0	0	0	0	0	0	0	0	0	0	0	0	0	0	0	0	0	0	0	0	0	0	0	0	12417
5	2.3.3.1.2	Descapote con botadero certificado	M3	0	0	0	0	0	0	0	0	0	0	0	0	0	0	0	0	0	0	0	0	0	0	0	0	0	0	0	0	0	0	0	0	0	12417
5	2.3.3.1.3	Subabase granular SBG-B	M3	0	0	0	0	0	0	0	0	0	0	0	0	0	0	0	0	0	0	0	0	0	0	0	0	0	0	0	0	0	0	0	0	0	12913.68
4	2.3.3.2	ZONAS VERDES																																			
5	2.3.3.2.1	Localizacion y replanteo	M2	0	0	0	0	0	0	0	0	0	0	0	0	0	0	0	0	0	0	0	0	0	0	0	0	0	0	0	0	0	0	0	0	0	7295.48
5	2.3.3.2.2	Relleno Material seleccionado(montañas)	M3	0	0	0	0	0	0	0	0	0	0	0	0	0	0	0	0	0	0	0	0	0	0	0	0	0	0	0	0	0	0	0	0	0	1866.48
5	2.3.3.2.3	Relleno Manual Tierra Negra X 30CM	M3	0	0	0	0	0	0	0	0	0	0	0	0	0	0	0	0	0	0	0	0	0	0	0	0	0	0	0	0	0	0	0	0	0	1745.9637
5	2.3.3.2.4	Arboles 80 cm	M3	0	0	0	0	0	0	0	0	0	0	0	0	0	0	0	0	0	0	0	0	0	0	0	0	0	0	0	0	0	0	0	0	0	60
5	2.3.3.2.5	Arboles 120 cm	M2	0	0	0	0	0	0	0	0	0	0	0	0	0	0	0	0	0	0	0	0	0	0	0	0	0	0	0	0	0	0	0	0	0	60
5	2.3.3.2.6	Jardineria	M2	0	0	0	0	0	0	0	0	0	0	0	0	0	0	0	0	0	0	0	0	0	0	0	0	0	0	0	0	0	0	0	0	0	596.65
5	2.3.3.2.7	Coberturas Zonas Verdes	M2	0	0	0	0	0	0	0	0	0	0	0	0	0	0	0	0	0	0	0	0	0	0	0	0	0	0	0	0	0	0	0	0	0	6698.83
4	2.3.3.3	SENDEROS PEATONALES - Incluye el area de los escalones																																			
5	2.3.3.3.1	Localizacion y replanteo	M2	0	0	0	0	0	0	0	0	0	0	0	0	0	0	0	0	0	0	0	0	0	0	0	0	0	0	0	0	0	0	0	0	0	2322.39
5	2.3.3.3.2	Excavacion y retiro a maquina con batadero certificado	M3	0	0	0	0	0	0	0	0	0	0	0	0	0	0	0	0	0	0	0	0	0	0	0	0	0	0	0	0	0	0	0	0	0	2012.1731500000001
5	2.3.3.3.3	Subabase granular SBG-B	M3	0	0	0	0	0	0	0	0	0	0	0	0	0	0	0	0	0	0	0	0	0	0	0	0	0	0	0	0	0	0	0	0	0	603.82140000000004
5	2.3.3.3.4	base granular BG	M3	0	0	0	0	0	0	0	0	0	0	0	0	0	0	0	0	0	0	0	0	0	0	0	0	0	0	0	0	0	0	0	0	0	452.86604999999997
5	2.3.3.3.5	Geotextil tejido 2100	M2	0	0	0	0	0	0	0	0	0	0	0	0	0	0	0	0	0	0	0	0	0	0	0	0	0	0	0	0	0	0	0	0	0	2322.39
5	2.3.3.3.6	Concreto 3000 psi	M3	0	0	0	0	0	0	0	0	0	0	0	0	0	0	0	0	0	0	0	0	0	0	0	0	0	0	0	0	0	0	0	0	0	243.85095000000001
5	2.3.3.3.7	Malla electrosoldada	KG	0	0	0	0	0	0	0	0	0	0	0	0	0	0	0	0	0	0	0	0	0	0	0	0	0	0	0	0	0	0	0	0	0	19508.076000000001
5	2.3.3.3.8	Mano de obra losa contrapiso	M2	0	0	0	0	0	0	0	0	0	0	0	0	0	0	0	0	0	0	0	0	0	0	0	0	0	0	0	0	0	0	0	0	0	2322.39
5	2.3.3.3.9	Separadores losa	UN	0	0	0	0	0	0	0	0	0	0	0	0	0	0	0	0	0	0	0	0	0	0	0	0	0	0	0	0	0	0	0	0	0	4644.78
5	2.3.3.3.10	Cañuela prefabricado	ML	0	0	0	0	0	0	0	0	0	0	0	0	0	0	0	0	0	0	0	0	0	0	0	0	0	0	0	0	0	0	0	0	0	411
5	2.3.3.3.11	Bordillo de confinamiento	ML	0	0	0	0	0	0	0	0	0	0	0	0	0	0	0	0	0	0	0	0	0	0	0	0	0	0	0	0	0	0	0	0	0	1600
5	2.3.3.3.12	MO Escobillado concreto	M2	0	0	0	0	0	0	0	0	0	0	0	0	0	0	0	0	0	0	0	0	0	0	0	0	0	0	0	0	0	0	0	0	0	2322.39
5	2.3.3.3.13	Señalizacion zonas	GB	0	0	0	0	0	0	0	0	0	0	0	0	0	0	0	0	0	0	0	0	0	0	0	0	0	0	0	0	0	0	0	0	0	1
5	2.3.3.3.14	Canecas tipo idu	UN	0	0	0	0	0	0	0	0	0	0	0	0	0	0	0	0	0	0	0	0	0	0	0	0	0	0	0	0	0	0	0	0	0	15
5	2.3.3.3.15	totem parque	UN	0	0	0	0	0	0	0	0	0	0	0	0	0	0	0	0	0	0	0	0	0	0	0	0	0	0	0	0	0	0	0	0	0	2
5	2.3.3.3.16	Mesa rural con asientos	UN	0	0	0	0	0	0	0	0	0	0	0	0	0	0	0	0	0	0	0	0	0	0	0	0	0	0	0	0	0	0	0	0	0	2
5	2.3.3.3.17	Bancas tipo idu en concreto(sin espaldar)	UN	0	0	0	0	0	0	0	0	0	0	0	0	0	0	0	0	0	0	0	0	0	0	0	0	0	0	0	0	0	0	0	0	0	12
5	2.3.3.3.18	Bancas tipo idu en concreto(con espaldar)	UN	0	0	0	0	0	0	0	0	0	0	0	0	0	0	0	0	0	0	0	0	0	0	0	0	0	0	0	0	0	0	0	0	0	12
4	2.3.3.4	PARQUE DE NIÑOS																																			
5	2.3.3.4.1	Localizacion y replanteo	M2	0	0	0	0	0	0	0	0	0	0	0	0	0	0	0	0	0	0	0	0	0	0	0	0	0	0	0	0	0	0	0	0	0	496
5	2.3.3.4.2	Excavacion y retiro a maquina con batadero certificado	M3	0	0	0	0	0	0	0	0	0	0	0	0	0	0	0	0	0	0	0	0	0	0	0	0	0	0	0	0	0	0	0	0	0	328.84800000000001
5	2.3.3.4.3	Subabase granular SBG-B	M3	0	0	0	0	0	0	0	0	0	0	0	0	0	0	0	0	0	0	0	0	0	0	0	0	0	0	0	0	0	0	0	0	0	128.96
5	2.3.3.4.4	base granular BG	M3	0	0	0	0	0	0	0	0	0	0	0	0	0	0	0	0	0	0	0	0	0	0	0	0	0	0	0	0	0	0	0	0	0	96.72
5	2.3.3.4.5	Geotextil tejido 2100	M2	0	0	0	0	0	0	0	0	0	0	0	0	0	0	0	0	0	0	0	0	0	0	0	0	0	0	0	0	0	0	0	0	0	520.79999999999995
5	2.3.3.4.6	Concreto 3000 psi	M3	0	0	0	0	0	0	0	0	0	0	0	0	0	0	0	0	0	0	0	0	0	0	0	0	0	0	0	0	0	0	0	0	0	52.08
5	2.3.3.4.7	Malla electrosoldada	KG	0	0	0	0	0	0	0	0	0	0	0	0	0	0	0	0	0	0	0	0	0	0	0	0	0	0	0	0	0	0	0	0	0	4166.3999999999996
5	2.3.3.4.8	Mano de obra losa contrapiso	M2	0	0	0	0	0	0	0	0	0	0	0	0	0	0	0	0	0	0	0	0	0	0	0	0	0	0	0	0	0	0	0	0	0	496
5	2.3.3.4.9	Separadores losa	UN	0	0	0	0	0	0	0	0	0	0	0	0	0	0	0	0	0	0	0	0	0	0	0	0	0	0	0	0	0	0	0	0	0	992
5	2.3.3.4.10	Piso en mulch de madera inorganico	M2	0	0	0	0	0	0	0	0	0	0	0	0	0	0	0	0	0	0	0	0	0	0	0	0	0	0	0	0	0	0	0	0	0	520.79999999999995
5	2.3.3.4.11	D5-01 casa con malla y deslizadero	UN	0	0	0	0	0	0	0	0	0	0	0	0	0	0	0	0	0	0	0	0	0	0	0	0	0	0	0	0	0	0	0	0	0	1
5	2.3.3.4.12	D5-03 columpio en canasta	UN	0	0	0	0	0	0	0	0	0	0	0	0	0	0	0	0	0	0	0	0	0	0	0	0	0	0	0	0	0	0	0	0	0	1
5	2.3.3.4.13	D5-04 Columpio Convencional doble estruc. Madera	UN	0	0	0	0	0	0	0	0	0	0	0	0	0	0	0	0	0	0	0	0	0	0	0	0	0	0	0	0	0	0	0	0	0	1
5	2.3.3.4.14	D5-06 red de escalar hexa piramidal	UN	0	0	0	0	0	0	0	0	0	0	0	0	0	0	0	0	0	0	0	0	0	0	0	0	0	0	0	0	0	0	0	0	0	1
5	2.3.3.4.15	D5-07 arco con red y rocodromo	UN	0	0	0	0	0	0	0	0	0	0	0	0	0	0	0	0	0	0	0	0	0	0	0	0	0	0	0	0	0	0	0	0	0	1
5	2.3.3.4.16	D5-08 juego de rotacion	UN	0	0	0	0	0	0	0	0	0	0	0	0	0	0	0	0	0	0	0	0	0	0	0	0	0	0	0	0	0	0	0	0	0	1
5	2.3.3.4.17	D5-10,11,12 juegos de muelle	UN	0	0	0	0	0	0	0	0	0	0	0	0	0	0	0	0	0	0	0	0	0	0	0	0	0	0	0	0	0	0	0	0	0	3
5	2.3.3.4.18	D2-01 troncos de equilibrio en madera	UN	0	0	0	0	0	0	0	0	0	0	0	0	0	0	0	0	0	0	0	0	0	0	0	0	0	0	0	0	0	0	0	0	0	1
5	2.3.3.4.19	D2-02 laberinto de troncos	UN	0	0	0	0	0	0	0	0	0	0	0	0	0	0	0	0	0	0	0	0	0	0	0	0	0	0	0	0	0	0	0	0	0	1
4	2.3.3.5	ZONA GYM BIOSALUDABLE																																			
5	2.3.3.5.1	Localizacion y replanteo	M2	0	0	0	0	0	0	0	0	0	0	0	0	0	0	0	0	0	0	0	0	0	0	0	0	0	0	0	0	0	0	0	0	0	158
5	2.3.3.5.2	Excavacion y retiro a maquina con batadero certificado	M3	0	0	0	0	0	0	0	0	0	0	0	0	0	0	0	0	0	0	0	0	0	0	0	0	0	0	0	0	0	0	0	0	0	104.754
5	2.3.3.5.3	Subabase granular SBG-B	M3	0	0	0	0	0	0	0	0	0	0	0	0	0	0	0	0	0	0	0	0	0	0	0	0	0	0	0	0	0	0	0	0	0	41.08
5	2.3.3.5.4	base granular BG	M3	0	0	0	0	0	0	0	0	0	0	0	0	0	0	0	0	0	0	0	0	0	0	0	0	0	0	0	0	0	0	0	0	0	30.81
5	2.3.3.5.5	Geotextil tejido 2100	M2	0	0	0	0	0	0	0	0	0	0	0	0	0	0	0	0	0	0	0	0	0	0	0	0	0	0	0	0	0	0	0	0	0	158
5	2.3.3.5.6	Concreto 3000 psi	M3	0	0	0	0	0	0	0	0	0	0	0	0	0	0	0	0	0	0	0	0	0	0	0	0	0	0	0	0	0	0	0	0	0	16.59
5	2.3.3.5.7	Malla electrosoldada	KG	0	0	0	0	0	0	0	0	0	0	0	0	0	0	0	0	0	0	0	0	0	0	0	0	0	0	0	0	0	0	0	0	0	1327.2
5	2.3.3.5.8	Mano de obra losa contrapiso	M2	0	0	0	0	0	0	0	0	0	0	0	0	0	0	0	0	0	0	0	0	0	0	0	0	0	0	0	0	0	0	0	0	0	158
5	2.3.3.5.9	Separadores losa	UN	0	0	0	0	0	0	0	0	0	0	0	0	0	0	0	0	0	0	0	0	0	0	0	0	0	0	0	0	0	0	0	0	0	316
5	2.3.3.5.10	superficie en caucho reciclado	M2	0	0	0	0	0	0	0	0	0	0	0	0	0	0	0	0	0	0	0	0	0	0	0	0	0	0	0	0	0	0	0	0	0	9.9540000000000006
5	2.3.3.5.11	Maquinas gym	UN	0	0	0	0	0	0	0	0	0	0	0	0	0	0	0	0	0	0	0	0	0	0	0	0	0	0	0	0	0	0	0	0	0	7
4	2.3.3.6	BICIPARQUEO																																			
5	2.3.3.6.1	Localizacion y replanteo	M2	0	0	0	0	0	0	0	0	0	0	0	0	0	0	0	0	0	0	0	0	0	0	0	0	0	0	0	0	0	0	0	0	0	16
5	2.3.3.6.2	Excavacion y retiro a maquina con batadero certificado	M3	0	0	0	0	0	0	0	0	0	0	0	0	0	0	0	0	0	0	0	0	0	0	0	0	0	0	0	0	0	0	0	0	0	9.1199999999999992
5	2.3.3.6.3	Subabase granular SBG-B	M3	0	0	0	0	0	0	0	0	0	0	0	0	0	0	0	0	0	0	0	0	0	0	0	0	0	0	0	0	0	0	0	0	0	8
5	2.3.3.6.4	Geotextil tejido 2100	M2	0	0	0	0	0	0	0	0	0	0	0	0	0	0	0	0	0	0	0	0	0	0	0	0	0	0	0	0	0	0	0	0	0	16
5	2.3.3.6.5	mortero de nivelacion	M3	0	0	0	0	0	0	0	0	0	0	0	0	0	0	0	0	0	0	0	0	0	0	0	0	0	0	0	0	0	0	0	0	0	0.64
5	2.3.3.6.6	Bicicletero enrollado (capacidad: 11 bicicletas)	UN	0	0	0	0	0	0	0	0	0	0	0	0	0	0	0	0	0	0	0	0	0	0	0	0	0	0	0	0	0	0	0	0	0	12
5	2.3.3.6.7	superficie en ecopavimento	M2	0	0	0	0	0	0	0	0	0	0	0	0	0	0	0	0	0	0	0	0	0	0	0	0	0	0	0	0	0	0	0	0	0	16
4	2.3.3.7	CANCHA SINTETICA																																			
5	2.3.3.7.1	Localizacion y replanteo	M2	0	0	0	0	0	0	0	0	0	0	0	0	0	0	0	0	0	0	0	0	0	0	0	0	0	0	0	0	0	0	0	0	0	1607
5	2.3.3.7.2	Descapote con botadero certificado	M2	0	0	0	0	0	0	0	0	0	0	0	0	0	0	0	0	0	0	0	0	0	0	0	0	0	0	0	0	0	0	0	0	0	1607
5	2.3.3.7.3	Excavacion y retiro a maquina con batadero certificado	M3	0	0	0	0	0	0	0	0	0	0	0	0	0	0	0	0	0	0	0	0	0	0	0	0	0	0	0	0	0	0	0	0	0	666.90499999999997
5	2.3.3.7.4	Acabado sintetico	M2	0	0	0	0	0	0	0	0	0	0	0	0	0	0	0	0	0	0	0	0	0	0	0	0	0	0	0	0	0	0	0	0	0	1607
5	2.3.3.7.5	Riego de arena y caucho	M2	0	0	0	0	0	0	0	0	0	0	0	0	0	0	0	0	0	0	0	0	0	0	0	0	0	0	0	0	0	0	0	0	0	1607
5	2.3.3.7.6	Geotextil tejido 1600	M2	0	0	0	0	0	0	0	0	0	0	0	0	0	0	0	0	0	0	0	0	0	0	0	0	0	0	0	0	0	0	0	0	0	1607
5	2.3.3.7.7	Mejoramiento en gravilla(material de filtro)	M3	0	0	0	0	0	0	0	0	0	0	0	0	0	0	0	0	0	0	0	0	0	0	0	0	0	0	0	0	0	0	0	0	0	253.10249999999999
5	2.3.3.7.8	Geomembrana impermable HDPE 1mm	M2	0	0	0	0	0	0	0	0	0	0	0	0	0	0	0	0	0	0	0	0	0	0	0	0	0	0	0	0	0	0	0	0	0	1607
5	2.3.3.7.9	Subbase granular 0,20m idu	M3	0	0	0	0	0	0	0	0	0	0	0	0	0	0	0	0	0	0	0	0	0	0	0	0	0	0	0	0	0	0	0	0	0	421.83749999999998
4	2.3.3.8	CICLORUTA																																			
5	2.3.3.8.1	Localizacion y replanteo	M2	0	0	0	0	0	0	0	0	0	0	0	0	0	0	0	0	0	0	0	0	0	0	0	0	0	0	0	0	0	0	0	0	0	490
5	2.3.3.8.2	Descapote con botadero certificado	M2	0	0	0	0	0	0	0	0	0	0	0	0	0	0	0	0	0	0	0	0	0	0	0	0	0	0	0	0	0	0	0	0	0	490
5	2.3.3.8.3	Excavacion y retiro a maquina con batadero certificado	M3	0	0	0	0	0	0	0	0	0	0	0	0	0	0	0	0	0	0	0	0	0	0	0	0	0	0	0	0	0	0	0	0	0	343
5	2.3.3.8.4	Geotextil tejido 2400	M2	0	0	0	0	0	0	0	0	0	0	0	0	0	0	0	0	0	0	0	0	0	0	0	0	0	0	0	0	0	0	0	0	0	490
5	2.3.3.8.5	Mejoramiento en rajon 0,25m	M3	0	0	0	0	0	0	0	0	0	0	0	0	0	0	0	0	0	0	0	0	0	0	0	0	0	0	0	0	0	0	0	0	0	128.625
5	2.3.3.8.6	base granular 0,20m idu	M3	0	0	0	0	0	0	0	0	0	0	0	0	0	0	0	0	0	0	0	0	0	0	0	0	0	0	0	0	0	0	0	0	0	102.9
5	2.3.3.8.7	Subbase granular 0,20m idu	M3	0	0	0	0	0	0	0	0	0	0	0	0	0	0	0	0	0	0	0	0	0	0	0	0	0	0	0	0	0	0	0	0	0	102.9
5	2.3.3.8.8	Rodadura asfaltica MDC-II de 5.5cm	M2	0	0	0	0	0	0	0	0	0	0	0	0	0	0	0	0	0	0	0	0	0	0	0	0	0	0	0	0	0	0	0	0	0	490
5	2.3.3.8.9	Demarcacion cicloruta	ML	0	0	0	0	0	0	0	0	0	0	0	0	0	0	0	0	0	0	0	0	0	0	0	0	0	0	0	0	0	0	0	0	0	366
4	2.3.3.9	INSTALACIONES REDES HUMEDAS																																			
5	2.3.3.9.1	Excavacion mecanica material	M3	0	0	0	0	0	0	0	0	0	0	0	0	0	0	0	0	0	0	0	0	0	0	0	0	0	0	0	0	0	0	0	0	0	387.25202809036
5	2.3.3.9.2	Relleno en recebo b400	M3	0	0	0	0	0	0	0	0	0	0	0	0	0	0	0	0	0	0	0	0	0	0	0	0	0	0	0	0	0	0	0	0	0	32.4392
5	2.3.3.9.3	Relleno en arena peña	M3	0	0	0	0	0	0	0	0	0	0	0	0	0	0	0	0	0	0	0	0	0	0	0	0	0	0	0	0	0	0	0	0	0	96.572914718222094
5	2.3.3.9.4	Relleno con mezcla de gravilla de 3/4" y arena de rio	M3	0	0	0	0	0	0	0	0	0	0	0	0	0	0	0	0	0	0	0	0	0	0	0	0	0	0	0	0	0	0	0	0	0	231.065644088288
5	2.3.3.9.5	Geotextil tejido 2400	M2	0	0	0	0	0	0	0	0	0	0	0	0	0	0	0	0	0	0	0	0	0	0	0	0	0	0	0	0	0	0	0	0	0	491.22572760000003
5	2.3.3.9.6	Mano de obra tuberia novafort 315 mm - 6"	ML	0	0	0	0	0	0	0	0	0	0	0	0	0	0	0	0	0	0	0	0	0	0	0	0	0	0	0	0	0	0	0	0	0	290
5	2.3.3.9.7	Suministro tuberia novafor 315 mm 6"- 6 mts	UN	0	0	0	0	0	0	0	0	0	0	0	0	0	0	0	0	0	0	0	0	0	0	0	0	0	0	0	0	0	0	0	0	0	48.3333333333333
5	2.3.3.9.8	Dren filtro 100 mm(filtro frances)	ML	0	0	0	0	0	0	0	0	0	0	0	0	0	0	0	0	0	0	0	0	0	0	0	0	0	0	0	0	0	0	0	0	0	355.91520000000003
5	2.3.3.9.9	Dren filtro 200 mm (filtro frances)	ML	0	0	0	0	0	0	0	0	0	0	0	0	0	0	0	0	0	0	0	0	0	0	0	0	0	0	0	0	0	0	0	0	0	218.58009999999999
5	2.3.3.9.10	Empate a punto de conexión	UN	0	0	0	0	0	0	0	0	0	0	0	0	0	0	0	0	0	0	0	0	0	0	0	0	0	0	0	0	0	0	0	0	0	2
5	2.3.3.9.11	Pozo de inspeccion en concreto hmax=2m, tapa en concreto	UN	0	0	0	0	0	0	0	0	0	0	0	0	0	0	0	0	0	0	0	0	0	0	0	0	0	0	0	0	0	0	0	0	0	4
5	2.3.3.9.12	Caja de desague h=1 m, incluye marco y tapa	UN	0	0	0	0	0	0	0	0	0	0	0	0	0	0	0	0	0	0	0	0	0	0	0	0	0	0	0	0	0	0	0	0	0	18
5	2.3.3.9.13	Sumidero de concreto prefabricado	UN	0	0	0	0	0	0	0	0	0	0	0	0	0	0	0	0	0	0	0	0	0	0	0	0	0	0	0	0	0	0	0	0	0	2
4	2.3.3.10	INSTALACIONES REDES ELECTRICAS																																			
5	2.3.3.10.1	INSTALACIONES REDES ELECTRICAS	GB	0	0	0	0	0	0	0	0	0	0	0	0	0	0	0	0	0	0	0	0	0	0	0	0	0	0	0	0	0	0	0	0	0	1
4	2.3.3.11	OTROS																																			
5	2.3.3.11.1	BIORETENEDORES	GB	0	0	0	0	0	0	0	0	0	0	0	0	0	0	0	0	0	0	0	0	0	0	0	0	0	0	0	0	0	0	0	0	0	1
4	2.3.3.12	IMPREVISTOS																																			
5	2.3.3.12.1	IMPREVISTOS	%	0	0	0	0	0	0	0	0	0	0	0	0	0	0	0	0	0	0	0	0	0	0	0	0	0	0	0	0	0	0	0	0	0	0.05
3	2.3.4	PQ14																																			
4	2.3.4.1	MOVIMIENTO DE TIERRA																																			
5	2.3.4.1.1	Localizacion y replanteo	M2	0	0	0	0	0	0	0	0	0	0	0	0	0	0	0	0	0	0	0	0	0	0	0	0	0	0	0	0	0	0	0	0	0	7556
5	2.3.4.1.2	Descapote con botadero certificado	M3	0	0	0	0	0	0	0	0	0	0	0	0	0	0	0	0	0	0	0	0	0	0	0	0	0	0	0	0	0	0	0	0	0	7556
5	2.3.4.1.3	excavacion mecanica	M3	0	0	0	0	0	0	0	0	0	0	0	0	0	0	0	0	0	0	0	0	0	0	0	0	0	0	0	0	0	0	0	0	0	15867.6
5	2.3.4.1.4	Subabase granular SBG-B	M3	0	0	0	0	0	0	0	0	0	0	0	0	0	0	0	0	0	0	0	0	0	0	0	0	0	0	0	0	0	0	0	0	0	1511.2
4	2.3.4.2	ZONAS VERDES																																			
5	2.3.4.2.1	Localizacion y replanteo	M2	0	0	0	0	0	0	0	0	0	0	0	0	0	0	0	0	0	0	0	0	0	0	0	0	0	0	0	0	0	0	0	0	0	4547.1499999999996
5	2.3.4.2.2	Relleno Manual Tierra Negra X 30CM	M3	0	0	0	0	0	0	0	0	0	0	0	0	0	0	0	0	0	0	0	0	0	0	0	0	0	0	0	0	0	0	0	0	0	1510.5284999999999
5	2.3.4.2.3	Arboles 80 cm	M3	0	0	0	0	0	0	0	0	0	0	0	0	0	0	0	0	0	0	0	0	0	0	0	0	0	0	0	0	0	0	0	0	0	30
5	2.3.4.2.4	Arboles 120 cm	M2	0	0	0	0	0	0	0	0	0	0	0	0	0	0	0	0	0	0	0	0	0	0	0	0	0	0	0	0	0	0	0	0	0	30
5	2.3.4.2.5	Jardineria	M2	0	0	0	0	0	0	0	0	0	0	0	0	0	0	0	0	0	0	0	0	0	0	0	0	0	0	0	0	0	0	0	0	0	674
5	2.3.4.2.6	Coberturas Zonas Verdes	M2	0	0	0	0	0	0	0	0	0	0	0	0	0	0	0	0	0	0	0	0	0	0	0	0	0	0	0	0	0	0	0	0	0	3873.15
4	2.3.4.3	SENDEROS PEATONALES - Incluye el area de los escalones																																			
5	2.3.4.3.1	Localizacion y replanteo	M2	0	0	0	0	0	0	0	0	0	0	0	0	0	0	0	0	0	0	0	0	0	0	0	0	0	0	0	0	0	0	0	0	0	1156
5	2.3.4.3.2	Excavacion y retiro a maquina con batadero certificado	M3	0	0	0	0	0	0	0	0	0	0	0	0	0	0	0	0	0	0	0	0	0	0	0	0	0	0	0	0	0	0	0	0	0	1006.785
5	2.3.4.3.3	Subabase granular SBG-B	M3	0	0	0	0	0	0	0	0	0	0	0	0	0	0	0	0	0	0	0	0	0	0	0	0	0	0	0	0	0	0	0	0	0	300.56
5	2.3.4.3.4	base granular BG	M3	0	0	0	0	0	0	0	0	0	0	0	0	0	0	0	0	0	0	0	0	0	0	0	0	0	0	0	0	0	0	0	0	0	225.42
5	2.3.4.3.5	Geotextil tejido 2100	M2	0	0	0	0	0	0	0	0	0	0	0	0	0	0	0	0	0	0	0	0	0	0	0	0	0	0	0	0	0	0	0	0	0	1156
5	2.3.4.3.6	Concreto 3000 psi	M3	0	0	0	0	0	0	0	0	0	0	0	0	0	0	0	0	0	0	0	0	0	0	0	0	0	0	0	0	0	0	0	0	0	121.38
5	2.3.4.3.7	Malla electrosoldada	KG	0	0	0	0	0	0	0	0	0	0	0	0	0	0	0	0	0	0	0	0	0	0	0	0	0	0	0	0	0	0	0	0	0	9710.4
5	2.3.4.3.8	Mano de obra losa contrapiso	M2	0	0	0	0	0	0	0	0	0	0	0	0	0	0	0	0	0	0	0	0	0	0	0	0	0	0	0	0	0	0	0	0	0	1156
5	2.3.4.3.9	Separadores losa	UN	0	0	0	0	0	0	0	0	0	0	0	0	0	0	0	0	0	0	0	0	0	0	0	0	0	0	0	0	0	0	0	0	0	2312
5	2.3.4.3.10	Cañuela prefabricado	ML	0	0	0	0	0	0	0	0	0	0	0	0	0	0	0	0	0	0	0	0	0	0	0	0	0	0	0	0	0	0	0	0	0	208.5
5	2.3.4.3.11	Bordillo de confinamiento	ML	0	0	0	0	0	0	0	0	0	0	0	0	0	0	0	0	0	0	0	0	0	0	0	0	0	0	0	0	0	0	0	0	0	808.5
5	2.3.4.3.12	MO Escobillado concreto	M2	0	0	0	0	0	0	0	0	0	0	0	0	0	0	0	0	0	0	0	0	0	0	0	0	0	0	0	0	0	0	0	0	0	1156
5	2.3.4.3.13	Señalizacion zonas	GB	0	0	0	0	0	0	0	0	0	0	0	0	0	0	0	0	0	0	0	0	0	0	0	0	0	0	0	0	0	0	0	0	0	1
5	2.3.4.3.14	Canecas tipo idu	UN	0	0	0	0	0	0	0	0	0	0	0	0	0	0	0	0	0	0	0	0	0	0	0	0	0	0	0	0	0	0	0	0	0	12
5	2.3.4.3.15	totem parque	UN	0	0	0	0	0	0	0	0	0	0	0	0	0	0	0	0	0	0	0	0	0	0	0	0	0	0	0	0	0	0	0	0	0	1
5	2.3.4.3.16	Mesa rural con asientos	UN	0	0	0	0	0	0	0	0	0	0	0	0	0	0	0	0	0	0	0	0	0	0	0	0	0	0	0	0	0	0	0	0	0	2
5	2.3.4.3.17	Bancas tipo idu en concreto(sin espaldar)	UN	0	0	0	0	0	0	0	0	0	0	0	0	0	0	0	0	0	0	0	0	0	0	0	0	0	0	0	0	0	0	0	0	0	11
4	2.3.4.4	PARQUE DE NIÑOS																																			
5	2.3.4.4.1	Localizacion y replanteo	M2	0	0	0	0	0	0	0	0	0	0	0	0	0	0	0	0	0	0	0	0	0	0	0	0	0	0	0	0	0	0	0	0	0	285
5	2.3.4.4.2	Excavacion y retiro a maquina con batadero certificado	M3	0	0	0	0	0	0	0	0	0	0	0	0	0	0	0	0	0	0	0	0	0	0	0	0	0	0	0	0	0	0	0	0	0	188.95500000000001
5	2.3.4.4.3	Subabase granular SBG-B	M3	0	0	0	0	0	0	0	0	0	0	0	0	0	0	0	0	0	0	0	0	0	0	0	0	0	0	0	0	0	0	0	0	0	74.099999999999994
5	2.3.4.4.4	base granular BG	M3	0	0	0	0	0	0	0	0	0	0	0	0	0	0	0	0	0	0	0	0	0	0	0	0	0	0	0	0	0	0	0	0	0	55.575000000000003
5	2.3.4.4.5	Geotextil tejido 2100	M2	0	0	0	0	0	0	0	0	0	0	0	0	0	0	0	0	0	0	0	0	0	0	0	0	0	0	0	0	0	0	0	0	0	299.25
5	2.3.4.4.6	Concreto 3000 psi	M3	0	0	0	0	0	0	0	0	0	0	0	0	0	0	0	0	0	0	0	0	0	0	0	0	0	0	0	0	0	0	0	0	0	29.925000000000001
5	2.3.4.4.7	Malla electrosoldada	KG	0	0	0	0	0	0	0	0	0	0	0	0	0	0	0	0	0	0	0	0	0	0	0	0	0	0	0	0	0	0	0	0	0	2394
5	2.3.4.4.8	Mano de obra losa contrapiso	M2	0	0	0	0	0	0	0	0	0	0	0	0	0	0	0	0	0	0	0	0	0	0	0	0	0	0	0	0	0	0	0	0	0	285
5	2.3.4.4.9	Separadores losa	UN	0	0	0	0	0	0	0	0	0	0	0	0	0	0	0	0	0	0	0	0	0	0	0	0	0	0	0	0	0	0	0	0	0	570
5	2.3.4.4.10	Piso en mulch de madera inorganico	M2	0	0	0	0	0	0	0	0	0	0	0	0	0	0	0	0	0	0	0	0	0	0	0	0	0	0	0	0	0	0	0	0	0	299.25
5	2.3.4.4.11	D5-02 deslizadero recto en polimero	UN	0	0	0	0	0	0	0	0	0	0	0	0	0	0	0	0	0	0	0	0	0	0	0	0	0	0	0	0	0	0	0	0	0	2
5	2.3.4.4.12	D5-03 columpio en canasta	UN	0	0	0	0	0	0	0	0	0	0	0	0	0	0	0	0	0	0	0	0	0	0	0	0	0	0	0	0	0	0	0	0	0	1
5	2.3.4.4.13	D5-05 red piramidal pequeña	UN	0	0	0	0	0	0	0	0	0	0	0	0	0	0	0	0	0	0	0	0	0	0	0	0	0	0	0	0	0	0	0	0	0	1
5	2.3.4.4.14	D5-09 presas infantiles de escalada	UN	0	0	0	0	0	0	0	0	0	0	0	0	0	0	0	0	0	0	0	0	0	0	0	0	0	0	0	0	0	0	0	0	0	3
5	2.3.4.4.15	D2-02 laberinto de troncos	UN	0	0	0	0	0	0	0	0	0	0	0	0	0	0	0	0	0	0	0	0	0	0	0	0	0	0	0	0	0	0	0	0	0	2
4	2.3.4.5	ZONA GYM BIOSALUDABLE																																			
5	2.3.4.5.1	Localizacion y replanteo	M2	0	0	0	0	0	0	0	0	0	0	0	0	0	0	0	0	0	0	0	0	0	0	0	0	0	0	0	0	0	0	0	0	0	31
5	2.3.4.5.2	Excavacion y retiro a maquina con batadero certificado	M3	0	0	0	0	0	0	0	0	0	0	0	0	0	0	0	0	0	0	0	0	0	0	0	0	0	0	0	0	0	0	0	0	0	20.553000000000001
5	2.3.4.5.3	Subabase granular SBG-B	M3	0	0	0	0	0	0	0	0	0	0	0	0	0	0	0	0	0	0	0	0	0	0	0	0	0	0	0	0	0	0	0	0	0	8.06
5	2.3.4.5.4	base granular BG	M3	0	0	0	0	0	0	0	0	0	0	0	0	0	0	0	0	0	0	0	0	0	0	0	0	0	0	0	0	0	0	0	0	0	6.0449999999999999
5	2.3.4.5.5	Geotextil tejido 2100	M2	0	0	0	0	0	0	0	0	0	0	0	0	0	0	0	0	0	0	0	0	0	0	0	0	0	0	0	0	0	0	0	0	0	31
5	2.3.4.5.6	Concreto 3000 psi	M3	0	0	0	0	0	0	0	0	0	0	0	0	0	0	0	0	0	0	0	0	0	0	0	0	0	0	0	0	0	0	0	0	0	3.2549999999999999
5	2.3.4.5.7	Malla electrosoldada	KG	0	0	0	0	0	0	0	0	0	0	0	0	0	0	0	0	0	0	0	0	0	0	0	0	0	0	0	0	0	0	0	0	0	260.39999999999998
5	2.3.4.5.8	Mano de obra losa contrapiso	M2	0	0	0	0	0	0	0	0	0	0	0	0	0	0	0	0	0	0	0	0	0	0	0	0	0	0	0	0	0	0	0	0	0	31
5	2.3.4.5.9	Separadores losa	UN	0	0	0	0	0	0	0	0	0	0	0	0	0	0	0	0	0	0	0	0	0	0	0	0	0	0	0	0	0	0	0	0	0	62
5	2.3.4.5.10	superficie en caucho reciclado	M2	0	0	0	0	0	0	0	0	0	0	0	0	0	0	0	0	0	0	0	0	0	0	0	0	0	0	0	0	0	0	0	0	0	1.9530000000000001
5	2.3.4.5.11	Maquinas gym	UN	0	0	0	0	0	0	0	0	0	0	0	0	0	0	0	0	0	0	0	0	0	0	0	0	0	0	0	0	0	0	0	0	0	3
4	2.3.4.6	PISTA DE TROTE																																			
5	2.3.4.6.1	Localizacion y replanteo	M2	0	0	0	0	0	0	0	0	0	0	0	0	0	0	0	0	0	0	0	0	0	0	0	0	0	0	0	0	0	0	0	0	0	33
5	2.3.4.6.2	Excavacion y retiro a maquina con batadero certificado	M3	0	0	0	0	0	0	0	0	0	0	0	0	0	0	0	0	0	0	0	0	0	0	0	0	0	0	0	0	0	0	0	0	0	24.452999999999999
5	2.3.4.6.3	Subabase granular SBG-B	M3	0	0	0	0	0	0	0	0	0	0	0	0	0	0	0	0	0	0	0	0	0	0	0	0	0	0	0	0	0	0	0	0	0	21.45
5	2.3.4.6.4	Geotextil tejido 2100	M2	0	0	0	0	0	0	0	0	0	0	0	0	0	0	0	0	0	0	0	0	0	0	0	0	0	0	0	0	0	0	0	0	0	33
5	2.3.4.6.5	mortero de nivelacion	M3	0	0	0	0	0	0	0	0	0	0	0	0	0	0	0	0	0	0	0	0	0	0	0	0	0	0	0	0	0	0	0	0	0	1.3859999999999999
5	2.3.4.6.6	superficie en caucho reciclado	M2	0	0	0	0	0	0	0	0	0	0	0	0	0	0	0	0	0	0	0	0	0	0	0	0	0	0	0	0	0	0	0	0	0	33
4	2.3.4.7	BICIPARQUEO																																			
5	2.3.4.7.1	Localizacion y replanteo	M2	0	0	0	0	0	0	0	0	0	0	0	0	0	0	0	0	0	0	0	0	0	0	0	0	0	0	0	0	0	0	0	0	0	9.1199999999999992
5	2.3.4.7.2	Excavacion y retiro a maquina con batadero certificado	M3	0	0	0	0	0	0	0	0	0	0	0	0	0	0	0	0	0	0	0	0	0	0	0	0	0	0	0	0	0	0	0	0	0	5.1984000000000004
5	2.3.4.7.3	Subabase granular SBG-B	M3	0	0	0	0	0	0	0	0	0	0	0	0	0	0	0	0	0	0	0	0	0	0	0	0	0	0	0	0	0	0	0	0	0	4.5599999999999996
5	2.3.4.7.4	Geotextil tejido 2100	M2	0	0	0	0	0	0	0	0	0	0	0	0	0	0	0	0	0	0	0	0	0	0	0	0	0	0	0	0	0	0	0	0	0	9.1199999999999992
5	2.3.4.7.5	mortero de nivelacion	M3	0	0	0	0	0	0	0	0	0	0	0	0	0	0	0	0	0	0	0	0	0	0	0	0	0	0	0	0	0	0	0	0	0	0.36480000000000001
5	2.3.4.7.6	Bicicletero enrollado (capacidad: 11 bicicletas)	UN	0	0	0	0	0	0	0	0	0	0	0	0	0	0	0	0	0	0	0	0	0	0	0	0	0	0	0	0	0	0	0	0	0	3
5	2.3.4.7.7	superficie en ecopavimento	M2	0	0	0	0	0	0	0	0	0	0	0	0	0	0	0	0	0	0	0	0	0	0	0	0	0	0	0	0	0	0	0	0	0	9.1199999999999992
4	2.3.4.8	CANCHA MULTIPLE NO REGLAMENTARIA																																			
5	2.3.4.8.1	Localizacion y replanteo	M2	0	0	0	0	0	0	0	0	0	0	0	0	0	0	0	0	0	0	0	0	0	0	0	0	0	0	0	0	0	0	0	0	0	608
5	2.3.4.8.2	Descapote con botadero certificado	M2	0	0	0	0	0	0	0	0	0	0	0	0	0	0	0	0	0	0	0	0	0	0	0	0	0	0	0	0	0	0	0	0	0	608
5	2.3.4.8.3	Excavacion y retiro a maquina con batadero certificado	M3	0	0	0	0	0	0	0	0	0	0	0	0	0	0	0	0	0	0	0	0	0	0	0	0	0	0	0	0	0	0	0	0	0	553.28
5	2.3.4.8.4	Geotextil tejido 2400	M2	0	0	0	0	0	0	0	0	0	0	0	0	0	0	0	0	0	0	0	0	0	0	0	0	0	0	0	0	0	0	0	0	0	608
5	2.3.4.8.5	Mejoramiento en rajon 0,25m	M3	0	0	0	0	0	0	0	0	0	0	0	0	0	0	0	0	0	0	0	0	0	0	0	0	0	0	0	0	0	0	0	0	0	197.6
5	2.3.4.8.6	base granular 0,20m idu	M3	0	0	0	0	0	0	0	0	0	0	0	0	0	0	0	0	0	0	0	0	0	0	0	0	0	0	0	0	0	0	0	0	0	158.08000000000001
5	2.3.4.8.7	Subbase granular 0,20m idu	M3	0	0	0	0	0	0	0	0	0	0	0	0	0	0	0	0	0	0	0	0	0	0	0	0	0	0	0	0	0	0	0	0	0	158.08000000000001
5	2.3.4.8.8	Rodadura asfaltica MDC-II de 5.5cm	M2	0	0	0	0	0	0	0	0	0	0	0	0	0	0	0	0	0	0	0	0	0	0	0	0	0	0	0	0	0	0	0	0	0	608
5	2.3.4.8.9	Excavacion manual de vigas cerramiento y zanjas filto perimetral	M3	0	0	0	0	0	0	0	0	0	0	0	0	0	0	0	0	0	0	0	0	0	0	0	0	0	0	0	0	0	0	0	0	0	5.7
5	2.3.4.8.10	Concreto 3000psi impermeabilzado	M3	0	0	0	0	0	0	0	0	0	0	0	0	0	0	0	0	0	0	0	0	0	0	0	0	0	0	0	0	0	0	0	0	0	7.85045454545455
5	2.3.4.8.11	Hierro 60000 psi - losa y vigas	KG	0	0	0	0	0	0	0	0	0	0	0	0	0	0	0	0	0	0	0	0	0	0	0	0	0	0	0	0	0	0	0	0	0	968.48181818181797
5	2.3.4.8.12	Alambre negro	KG	0	0	0	0	0	0	0	0	0	0	0	0	0	0	0	0	0	0	0	0	0	0	0	0	0	0	0	0	0	0	0	0	0	29.054454545454501
5	2.3.4.8.13	MO Dados cerramiento	M3	0	0	0	0	0	0	0	0	0	0	0	0	0	0	0	0	0	0	0	0	0	0	0	0	0	0	0	0	0	0	0	0	0	1.8654545454545499
5	2.3.4.8.14	MO Vigas corridas cimentacion cerramiento	M3	0	0	0	0	0	0	0	0	0	0	0	0	0	0	0	0	0	0	0	0	0	0	0	0	0	0	0	0	0	0	0	0	0	5.7
5	2.3.4.8.15	Sum + MO Bordillo de confinamiento	ML	0	0	0	0	0	0	0	0	0	0	0	0	0	0	0	0	0	0	0	0	0	0	0	0	0	0	0	0	0	0	0	0	0	102
5	2.3.4.8.16	Filtro perimetral a todo costo	ML	0	0	0	0	0	0	0	0	0	0	0	0	0	0	0	0	0	0	0	0	0	0	0	0	0	0	0	0	0	0	0	0	0	102
5	2.3.4.8.17	Sum + Inst malla eslabonada cerramiento de altura 5m -	M2	0	0	0	0	0	0	0	0	0	0	0	0	0	0	0	0	0	0	0	0	0	0	0	0	0	0	0	0	0	0	0	0	0	76
5	2.3.4.8.18	Arcos metalicos de microfutbol altura 1,80 x 2,5 ancho	UN	0	0	0	0	0	0	0	0	0	0	0	0	0	0	0	0	0	0	0	0	0	0	0	0	0	0	0	0	0	0	0	0	0	2
5	2.3.4.8.19	Tableros para baloncesto	UN	0	0	0	0	0	0	0	0	0	0	0	0	0	0	0	0	0	0	0	0	0	0	0	0	0	0	0	0	0	0	0	0	0	2
4	2.3.4.9	SKATEPARK																																			
5	2.3.4.9.1	Localizacion y replanteo	M2	0	0	0	0	0	0	0	0	0	0	0	0	0	0	0	0	0	0	0	0	0	0	0	0	0	0	0	0	0	0	0	0	0	73
5	2.3.4.9.2	Descapote con botadero certificado	M2	0	0	0	0	0	0	0	0	0	0	0	0	0	0	0	0	0	0	0	0	0	0	0	0	0	0	0	0	0	0	0	0	0	73
5	2.3.4.9.3	Geotextil tejido 2400	M2	0	0	0	0	0	0	0	0	0	0	0	0	0	0	0	0	0	0	0	0	0	0	0	0	0	0	0	0	0	0	0	0	0	79.0833333333333
5	2.3.4.9.4	base granular 0,20m idu	M3	0	0	0	0	0	0	0	0	0	0	0	0	0	0	0	0	0	0	0	0	0	0	0	0	0	0	0	0	0	0	0	0	0	16.607500000000002
5	2.3.4.9.5	Excavacion manual de muro contencion con zarpa	M3	0	0	0	0	0	0	0	0	0	0	0	0	0	0	0	0	0	0	0	0	0	0	0	0	0	0	0	0	0	0	0	0	0	21
5	2.3.4.9.6	Concreto 3000psi impermeabilzado	M3	0	0	0	0	0	0	0	0	0	0	0	0	0	0	0	0	0	0	0	0	0	0	0	0	0	0	0	0	0	0	0	0	0	37.866666666666703
5	2.3.4.9.7	Hierro 60000 psi - losa y vigas	KG	0	0	0	0	0	0	0	0	0	0	0	0	0	0	0	0	0	0	0	0	0	0	0	0	0	0	0	0	0	0	0	0	0	836.41666666666697
5	2.3.4.9.8	Alambre negro	KG	0	0	0	0	0	0	0	0	0	0	0	0	0	0	0	0	0	0	0	0	0	0	0	0	0	0	0	0	0	0	0	0	0	25.092500000000001
5	2.3.4.9.9	MO Muro contencion con zarpa	M3	0	0	0	0	0	0	0	0	0	0	0	0	0	0	0	0	0	0	0	0	0	0	0	0	0	0	0	0	0	0	0	0	0	22.05
5	2.3.4.9.10	MO Placa de contrapiso	M3	0	0	0	0	0	0	0	0	0	0	0	0	0	0	0	0	0	0	0	0	0	0	0	0	0	0	0	0	0	0	0	0	0	15.8166666666667
5	2.3.4.9.11	MO Pulida de concreto con helicoptero	M2	0	0	0	0	0	0	0	0	0	0	0	0	0	0	0	0	0	0	0	0	0	0	0	0	0	0	0	0	0	0	0	0	0	79.0833333333333
5	2.3.4.9.12	Sum + MO Tuberia en acero galvanizado 2"	ML	0	0	0	0	0	0	0	0	0	0	0	0	0	0	0	0	0	0	0	0	0	0	0	0	0	0	0	0	0	0	0	0	0	30
5	2.3.4.9.13	Sum + MO Baranda M-18 tipo idu	ML	0	0	0	0	0	0	0	0	0	0	0	0	0	0	0	0	0	0	0	0	0	0	0	0	0	0	0	0	0	0	0	0	0	18
4	2.3.4.10	ESCALERAS																																			
5	2.3.4.10.1	Localizacion y replanteo	M2	0	0	0	0	0	0	0	0	0	0	0	0	0	0	0	0	0	0	0	0	0	0	0	0	0	0	0	0	0	0	0	0	0	25
5	2.3.4.10.2	Descapote con botadero certificado	M2	0	0	0	0	0	0	0	0	0	0	0	0	0	0	0	0	0	0	0	0	0	0	0	0	0	0	0	0	0	0	0	0	0	25
5	2.3.4.10.3	Excavacion y retiro a maquina con batadero certificado	M3	0	0	0	0	0	0	0	0	0	0	0	0	0	0	0	0	0	0	0	0	0	0	0	0	0	0	0	0	0	0	0	0	0	9.4830000000000005
5	2.3.4.10.4	Geotextil tejido 2400	M2	0	0	0	0	0	0	0	0	0	0	0	0	0	0	0	0	0	0	0	0	0	0	0	0	0	0	0	0	0	0	0	0	0	25
5	2.3.4.10.5	base granular 0,20m idu	M3	0	0	0	0	0	0	0	0	0	0	0	0	0	0	0	0	0	0	0	0	0	0	0	0	0	0	0	0	0	0	0	0	0	5.25
5	2.3.4.10.6	Concreto 3000psi impermeabilzado	M3	0	0	0	0	0	0	0	0	0	0	0	0	0	0	0	0	0	0	0	0	0	0	0	0	0	0	0	0	0	0	0	0	0	9.9571500000000004
5	2.3.4.10.7	Hierro 60000 psi - losa y vigas	KG	0	0	0	0	0	0	0	0	0	0	0	0	0	0	0	0	0	0	0	0	0	0	0	0	0	0	0	0	0	0	0	0	0	199.143
5	2.3.4.10.8	Alambre negro	KG	0	0	0	0	0	0	0	0	0	0	0	0	0	0	0	0	0	0	0	0	0	0	0	0	0	0	0	0	0	0	0	0	0	5.9742899999999999
5	2.3.4.10.9	MO escalera	M3	0	0	0	0	0	0	0	0	0	0	0	0	0	0	0	0	0	0	0	0	0	0	0	0	0	0	0	0	0	0	0	0	0	9.9571500000000004
4	2.3.4.11	GRADERIA																																			
5	2.3.4.11.1	Localizacion y replanteo	M2	0	0	0	0	0	0	0	0	0	0	0	0	0	0	0	0	0	0	0	0	0	0	0	0	0	0	0	0	0	0	0	0	0	298
5	2.3.4.11.2	Descapote con botadero certificado	M2	0	0	0	0	0	0	0	0	0	0	0	0	0	0	0	0	0	0	0	0	0	0	0	0	0	0	0	0	0	0	0	0	0	298
5	2.3.4.11.3	Geotextil tejido 2400	M2	0	0	0	0	0	0	0	0	0	0	0	0	0	0	0	0	0	0	0	0	0	0	0	0	0	0	0	0	0	0	0	0	0	156.80000000000001
5	2.3.4.11.4	base granular 0,20m idu	M3	0	0	0	0	0	0	0	0	0	0	0	0	0	0	0	0	0	0	0	0	0	0	0	0	0	0	0	0	0	0	0	0	0	32.927999999999997
5	2.3.4.11.5	Excavacion manual de muro contencion con zarpa	M3	0	0	0	0	0	0	0	0	0	0	0	0	0	0	0	0	0	0	0	0	0	0	0	0	0	0	0	0	0	0	0	0	0	190.4
5	2.3.4.11.6	Concreto 3000psi impermeabilzado	M3	0	0	0	0	0	0	0	0	0	0	0	0	0	0	0	0	0	0	0	0	0	0	0	0	0	0	0	0	0	0	0	0	0	117.6
5	2.3.4.11.7	Hierro 60000 psi - losa y vigas	KG	0	0	0	0	0	0	0	0	0	0	0	0	0	0	0	0	0	0	0	0	0	0	0	0	0	0	0	0	0	0	0	0	0	2352
5	2.3.4.11.8	Sc-bloque de concreto graderia	ML	0	0	0	0	0	0	0	0	0	0	0	0	0	0	0	0	0	0	0	0	0	0	0	0	0	0	0	0	0	0	0	0	0	224
5	2.3.4.11.9	Alambre negro	KG	0	0	0	0	0	0	0	0	0	0	0	0	0	0	0	0	0	0	0	0	0	0	0	0	0	0	0	0	0	0	0	0	0	70.56
5	2.3.4.11.10	MO Muro contencion con zarpa	M3	0	0	0	0	0	0	0	0	0	0	0	0	0	0	0	0	0	0	0	0	0	0	0	0	0	0	0	0	0	0	0	0	0	117.6
5	2.3.4.11.11	Relleno Manual Tierra Negra X 30CM	M3	0	0	0	0	0	0	0	0	0	0	0	0	0	0	0	0	0	0	0	0	0	0	0	0	0	0	0	0	0	0	0	0	0	47.04
5	2.3.4.11.12	Coberturas Zonas Verdes	M2	0	0	0	0	0	0	0	0	0	0	0	0	0	0	0	0	0	0	0	0	0	0	0	0	0	0	0	0	0	0	0	0	0	156.80000000000001
4	2.3.4.12	INSTALACIONES REDES HUMEDAS																																			
5	2.3.4.12.1	Excavacion mecanica material	M3	0	0	0	0	0	0	0	0	0	0	0	0	0	0	0	0	0	0	0	0	0	0	0	0	0	0	0	0	0	0	0	0	0	257.44704512103601
5	2.3.4.12.2	Relleno en recebo b400	M3	0	0	0	0	0	0	0	0	0	0	0	0	0	0	0	0	0	0	0	0	0	0	0	0	0	0	0	0	0	0	0	0	0	19.734000000000002
5	2.3.4.12.3	Relleno en arena peña	M3	0	0	0	0	0	0	0	0	0	0	0	0	0	0	0	0	0	0	0	0	0	0	0	0	0	0	0	0	0	0	0	0	0	58.276758881685801
5	2.3.4.12.4	Relleno con mezcla de gravilla de 3/4" y arena de rio	M3	0	0	0	0	0	0	0	0	0	0	0	0	0	0	0	0	0	0	0	0	0	0	0	0	0	0	0	0	0	0	0	0	0	156.02250752
5	2.3.4.12.5	Geotextil tejido 2400	M2	0	0	0	0	0	0	0	0	0	0	0	0	0	0	0	0	0	0	0	0	0	0	0	0	0	0	0	0	0	0	0	0	0	673.68240000000003
5	2.3.4.12.6	Mano de obra tuberia novafort 315 mm - 6"	ML	0	0	0	0	0	0	0	0	0	0	0	0	0	0	0	0	0	0	0	0	0	0	0	0	0	0	0	0	0	0	0	0	0	175
5	2.3.4.12.7	Suministro tuberia novafor 315 mm 6"- 6 mts	UN	0	0	0	0	0	0	0	0	0	0	0	0	0	0	0	0	0	0	0	0	0	0	0	0	0	0	0	0	0	0	0	0	0	29.1666666666667
5	2.3.4.12.8	Dren filtro 200 mm (filtro frances)	ML	0	0	0	0	0	0	0	0	0	0	0	0	0	0	0	0	0	0	0	0	0	0	0	0	0	0	0	0	0	0	0	0	0	352
5	2.3.4.12.9	Empate a punto de conexión	UN	0	0	0	0	0	0	0	0	0	0	0	0	0	0	0	0	0	0	0	0	0	0	0	0	0	0	0	0	0	0	0	0	0	2
5	2.3.4.12.10	Pozo de inspeccion en concreto hmax=2m, tapa en concreto	UN	0	0	0	0	0	0	0	0	0	0	0	0	0	0	0	0	0	0	0	0	0	0	0	0	0	0	0	0	0	0	0	0	0	2
5	2.3.4.12.11	Caja de desague h=1 m, incluye marco y tapa	UN	0	0	0	0	0	0	0	0	0	0	0	0	0	0	0	0	0	0	0	0	0	0	0	0	0	0	0	0	0	0	0	0	0	17
5	2.3.4.12.12	Sumidero de concreto prefabricado	UN	0	0	0	0	0	0	0	0	0	0	0	0	0	0	0	0	0	0	0	0	0	0	0	0	0	0	0	0	0	0	0	0	0	2
4	2.3.4.13	INSTALACIONES REDES ELECTRICAS																																			
5	2.3.4.13.1	INSTALACIONES REDES ELECTRICAS	GB	0	0	0	0	0	0	0	0	0	0	0	0	0	0	0	0	0	0	0	0	0	0	0	0	0	0	0	0	0	0	0	0	0	1
4	2.3.4.14	OTROS																																			
5	2.3.4.14.1	BIORETENEDORES	GB	0	0	0	0	0	0	0	0	0	0	0	0	0	0	0	0	0	0	0	0	0	0	0	0	0	0	0	0	0	0	0	0	0	1
4	2.3.4.15	IMPREVISTOS																																			
5	2.3.4.15.1	IMPREVISTOS	%	0	0	0	0	0	0	0	0	0	0	0	0	0	0	0	0	0	0	0	0	0	0	0	0	0	0	0	0	0	0	0	0	0	0.05
3	2.3.5	PQ16																																			
4	2.3.5.1	MOVIMIENTO DE TIERRA																																			
5	2.3.5.1.1	Localizacion y replanteo	M2	0	0	0	0	0	0	0	0	0	0	0	0	0	0	0	0	0	0	0	0	0	0	0	0	0	0	0	0	0	0	0	0	0	1634
5	2.3.5.1.2	Descapote con botadero certificado	M3	0	0	0	0	0	0	0	0	0	0	0	0	0	0	0	0	0	0	0	0	0	0	0	0	0	0	0	0	0	0	0	0	0	1634
5	2.3.5.1.3	excavacion mecanica	M3	0	0	0	0	0	0	0	0	0	0	0	0	0	0	0	0	0	0	0	0	0	0	0	0	0	0	0	0	0	0	0	0	0	6372.6
5	2.3.5.1.4	Subabase granular SBG-B	M3	0	0	0	0	0	0	0	0	0	0	0	0	0	0	0	0	0	0	0	0	0	0	0	0	0	0	0	0	0	0	0	0	0	424.84
4	2.3.5.2	ZONAS VERDES																																			
5	2.3.5.2.1	Localizacion y replanteo	M2	0	0	0	0	0	0	0	0	0	0	0	0	0	0	0	0	0	0	0	0	0	0	0	0	0	0	0	0	0	0	0	0	0	2307
5	2.3.5.2.2	Relleno Manual Tierra Negra X 30CM	M3	0	0	0	0	0	0	0	0	0	0	0	0	0	0	0	0	0	0	0	0	0	0	0	0	0	0	0	0	0	0	0	0	0	899.73
5	2.3.5.2.3	Arboles 80 cm	M3	0	0	0	0	0	0	0	0	0	0	0	0	0	0	0	0	0	0	0	0	0	0	0	0	0	0	0	0	0	0	0	0	0	96
5	2.3.5.2.4	Arboles 120 cm	M2	0	0	0	0	0	0	0	0	0	0	0	0	0	0	0	0	0	0	0	0	0	0	0	0	0	0	0	0	0	0	0	0	0	96
5	2.3.5.2.5	Coberturas Zonas Verdes	M2	0	0	0	0	0	0	0	0	0	0	0	0	0	0	0	0	0	0	0	0	0	0	0	0	0	0	0	0	0	0	0	0	0	2307
4	2.3.5.3	SENDEROS PEATONALES - Incluye el area de los escalones																																			
5	2.3.5.3.1	Localizacion y replanteo	M2	0	0	0	0	0	0	0	0	0	0	0	0	0	0	0	0	0	0	0	0	0	0	0	0	0	0	0	0	0	0	0	0	0	1634
5	2.3.5.3.2	Excavacion y retiro a maquina con batadero certificado	M3	0	0	0	0	0	0	0	0	0	0	0	0	0	0	0	0	0	0	0	0	0	0	0	0	0	0	0	0	0	0	0	0	0	1113.19
5	2.3.5.3.3	Subabase granular SBG-B	M3	0	0	0	0	0	0	0	0	0	0	0	0	0	0	0	0	0	0	0	0	0	0	0	0	0	0	0	0	0	0	0	0	0	424.84
5	2.3.5.3.4	base granular BG	M3	0	0	0	0	0	0	0	0	0	0	0	0	0	0	0	0	0	0	0	0	0	0	0	0	0	0	0	0	0	0	0	0	0	318.63
5	2.3.5.3.5	Geotextil tejido 2100	M2	0	0	0	0	0	0	0	0	0	0	0	0	0	0	0	0	0	0	0	0	0	0	0	0	0	0	0	0	0	0	0	0	0	1634
5	2.3.5.3.6	Concreto 3000 psi	M3	0	0	0	0	0	0	0	0	0	0	0	0	0	0	0	0	0	0	0	0	0	0	0	0	0	0	0	0	0	0	0	0	0	171.57
5	2.3.5.3.7	Malla electrosoldada	KG	0	0	0	0	0	0	0	0	0	0	0	0	0	0	0	0	0	0	0	0	0	0	0	0	0	0	0	0	0	0	0	0	0	13725.6
5	2.3.5.3.8	Mano de obra losa contrapiso	M2	0	0	0	0	0	0	0	0	0	0	0	0	0	0	0	0	0	0	0	0	0	0	0	0	0	0	0	0	0	0	0	0	0	1634
5	2.3.5.3.9	Separadores losa	UN	0	0	0	0	0	0	0	0	0	0	0	0	0	0	0	0	0	0	0	0	0	0	0	0	0	0	0	0	0	0	0	0	0	3268
5	2.3.5.3.10	Bordillo de confinamiento	ML	0	0	0	0	0	0	0	0	0	0	0	0	0	0	0	0	0	0	0	0	0	0	0	0	0	0	0	0	0	0	0	0	0	484
5	2.3.5.3.11	MO Escobillado concreto	M2	0	0	0	0	0	0	0	0	0	0	0	0	0	0	0	0	0	0	0	0	0	0	0	0	0	0	0	0	0	0	0	0	0	1634
5	2.3.5.3.12	Señalizacion zonas	GB	0	0	0	0	0	0	0	0	0	0	0	0	0	0	0	0	0	0	0	0	0	0	0	0	0	0	0	0	0	0	0	0	0	1
5	2.3.5.3.13	Canecas tipo idu	UN	0	0	0	0	0	0	0	0	0	0	0	0	0	0	0	0	0	0	0	0	0	0	0	0	0	0	0	0	0	0	0	0	0	4
5	2.3.5.3.14	totem parque	UN	0	0	0	0	0	0	0	0	0	0	0	0	0	0	0	0	0	0	0	0	0	0	0	0	0	0	0	0	0	0	0	0	0	1
5	2.3.5.3.15	Bancas tipo idu en concreto(sin espaldar)	UN	0	0	0	0	0	0	0	0	0	0	0	0	0	0	0	0	0	0	0	0	0	0	0	0	0	0	0	0	0	0	0	0	0	7
5	2.3.5.3.16	Bancas tipo idu en concreto(con espaldar)	UN	0	0	0	0	0	0	0	0	0	0	0	0	0	0	0	0	0	0	0	0	0	0	0	0	0	0	0	0	0	0	0	0	0	7
4	2.3.5.4	PARQUE DE NIÑOS																																			
5	2.3.5.4.1	D5-02 deslizadero recto en polimero	UN	0	0	0	0	0	0	0	0	0	0	0	0	0	0	0	0	0	0	0	0	0	0	0	0	0	0	0	0	0	0	0	0	0	2
4	2.3.5.5	INSTALACIONES REDES HUMEDAS																																			
5	2.3.5.5.1	Excavacion mecanica material	M3	0	0	0	0	0	0	0	0	0	0	0	0	0	0	0	0	0	0	0	0	0	0	0	0	0	0	0	0	0	0	0	0	0	339.28928016880599
5	2.3.5.5.2	Relleno en recebo b400	M3	0	0	0	0	0	0	0	0	0	0	0	0	0	0	0	0	0	0	0	0	0	0	0	0	0	0	0	0	0	0	0	0	0	32.671759999999999
5	2.3.5.5.3	Relleno en arena peña	M3	0	0	0	0	0	0	0	0	0	0	0	0	0	0	0	0	0	0	0	0	0	0	0	0	0	0	0	0	0	0	0	0	0	114.55641796579501
5	2.3.5.5.4	Relleno con mezcla de gravilla de 3/4" y arena de rio	M3	0	0	0	0	0	0	0	0	0	0	0	0	0	0	0	0	0	0	0	0	0	0	0	0	0	0	0	0	0	0	0	0	0	125.910072
5	2.3.5.5.5	Geotextil tejido 2400	M2	0	0	0	0	0	0	0	0	0	0	0	0	0	0	0	0	0	0	0	0	0	0	0	0	0	0	0	0	0	0	0	0	0	249.80240000000001
5	2.3.5.5.6	Mano de obra tuberia novafort 250 mm - 8"	ML	0	0	0	0	0	0	0	0	0	0	0	0	0	0	0	0	0	0	0	0	0	0	0	0	0	0	0	0	0	0	0	0	0	186
5	2.3.5.5.7	Suministro tuberia novafor 250 mm 8"- 6 mts	UN	0	0	0	0	0	0	0	0	0	0	0	0	0	0	0	0	0	0	0	0	0	0	0	0	0	0	0	0	0	0	0	0	0	31
5	2.3.5.5.8	Mano de obra tuberia novafort 315 mm - 6"	ML	0	0	0	0	0	0	0	0	0	0	0	0	0	0	0	0	0	0	0	0	0	0	0	0	0	0	0	0	0	0	0	0	0	89
5	2.3.5.5.9	Suministro tuberia novafor 315 mm 6"- 6 mts	UN	0	0	0	0	0	0	0	0	0	0	0	0	0	0	0	0	0	0	0	0	0	0	0	0	0	0	0	0	0	0	0	0	0	14.8333333333333
5	2.3.5.5.10	Dren filtro 100 mm(filtro frances)	ML	0	0	0	0	0	0	0	0	0	0	0	0	0	0	0	0	0	0	0	0	0	0	0	0	0	0	0	0	0	0	0	0	0	207
5	2.3.5.5.11	Dren filtro 200 mm (filtro frances)	ML	0	0	0	0	0	0	0	0	0	0	0	0	0	0	0	0	0	0	0	0	0	0	0	0	0	0	0	0	0	0	0	0	0	108
5	2.3.5.5.12	Empate a punto de conexión	UN	0	0	0	0	0	0	0	0	0	0	0	0	0	0	0	0	0	0	0	0	0	0	0	0	0	0	0	0	0	0	0	0	0	2
5	2.3.5.5.13	Pozo de inspeccion en concreto hmax=2m, tapa en concreto	UN	0	0	0	0	0	0	0	0	0	0	0	0	0	0	0	0	0	0	0	0	0	0	0	0	0	0	0	0	0	0	0	0	0	17
5	2.3.5.5.14	Caja de desague h=1 m, incluye marco y tapa	UN	0	0	0	0	0	0	0	0	0	0	0	0	0	0	0	0	0	0	0	0	0	0	0	0	0	0	0	0	0	0	0	0	0	5
5	2.3.5.5.15	Sumidero de concreto prefabricado	UN	0	0	0	0	0	0	0	0	0	0	0	0	0	0	0	0	0	0	0	0	0	0	0	0	0	0	0	0	0	0	0	0	0	9
4	2.3.5.6	INSTALACIONES REDES ELECTRICAS																																			
5	2.3.5.6.1	INSTALACIONES REDES ELECTRICAS	GB	0	0	0	0	0	0	0	0	0	0	0	0	0	0	0	0	0	0	0	0	0	0	0	0	0	0	0	0	0	0	0	0	0	1
4	2.3.5.7	IMPREVISTOS																																			
5	2.3.5.7.1	IMPREVISTOS	%	0	0	0	0	0	0	0	0	0	0	0	0	0	0	0	0	0	0	0	0	0	0	0	0	0	0	0	0	0	0	0	0	0	0.05
3	2.3.6	PQ19																																			
4	2.3.6.1	MOVIMIENTO DE TIERRA																																			
5	2.3.6.1.1	Localizacion y replanteo	M2	0	0	0	0	0	0	0	0	0	0	0	0	0	0	0	0	0	0	0	0	0	0	0	0	0	0	0	0	0	0	0	0	0	1329
5	2.3.6.1.2	Descapote con botadero certificado	M3	0	0	0	0	0	0	0	0	0	0	0	0	0	0	0	0	0	0	0	0	0	0	0	0	0	0	0	0	0	0	0	0	0	1329
5	2.3.6.1.3	excavacion mecanica	M3	0	0	0	0	0	0	0	0	0	0	0	0	0	0	0	0	0	0	0	0	0	0	0	0	0	0	0	0	0	0	0	0	0	1814
5	2.3.6.1.4	Subabase granular SBG-B	M3	0	0	0	0	0	0	0	0	0	0	0	0	0	0	0	0	0	0	0	0	0	0	0	0	0	0	0	0	0	0	0	0	0	2534
4	2.3.6.2	ZONAS VERDES																																			
5	2.3.6.2.1	Localizacion y replanteo	M2	0	0	0	0	0	0	0	0	0	0	0	0	0	0	0	0	0	0	0	0	0	0	0	0	0	0	0	0	0	0	0	0	0	2500
5	2.3.6.2.2	Relleno Manual Tierra Negra X 30CM	M3	0	0	0	0	0	0	0	0	0	0	0	0	0	0	0	0	0	0	0	0	0	0	0	0	0	0	0	0	0	0	0	0	0	975
5	2.3.6.2.3	Arboles 80 cm	M3	0	0	0	0	0	0	0	0	0	0	0	0	0	0	0	0	0	0	0	0	0	0	0	0	0	0	0	0	0	0	0	0	0	96
5	2.3.6.2.4	Arboles 120 cm	M2	0	0	0	0	0	0	0	0	0	0	0	0	0	0	0	0	0	0	0	0	0	0	0	0	0	0	0	0	0	0	0	0	0	96
5	2.3.6.2.5	Coberturas Zonas Verdes	M2	0	0	0	0	0	0	0	0	0	0	0	0	0	0	0	0	0	0	0	0	0	0	0	0	0	0	0	0	0	0	0	0	0	2500
4	2.3.6.3	SENDEROS PEATONALES - Incluye el area de los escalones																																			
5	2.3.6.3.1	Localizacion y replanteo	M2	0	0	0	0	0	0	0	0	0	0	0	0	0	0	0	0	0	0	0	0	0	0	0	0	0	0	0	0	0	0	0	0	0	1329
5	2.3.6.3.2	Excavacion y retiro a maquina con batadero certificado	M3	0	0	0	0	0	0	0	0	0	0	0	0	0	0	0	0	0	0	0	0	0	0	0	0	0	0	0	0	0	0	0	0	0	1238.6400000000001
5	2.3.6.3.3	Subabase granular SBG-B	M3	0	0	0	0	0	0	0	0	0	0	0	0	0	0	0	0	0	0	0	0	0	0	0	0	0	0	0	0	0	0	0	0	0	345.54
5	2.3.6.3.4	base granular BG	M3	0	0	0	0	0	0	0	0	0	0	0	0	0	0	0	0	0	0	0	0	0	0	0	0	0	0	0	0	0	0	0	0	0	259.15499999999997
5	2.3.6.3.5	Geotextil tejido 2100	M2	0	0	0	0	0	0	0	0	0	0	0	0	0	0	0	0	0	0	0	0	0	0	0	0	0	0	0	0	0	0	0	0	0	1329
5	2.3.6.3.6	Concreto 3000 psi	M3	0	0	0	0	0	0	0	0	0	0	0	0	0	0	0	0	0	0	0	0	0	0	0	0	0	0	0	0	0	0	0	0	0	139.54499999999999
5	2.3.6.3.7	Malla electrosoldada	KG	0	0	0	0	0	0	0	0	0	0	0	0	0	0	0	0	0	0	0	0	0	0	0	0	0	0	0	0	0	0	0	0	0	11163.6
5	2.3.6.3.8	Mano de obra losa contrapiso	M2	0	0	0	0	0	0	0	0	0	0	0	0	0	0	0	0	0	0	0	0	0	0	0	0	0	0	0	0	0	0	0	0	0	1329
5	2.3.6.3.9	Separadores losa	UN	0	0	0	0	0	0	0	0	0	0	0	0	0	0	0	0	0	0	0	0	0	0	0	0	0	0	0	0	0	0	0	0	0	2658
5	2.3.6.3.10	Cañuela prefabricado	ML	0	0	0	0	0	0	0	0	0	0	0	0	0	0	0	0	0	0	0	0	0	0	0	0	0	0	0	0	0	0	0	0	0	450
5	2.3.6.3.11	Bordillo de confinamiento	ML	0	0	0	0	0	0	0	0	0	0	0	0	0	0	0	0	0	0	0	0	0	0	0	0	0	0	0	0	0	0	0	0	0	969
5	2.3.6.3.12	MO Escobillado concreto	M2	0	0	0	0	0	0	0	0	0	0	0	0	0	0	0	0	0	0	0	0	0	0	0	0	0	0	0	0	0	0	0	0	0	1329
5	2.3.6.3.13	Señalizacion zonas	GB	0	0	0	0	0	0	0	0	0	0	0	0	0	0	0	0	0	0	0	0	0	0	0	0	0	0	0	0	0	0	0	0	0	1
5	2.3.6.3.14	Canecas tipo idu	UN	0	0	0	0	0	0	0	0	0	0	0	0	0	0	0	0	0	0	0	0	0	0	0	0	0	0	0	0	0	0	0	0	0	4
5	2.3.6.3.15	totem parque	UN	0	0	0	0	0	0	0	0	0	0	0	0	0	0	0	0	0	0	0	0	0	0	0	0	0	0	0	0	0	0	0	0	0	1
5	2.3.6.3.16	Bancas tipo idu en concreto(sin espaldar)	UN	0	0	0	0	0	0	0	0	0	0	0	0	0	0	0	0	0	0	0	0	0	0	0	0	0	0	0	0	0	0	0	0	0	5
5	2.3.6.3.17	Bancas tipo idu en concreto(con espaldar)	UN	0	0	0	0	0	0	0	0	0	0	0	0	0	0	0	0	0	0	0	0	0	0	0	0	0	0	0	0	0	0	0	0	0	5
4	2.3.6.4	PARQUE DE NIÑOS																																			
5	2.3.6.4.1	D5-02 deslizadero recto en polimero	UN	0	0	0	0	0	0	0	0	0	0	0	0	0	0	0	0	0	0	0	0	0	0	0	0	0	0	0	0	0	0	0	0	0	2
4	2.3.6.5	INSTALACIONES REDES HUMEDAS																																			
5	2.3.6.5.1	Excavacion mecanica material	M3	0	0	0	0	0	0	0	0	0	0	0	0	0	0	0	0	0	0	0	0	0	0	0	0	0	0	0	0	0	0	0	0	0	109.535101604662
5	2.3.6.5.2	Relleno en recebo b400	M3	0	0	0	0	0	0	0	0	0	0	0	0	0	0	0	0	0	0	0	0	0	0	0	0	0	0	0	0	0	0	0	0	0	22.6736
5	2.3.6.5.3	Relleno en arena peña	M3	0	0	0	0	0	0	0	0	0	0	0	0	0	0	0	0	0	0	0	0	0	0	0	0	0	0	0	0	0	0	0	0	0	49.807761081937798
5	2.3.6.5.4	Geotextil tejido 2400	M2	0	0	0	0	0	0	0	0	0	0	0	0	0	0	0	0	0	0	0	0	0	0	0	0	0	0	0	0	0	0	0	0	0	1.5032000000000001
5	2.3.6.5.5	Mano de obra tuberia novafort 315 mm - 6"	ML	0	0	0	0	0	0	0	0	0	0	0	0	0	0	0	0	0	0	0	0	0	0	0	0	0	0	0	0	0	0	0	0	0	20
5	2.3.6.5.6	Suministro tuberia novafor 315 mm 6"- 6 mts	UN	0	0	0	0	0	0	0	0	0	0	0	0	0	0	0	0	0	0	0	0	0	0	0	0	0	0	0	0	0	0	0	0	0	3.3333333333333299
5	2.3.6.5.7	Mano de obra tuberia novafort 315 mm - 4"	ML	0	0	0	0	0	0	0	0	0	0	0	0	0	0	0	0	0	0	0	0	0	0	0	0	0	0	0	0	0	0	0	0	0	200
5	2.3.6.5.8	Suministro tuberia novafor 315 mm 4"- 6 mts	UN	0	0	0	0	0	0	0	0	0	0	0	0	0	0	0	0	0	0	0	0	0	0	0	0	0	0	0	0	0	0	0	0	0	33.3333333333333
5	2.3.6.5.9	Empate a punto de conexión	UN	0	0	0	0	0	0	0	0	0	0	0	0	0	0	0	0	0	0	0	0	0	0	0	0	0	0	0	0	0	0	0	0	0	2
5	2.3.6.5.10	Pozo de inspeccion en concreto hmax=2m, tapa en concreto	UN	0	0	0	0	0	0	0	0	0	0	0	0	0	0	0	0	0	0	0	0	0	0	0	0	0	0	0	0	0	0	0	0	0	9
5	2.3.6.5.11	Caja de desague h=1 m, incluye marco y tapa	UN	0	0	0	0	0	0	0	0	0	0	0	0	0	0	0	0	0	0	0	0	0	0	0	0	0	0	0	0	0	0	0	0	0	7
5	2.3.6.5.12	Sumidero de concreto prefabricado	UN	0	0	0	0	0	0	0	0	0	0	0	0	0	0	0	0	0	0	0	0	0	0	0	0	0	0	0	0	0	0	0	0	0	9
4	2.3.6.6	INSTALACIONES REDES ELECTRICAS																																			
5	2.3.6.6.1	INSTALACIONES REDES ELECTRICAS	GB	0	0	0	0	0	0	0	0	0	0	0	0	0	0	0	0	0	0	0	0	0	0	0	0	0	0	0	0	0	0	0	0	0	1
4	2.3.6.7	IMPREVISTOS																																			
5	2.3.6.7.1	IMPREVISTOS	%	0	0	0	0	0	0	0	0	0	0	0	0	0	0	0	0	0	0	0	0	0	0	0	0	0	0	0	0	0	0	0	0	0	0.05
2	2.5	REDES HIDRAULICAS-SANITARIAS Y GAS																																			
3	2.5.1	RED DE ACUEDUCTO																																			
4	2.5.1.1	SUMINISTRO DE TUBERÍAS																																			
5	2.5.1.1.01	Suministro tubería PVC presión Ø1"	UN	0	0	0	0	0	0	0	0	0	0	0	0	0	0	0	0	0	0	0	0	0	0	0	0	0	0	0	0	0	0	0	0	0	0
5	2.5.1.1.02	Suministro tubería PVC presión Ø2"	UN	0	1.92	7.51	3.36	0	0	2.93	0	1.81	0	15.8	0	0	0	5	0	0	0	1.45	0	0	16.89	0	9.2799999999999994	0	0	9.75	0	9.48	4.5199999999999996	0	0	0	0
5	2.5.1.1.03	Suministro tubería PVC presión Ø3"	UN	0	0	0	0	1.68	0	0	21.05	0	0	0	0	0	20.260000000000002	0	0	0	0	0	0	0	4.0599999999999996	0	0	9.2799999999999994	0	0	0	0	0	10.54	2.1800000000000002	0	0
5	2.5.1.1.04	Suministro tubería PVC presión Ø4"	UN	5	11.94	0	0	0	1.81	1.81	0	0	0	0	0	0	0	0	0	0	0	0	0	0	14.059999999999999	0	9.56	0	0	0	0	0	19.53	4.32	4.2	0	0
5	2.5.1.1.05	Suministro tubería PVC presión Ø6"	UN	0	24.49	0	0	0	0	10.06	0	0	0	0	0	0	30.56	0	121.96	0	0	0	0	0	343.59999999999997	0	0	0	0	0	0	84.9	3.67	16.09	61.11	0	0
5	2.5.1.1.06	Suministro tubería PVC presión Ø8"	UN	0	83.77	0	0	221.33999999999997	0	0	181.77	34.18	67.339999999999989	80.86999999999999	70.97999999999999	0	204.28	0	20.92	235.43999999999997	21.21	0	340.35	0	380.21999999999997	0	21.6	39.879999999999995	0	0	0	15.01	246.9	30.59	84.02	0	0
5	2.5.1.1.07	Suministro tubería PVC presión Ø10"	UN	0	0	0	0	0	0	0	0	0	0	0	0	0	0	0	0	0	0	0	0	0	0	0	0	0	0	0	0	0	0	0	0	0	0
5	2.5.1.1.08	Suministro tubería PVC presión Ø12"	UN	0	0	0	0	327.92	125.52	111.42	278.61000000000007	119.2	0	181.99000000000004	18.5	0	64.31	0	0	2.98	0	23.79	3.64	213.69999999999996	282.58999999999997	0	344.3	124.82999999999998	42.84	71.39	0	0	0	0	0	0	0
5	2.5.1.1.09	Suministro tubería y piezas especiales HD Ø4"	UN	0	0	0	0	0	0	0	0	0	0	0	0	0	0	0	0	0	0	0	0	0	0	0	0	0	0	0	0	0	0	0	0	0	0
5	2.5.1.1.10	Suministro tubería y piezas especiales HD Ø12"	UN	0	0	0	0	0	0	0	56.370000000000005	0	0	0	0	0	0	0	0	0	0	0	0	0	0	0	0	0	0	0	0	0	0	0	0	0	0
4	2.5.1.2	INSTALACIÓN DE TUBERÍAS																																			
5	2.5.1.2.01	Instalación tubería PVC presión Ø1"	ML	0	0	0	0	0	0	0	0	0	0	0	0	0	0	0	0	0	0	0	0	0	0	0	0	0	0	0	0	0	0	0	0	0	0
5	2.5.1.2.02	Instalación tubería PVC presión Ø2"	ML	0	1.92	7.51	3.36	0	0	2.93	0	1.81	0	15.8	0	0	0	5	0	0	0	1.45	0	0	16.89	0	9.2799999999999994	0	0	9.75	0	9.48	4.5199999999999996	0	0	0	0
5	2.5.1.2.03	Instalación tubería PVC presión Ø3"	ML	0	0	0	0	1.68	0	0	21.05	0	0	0	0	0	20.260000000000002	0	0	0	0	0	0	0	4.0599999999999996	0	0	9.2799999999999994	0	0	0	0	0	10.54	2.1800000000000002	0	0
5	2.5.1.2.04	Instalación tubería PVC presión Ø4"	ML	5	11.94	0	0	0	1.81	1.81	0	0	0	0	0	0	0	0	0	0	0	0	0	0	14.059999999999999	0	9.56	0	0	0	0	0	19.53	4.32	4.2	0	0
5	2.5.1.2.05	Instalación tubería PVC presión Ø6"	ML	0	24.49	0	0	0	0	10.06	0	0	0	0	0	0	30.56	0	121.96	0	0	0	0	0	343.59999999999997	0	0	0	0	0	0	84.9	3.67	16.09	61.11	0	0
5	2.5.1.2.06	Instalación tubería PVC presión Ø8"	ML	0	83.77	0	0	221.33999999999997	0	0	181.77	34.18	67.339999999999989	80.86999999999999	70.97999999999999	0	204.28	0	20.92	235.43999999999997	21.21	0	340.35	0	380.21999999999997	0	21.6	39.879999999999995	0	0	0	15.01	246.9	30.59	84.02	0	0
5	2.5.1.2.07	Instalación tubería PVC presión Ø10"	ML	0	0	0	0	0	0	0	0	0	0	0	0	0	0	0	0	0	0	0	0	0	0	0	0	0	0	0	0	0	0	0	0	0	0
5	2.5.1.2.08	Instalación tubería PVC presión Ø12"	ML	0	0	0	0	327.92	125.52	111.42	278.61000000000007	119.2	0	181.99000000000004	18.5	0	64.31	0	0	2.98	0	23.79	3.64	213.69999999999996	282.58999999999997	0	344.3	124.82999999999998	42.84	71.39	0	0	0	0	0	0	0
5	2.5.1.2.09	Instalación tubería y piezas especiales HD Ø4"	ML	0	0	0	0	0	0	0	0	0	0	0	0	0	0	0	0	0	0	0	0	0	0	0	0	0	0	0	0	0	0	0	0	0	0
5	2.5.1.2.10	Instalación tubería y piezas especiales HD Ø12"	ML	0	0	0	0	0	0	0	56.370000000000005	0	0	0	0	0	0	0	0	0	0	0	0	0	0	0	0	0	0	0	0	0	0	0	0	0	0
4	2.5.1.8	MOVIMIENTO DE TIERRAS, CIMENTACIÓN Y PROTECCIÓN																																			
5	2.5.1.8.01	Localización y replanteo topográfico	ML	0	0	0	0	0	0	0	0	0	0	0	0	0	0	0	0	0	0	0	0	0	0	0	0	0	0	0	0	0	0	0	0	0	0
5	2.5.1.8.03	Excavación mecánica en material común	M3	0	17.04	0	0	167.00899999999999	2E-3	98.272000000000006	155.51400000000001	83.335000000000008	25.503	101.27800000000002	20.925999999999998	0	51.337000000000003	0	91.789000000000001	57.956000000000003	3.7130000000000001	4.9050000000000002	0	0	190.86699999999996	0	170.71199999999999	128.34800000000001	36.006999999999998	60.083000000000006	0	0	183.92599999999999	9.8659999999999997	12.814	0	0
5	2.5.1.8.05	Cargue, transporte y disposición de sobrantes	M3	0	1.857	0	0	22.558999999999997	0	15.603	19.760999999999999	11.794	2.8319999999999999	14.566000000000003	3.1419999999999999	0	6.8810000000000002	0	9.5419999999999998	6.8609999999999998	0.46200000000000002	0.71199999999999997	0	0	22.977999999999998	0	26.443999999999999	18.693999999999999	5.6959999999999997	9.4919999999999991	0	0	21.754999999999999	1.0870000000000002	1.3069999999999999	0	0
5	2.5.1.8.10	Geotextil NT 1600	M2	0	0	0	0	0	0	0	0	0	0	0	0	0	0	0	0	0	0	0	0	0	0	0	0	0	0	0	0	0	0	0	0	0	0
5		Entibado continuo E-1A, H≤2,00 m	M2																																		
5		Entibado continuo E-1B, 2,00<H≤3,00 m	M2																																		
5		Entibado E-2, H>3,00 m	M2																																		
5	2.5.1.8.13	Cinta de señalización	ML	0	0	0	0	0	0	0	0	0	0	0	0	0	0	0	0	0	0	0	0	0	0	0	0	0	0	0	0	0	0	0	0	0	0
5		Cárcamo o placa de protección para tubería (Red de acueducto)	ML																																		
5	2.5.1.8.06	Cama y atraque en arena de peña	M3	0	0	0	0	0	0	0	0	0	0	0	0	0	0	0	0	0	0	0	0	0	0	0	0	0	0	0	0	0	0	0	0	0	0
5	2.5.1.8.09	Suministro y colocación de recebo B-200	M3	0	0	0	0	0	0	0	0	0	0	0	0	0	0	0	0	0	0	0	0	0	0	0	0	0	0	0	0	0	0	0	0	0	0
5	2.5.1.8.08	Relleno con material seleccionado de excavación	M3	0	0	0	0	0	0	0	0	0	0	0	0	0	0	0	0	0	0	0	0	0	0	0	0	0	0	0	0	0	0	0	0	0	0
4	2.5.1.3	ACOMETIDAS																																			
5	2.5.1.3.01	Construcción y conexión de acometida Ø1"	UN	0	0	0	0	0	0	0	0	0	0	0	0	0	0	0	0	0	0	0	0	0	0	0	0	0	0	0	0	0	0	0	0	0	0
5	2.5.1.3.02	Construcción y conexión de acometida Ø2"	UN	0	0	0	0	0	0	0	0	0	0	0	0	0	0	0	0	0	0	0	0	0	0	0	0	0	0	0	0	0	0	0	0	0	0
5	2.5.1.3.03	Construcción y conexión de acometida Ø3"	UN	0	0	0	0	0	0	0	0	0	0	0	0	0	0	0	0	0	0	0	0	0	0	0	0	0	0	0	0	0	0	0	0	0	0
5	2.5.1.3.04	Construcción y conexión de acometida Ø4"	UN	0	0	0	0	0	0	0	0	0	0	0	0	0	0	0	0	0	0	0	0	0	0	0	0	0	0	0	0	0	0	0	0	0	0
5	2.5.1.3.05	Acometida domiciliaria Ø1/2" con collar Ø4" y cajilla de medidor	UN	0	0	0	0	0	0	0	0	0	0	0	0	0	0	0	0	0	0	0	0	0	0	0	0	0	0	0	0	0	0	0	0	0	0
4	2.5.1.4	ACCESORIOS Y ANCLAJES																																			
5	2.5.1.4.01.01	Codo 11,25° Ø4"	UN	0	1	0	0	0	0	0	0	0	0	0	0	0	0	0	0	0	0	0	0	0	0	0	0	0	0	0	0	0	0	0	0	0	0
5	2.5.1.4.01.02	Codo 11,25° Ø6"	UN	0	2	0	0	0	0	1	0	0	0	0	0	0	6	0	0	0	0	0	0	0	2	0	0	0	0	0	0	4	2	0	2	0	0
5	2.5.1.4.01.03	Codo 11,25° Ø8"	UN	0	2	0	0	0	4	0	3	1	1	2	1	0	0	0	0	0	0	0	0	0	12	0	0	0	0	0	0	0	3	0	0	0	0
5	2.5.1.4.01.04	Codo 11,25° Ø12"	UN	0	0	0	0	5	0	1	6	0	0	0	0	0	0	0	0	0	0	0	0	2	9	0	5	0	0	0	0	0	0	0	0	0	0
5	2.5.1.4.02.01	Codo 22,5° Ø6"	UN	0	1	0	0	0	0	0	0	0	0	0	0	0	0	0	0	0	0	0	0	0	5	0	0	0	0	0	0	0	1	2	0	0	0
5	2.5.1.4.02.02	Codo 22,5° Ø8"	UN	0	1	0	0	0	0	0	0	0	1	0	0	0	0	0	0	0	2	0	0	0	4	0	0	0	0	0	0	0	1	2	1	0	0
5	2.5.1.4.02.03	Codo 22,5° Ø12"	UN	0	0	0	0	0	0	0	2	0	0	0	0	0	1	0	0	0	0	0	0	0	0	0	1	0	0	0	0	0	0	0	0	0	0
5	2.5.1.4.03.01	Codo 45° Ø6"	UN	0	0	0	0	0	0	0	0	0	0	0	0	0	0	0	0	0	0	0	0	0	1	0	0	0	0	0	0	0	2	2	0	0	0
5	2.5.1.4.03.02	Codo 45° Ø8"	UN	0	5	0	0	0	0	0	2	0	0	2	0	0	0	0	0	0	0	0	2	0	5	0	0	0	0	0	0	0	4	0	0	0	0
5	2.5.1.4.03.03	Codo 45° Ø12"	UN	0	0	0	0	2	0	0	3	0	0	1	0	0	0	0	0	0	0	0	3	0	1	0	0	0	0	0	0	0	0	0	0	0	0
5	2.5.1.4.04.01	Codo 90° Ø6"	UN	0	1	0	0	0	0	0	0	0	0	0	0	0	0	0	0	0	0	0	0	0	1	0	0	0	0	0	0	1	0	0	0	0	0
5	2.5.1.4.04.02	Codo 90° Ø8"	UN	0	1	0	0	0	0	0	0	0	1	0	0	0	0	0	0	0	0	0	0	0	0	0	0	0	0	0	0	0	0	0	1	0	0
5	2.5.1.4.04.03	Codo 90° Ø12"	UN	0	0	0	0	0	0	0	2	1	0	0	0	0	0	0	0	0	0	0	0	0	0	0	3	0	0	0	0	0	0	0	0	0	0
5	2.5.1.4.05.01	Tee Ø6" × Ø1"	UN	0	0	0	0	0	0	0	0	0	0	0	0	0	0	0	0	0	0	0	0	0	0	0	0	0	0	0	0	1	0	0	0	0	0
5	2.5.1.4.05.02	Tee Ø6" × Ø2"	UN	0	0	0	0	0	0	0	0	0	0	0	0	0	0	0	0	0	0	0	0	0	0	0	0	0	0	0	0	1	0	0	0	0	0
5	2.5.1.4.05.03	Tee Ø6" × Ø4"	UN	0	1	0	0	0	0	0	0	0	0	0	0	0	0	0	1	2	0	0	0	0	4	0	1	0	0	0	0	4	1	2	1	0	0
5	2.5.1.4.05.04	Tee Ø6" × Ø6"	UN	0	1	0	0	0	0	0	0	0	0	0	0	0	0	0	2	0	0	0	0	0	1	0	0	0	0	0	0	1	0	0	0	0	0
5	2.5.1.4.05.05	Tee Ø8" × Ø2"	UN	0	0	0	0	0	0	0	0	0	0	0	0	0	0	0	0	0	0	0	0	0	1	0	0	0	0	0	0	0	0	0	0	0	0
5	2.5.1.4.05.06	Tee Ø8" × Ø4"	UN	1	1	1	0	0	0	0	0	0	1	1	0	0	0	0	0	0	1	0	0	0	4	0	1	1	0	2	0	0	2	3	1	0	0
5	2.5.1.4.05.07	Tee Ø8" × Ø6"	UN	0	0	0	0	0	0	0	0	0	0	0	0	0	0	0	0	0	0	0	0	0	2	0	0	0	0	0	0	0	1	0	1	0	0
5	2.5.1.4.05.08	Tee Ø8" × Ø8"	UN	0	2	0	0	0	0	0	0	0	1	0	0	0	0	0	0	0	0	0	0	0	2	0	0	0	0	0	0	0	0	1	0	0	0
5	2.5.1.4.05.09	Tee Ø10" × Ø8"	UN	0	1	0	0	0	0	0	0	0	0	0	0	0	0	0	0	0	0	0	0	0	0	0	0	0	0	0	0	0	0	0	0	0	0
5	2.5.1.4.05.10	Tee Ø12" × Ø4"	UN	0	1	2	0	7	1	2	3	0	0	0	1	0	0	3	0	2	1	1	2	5	2	0	5	3	1	0	0	0	0	0	1	0	0
5	2.5.1.4.05.11	Tee Ø12" × Ø6"	UN	0	1	0	0	0	0	1	0	0	0	0	0	0	0	0	0	0	0	0	0	0	0	0	1	0	0	0	0	0	0	0	1	0	0
5	2.5.1.4.05.12	Tee Ø12" × Ø8"	UN	0	0	0	0	0	0	0	2	0	0	1	1	0	1	0	0	0	1	0	1	0	0	0	0	0	1	0	0	0	0	0	0	0	0
5	2.5.1.4.05.13	Tee Ø12" × Ø12"	UN	0	0	0	0	1	0	0	3	0	0	0	0	0	1	0	0	1	0	0	0	0	1	0	5	0	0	0	0	0	0	0	0	0	0
5	2.5.1.4.06.01	Reducción concéntrica Ø4" × Ø2"	UN	0	2	1	0	0	1	1	0	1	0	1	0	0	0	1	0	1	0	1	0	0	0	0	2	0	0	2	0	1	2	1	0	0	0
5	2.5.1.4.06.02	Reducción concéntrica Ø4" × Ø3"	UN	0	1	0	0	1	0	0	1	0	0	0	0	0	0	1	0	1	1	0	1	0	0	0	0	2	0	0	0	0	0	1	1	0	0
5	2.5.1.4.06.03	Reducción concéntrica Ø6" × Ø2"	UN	0	2	0	0	0	0	0	0	0	0	0	0	0	0	0	0	0	0	0	0	0	0	0	0	0	0	0	0	0	0	0	0	0	0
5	2.5.1.4.06.04	Reducción concéntrica Ø6" × Ø4"	UN	0	0	0	0	0	0	1	0	0	0	0	0	0	0	0	0	0	0	0	0	0	0	0	0	0	0	0	0	1	1	0	0	0	0
5	2.5.1.4.06.05	Reducción concéntrica Ø8" × Ø4"	UN	0	1	0	0	0	0	0	0	0	0	0	0	0	0	0	0	0	0	0	0	0	0	0	0	0	0	0	0	0	0	0	0	0	0
5	2.5.1.4.06.06	Reducción concéntrica Ø8" × Ø6"	UN	0	0	0	0	0	0	0	0	0	0	0	0	0	0	0	0	0	0	0	0	0	1	0	0	0	0	0	0	0	0	1	1	0	0
5	2.5.1.4.06.07	Reducción concéntrica Ø12" × Ø8"	UN	0	1	0	0	0	0	0	0	0	0	0	0	0	1	0	0	1	0	0	0	0	1	0	1	1	0	0	0	0	0	0	0	0	0
5	2.5.1.4.07.01	Tapón Ø1"	UN	0	0	0	0	0	0	0	0	0	0	0	0	0	0	0	0	0	0	0	0	0	0	0	0	0	0	0	0	1	0	0	0	0	0
5	2.5.1.4.07.02	Tapón Ø2"	UN	0	4	2	1	0	1	2	0	0	0	2	0	0	0	1	0	1	0	2	0	0	2	0	2	0	0	2	0	2	2	1	0	0	0
5	2.5.1.4.07.03	Tapón Ø3"	UN	0	1	0	0	1	0	0	2	0	1	0	0	0	0	0	0	2	1	1	0	0	1	0	0	2	0	0	0	0	0	1	1	0	0
5	2.5.1.4.07.04	Tapón Ø4"	UN	1	0	0	0	1	0	0	0	0	0	0	0	0	0	0	0	0	0	0	0	0	0	0	0	0	0	0	0	0	0	0	0	0	0
5	2.5.1.4.07.05	Tapón Ø6"	UN	0	0	0	0	0	0	0	0	0	0	0	0	0	0	0	2	1	0	0	0	0	0	0	0	0	0	0	0	1	0	1	0	0	0
5	2.5.1.4.07.06	Tapón Ø8"	UN	0	0	0	0	0	0	0	0	0	0	0	0	0	0	0	0	0	0	0	0	0	0	0	1	2	0	0	0	0	0	0	0	0	0
5	2.5.1.4.07.07	Tapón Ø12"	UN	0	0	0	0	1	0	0	0	0	0	0	0	0	0	0	0	0	0	0	0	1	0	0	1	0	0	0	0	0	0	0	0	0	0
5	2.5.1.4.08.01	Unión Ø12"	UN	0	0	0	0	0	0	0	0	0	0	0	0	0	0	0	0	0	0	0	0	0	0	0	0	0	0	0	0	0	0	0	0	0	0
5	2.5.1.4.08.02	Unión de reparación según diámetro	UN	0	3	0	0	0	0	1	2	0	0	0	0	0	0	0	0	0	0	0	0	0	1	0	0	0	0	0	0	1	1	1	3	0	0
5	2.5.1.4.09	Niples, pasamuros, bridas y piezas especiales	UN	0	0	0	0	0	0	0	0	0	0	0	0	0	0	0	0	0	0	0	0	0	0	0	0	0	0	0	0	0	0	0	0	0	0
5	2.5.1.4.10	Anclaje de concreto para accesorios	UN	0	0	0	0	0	0	0	0	0	0	0	0	0	0	0	0	0	0	0	0	0	0	0	0	0	0	0	0	0	0	0	0	0	0
5	2.5.1.4.12	Tubería de acero al carbón SCH 40 Ø4"	ML	0	0	0	0	0	0	0	0	0	0	0	0	0	0	0	0	0	0	0	0	0	0	0	0	0	0	0	0	0	0	0	0	0	0
4	2.5.1.5	VÁLVULAS Y CAJAS																																			
5	2.5.1.5.01	Válvula de compuerta Ø4"	UN	0	1	0	0	0	0	0	0	0	0	0	0	0	0	0	0	0	0	0	0	0	0	0	0	0	0	0	0	0	0	0	0	0	0
5	2.5.1.5.02	Válvula de compuerta Ø6"	UN	0	1	0	0	0	0	1	0	0	0	0	0	0	2	0	0	0	0	0	0	0	2	0	1	0	0	0	0	1	1	0	0	0	0
5	2.5.1.5.03	Válvula de compuerta Ø8"	UN	0	4	0	0	0	0	0	1	0	0	2	0	0	0	0	0	0	1	0	0	0	4	0	0	0	1	0	0	0	0	3	1	0	0
5	2.5.1.5.04	Válvula de compuerta Ø12"	UN	0	0	0	1	1	0	0	1	0	0	0	0	0	1	1	0	1	0	0	0	0	1	0	3	0	0	0	0	0	0	0	0	0	0
5	2.5.1.5.05	Válvula ventosa	UN	0	1	2	1	0	0	1	0	0	0	0	0	0	0	1	1	1	0	1	0	1	4	0	0	2	1	0	0	1	1	2	1	0	0
5	2.5.1.5.06	Válvula de purga	UN	0	0	0	0	0	0	0	0	0	0	0	0	0	0	0	0	0	0	0	0	0	0	0	0	0	0	0	0	0	0	0	0	0	0
5	2.5.1.5.07	Válvula de cierre permanente VCP	UN	0	0	0	0	0	0	0	1	0	0	0	0	0	0	0	0	0	0	0	0	0	1	0	1	0	0	0	0	0	0	0	0	0	0
5	2.5.1.5.08	Caja convencional para válvula	UN	0	0	0	0	0	0	0	0	0	0	0	0	0	0	0	0	0	0	0	0	0	0	0	0	0	0	0	0	0	0	0	0	0	0
5	2.5.1.5.09	Caja estructural para válvula Ø12"	UN	0	0	0	0	0	0	0	0	0	0	0	0	0	0	0	0	0	0	0	0	0	0	0	0	0	0	0	0	0	0	0	0	0	0
4	2.5.1.6	HIDRANTES																																			
5	2.5.1.6.01	Hidrante de torre Ø4"	UN	0	3	2	1	6	1	4	3	2	1	1	5	0	0	1	1	2	1	0	1	5	15	0	5	2	1	0	0	3	3	2	3	0	0
5	2.5.1.6.02	Válvula de pie y accesorios para hidrante	UN	0	3	2	1	5	1	4	3	2	1	1	5	0	0	1	1	2	1	0	1	5	15	0	5	2	1	0	0	3	3	2	3	0	0
5	2.5.1.6.03	Kit de nivelación para hidrante de tráfico	UN	0	0	0	0	0	0	0	0	0	0	0	0	0	0	0	0	0	0	0	0	0	0	0	0	0	0	0	0	0	0	0	0	0	0
4	2.5.1.7	ESTACIONES REGULADORAS DE PRESIÓN																																			
5	2.5.1.7.01	Obra civil VRP asimétrica costado norte	UN	0	0	0	0	0	0	0	0	0	0	0	0	0	0	0	0	0	0	0	0	0	0	0	0	0	0	0	0	0	0	0	0	0	0
5	2.5.1.7.02	Equipamiento hidromecánico VRP costado norte	UN	0	0	0	0	0	0	0	0	0	0	0	0	0	0	0	0	0	0	0	0	0	0	0	0	0	0	0	0	0	0	0	0	0	0
5	2.5.1.7.03	Obra civil VRP simétrica costado sur	UN	0	0	0	0	0	0	0	0	0	0	0	0	0	0	0	0	0	0	0	0	0	0	0	0	0	0	0	0	0	0	0	0	0	0
5	2.5.1.7.04	Equipamiento hidromecánico VRP costado sur	UN	0	0	0	0	0	0	0	0	0	0	0	0	0	0	0	0	0	0	0	0	0	0	0	0	0	0	0	0	0	0	0	0	0	0
4	2.5.1.9	CONEXIONES Y REDES EXISTENTES																																			
5	2.5.1.9.01	Empate a red existente Ø4"	UN	0	0	0	0	0	0	0	0	0	0	0	0	0	0	0	0	0	0	0	0	0	0	0	0	0	0	0	0	0	0	0	0	0	0
5	2.5.1.9.02	Empate a red existente Ø6"	UN	0	0	0	0	0	0	0	0	0	0	0	0	0	0	0	0	0	0	0	0	0	0	0	0	0	0	0	0	0	0	0	0	0	0
5	2.5.1.9.03	Empate a red existente Ø10"	UN	0	0	0	0	0	0	0	0	0	0	0	0	0	0	0	0	0	0	0	0	0	1	0	0	0	0	0	0	0	0	0	0	0	0
5	2.5.1.9.04	Empate a red existente Ø12"	UN	0	0	0	0	0	0	0	0	0	0	0	0	0	0	0	0	0	0	0	0	0	0	0	0	0	0	0	0	0	0	0	0	0	0
5	2.5.1.9.05.01	Empate en tee Ø6" × Ø6"	UN	0	0	0	0	0	0	0	0	0	0	0	0	0	0	0	0	0	0	0	0	0	0	0	0	0	0	0	0	0	0	0	0	0	0
5	2.5.1.9.05.02	Empate en tee Ø8" × Ø2"	UN	0	0	0	0	0	0	0	0	0	0	0	0	0	0	0	0	0	0	0	0	0	0	0	0	0	0	0	0	0	0	0	0	0	0
5	2.5.1.9.05.03	Empate en tee Ø8" × Ø6"	UN	0	0	0	0	0	0	0	0	0	0	0	0	0	0	0	0	0	0	0	0	0	0	0	0	0	0	0	0	0	0	0	0	0	0
5	2.5.1.9.06	Conexión especial Ø6" × Ø12"	UN	0	0	0	0	0	0	0	0	0	0	0	0	0	0	0	0	0	0	0	0	0	0	0	0	0	0	0	0	0	0	0	0	0	0
5	2.5.1.9.07	Retiro de red existente	ML	0	0	0	0	0	0	0	0	0	0	0	0	0	0	0	0	0	0	0	0	0	0	0	0	0	0	0	0	0	0	0	0	0	0
5	2.5.1.9.08	Taponamiento o abandono de red existente	UN	0	0	0	0	0	0	0	0	0	0	0	0	0	0	0	0	0	0	0	0	0	0	0	0	0	0	0	0	0	0	0	0	0	0
4	2.5.1.10	PRUEBAS Y ENTREGA																																			
5	2.5.1.10.01	Prueba hidrostática, lavado y desinfección	ML	0	0	0	0	0	0	0	0	0	0	0	0	0	0	0	0	0	0	0	0	0	0	0	0	0	0	0	0	0	0	0	0	0	0
5	2.5.1.10.02	Pruebas de válvulas, hidrantes y ventosas	UN	0	0	0	0	0	0	0	0	0	0	0	0	0	0	0	0	0	0	0	0	0	0	0	0	0	0	0	0	0	0	0	0	0	0
5	2.5.1.10.03	Planos récord y levantamiento final (Red de acueducto)	GB	0	0	0	0	0	0	0	0	0	0	0	0	0	0	0	0	0	0	0	0	0	0	0	0	0	0	0	0	0	0	0	0	0	0
5	2.5.1.10.04	Manual de operación, entrega y puesta en servicio	GB	0	0	0	0	0	0	0	0	0	0	0	0	0	0	0	0	0	0	0	0	0	0	0	0	0	0	0	0	0	0	0	0	0	0
3	2.5.2	RED DE ALCANTARILLADO SANITARIO																																			
4	2.5.2.1	SUMINISTRO DE TUBERÍAS																																			
5	2.5.2.1.01	Suministro tubería PVC flexible Ø8"	UN	0	19	0	0	21	0	0	15	2	0	49	0	0	43	0	0	21	19	17	27	0	0	0	33	16	23	15	0	70	3	18	0	0	0
5	2.5.2.1.09	Suministro tubería PVC flexible Ø6"	UN	0	0	0	0	0	0	0	0	0	0	2	0	0	0	0	0	0	0	0	0	0	0	0	0	0	0	0	0	0	0	0	0	0	0
5	2.5.2.1.02	Suministro tubería PVC flexible Ø10"	UN	0	0	0	0	0	0	0	0	0	0	0	0	0	0	0	0	0	0	0	0	0	0	0	0	14	0	0	0	0	0	0	23	0	0
5	2.5.2.1.03	Suministro tubería PVC flexible Ø12"	UN	0	0	0	0	0	0	0	0	0	0	0	0	0	0	0	0	0	0	0	0	0	0	0	0	0	0	0	0	0	0	0	0	0	0
5	2.5.2.1.04	Suministro tubería PVC flexible Ø14"	UN	0	0	0	0	0	0	0	0	0	0	0	0	0	0	0	0	0	0	0	0	0	0	0	0	0	0	0	0	0	0	0	0	0	0
5	2.5.2.1.05	Suministro tubería PVC flexible Ø16"	UN	0	0	0	0	0	0	0	0	0	0	0	0	0	0	0	0	0	0	0	0	0	0	0	0	0	0	0	0	0	0	0	0	0	0
5	2.5.2.1.06	Suministro tubería PVC flexible Ø18"	UN	0	0	0	0	0	0	0	0	0	0	0	0	0	0	0	0	0	0	0	0	0	0	0	0	0	0	0	0	0	0	0	0	0	0
5	2.5.2.1.07	Suministro tubería PVC flexible Ø24"	UN	0	0	0	0	0	0	0	0	0	0	0	0	0	0	0	0	0	0	0	0	0	0	0	0	0	0	0	0	0	0	0	0	0	0
5	2.5.2.1.08	Suministro tubería PVC flexible Ø30"	UN	0	7	0	0	0	0	0	0	0	0	0	0	0	0	0	0	0	0	0	0	29	50	0	0	0	0	0	0	0	0	0	0	0	0
4	2.5.2.2	INSTALACIÓN DE TUBERÍAS																																			
5	2.5.2.2.01	Instalación tubería PVC flexible Ø8"	ML	0	109.85999999999999	0	0	111.56	0	0	86.06	6.97	0	256.84000000000003	0	0	245.25999999999993	0	0	104.92000000000002	98.63000000000001	87.739999999999981	148.86000000000001	0	0	0	174.53999999999996	89.47999999999999	130.81	87.4	0	385.01999999999992	16.440000000000001	99.44	0	0	0
5	2.5.2.2.09	Instalación tubería PVC flexible Ø6"	ML	0	0	0	0	0	0	0	0	0	0	7.26	0	0	0	0	0	0	0	0	0	0	0	0	0	0	0	0	0	0	0	0	0	0	0
5	2.5.2.2.02	Instalación tubería PVC flexible Ø10"	ML	0	0	0	0	0	0	0	0	0	0	0	0	0	0	0	0	0	0	0	0	0	0	0	0	83.3	0	0	0	0	0	0	130.46	0	0
5	2.5.2.2.03	Instalación tubería PVC flexible Ø12"	ML	0	0	0	0	0	0	0	0	0	0	0	0	0	0	0	0	0	0	0	0	0	0	0	0	0	0	0	0	0	0	0	0	0	0
5	2.5.2.2.04	Instalación tubería PVC flexible Ø14"	ML	0	0	0	0	0	0	0	0	0	0	0	0	0	0	0	0	0	0	0	0	0	0	0	0	0	0	0	0	0	0	0	0	0	0
5	2.5.2.2.05	Instalación tubería PVC flexible Ø16"	ML	0	0	0	0	0	0	0	0	0	0	0	0	0	0	0	0	0	0	0	0	0	0	0	0	0	0	0	0	0	0	0	0	0	0
5	2.5.2.2.06	Instalación tubería PVC flexible Ø18"	ML	0	0	0	0	0	0	0	0	0	0	0	0	0	0	0	0	0	0	0	0	0	0	0	0	0	0	0	0	0	0	0	0	0	0
5	2.5.2.2.07	Instalación tubería PVC flexible Ø24"	ML	0	0	0	0	0	0	0	0	0	0	0	0	0	0	0	0	0	0	0	0	0	0	0	0	0	0	0	0	0	0	0	0	0	0
5	2.5.2.2.08	Instalación tubería PVC flexible Ø30"	ML	0	33.94	0	0	0	0	0	0	0	0	0	0	0	0	0	0	0	0	0	0	167.62	291.52999999999997	0	0	0	0	0	0	0	0	0	0	0	0
4	2.5.2.3	MOVIMIENTO DE TIERRAS, CIMENTACIÓN Y PROTECCIÓN																																			
5	2.5.2.3.01	Localización y replanteo topográfico	ML	0	0	0	0	0	0	0	0	0	0	0	0	0	0	0	0	0	0	0	0	0	0	0	0	0	0	0	0	0	0	0	0	0	0
5	2.5.2.3.02	Excavación mecánica en material común	M3	0	566.24699999999996	0	0	1379.4939999999999	0	0	201.28199999999998	26.282	0	11899.686	0	0	436.88399999999996	0	0	227.55500000000004	195.68599999999998	157.82299999999998	372.12900000000002	3201.3890000000001	4044.5309999999999	0	481.59899999999993	651.97199999999998	917.70700000000011	332.20800000000003	0	1208.3639999999998	97.790999999999997	617.26	580.23599999999999	0	0
5	2.5.2.3.05	Cargue, transporte y disposición de sobrantes	M3	0	39.787000000000006	0	0	17.004000000000001	0	0	11.569000000000003	0.99299999999999999	0	37.216000000000008	0	0	32.480000000000004	0	0	14.026000000000002	13.061	11.618999999999998	20.271000000000004	121.699	211.661	0	24.858999999999998	27.024000000000001	19.940000000000001	13.321999999999999	0	56.060000000000009	2.5049999999999999	15.159000000000001	22.266999999999999	0	0
5	2.5.2.3.10	Geotextil NT 1600	M2	0	0	0	0	0	0	0	0	0	0	0	0	0	0	0	0	0	0	0	0	0	0	0	0	0	0	0	0	0	0	0	0	0	0
5	2.5.2.3.11	Entibado continuo E-1A, H≤2,00 m	M2	0	267.44099999999997	0	0	0	0	0	29.513000000000002	0	0	59.701999999999998	0	0	711.65699999999993	0	0	130.96799999999999	192.642	297.76300000000003	0	0	0	0	0	0	0	0	0	313.02700000000004	0	0	0	0	0
5	2.5.2.3.12	Entibado continuo E-1B, 2,00<H≤3,00 m	M2	0	82.682000000000002	0	0	0	0	0	297.87400000000002	0	0	1108.213	0	0	162.114	0	0	317.44900000000001	198.74700000000001	17.899999999999999	716.83400000000006	0	0	0	860.75399999999991	358.15899999999999	0	100.745	0	394.98999999999995	0	0	110.947	0	0
5	2.5.2.3.13	Entibado E-2, H>3,00 m	M2	0	312.01800000000003	0	0	2299.2510000000002	0	0	64.89	47.784999999999997	0	18790.836000000003	0	0	0	0	0	0	0	0	0	3225.1099999999997	4493.951	0	14.926	768.26099999999997	1529.492	452.96300000000002	0	1341.7259999999999	163.023	1028.7370000000001	856.08899999999994	0	0
5	2.5.2.3.15	Cinta de señalización	ML	0	0	0	0	0	0	0	0	0	0	0	0	0	0	0	0	0	0	0	0	0	0	0	0	0	0	0	0	0	0	0	0	0	0
5	2.5.2.3.19	Cárcamo o placa de protección para tubería (Red de alcantarillado sanitario)	ML	0	0	0	0	0	0	0	0	0	0	0	0	0	0	0	0	0	0	0	0	0	0	0	0	0	0	0	0	0	0	0	0	0	0
5	2.5.2.3.20	Cimentación de tubería en gravilla (cama y atraque)	M3	0	124.86500000000001	0	0	77.131	0	0	50.152000000000001	4.399	0	164.53399999999999	0	0	139.98600000000002	0	0	60.678999999999995	56.292999999999999	50.076999999999998	88.328000000000003	289.24	503.05099999999999	0	110.145	117.57199999999999	90.446000000000012	60.426000000000002	0	250.363	11.364000000000001	68.756	95.775999999999996	0	0
5	2.5.2.3.21	Suministro y colocación de recebo B-200	M3	0	422.339	0	0	1298.7449999999999	0	0	148.33799999999999	21.657	0	11726.690999999999	0	0	288.94299999999998	0	0	163.47199999999998	136.19500000000002	104.90100000000001	278.97199999999998	2835.7070000000003	3408.5309999999995	0	365.79500000000002	527.27499999999998	823.02	268.94799999999998	0	945.51600000000008	85.894000000000005	545.279	477.84899999999999	0	0
5	2.5.2.3.22	Relleno con material seleccionado de excavación	M3	0	0	0	0	0	0	0	0	0	0	0	0	0	0	0	0	0	0	0	0	0	0	0	0	0	0	0	0	0	0	0	0	0	0
4	2.5.2.4	POZOS DE INSPECCIÓN																																			
5	2.5.2.4.01	Base de pozo de inspección	UN	0	4	1	0	3	0	1	3	1	0	10	0	0	5	0	0	3	2	5	5	4	12	0	8	3	1	2	0	7	0	2	1	0	0
5	2.5.2.4.02	Cañuela y acabado interior de pozo	UN	0	4	1	0	3	0	1	3	1	0	10	0	0	5	0	0	3	2	5	5	4	12	0	8	3	1	2	0	7	0	2	1	0	0
5	2.5.2.4.03	Anillo/cilindro prefabricado de pozo	ML	0	9.9600000000000009	2.52	0	16.82	0	1.74	5.57	3.39	0	2582.8300000000004	0	0	4.9000000000000004	0	0	7.58	3.62	11.13	13.25	30.43	57.769999999999996	0	20.480000000000004	10.59	7.41	4.72	0	17.48	0	13.940000000000001	3.73	0	0
5	2.5.2.4.04	Cono de reducción para pozo	UN	0	4	1	0	3	0	1	3	1	0	10	0	0	5	0	0	3	2	5	5	4	12	0	8	3	1	2	0	7	0	2	1	0	0
5	2.5.2.4.05	Marco y tapa de pozo	UN	0	4	1	0	3	0	1	3	1	0	10	0	0	5	0	0	3	2	5	5	4	12	0	8	3	1	2	0	7	0	2	1	0	0
5	2.5.2.4.06	Pasos o escalera de acceso	UN	0	0	0	0	0	0	0	0	0	0	0	0	0	0	0	0	0	0	0	0	0	0	0	0	0	0	0	0	0	0	0	0	0	0
5	2.5.2.4.07	Cámara de caída	UN	0	0	0	0	0	0	0	0	0	0	0	0	0	0	0	0	0	0	0	0	0	0	0	0	0	0	0	0	0	0	0	0	0	0
4	2.5.2.5	CONEXIONES DOMICILIARIAS																																			
5	2.5.2.5.01	Construcción de conexión domiciliaria sanitaria Ø8"	UN	0	0	0	0	0	0	0	0	0	0	0	0	0	0	0	0	0	0	0	0	0	0	0	0	0	0	0	0	0	0	0	0	0	0
5	2.5.2.5.02	Empate de domiciliaria a pozo o colector	UN	0	0	0	0	0	0	0	0	0	0	0	0	0	0	0	0	0	0	0	0	0	0	0	0	0	0	0	0	0	0	0	0	0	0
5	2.5.2.5.03	Accesorios de conexión domiciliaria	UN	0	0	0	0	0	0	0	0	0	0	0	0	0	0	0	0	0	0	0	0	0	0	0	0	0	0	0	0	0	0	0	0	0	0
4	2.5.2.7	PRUEBAS, INSPECCIÓN Y ENTREGA																																			
5	2.5.2.7.01	Prueba de hermeticidad	ML	0	0	0	0	0	0	0	0	0	0	0	0	0	0	0	0	0	0	0	0	0	0	0	0	0	0	0	0	0	0	0	0	0	0
5	2.5.2.7.02	Limpieza interna de tubería y pozos	ML	0	0	0	0	0	0	0	0	0	0	0	0	0	0	0	0	0	0	0	0	0	0	0	0	0	0	0	0	0	0	0	0	0	0
5	2.5.2.7.03	Inspección CCTV	ML	0	0	0	0	0	0	0	0	0	0	0	0	0	0	0	0	0	0	0	0	0	0	0	0	0	0	0	0	0	0	0	0	0	0
5	2.5.2.7.04	Verificación de cotas y pendientes	ML	0	0	0	0	0	0	0	0	0	0	0	0	0	0	0	0	0	0	0	0	0	0	0	0	0	0	0	0	0	0	0	0	0	0
5	2.5.2.7.05	Plan de manejo de tránsito y señalización	ML	0	0	0	0	0	0	0	0	0	0	0	0	0	0	0	0	0	0	0	0	0	0	0	0	0	0	0	0	0	0	0	0	0	0
5	2.5.2.7.06	Planos récord y levantamiento final (Red de alcantarillado sanitario)	GB	0	0	0	0	0	0	0	0	0	0	0	0	0	0	0	0	0	0	0	0	0	0	0	0	0	0	0	0	0	0	0	0	0	0
5	2.5.2.7.07	Manual, entrega y puesta en servicio	GB	0	0	0	0	0	0	0	0	0	0	0	0	0	0	0	0	0	0	0	0	0	0	0	0	0	0	0	0	0	0	0	0	0	0
3	2.5.3	RED DE ALCANTARILLADO PLUVIAL																																			
4		SUMINISTRO DE TUBERÍAS																																			
5		Suministro tubería PVC flexible Ø12"	UN	26.48	33.58	62.82	14.49	70.74	4.82	22.8	21.12	13.49	4.6	17.97	15.61		47.77	15.62	19.15	5.87	26.78	15.33	22.54		117.52		93.93	57.28	142.92	13.49		1.64	4.14	39.09	65.08		
5		Suministro tubería PVC flexible Ø14"	UN																								19.8					23.71		4.67			
5		Suministro tubería PVC flexible Ø20"	UN					14.08																					1.37								
5		Suministro tubería PVC flexible Ø24"	UN																																		
4		INSTALACIÓN DE TUBERÍAS																																			
5		Instalación tubería PVC flexible Ø12"	ML	158.9	201.48	376.94	86.91	424.44	28.95	136.8	126.72	80.96	27.58	107.84	93.68		286.62	93.74	114.88	35.2	160.69	91.97	135.23		705.11		563.57	343.7	857.5	80.92		9.86	24.84	234.53	390.46		
5		Instalación tubería PVC flexible Ø14"	ML																								118.78					142.26		28.01			
5		Instalación tubería PVC flexible Ø20"	ML					84.49																					8.23								
5		Instalación tubería PVC flexible Ø24"	ML																																		
4		MOVIMIENTO DE TIERRAS, CIMENTACIÓN Y PROTECCIÓN																																			
5		Localización y replanteo topográfico	ML																																		
5		Excavación mecánica en material común	M3																																		
5		Cargue, transporte y disposición de sobrantes	M3																																		
5		Geotextil NT 1600	M2																																		
5		Entibado continuo E-1A, H≤2,00 m	M2																																		
5		Entibado continuo E-1B, 2,00<H≤3,00 m	M2																																		
5		Entibado E-2, H>3,00 m	M2																																		
5		Cinta de señalización	ML																																		
5		Cárcamo o placa de protección para tubería (Red de alcantarillado pluvial)	ML																																		
5		Cimentación de tubería en gravilla (cama y atraque)	M3																																		
5		Suministro y colocación de recebo B-200	M3																																		
5		Relleno con material seleccionado de excavación	M3																																		
4	2.5.3.2	POZOS DE INSPECCIÓN																																			
5	2.5.3.2.1	Suministro e instalación base, cono y tapa para pozo de inspección	UN	8	6	0	0	40	2	6	4	0	0	18	6	0	10	6	6	10	6	8	16	2	12	0	24	22	20	6	0	16	8	16	10	0	0
5	2.5.3.2.2	Anillo en concreto prefabricado	ML	0	0	0	0	0	0	0	0	0	0	0	0	0	0	0	0	0	0	0	0	0	0	0	0	0	0	0	0	0	0	0	0	0	0
5	2.5.3.2.5	Cámara de caída	UN	0	0	0	0	0	0	0	0	0	0	0	0	0	0	0	0	0	0	0	0	0	0	0	0	0	0	0	0	0	0	0	0	0	0
4	2.5.3.5	SUMINISTRO E INSTALACIÓN DE SUMIDEROS																																			
5	2.5.3.5.3	Suministro e instalación de sumidero	UN	0	2	3	3	12	3	0	3	0	1	8	5	0	3	1	0	2	2	3	5	7	23	0	7	7	3	1	0	4	2	3	2	0	0
4		BIORETENEDORES Y BIOSWALES																																			
5		Excavación manual para bioswale/bioretenedor	M3																																		
5		Base de gravilla permeable para bioretenedor	M3																																		
5		Suministro y colocación de gravilla 10-15 mm (capa filtrante)	M3																																		
5		Suministro y colocación de gravilla 25-40 mm (capa drenante)	M3																																		
5		Relleno con material orgánico para bioretenedor	M3																																		
5		Tubería perforada PVC Ø6" para drenaje de bioswale	ML																																		
5		Rejilla de drenaje para bioswale	UN																																		
4		CABEZALES DE DESCARGA																																			
5		Cabezal de descarga en concreto para tubería Ø12"-Ø16" (incluye aletas y solado)	UN																																		
5		Cabezal de entrega	UN																																		
4	2.5.3.7	OBRAS COMPLEMENTARIAS DE DRENAJE																																			
5	2.5.3.7.1	Construcción de cuneta en concreto fundida en sitio	ML	0	0	0	0	0	0	0	0	0	0	0	0	0	0	0	0	0	0	0	0	0	0	0	0	0	0	0	0	0	0	0	0	0	0
5	2.5.3.7.2	Construcción de captación de aguas lluvias	UN	0	0	0	0	0	0	0	0	0	0	0	0	0	0	0	0	0	0	0	0	0	0	0	0	0	0	0	0	0	0	0	0	0	0
5	2.5.3.7.3	Alcantarilla rural con cabezales (descole)	UN	0	0	0	0	0	0	0	0	0	0	0	0	0	0	0	0	0	0	0	0	0	0	0	0	0	0	0	0	0	0	0	0	0	0
5	2.5.3.7.4	Conformación de dique del reservorio con material del sitio	M3	0	0	0	0	0	0	0	0	0	0	0	0	0	0	0	0	0	0	0	0	0	0	0	0	0	0	0	0	0	0	0	0	0	0
4	2.5.3.6	PRUEBAS, INSPECCIÓN Y ENTREGA																																			
5	2.5.3.6.5	Implementación de Plan de manejo de tránsito (Incluye señalización)	ML	0	0	0	0	0	0	0	0	0	0	0	0	0	0	0	0	0	0	0	0	0	0	0	0	0	0	0	0	0	0	0	0	0	0
5	2.5.3.6.6	Prueba de hermeticidad	ML	0	0	0	0	0	0	0	0	0	0	0	0	0	0	0	0	0	0	0	0	0	0	0	0	0	0	0	0	0	0	0	0	0	0
3	2.5.4	RED DE GAS																																			
4	2.5.4.1	RED DE GAS																																			
5	2.5.4.1.1	Excavaciones, atraque en arena, rellenos e instalación de cinta para red de gas	ML	0	0	0	0	0	0	0	0	0	0	0	0	0	0	0	0	0	0	0	0	0	0	0	0	0	0	0	0	0	0	0	0	0	0
5	2.5.4.1.2	Construcción de caja para válvulas de gas	UN	0	0	0	0	0	0	0	0	0	0	0	0	0	0	0	0	0	0	0	0	0	0	0	0	0	0	0	0	0	0	0	0	0	0
2	2.6	REDES SECAS (TELECOMUNICACIONES-ALUMBRADO PUBLICO Y MEDIA TENSION)																																			
3	2.6.1	RED DE MEDIA TENSIÓN																																			
4	2.6.1.1	PRELIMINARES Y GESTIÓN																																			
5	2.6.1.1.01	Replanteo, localización y coordinación de la red de media tensión	GB	0	0	0	0	0	0	0	0	0	0	0	0	0	0	0	0	0	0	0	0	0	0	0	0	0	0	0	0	0	0	0	0	0	0
5	2.6.1.1.02	Señalización y plan de manejo de tránsito para frentes de red MT	GB	0	0	0	0	0	0	0	0	0	0	0	0	0	0	0	0	0	0	0	0	0	0	0	0	0	0	0	0	0	0	0	0	0	0
4	2.6.1.2	MOVIMIENTO DE TIERRAS Y REPOSICIONES																																			
5	2.6.1.2.01	Excavación para canalización MT, incluye cargue	M3	0	257.58799999999997	16.881	42.608000000000004	42.825000000000003	19.248000000000001	0	0	16.501999999999999	0	118.56200000000001	0	0	0	15.044	0	48.509	12.005000000000001	12.038	41.334000000000003	0	78.391999999999996	0	110.063	86.62	31.045000000000002	0	0	19.585000000000001	21.568999999999999	72.010000000000005	23.251999999999999	0	0
5	2.6.1.2.02	Relleno en arena limpia para protección de ductos	M3	0	75.496000000000009	5.3970000000000002	12.38	13.280000000000001	5.3390000000000004	0	0	5.2750000000000004	0	33.78	0	0	0	4.8099999999999996	0	14.303000000000001	3.8380000000000001	3.8490000000000002	11.465	0	23.786000000000001	0	31.402000000000001	26.274999999999999	9.923	0	0	6.2610000000000001	5.98	20.766999999999999	7.4340000000000002	0	0
5	2.6.1.2.03	Relleno y compactación con base granular clase B	M3	0	153.51600000000002	10.054	25.378	25.506999999999998	11.462999999999999	0	0	9.8290000000000006	0	70.661000000000001	0	0	0	8.9589999999999996	0	28.893000000000001	7.15	7.1689999999999996	24.616	0	46.731999999999999	0	65.603000000000009	51.591999999999999	18.492000000000001	0	0	11.664999999999999	12.848000000000001	42.935000000000002	13.848000000000001	0	0
5	2.6.1.2.04	Transporte y disposición final de sobrantes	M3	0	0	0	0	0	0	0	0	0	0	0	0	0	0	0	0	0	0	0	0	0	0	0	0	0	0	0	0	0	0	0	0	0	0
5	2.6.1.2.05	Reposición de pavimento, andén o zona dura afectada	M2	0	0	0	0	0	0	0	0	0	0	0	0	0	0	0	0	0	0	0	0	0	0	0	0	0	0	0	0	0	0	0	0	0	0
4	2.6.1.3	CANALIZACIONES MT																																			
5	2.6.1.3.01	Suministro e instalación de banco de ductos PVC-TDP 4Ø6"	ML	0	113.11000000000001	19.600000000000001	15.47	38.479999999999997	0	0	0	19.16	0	25.53	0	0	0	17.47	0	23.32	13.94	13.98	0	0	56.9	0	25.07	61.77	36.04	0	0	22.74	0	22.74	27	0	0
5	2.6.1.3.02	Suministro e instalación de banco de ductos PVC-TDP 6Ø6"	ML	0	185.69	0	34	11.24	22.35	0	0	0	0	112	0	0	0	0	0	33	0	0	48	0	34	0	102.58	38.799999999999997	0	0	0	0	25.04	60.739999999999995	0	0	0
5	2.6.1.3.03	Suministro e instalación de banco de ductos PVC-TDP 12Ø6"	ML	0	0	0	0	0	0	0	0	0	0	0	0	0	0	0	0	0	0	0	0	0	0	0	0	0	0	0	0	0	0	0	0	0	0
5	2.6.1.3.04	Suministro e instalación de banco de ductos PVC-TDP 9Ø6"	ML	0	0	0	0	0	0	0	0	0	0	0	0	0	0	0	0	0	0	0	0	0	0	0	0	0	0	0	0	0	0	0	0	0	0
5	2.6.1.3.05	Bajante o transición en tubería conduit IMC Ø6"	UN	0	0	0	0	0	0	0	0	0	0	0	0	0	0	0	0	0	0	0	0	0	0	0	0	0	0	0	0	0	0	0	0	0	0
5	2.6.1.3.06	Cinta de señalización para red de media tensión	ML	0	298.8	19.600000000000001	49.47	49.72	22.35	0	0	19.16	0	137.53	0	0	0	17.47	0	56.32	13.94	13.98	48	0	90.9	0	127.65	100.57	36.04	0	0	22.74	25.04	83.47999999999999	27	0	0
5	2.6.1.3.07	Limpieza, mandrilado y verificación de ductos MT	ML	0	1566.58	78.400000000000006	265.88	221.35999999999996	134.1	0	0	76.64	0	774.12	0	0	0	69.88	0	291.27999999999997	55.76	55.92	288	0	431.6	0	715.76	479.88	144.16	0	0	90.96	150.24	455.4	108	0	0
4	2.6.1.4	CAJAS, CÁMARAS Y CÁRCAMOS																																			
5	2.6.1.4.01	Construcción de caja de inspección doble norma CS276	UN	1	8	1	0	6	1	0	1	0	0	7	1	0	0	1	0	5	1	2	6	12	15	0	12	7	2	0	0	3	10	5	6	0	0
5	2.6.1.4.02	Construccion de camara de paso MT norma CS280	UN	0	1	0	0	0	0	0	0	0	0	0	0	0	0	0	0	0	0	0	0	0	0	0	0	0	0	0	0	0	0	0	0	0	0
5	2.6.1.4.02	Construcción de cárcamo de protección para red MT en cruce	ML	0	0	0	0	0	0	0	0	0	0	0	0	0	0	0	0	0	0	0	0	0	0	0	0	0	0	0	0	0	0	0	0	0	0
4	2.6.1.5	CABLEADO MT																																			
5	2.6.1.5.01	Suministro cable 3x120 mm² Al XLPE 15 kV	ML	0	0	0	0	0	0	0	0	0	0	0	0	0	0	0	0	0	0	0	0	0	0	0	0	0	0	0	0	0	0	0	0	0	0
5	2.6.1.5.02	Tendido, conexionado e identificación cable 3x120 mm² Al XLPE 15 kV	ML	0	0	0	0	0	0	0	0	0	0	0	0	0	0	0	0	0	0	0	0	0	0	0	0	0	0	0	0	0	0	0	0	0	0
5	2.6.1.5.03	Suministro cable 3x185 mm² Al XLPE 15 kV	ML	0	298.8	19.600000000000001	49.47	49.72	22.35	0	0	19.16	0	174.53	0	0	0	17.47	0	56.32	13.94	13.98	48	0	90.9	0	156.65	100.57	36.04	0	0	22.74	25.04	83.47999999999999	27	0	0
5	2.6.1.5.04	Tendido, conexionado e identificación cable 3x185 mm² Al XLPE 15 kV	ML	0	298.8	19.600000000000001	49.47	49.72	22.35	0	0	19.16	0	174.53	0	0	0	17.47	0	56.32	13.94	13.98	48	0	90.9	0	156.65	100.57	36.04	0	0	22.74	25.04	83.47999999999999	27	0	0
5	2.6.1.5.05	Suministro cable 3x240 mm² Al XLPE 15 kV	ML	0	0	0	0	0	0	0	0	0	0	0	0	0	0	0	0	0	0	0	0	0	0	0	0	0	0	0	0	0	0	0	0	0	0
5	2.6.1.5.06	Tendido, conexionado e identificación cable 3x240 mm² Al XLPE 15 kV	ML	0	0	0	0	0	0	0	0	0	0	0	0	0	0	0	0	0	0	0	0	0	0	0	0	0	0	0	0	0	0	0	0	0	0
5	2.6.1.5.07	Juego de terminales premoldeados 15 kV para cable MT	JG	0	0	0	0	0	0	0	0	0	0	0	0	0	0	0	0	0	0	0	0	0	0	0	0	0	0	0	0	0	0	0	0	0	0
5	2.6.1.5.08	Empalme premoldeado 15 kV	JG	0	0	0	0	0	0	0	0	0	0	0	0	0	0	0	0	0	0	0	0	0	0	0	0	0	0	0	0	0	0	0	0	0	0
4	2.6.1.6	MANIOBRA Y PROTECCIÓN																																			
5	2.6.1.6.01	Celda MT SF6 17,5 kV - 630 A norma CTS508	UN	0	0	0	0	0	0	0	0	0	0	0	0	0	0	0	0	0	0	0	0	0	0	0	0	0	0	0	0	0	0	0	0	0	0
5	2.6.1.6.02	Fusible limitador de corriente norma CTS507	UN	0	0	0	0	0	0	0	0	0	0	0	0	0	0	0	0	0	0	0	0	0	0	0	0	0	0	0	0	0	0	0	0	0	0
5	2.6.1.6.03	Caja de maniobra pedestal de 5 vías ET512 Fig. 4	UN	0	0	0	0	0	0	0	0	0	0	0	0	0	0	0	0	0	0	0	0	0	0	0	0	0	0	0	0	0	0	0	0	0	0
5	2.6.1.6.04	Caja de maniobra pedestal de 3 vías ET512 Fig. 1	UN	0	0	0	0	0	0	0	0	0	0	0	0	0	0	0	0	0	0	0	0	0	0	0	0	0	0	0	0	0	0	0	0	0	0
5	2.6.1.6.05	Suministro e instalación CDMT-7, 1 entrada, 1 salida y 2 derivaciones	UN	0	0	0	0	0	0	0	0	0	0	0	0	0	0	0	0	0	0	0	0	0	0	0	0	0	0	0	0	0	0	0	0	0	0
5	2.6.1.6.06	Retiro controlado de barraje preformado B-2 existente	UN	0	0	0	0	0	0	0	0	0	0	0	0	0	0	0	0	0	0	0	0	0	0	0	0	0	0	0	0	0	0	0	0	0	0
4	2.6.1.7	SUBESTACIONES Y TRANSFORMADORES																																			
5	2.6.1.7.01	Suministro e instalación transformador trifásico tipo aceite 30 kVA, 11,4 kV / 208-120 V	UN	0	0	0	0	0	0	0	0	0	0	0	0	0	0	0	0	0	0	0	0	0	0	0	0	0	0	0	0	0	0	0	0	0	0
5	2.6.1.7.02	Suministro e instalación transformador trifásico tipo aceite 45 kVA, 11,4 kV / 208-120 V	UN	0	0	0	0	0	0	0	0	0	0	0	0	0	0	0	0	0	0	0	0	0	0	0	0	0	0	0	0	0	0	0	0	0	0
5	2.6.1.7.03	Suministro e instalación transformador trifásico tipo aceite 112,5 kVA, 11,4 kV / 208-120 V	UN	0	0	0	0	0	0	0	0	0	0	0	0	0	0	0	0	0	0	0	0	0	0	0	0	0	0	0	0	0	0	0	0	0	0
5	2.6.1.7.04	Suministro e instalación transformador trifásico tipo aceite 150 kVA, 11,4 kV / 208-120 V	UN	0	0	0	0	0	0	0	0	0	0	0	0	0	0	0	0	0	0	0	0	0	0	0	0	0	0	0	0	0	0	0	0	0	0
5	2.6.1.7.05	Suministro e instalación transformador trifásico tipo aceite 225 kVA, 11,4 kV / 208-120 V	UN	0	0	0	0	0	0	0	0	0	0	0	0	0	0	0	0	0	0	0	0	0	0	0	0	0	0	0	0	0	0	0	0	0	0
5	2.6.1.7.06	Suministro e instalación transformador trifásico tipo aceite 300 kVA, 11,4 kV / 208-120 V	UN	0	0	0	0	0	0	0	0	0	0	0	0	0	0	0	0	0	0	0	0	0	0	0	0	0	0	0	0	0	0	0	0	0	0
5	2.6.1.7.07	Suministro e instalación transformador trifásico tipo aceite 400 kVA, 11,4 kV / 208-120 V	UN	0	0	0	0	0	0	0	0	0	0	0	0	0	0	0	0	0	0	0	0	0	0	0	0	0	0	0	0	0	0	0	0	0	0
5	2.6.1.7.08	Suministro e instalación transformador trifásico tipo aceite 500 kVA, 11,4 kV / 208-120 V	UN	0	0	0	0	0	0	0	0	0	0	0	0	0	0	0	0	0	0	0	0	0	0	0	0	0	0	0	0	0	0	0	0	0	0
5	2.6.1.7.09	Suministro e instalación transformador trifásico tipo aceite 630 kVA, 11,4 kV / 208-120 V	UN	0	0	0	0	0	0	0	0	0	0	0	0	0	0	0	0	0	0	0	0	0	0	0	0	0	0	0	0	0	0	0	0	0	0
5	2.6.1.7.10	Base, foso de aceite, cerramiento y adecuación civil del centro de transformación	UN	0	0	0	0	0	0	0	0	0	0	0	0	0	0	0	0	0	0	0	0	0	0	0	0	0	0	0	0	0	0	0	0	0	0
4	2.6.1.8	PUESTA A TIERRA																																			
5	2.6.1.8.01	Sistema de puesta a tierra completo por centro de transformación	UN	0	0	0	0	0	0	0	0	0	0	0	0	0	0	0	0	0	0	0	0	0	0	0	0	0	0	0	0	0	0	0	0	0	0
5	2.6.1.8.02	Malla o puesta a tierra para CDMT y cajas de maniobra	UN	0	0	0	0	0	0	0	0	0	0	0	0	0	0	0	0	0	0	0	0	0	0	0	0	0	0	0	0	0	0	0	0	0	0
4	2.6.1.9	TRANSICIONES E INTERCONEXIONES																																			
5	2.6.1.9.01	Estructura de transición aérea-subterránea MT en punto de conexión	UN	0	0	0	0	0	0	0	0	0	0	0	0	0	0	0	0	0	0	0	0	0	0	0	0	0	0	0	0	0	0	0	0	0	0
5	2.6.1.9.02	Retiro de cable existente 3x120 mm² Al entre Colegio L6 y Supermercado L12	ML	0	0	0	0	0	0	0	0	0	0	0	0	0	0	0	0	0	0	0	0	0	0	0	0	0	0	0	0	0	0	0	0	0	0
4	2.6.1.10	PRUEBAS, ENERGIZACIÓN Y ENTREGA																																			
5	2.6.1.10.01	Prueba VLF para circuito de media tensión	UN	0	0	0	0	0	0	0	0	0	0	0	0	0	0	0	0	0	0	0	0	0	0	0	0	0	0	0	0	0	0	0	0	0	0
5	2.6.1.10.02	Pruebas, coordinación, energización y recibo por operador de red	GB	0	0	0	0	0	0	0	0	0	0	0	0	0	0	0	0	0	0	0	0	0	0	0	0	0	0	0	0	0	0	0	0	0	0
5	2.6.1.10.03	Planos récord, rotulado e inventario final de red MT	GB	0	0	0	0	0	0	0	0	0	0	0	0	0	0	0	0	0	0	0	0	0	0	0	0	0	0	0	0	0	0	0	0	0	0
3	2.6.2	RED DE ALUMBRADO PÚBLICO																																			
4	2.6.2.1	CAJAS DE PASO																																			
5	2.6.2.1.1	Suministro e instalación Caja de paso en mamposteria según norma CS-274	UN	8	48	9	0	45	9	36	17	16	3	14	25	0	11	6	9	6	9	4	30	1	37	0	26	27	22	4	0	5	54	7	33	0	0
4	2.6.2.2	LUMINARIAS																																			
5	2.6.2.2.1	Suministro e instalación de luminaria LED DECOLED 100 W (Incluye brazo)	UN	8	56	1	2	51	0	9	15	1	3	14	16	0	17	6	11	4	12	4	37	1	21	0	25	26	22	3	0	4	44	6	34	0	0
4	2.6.2.3	POSTERÍA																																			
5	2.6.2.3.1	Suministro e instalación poste de concreto 10 m. Tipo recto AP  (Incluye ahoyada, hincada y plomada)	UN	7	41	1	1	41	0	8	10	1	3	14	16	0	11	6	9	4	9	4	23	1	18	0	25	26	22	3	0	4	33	6	33	0	0
4	2.6.2.4	TRANSFORMADORES																																			
5	2.6.2.4.1	Transformador tipo pedestal 30 KVA 11400 / 380 / 220V (Incluye obra civil, cerramiento en malla eslabonada y todos los elementos eléctricos necesarios para su correcto funcionamiento)	UN	0	1	0	0	0	0	0	1	0	0	0	0	0	0	0	0	0	0	0	0	0	0	0	1	0	0	0	0	0	0	0	0	0	0
5	2.6.2.4.2	Suministro e instalación de Barraje preformado de B.T. para fusibles limitadores de corriente de cable de 6 salidas según norma AP820	UN	0	0	0	0	0	0	0	0	0	0	0	0	0	0	0	0	0	0	0	0	0	0	0	0	0	0	0	0	0	0	0	0	0	0
4	2.6.2.5	CANALIZACIÓN																																			
5	2.6.2.5.1	Suministro e instalación de tuberia 2Ф3" TDP (incluye excavación, retiro de escombros y relleno)	ML	20	148	0	0	72	0	27	0	0	25	69	32.83	0	22	85	47	88	62	0	50	29	79	0	86	92.99	75	0	0	39	89	0	124.53999999999999	0	0
4	2.6.2.6	RED DE ALUMBRADO PÚBLICO																																			
5	2.6.2.6.1	Suministro e instalación de cable 4x4 THW Al	ML	20	148	0	0	72	0	27	0	0	25	69	32.83	0	22	85	47	88	62	0	50	29	79	0	86	92.99	75	0	0	39	89	0	124.53999999999999	0	0
5	2.6.2.6.2	Suministro e instalación de alambre 2x12 AWG-THW (Acometida para luminarias)	ML	104	728	13	26	675	0	117	195	13	39	182	208	0	221	78	143	52	156	52	509	13	273	0	325	338	286	39	0	52	580	78	442	0	0
5	2.6.2.6.3	Suministro e instalación de empalmes en resina (Juegox2)	JG	0	0	0	0	0	0	0	0	0	0	0	0	0	0	0	0	0	0	0	0	0	0	0	0	0	0	0	0	0	0	0	0	0	0
5	2.6.2.6.4	Suministro e instalación de malla a tierra de iluminación exterior conformada por 1 Varilla copper de 2.4 m, soldadura exotérmica, 1 Empalme bimetálico y 1 m de Cable de Cobre 2/0 AWG	UN	0	0	0	0	0	0	0	0	0	0	0	0	0	0	0	0	0	0	0	0	0	0	0	0	0	0	0	0	0	0	0	0	0	0
4	2.6.2.7	CAJAS DE PASO																																			
5	2.6.2.7.1	Suministro e instalación Caja de paso en mamposteria según norma CS-274	UN	8	48	9	0	45	9	36	17	16	3	14	25	0	11	6	9	6	9	4	30	1	37	0	26	27	22	4	0	5	54	7	33	0	0
4	2.6.2.8	LUMINARIAS																																			
5	2.6.2.8.1	Suministro e instalación de luminaria LED DECOLED 100 W (Incluye brazo)	UN	8	56	1	2	51	0	9	15	1	3	14	16	0	17	6	11	4	12	4	37	1	21	0	25	26	22	3	0	4	44	6	34	0	0
4	2.6.2.9	POSTERÍA																																			
5	2.6.2.9.1	Suministro e instalación poste de concreto 12 m. Tipo recto AP  (Incluye ahoyada, hincada y plomada)	UN	0	1	0	0	4	0	0	0	0	0	0	0	0	0	0	0	0	0	0	4	0	0	0	0	0	0	0	0	0	4	0	0	0	0
5	2.6.2.9.2	Suministro e instalación poste de concreto 14 m. Tipo recto AP  (Incluye ahoyada, hincada y plomada)	UN	0	0	0	0	0	0	0	0	0	0	0	0	0	0	0	0	0	0	0	4	0	0	0	0	0	0	0	0	0	0	0	0	0	0
4	2.6.2.10	CANALIZACIÓN																																			
5	2.6.2.10.1	Suministro e instalación de tuberia 2Ф3" TDP (incluye excavación, retiro de escombros y relleno)	ML	20	148	0	0	72	0	27	0	0	25	69	32.83	0	22	85	47	88	62	0	50	29	79	0	86	92.99	75	0	0	39	89	0	124.53999999999999	0	0
4	2.6.2.11	RED DE ALUMBRADO PÚBLICO																																			
5	2.6.2.11.1	Suministro e instalación de cable 4x4 THW Al	ML	20	148	0	0	72	0	27	0	0	25	69	32.83	0	22	85	47	88	62	0	50	29	79	0	86	92.99	75	0	0	39	89	0	124.53999999999999	0	0
5	2.6.2.11.2	Suministro e instalación de alambre 2x12 AWG-THW (Acometida para luminarias)	ML	104	728	13	26	675	0	117	195	13	39	182	208	0	221	78	143	52	156	52	509	13	273	0	325	338	286	39	0	52	580	78	442	0	0
5	2.6.2.11.3	Suministro e instalación de empalmes en resina (Juegox2)	JG	0	0	0	0	0	0	0	0	0	0	0	0	0	0	0	0	0	0	0	0	0	0	0	0	0	0	0	0	0	0	0	0	0	0
5	2.6.2.11.4	Suministro e instalación de malla a tierra de iluminación exterior conformada por 1 Varilla copper de 2.4 m, soldadura exotérmica, 1 Empalme bimetálico y 1 m de Cable de Cobre 2/0 AWG	UN	0	0	0	0	0	0	0	0	0	0	0	0	0	0	0	0	0	0	0	0	0	0	0	0	0	0	0	0	0	0	0	0	0	0
4	2.6.2.12	RED DE ALUMBRADO PUBLICO																																			
5	2.6.2.12.1	Indicador de red de alumbrado público parques	M2	0	0	0	0	0	0	0	0	0	0	0	0	0	0	0	0	0	0	0	0	0	0	0	0	0	0	0	0	0	0	0	0	0	0
3	2.6.3	OBRAS ELECTRICAS																																			
4	2.6.3.1	CAJAS DE PASO Y EQUIPOS DE CONEXIÓN																																			
5	2.6.3.1.1	Suministro e instalación Caja de paso en mamposteria según norma CS-276	UN	0	0	0	0	0	0	0	0	0	0	0	0	0	0	0	0	0	0	0	0	0	0	0	0	0	0	0	0	0	0	0	0	0	0
4	2.6.3.2	CANALIZACIÓN																																			
5	2.6.3.2.1	Suministro e instalación de tubería 9Ф6" TDP (Incluye excavación, retiro de escombros y relleno)	ML	0	0	0	0	0	0	0	0	0	0	0	0	0	0	0	0	0	0	0	0	0	0	0	0	0	0	0	0	0	0	0	0	0	0
4	2.6.3.3	SUBTERRANIZACIÓN DE RED																																			
5	2.6.3.3.1	Suministro e instalación de estructura para poste de MT LA-220	UN	0	0	0	0	0	0	0	0	0	0	0	0	0	0	0	0	0	0	0	0	0	0	0	0	0	0	0	0	0	0	0	0	0	0
5	2.6.3.3.2	Suministro e instalacion de bajante galvanizada de 4"x6m	UN	0	0	0	0	0	0	0	0	0	0	0	0	0	0	0	0	0	0	0	0	0	0	0	0	0	0	0	0	0	0	0	0	0	0
5	2.6.3.3.3	Suministro e instalación de terminales premoldeados 35 kV Tipo exterior (Juegox3)	JG	0	0	0	0	0	0	0	0	0	0	0	0	0	0	0	0	0	0	0	0	0	0	0	0	0	0	0	0	0	0	0	0	0	0
5	2.6.3.3.4	Suministro e instalación de codo premoldeado de (200-600)A	UN	0	0	0	0	0	0	0	0	0	0	0	0	0	0	0	0	0	0	0	0	0	0	0	0	0	0	0	0	0	0	0	0	0	0
4	2.6.3.4	CABLEADO																																			
5	2.6.3.4.1	Suministro e instalación de cable 3x185 XLPE Al	ML	0	0	0	0	0	0	0	0	0	0	0	0	0	0	0	0	0	0	0	0	0	0	0	0	0	0	0	0	0	0	0	0	0	0
4	2.6.3.5	RETIRO DE RED ELÉCTRICA AÉREA																																			
5	2.6.3.5.1	Retiro y transporte de poste de 12m 510kgF	UN	0	0	0	0	0	0	0	0	0	0	0	0	0	0	0	0	0	0	0	0	0	0	0	0	0	0	0	0	0	0	0	0	0	0
5	2.6.3.5.2	Retiro de estructura de MT según norma LA-212/LA-202/LA-231/LA-206 o similar	UN	0	0	0	0	0	0	0	0	0	0	0	0	0	0	0	0	0	0	0	0	0	0	0	0	0	0	0	0	0	0	0	0	0	0
5	2.6.3.5.3	Retiro de Caja de borneras para derivación de acometidas, estructuras de BT o similares	UN	0	0	0	0	0	0	0	0	0	0	0	0	0	0	0	0	0	0	0	0	0	0	0	0	0	0	0	0	0	0	0	0	0	0
5	2.6.3.5.4	Retiro de red de MT 3x2ACSR	ML	0	0	0	0	0	0	0	0	0	0	0	0	0	0	0	0	0	0	0	0	0	0	0	0	0	0	0	0	0	0	0	0	0	0
3	2.6.4	RED DE TELECOMUNICACIONES (VOZ & DATOS)																																			
4	2.6.4.1	CANALIZACIONES Y CAJAS																																			
5	2.6.4.1.1	Canalización banco de ductos TDP PVC 8Ø3" EPM RS1-003	ML	0	0	0	0	0	0	0	0	0	0	0	0	0	0	0	0	0	0	0	0	0	0	0	0	0	0	0	0	0	0	0	0	0	1612.3824999999999
5	2.6.4.1.2	Canalización banco de ductos TDP PVC 7Ø3" EPM RS1-003	ML	0	0	0	0	0	0	0	0	0	0	0	0	0	0	0	0	0	0	0	0	0	0	0	0	0	0	0	0	0	0	0	0	0	41.96
5	2.6.4.1.3	Canalización banco de ductos TDP PVC 6Ø3" EPM RS1-003	ML	0	0	0	0	0	0	0	0	0	0	0	0	0	0	0	0	0	0	0	0	0	0	0	0	0	0	0	0	0	0	0	0	0	619.30650000000003
5	2.6.4.1.4	Canalización banco de ductos TDP PVC 5Ø3" EPM RS1-003	ML	0	0	0	0	0	0	0	0	0	0	0	0	0	0	0	0	0	0	0	0	0	0	0	0	0	0	0	0	0	0	0	0	0	67.567999999999998
5	2.6.4.1.5	Cárcamo de protección de ductos ETB	ML	0	0	0	0	0	0	0	0	0	0	0	0	0	0	0	0	0	0	0	0	0	0	0	0	0	0	0	0	0	0	0	0	0	202.22399999999999
5	2.6.4.1.6	Caja de inspección prefabricada 0,80x0,80 m (incluye base, muros, cubierta y aros)	UN	0	0	0	0	0	0	0	0	0	0	0	0	0	0	0	0	0	0	0	0	0	0	0	0	0	0	0	0	0	0	0	0	0	43.95
4	2.6.4.2	MOVIMIENTO DE TIERRAS Y GRANULARES																																			
5	2.6.4.2.1	Excavación manual para redes profundidad 0-2 m (incluye cargue)	M3	0	0	0	0	0	0	0	0	0	0	0	0	0	0	0	0	0	0	0	0	0	0	0	0	0	0	0	0	0	0	0	0	0	4195.45
5	2.6.4.2.2	Relleno para redes en arena de peña	M3	0	0	0	0	0	0	0	0	0	0	0	0	0	0	0	0	0	0	0	0	0	0	0	0	0	0	0	0	0	0	0	0	0	1090.62060488871
5	2.6.4.2.3	Base granular clase B (BG38/BG25) para telecomunicaciones	M3	0	0	0	0	0	0	0	0	0	0	0	0	0	0	0	0	0	0	0	0	0	0	0	0	0	0	0	0	0	0	0	0	0	2015.1485963509899
5	2.6.4.2.4	Sub-base granular clase C para telecomunicaciones	M3	0	0	0	0	0	0	0	0	0	0	0	0	0	0	0	0	0	0	0	0	0	0	0	0	0	0	0	0	0	0	0	0	0	650.72763318235695
5	2.6.4.2.5	Transporte y disposición final de escombros (21 km)	M3	0	0	0	0	0	0	0	0	0	0	0	0	0	0	0	0	0	0	0	0	0	0	0	0	0	0	0	0	0	0	0	0	0	4453.7025000000003
2	2.8	ACTIVIDADES Y OBRAS ADICIONALES (MANTENIMIENTOS Y OBRAS COLSUBSIDIO)																																			
3	2.8.1	MANTENIMIENTOS DE PARQUES Y VIAS																																			
4	2.8.1.1	MANTENIMIENTO DE VIAS Y ANDENES																																			
5	2.8.1.1.1	REPARACION VIAS Y ANDENES ETAPA 1	GB	1	0	0	0	0	0	0	0	0	0	0	0	0	0	0	0	0	0	0	0	0	0	0	0	0	0	0	0	0	0	0	0	0	0
5	2.8.1.1.2	REPARACION VIAS Y ANDENES ETAPA 2	GB	0	1	0	0	0	0	0	0	0	0	0	0	0	0	0	0	0	0	0	0	0	0	0	0	0	0	0	0	0	0	0	0	0	0
5	2.8.1.1.3	VIA PEATONAL V-PE - MANTENIMIENTO	M2	0	667.04960000000005	0	0	0	0	0	0	0	0	0	0	0	0	0	0	0	0	0	0	0	0	0	0	0	0	0	0	0	0	0	0	0	0
5	2.8.1.1.4	VIA PEATONAL PTN3 - MANTENIMIENTO	M2	0	0	962.14200000000005	0	0	0	0	0	0	0	0	0	0	0	0	0	0	0	0	0	0	0	0	0	0	0	0	0	0	0	0	0	0	0
5	2.8.1.1.5	VIA PEATONAL PTN4 - MANTENIMIENTO	M2	0	0	892.00639999999999	0	0	0	0	0	0	0	0	0	0	0	0	0	0	0	0	0	0	0	0	0	0	0	0	0	0	0	0	0	0	0
5	2.8.1.1.6	VIA PEATONAL PTN2 - MANTENIMIENTO	M2	0	0	0	0	0	0	0	0	0	0	0	0	0	0	0	0	0	0	0	0	0	0	2356.6984000000002	0	0	0	0	0	0	0	0	0	0	0
4	2.8.1.2	MANTENIMIENTO DE PARQUES																																			
5	2.8.1.2.1	PQ-1A - MANTENIMIENTO	M2	3664.36	0	0	0	0	0	0	0	0	0	0	0	0	0	0	0	0	0	0	0	0	0	0	0	0	0	0	0	0	0	0	0	0	0
5	2.8.1.2.2	PQ-1B - MANTENIMIENTO	M2	3084.61	0	0	0	0	0	0	0	0	0	0	0	0	0	0	0	0	0	0	0	0	0	0	0	0	0	0	0	0	0	0	0	0	0
5	2.8.1.2.3	PL 1 - MANTENIMIENTO	M2	5445.86	0	0	0	0	0	0	0	0	0	0	0	0	0	0	0	0	0	0	0	0	0	0	0	0	0	0	0	0	0	0	0	0	0
5	2.8.1.2.4	PQ-7 - MANTENIMIENTO	M2	0	4837.18	0	0	0	0	0	0	0	0	0	0	0	0	0	0	0	0	0	0	0	0	0	0	0	0	0	0	0	0	0	0	0	0
5	2.8.1.2.5	PQ-8 - MANTENIMIENTO	M2	0	3465.01	0	0	0	0	0	0	0	0	0	0	0	0	0	0	0	0	0	0	0	0	0	0	0	0	0	0	0	0	0	0	0	0
5	2.8.1.2.6	PQ-12 - MANTENIMIENTO	M2	0	0	4626.3100000000004	0	0	0	0	0	0	0	0	0	0	0	0	0	0	0	0	0	0	0	0	0	0	0	0	0	0	0	0	0	0	0
5	2.8.1.2.7	PQ-13 - MANTENIMIENTO	M2	0	0	8026.89	0	0	0	0	0	0	0	0	0	0	0	0	0	0	0	0	0	0	0	0	0	0	0	0	0	0	0	0	0	0	0
5	2.8.1.2.8	PQ-14 - MANTENIMIENTO	M2	0	0	5108.16	0	0	0	0	0	0	0	0	0	0	0	0	0	0	0	0	0	0	0	0	0	0	0	0	0	0	0	0	0	0	0
5	2.8.1.2.9	PQ-4 - MANTENIMIENTO	M2	0	0	0	0	0	4323.3900000000003	0	0	0	0	0	0	0	0	0	0	0	0	0	0	0	0	0	0	0	0	0	0	0	0	0	0	0	0
5	2.8.1.2.10	PQ-6 - MANTENIMIENTO	M2	0	0	0	0	0	5912	0	0	0	0	0	0	0	0	0	0	0	0	0	0	0	0	0	0	0	0	0	0	0	0	0	0	0	0
5	2.8.1.2.11	PQ-9 - MANTENIMIENTO	M2	0	0	0	0	0	5648.31	0	0	0	0	0	0	0	0	0	0	0	0	0	0	0	0	0	0	0	0	0	0	0	0	0	0	0	0
5	2.8.1.2.12	PQ-10A Y PQ-10B - MANTENIMIENTO	M2	0	0	0	0	0	11209.45	0	0	0	0	0	0	0	0	0	0	0	0	0	0	0	0	0	0	0	0	0	0	0	0	0	0	0	0
5	2.8.1.2.13	PQ-11 - MANTENIMIENTO	M2	0	0	0	0	0	3313.47	0	0	0	0	0	0	0	0	0	0	0	0	0	0	0	0	0	0	0	0	0	0	0	0	0	0	0	0
5	2.8.1.2.14	PQ-5 - MANTENIMIENTO	M2	0	0	0	0	0	0	0	0	0	0	0	0	5909.06	0	0	0	0	0	0	0	0	0	0	0	0	0	0	0	0	0	0	0	0	0
5	2.8.1.2.15	PL 3 - MANTENIMIENTO	M2	0	0	0	0	0	0	0	0	0	0	0	0	8365.65	0	0	0	0	0	0	0	0	0	0	0	0	0	0	0	0	0	0	0	0	0
5	2.8.1.2.16	PQ-2 - MANTENIMIENTO	M2	0	0	0	0	0	0	0	0	0	0	0	0	0	0	0	0	0	0	0	0	0	6364.89	0	0	0	0	0	0	0	0	0	0	0	0
5	2.8.1.2.17	PQ-3 - MANTENIMIENTO	M2	0	0	0	0	0	0	0	0	0	0	0	0	0	0	0	0	0	0	0	0	0	7232.68	0	0	0	0	0	0	0	0	0	0	0	0
5	2.8.1.2.18	PQ-15 - MANTENIMIENTO	M2	0	0	0	0	0	0	0	0	0	0	0	0	0	0	0	0	0	0	0	0	0	0	8236.7999999999993	0	0	0	0	0	0	0	0	0	0	0
5	2.8.1.2.19	PQ-16 - MANTENIMIENTO	M2	0	0	0	0	0	0	0	0	0	0	0	0	0	0	0	0	0	0	0	0	0	0	6806.9	0	0	0	0	0	0	0	0	0	0	0
5	2.8.1.2.20	PQ-17 - MANTENIMIENTO	M2	0	0	0	0	0	0	0	0	0	0	0	0	0	0	0	0	0	0	0	0	0	0	2679.33	0	0	0	0	0	0	0	0	0	0	0
5	2.8.1.2.21	PQ-18 - MANTENIMIENTO	M2	0	0	0	0	0	0	0	0	0	0	0	0	0	0	0	0	0	0	0	0	0	0	2356.17	0	0	0	0	0	0	0	0	0	0	0
5	2.8.1.2.22	PQ-19 - MANTENIMIENTO	M2	0	0	0	0	0	0	0	0	0	0	0	0	0	0	0	0	0	0	0	0	0	0	0	0	0	0	0	9196.17	0	0	0	0	0	0
3	2.8.2	ACTIVIDADES ADICIONALES (AREA DE PRESUPUESTO DE COLSUBSIDIO)																																			
4	2.8.2.1	OBRAS ADICIONALES DEL URBANISMO																																			
5	2.8.2.1.1	REFORESTACION LADERA	GB	0	0	0	0	0	0	0	0	0	0	0	0	0	0	0	0	0	0	0	0	0	0	0	0	0	0	0	0	0	0	0	0	0	1
5	2.8.2.1.2	CERRAMIENTO ANTIINVASION	GB	0	0	0	0	0	0	0	0	0	0	0	0	0	0	0	0	0	0	0	0	0	0	0	0	0	0	0	0	0	0	0	0	0	1
5	2.8.2.1.3	OBRAS CIVILES CONEXIONES LOTE 05 (ZARZAL)	GB	1	0	0	0	0	0	0	0	0	0	0	0	0	0	0	0	0	0	0	0	0	0	0	0	0	0	0	0	0	0	0	0	0	0
5	2.8.2.1.4	HABILITACION LOTES SOBRE COTA ACUEDUCTO 2570 (LOTE 45)	GB	0	0	1	0	0	0	0	0	0	0	0	0	0	0	0	0	0	0	0	0	0	0	0	0	0	0	0	0	0	0	0	0	0	0
4	2.8.2.2	DESMONTE CAMPAMENTO Y SALA DE VENTAS																																			
5	2.8.2.2.1	ARREGLO LOTE 3 (DESMONTE CAMPAMENTO Y SALA DE VENTAS)	GB	0	0	0	0	0	0	0	0	0	0	0	0	0	0	0	0	0	0	0	0	0	8333	0	0	0	0	0	0	0	0	0	0	0	0
4	2.8.2.3	OBRAS DE MITIGACION																																			
5	2.8.2.3.1	OBRAS DE MITIGACION ETAPA 8	M2	0	0	0	0	0	0	0	0	0	0	0	0	0	0	0	0	0	0	0	0	0	0	4287.75	0	0	0	0	0	0	0	0	0	0	0
5	2.8.2.3.2	OBRAS DE MITIGACION ETAPA 9	M2	0	0	0	0	0	0	0	0	0	0	0	0	0	0	0	0	0	0	0	0	0	0	0	0	0	0	0	670.02	0	0	0	0	0	0
2	2.9	TRONCAL Y CABEZAL MUÑA																																			
3	2.9.1	TRONCAL MUÑA																																			
4	2.9.1.1	PRELIMINARES																																			
5	2.9.1.1.1	Cerramiento en tela para tramos de ejecucion para la totalidad del proyecto	ML	0	0	0	0	0	0	0	0	0	0	0	0	0	0	0	0	0	0	0	0	0	0	0	0	0	0	0	0	0	0	0	0	0	838
5	2.9.1.1.2	Acondicionamiento de acopio y campamentos(incluye servicios, logistica y seguridad para totalidad del proyecto)	M2	0	0	0	0	0	0	0	0	0	0	0	0	0	0	0	0	0	0	0	0	0	0	0	0	0	0	0	0	0	0	0	0	0	400
5	2.9.1.1.3	Construcción lavado de llantas	GLB	0	0	0	0	0	0	0	0	0	0	0	0	0	0	0	0	0	0	0	0	0	0	0	0	0	0	0	0	0	0	0	0	0	1
5	2.9.1.1.4	PMT(incluye suministro, tramite y personal de obra)	GLB	0	0	0	0	0	0	0	0	0	0	0	0	0	0	0	0	0	0	0	0	0	0	0	0	0	0	0	0	0	0	0	0	0	1
5	2.9.1.1.5	Comision topografica	MES	0	0	0	0	0	0	0	0	0	0	0	0	0	0	0	0	0	0	0	0	0	0	0	0	0	0	0	0	0	0	0	0	0	15
5	2.9.1.1.6	Stand-by	DIA	0	0	0	0	0	0	0	0	0	0	0	0	0	0	0	0	0	0	0	0	0	0	0	0	0	0	0	0	0	0	0	0	0	15
4	2.9.1.2	RED TRONCAL MUÑA PERFORACIÓN DIRIGIDA																																			
5	2.9.1.2.1	Instalación de tubería de concreto reforzado mediante tecnología sin zanja Pipe Jacking de DI 900mm	ML	0	0	0	0	0	0	0	0	0	0	0	0	0	0	0	0	0	0	0	0	0	0	0	0	0	0	0	0	0	0	0	0	0	1120.9100000000001
5	2.9.1.2.2	Suministro de tubería de concreto reforzado DI 900mm tipo Pipe Jacking	ML	0	0	0	0	0	0	0	0	0	0	0	0	0	0	0	0	0	0	0	0	0	0	0	0	0	0	0	0	0	0	0	0	0	1120.9100000000001
5	2.9.1.2.3	Instalación de tubería de concreto reforzado mediante tecnología sin zanja Pipe Jacking de DI 30"	ML	0	0	0	0	0	0	0	0	0	0	0	0	0	0	0	0	0	0	0	0	0	0	0	0	0	0	0	0	0	0	0	0	0	390.14
5	2.9.1.2.4	Suministro de tubería de concreto reforzado DI 30" tipo Pipe Jacking	ML	0	0	0	0	0	0	0	0	0	0	0	0	0	0	0	0	0	0	0	0	0	0	0	0	0	0	0	0	0	0	0	0	0	390.14
5	2.9.1.2.5	Construcción de pozos de lanzamiento	UN	0	0	0	0	0	0	0	0	0	0	0	0	0	0	0	0	0	0	0	0	0	0	0	0	0	0	0	0	0	0	0	0	0	9
5	2.9.1.2.6	Construcción de pozos de salida	UN	0	0	0	0	0	0	0	0	0	0	0	0	0	0	0	0	0	0	0	0	0	0	0	0	0	0	0	0	0	0	0	0	0	8
5	2.9.1.2.7	Construcción de pozos intermedios	UN	0	0	0	0	0	0	0	0	0	0	0	0	0	0	0	0	0	0	0	0	0	0	0	0	0	0	0	0	0	0	0	0	0	2
4	2.9.1.3	ZANJA ABIERTA																																			
5	2.9.1.3.1	Excavación mecánica en material común (Incluye cargue, transporte y disposición Final)	M3	0	0	0	0	0	0	0	0	0	0	0	0	0	0	0	0	0	0	0	0	0	0	0	0	0	0	0	0	0	0	0	0	0	5936.2504188000003
5	2.9.1.3.2	Suministro y colocación de triturado 3/4	M3	0	0	0	0	0	0	0	0	0	0	0	0	0	0	0	0	0	0	0	0	0	0	0	0	0	0	0	0	0	0	0	0	0	1312.24854158628
5	2.9.1.3.3	Suministro y colocación de recebo	M3	0	0	0	0	0	0	0	0	0	0	0	0	0	0	0	0	0	0	0	0	0	0	0	0	0	0	0	0	0	0	0	0	0	3798.6177139725601
5	2.9.1.3.4	Instalación de tubería de alcantarillado en concreto	ML	0	0	0	0	0	0	0	0	0	0	0	0	0	0	0	0	0	0	0	0	0	0	0	0	0	0	0	0	0	0	0	0	0	837.92
5	2.9.1.3.5	Entibado para excavaciones >3m	M2	0	0	0	0	0	0	0	0	0	0	0	0	0	0	0	0	0	0	0	0	0	0	0	0	0	0	0	0	0	0	0	0	0	8546.7839999999997
5	2.9.1.3.6	Suministro y colocación de geotextil Tejido 2400	M2	0	0	0	0	0	0	0	0	0	0	0	0	0	0	0	0	0	0	0	0	0	0	0	0	0	0	0	0	0	0	0	0	0	5821.3654079999997
5	2.9.1.3.7	Prueba de hermeticidad	ML	0	0	0	0	0	0	0	0	0	0	0	0	0	0	0	0	0	0	0	0	0	0	0	0	0	0	0	0	0	0	0	0	0	837.92
5	2.9.1.3.8	Inspección con cámara para tubería	ML	0	0	0	0	0	0	0	0	0	0	0	0	0	0	0	0	0	0	0	0	0	0	0	0	0	0	0	0	0	0	0	0	0	837.92
5	2.9.1.3.9	Transporte de tubería en concreto	KG	0	0	0	0	0	0	0	0	0	0	0	0	0	0	0	0	0	0	0	0	0	0	0	0	0	0	0	0	0	0	0	0	0	837.92
5	2.9.1.3.10	Descargue y acopio de tubería en concreto	GB	0	0	0	0	0	0	0	0	0	0	0	0	0	0	0	0	0	0	0	0	0	0	0	0	0	0	0	0	0	0	0	0	0	837.92
5	2.9.1.3.11	Suministro de Tubería	ML	0	0	0	0	0	0	0	0	0	0	0	0	0	0	0	0	0	0	0	0	0	0	0	0	0	0	0	0	0	0	0	0	0	879.81600000000003
5	2.9.1.3.12	Construcción de pozos intermedios	UN	0	0	0	0	0	0	0	0	0	0	0	0	0	0	0	0	0	0	0	0	0	0	0	0	0	0	0	0	0	0	0	0	0	13
4	2.9.1.4	GENERALES																																			
5	2.9.1.4.1	Campaña geotécnica	UN	0	0	0	0	0	0	0	0	0	0	0	0	0	0	0	0	0	0	0	0	0	0	0	0	0	0	0	0	0	0	0	0	0	1
5	2.9.1.4.2	Identificación de interferencias	UN	0	0	0	0	0	0	0	0	0	0	0	0	0	0	0	0	0	0	0	0	0	0	0	0	0	0	0	0	0	0	0	0	0	1
5	2.9.1.4.3	Pruebas de hermeticidad y CCTV según norma EAAB de tramos acabados	GB	0	0	0	0	0	0	0	0	0	0	0	0	0	0	0	0	0	0	0	0	0	0	0	0	0	0	0	0	0	0	0	0	0	1
4	2.9.1.5	REPARACIONES DE OBRA																																			
5	2.9.1.5.1	Rotura de anden	M2	0	0	0	0	0	0	0	0	0	0	0	0	0	0	0	0	0	0	0	0	0	0	0	0	0	0	0	0	0	0	0	0	0	1676
5	2.9.1.5.2	Reparación (Andenes)	M2	0	0	0	0	0	0	0	0	0	0	0	0	0	0	0	0	0	0	0	0	0	0	0	0	0	0	0	0	0	0	0	0	0	1676
5	2.9.1.5.3	Reparación de parques	GLB	0	0	0	0	0	0	0	0	0	0	0	0	0	0	0	0	0	0	0	0	0	0	0	0	0	0	0	0	0	0	0	0	0	16693.23
4	2.9.1.6	IMPREVISTOS 3%																																			
5	2.9.1.6.1	Imprevistos 3%	GLB	0	0	0	0	0	0	0	0	0	0	0	0	0	0	0	0	0	0	0	0	0	0	0	0	0	0	0	0	0	0	0	0	0	0.03
4	2.9.1.7	INCREMENTOS																																			
5	2.9.1.7.1	Incrementos	GLB	0	0	0	0	0	0	0	0	0	0	0	0	0	0	0	0	0	0	0	0	0	0	0	0	0	0	0	0	0	0	0	0	0	0.2
4	2.9.1.8	ACTIVIDADES COSTOS INDIRECTOS																																			
5	2.9.1.8.1	Pago de Servidumbres con cuantía	GLB	0	0	0	0	0	0	0	0	0	0	0	0	0	0	0	0	0	0	0	0	0	0	0	0	0	0	0	0	0	0	0	0	0	5
5	2.9.1.8.2	Gastos notariales, beneficencia y registro de Servidumbres	GLB	0	0	0	0	0	0	0	0	0	0	0	0	0	0	0	0	0	0	0	0	0	0	0	0	0	0	0	0	0	0	0	0	0	3
5	2.9.1.8.3	Estudio de gestión predial	GLB	0	0	0	0	0	0	0	0	0	0	0	0	0	0	0	0	0	0	0	0	0	0	0	0	0	0	0	0	0	0	0	0	0	1
5	2.9.1.8.4	Incoporación catastral	GLB	0	0	0	0	0	0	0	0	0	0	0	0	0	0	0	0	0	0	0	0	0	0	0	0	0	0	0	0	0	0	0	0	0	1
5	2.9.1.8.5	Actas de vecindad	GLB	0	0	0	0	0	0	0	0	0	0	0	0	0	0	0	0	0	0	0	0	0	0	0	0	0	0	0	0	0	0	0	0	0	13
5	2.9.1.8.6	Polizas	GLB	0	0	0	0	0	0	0	0	0	0	0	0	0	0	0	0	0	0	0	0	0	0	0	0	0	0	0	0	0	0	0	0	0	1
5	2.9.1.8.7	Gestión Tramites - Asesoria juridica	GLB	0	0	0	0	0	0	0	0	0	0	0	0	0	0	0	0	0	0	0	0	0	0	0	0	0	0	0	0	0	0	0	0	0	1
5	2.9.1.8.8	Gastos de mantenimiento	GLB	0	0	0	0	0	0	0	0	0	0	0	0	0	0	0	0	0	0	0	0	0	0	0	0	0	0	0	0	0	0	0	0	0	12
5	2.9.1.8.9	Tramite PMT y permiso de circulacion de volquetas	GLB	0	0	0	0	0	0	0	0	0	0	0	0	0	0	0	0	0	0	0	0	0	0	0	0	0	0	0	0	0	0	0	0	0	1
5	2.9.1.8.10	Tramite Licencias de intervencion de espacio publico	GLB	0	0	0	0	0	0	0	0	0	0	0	0	0	0	0	0	0	0	0	0	0	0	0	0	0	0	0	0	0	0	0	0	0	2
5	2.9.1.8.11	Arqueologicos	MES	0	0	0	0	0	0	0	0	0	0	0	0	0	0	0	0	0	0	0	0	0	0	0	0	0	0	0	0	0	0	0	0	0	9
5	2.9.1.8.12	Planos record	GLB	0	0	0	0	0	0	0	0	0	0	0	0	0	0	0	0	0	0	0	0	0	0	0	0	0	0	0	0	0	0	0	0	0	1
4	2.9.1.9	HONORARIOS																																			
5	2.9.1.9.1	Honorarios Interventoría	GLB	0	0	0	0	0	0	0	0	0	0	0	0	0	0	0	0	0	0	0	0	0	0	0	0	0	0	0	0	0	0	0	0	0	0.05
5	2.9.1.9.2	Honorarios Tramitador (Entrega obras Acueducto)	GLB	0	0	0	0	0	0	0	0	0	0	0	0	0	0	0	0	0	0	0	0	0	0	0	0	0	0	0	0	0	0	0	0	0	5.0000000000000001E-3
4	2.9.1.10	OTROS GASTOS (COSTOS FINANCIEROS)																																			
5	2.9.1.10.1	Impuesto 4x1000	GLB	0	0	0	0	0	0	0	0	0	0	0	0	0	0	0	0	0	0	0	0	0	0	0	0	0	0	0	0	0	0	0	0	0	4.0000000000000001E-3
5	2.9.1.10.2	Apertura Fideicomiso	GLB	0	0	0	0	0	0	0	0	0	0	0	0	0	0	0	0	0	0	0	0	0	0	0	0	0	0	0	0	0	0	0	0	0	1
5	2.9.1.10.3	Costo Fideicomiso	MES	0	0	0	0	0	0	0	0	0	0	0	0	0	0	0	0	0	0	0	0	0	0	0	0	0	0	0	0	0	0	0	0	0	1
3	2.9.2	CABEZAL DE DESCARGA																																			
4	2.9.2.1	PRELIMINARES Y LOGISTICA																																			
5	2.9.2.1.1	CERRAMIENTO PROVISIONAL EN POLISOMBRA H=2.20MTS	ML	0	0	0	0	0	0	0	0	0	0	0	0	0	0	0	0	0	0	0	0	0	0	0	0	0	0	0	0	0	0	0	0	0	300
5	2.9.2.1.2	CAMPAMENTO DE OBRA - CONTENEDOR OFICINAS 12FT (1 UN - 6 MESES)	MES	0	0	0	0	0	0	0	0	0	0	0	0	0	0	0	0	0	0	0	0	0	0	0	0	0	0	0	0	0	0	0	0	0	4
5	2.9.2.1.3	INSTALACIÓN PROVISIONAL DE ACUEDUCTO (SUMINISTRO CARROTANQUE)	MES	0	0	0	0	0	0	0	0	0	0	0	0	0	0	0	0	0	0	0	0	0	0	0	0	0	0	0	0	0	0	0	0	0	4
5	2.9.2.1.4	INSTALACIÓN PROVISIONAL DE ENERGÍA (PLANTA + COMBUSTIBLE)	MES	0	0	0	0	0	0	0	0	0	0	0	0	0	0	0	0	0	0	0	0	0	0	0	0	0	0	0	0	0	0	0	0	0	4
5	2.9.2.1.5	SEÑALIZACIÓN PMT (VERTICAL Y HORIZONTAL)	GLB	0	0	0	0	0	0	0	0	0	0	0	0	0	0	0	0	0	0	0	0	0	0	0	0	0	0	0	0	0	0	0	0	0	1
5	2.9.2.1.6	ELABORACION PLAN MANEJO DE TRANSITO	UN	0	0	0	0	0	0	0	0	0	0	0	0	0	0	0	0	0	0	0	0	0	0	0	0	0	0	0	0	0	0	0	0	0	1
5	2.9.2.1.7	ELABORACION PLAN MANEJO AMBIENTAL	UN	0	0	0	0	0	0	0	0	0	0	0	0	0	0	0	0	0	0	0	0	0	0	0	0	0	0	0	0	0	0	0	0	0	1
5	2.9.2.1.8	CONSTRUCCION CARRETEABLE ACCESO Y SALIDA DEL PROYECTO - ANCHO=5.00M (INC. MEJORAMIENTO DE RAJON E=0.45M Y SELLO EN MATERIAL SELECCIONADO E=0.20M)	ML	0	0	0	0	0	0	0	0	0	0	0	0	0	0	0	0	0	0	0	0	0	0	0	0	0	0	0	0	0	0	0	0	0	300
5	2.9.2.1.9	Demolicion cabezal existente de entrada	M3	0	0	0	0	0	0	0	0	0	0	0	0	0	0	0	0	0	0	0	0	0	0	0	0	0	0	0	0	0	0	0	0	0	48.240042147019601
5	2.9.2.1.10	COMISION TOPOGRAFICA	MES	0	0	0	0	0	0	0	0	0	0	0	0	0	0	0	0	0	0	0	0	0	0	0	0	0	0	0	0	0	0	0	0	0	6
5	2.9.2.1.11	ENSAYOS DE CALIDAD	GLB	0	0	0	0	0	0	0	0	0	0	0	0	0	0	0	0	0	0	0	0	0	0	0	0	0	0	0	0	0	0	0	0	0	1
4	2.9.2.2	RED DE DESCARGA GRP																																			
5	2.9.2.2.1	Excavación mecánica en material común (Incluye cargue, transporte y disposición externa)	M3	0	0	0	0	0	0	0	0	0	0	0	0	0	0	0	0	0	0	0	0	0	0	0	0	0	0	0	0	0	0	0	0	0	5585.2978265600004
5	2.9.2.2.2	Suministro y colocación de triturado 3/4	M3	0	0	0	0	0	0	0	0	0	0	0	0	0	0	0	0	0	0	0	0	0	0	0	0	0	0	0	0	0	0	0	0	0	1375.1398388661401
5	2.9.2.2.3	Suministro y colocación de recebo	M3	0	0	0	0	0	0	0	0	0	0	0	0	0	0	0	0	0	0	0	0	0	0	0	0	0	0	0	0	0	0	0	0	0	3104.1289822261401
5	2.9.2.2.4	Entibado para excavaciones >3m	M2	0	0	0	0	0	0	0	0	0	0	0	0	0	0	0	0	0	0	0	0	0	0	0	0	0	0	0	0	0	0	0	0	0	2729.7051999999999
5	2.9.2.2.5	Suministro y colocación de geotextil Tejido 2400	M2	0	0	0	0	0	0	0	0	0	0	0	0	0	0	0	0	0	0	0	0	0	0	0	0	0	0	0	0	0	0	0	0	0	3804.3020000000001
5	2.9.2.2.6	Prueba de hermeticidad	ML	0	0	0	0	0	0	0	0	0	0	0	0	0	0	0	0	0	0	0	0	0	0	0	0	0	0	0	0	0	0	0	0	0	297.19
5	2.9.2.2.7	Inspección con cámara para tubería	ML	0	0	0	0	0	0	0	0	0	0	0	0	0	0	0	0	0	0	0	0	0	0	0	0	0	0	0	0	0	0	0	0	0	297.19
5	2.9.2.2.8	Descargue y acopio de tubería	KG	0	0	0	0	0	0	0	0	0	0	0	0	0	0	0	0	0	0	0	0	0	0	0	0	0	0	0	0	0	0	0	0	0	297.19
5	2.9.2.2.9	Suministro de Tubería GRP 92"	ML	0	0	0	0	0	0	0	0	0	0	0	0	0	0	0	0	0	0	0	0	0	0	0	0	0	0	0	0	0	0	0	0	0	243.19
5	2.9.2.2.10	Suministro de Tubería GRP 48"	ML	0	0	0	0	0	0	0	0	0	0	0	0	0	0	0	0	0	0	0	0	0	0	0	0	0	0	0	0	0	0	0	0	0	54
5	2.9.2.2.11	Uniones GRP para tuberia de 48"	UN	0	0	0	0	0	0	0	0	0	0	0	0	0	0	0	0	0	0	0	0	0	0	0	0	0	0	0	0	0	0	0	0	0	6
5	2.9.2.2.12	Uniones GRP para tuberia de 92"	UN	0	0	0	0	0	0	0	0	0	0	0	0	0	0	0	0	0	0	0	0	0	0	0	0	0	0	0	0	0	0	0	0	0	41
5	2.9.2.2.13	CAMARA GRP 2500 * 2500 * 1200 (INCLUYE TUBERIA , CHIMENEA 2.5M Y ACCESORIOS. INCLUYE TRANSPORTE, SUMINISTRO E INSTALACION.	UN	0	0	0	0	0	0	0	0	0	0	0	0	0	0	0	0	0	0	0	0	0	0	0	0	0	0	0	0	0	0	0	0	0	4
4	2.9.2.3	CABEZAL 1																																			
5	2.9.2.3.1	SC - Excavación maquina, incluye retiro escombros	M3	0	0	0	0	0	0	0	0	0	0	0	0	0	0	0	0	0	0	0	0	0	0	0	0	0	0	0	0	0	0	0	0	0	115.97750000000001
5	2.9.2.3.2	SC - Descapote de terreno	M2	0	0	0	0	0	0	0	0	0	0	0	0	0	0	0	0	0	0	0	0	0	0	0	0	0	0	0	0	0	0	0	0	0	26.3
5	2.9.2.3.3	SC - Mejoramiento en rajon	M3	0	0	0	0	0	0	0	0	0	0	0	0	0	0	0	0	0	0	0	0	0	0	0	0	0	0	0	0	0	0	0	0	0	121.81
5	2.9.2.3.4	SC-Entibado laterales taludes	M2	0	0	0	0	0	0	0	0	0	0	0	0	0	0	0	0	0	0	0	0	0	0	0	0	0	0	0	0	0	0	0	0	0	30.15
5	2.9.2.3.5	SC - Relleno con material granular	M3	0	0	0	0	0	0	0	0	0	0	0	0	0	0	0	0	0	0	0	0	0	0	0	0	0	0	0	0	0	0	0	0	0	22.612500000000001
5	2.9.2.3.6	SC - geotextil no tejido	M2	0	0	0	0	0	0	0	0	0	0	0	0	0	0	0	0	0	0	0	0	0	0	0	0	0	0	0	0	0	0	0	0	0	217.32
5	2.9.2.3.7	SC - localizacion y replanteo	M2	0	0	0	0	0	0	0	0	0	0	0	0	0	0	0	0	0	0	0	0	0	0	0	0	0	0	0	0	0	0	0	0	0	26.3
5	2.9.2.3.8	MAT - Concreto pobre 1500 psi	M3	0	0	0	0	0	0	0	0	0	0	0	0	0	0	0	0	0	0	0	0	0	0	0	0	0	0	0	0	0	0	0	0	0	1.3807499999999999
5	2.9.2.3.9	MAT - Concreto industrializado 4000 psi	M3	0	0	0	0	0	0	0	0	0	0	0	0	0	0	0	0	0	0	0	0	0	0	0	0	0	0	0	0	0	0	0	0	0	23.5
5	2.9.2.3.10	MAT - Concreto tremie 4000 psi	M3	0	0	0	0	0	0	0	0	0	0	0	0	0	0	0	0	0	0	0	0	0	0	0	0	0	0	0	0	0	0	0	0	0	24.740042147019601
5	2.9.2.3.11	sc-Bombeo de concreto	M3	0	0	0	0	0	0	0	0	0	0	0	0	0	0	0	0	0	0	0	0	0	0	0	0	0	0	0	0	0	0	0	0	0	48.240042147019601
5	2.9.2.3.12	MO - Concreto de limpieza	M2	0	0	0	0	0	0	0	0	0	0	0	0	0	0	0	0	0	0	0	0	0	0	0	0	0	0	0	0	0	0	0	0	0	26.3
5	2.9.2.3.13	MO - Box Culvert(Incluye formaleta y consumible)	M3	0	0	0	0	0	0	0	0	0	0	0	0	0	0	0	0	0	0	0	0	0	0	0	0	0	0	0	0	0	0	0	0	0	19.745899999999999
5	2.9.2.3.14	MO - Pilote Preexcavado ø50cm	ML	0	0	0	0	0	0	0	0	0	0	0	0	0	0	0	0	0	0	0	0	0	0	0	0	0	0	0	0	0	0	0	0	0	105
5	2.9.2.3.15	Movilizacion equipos pilotaje hinca y prebarrena	UN	0	0	0	0	0	0	0	0	0	0	0	0	0	0	0	0	0	0	0	0	0	0	0	0	0	0	0	0	0	0	0	0	0	1
5	2.9.2.3.16	MAT - Hierro 60000 PSI	KG	0	0	0	0	0	0	0	0	0	0	0	0	0	0	0	0	0	0	0	0	0	0	0	0	0	0	0	0	0	0	0	0	0	4582.8040039668604
5	2.9.2.3.17	MAT - Alambre negro	KG	0	0	0	0	0	0	0	0	0	0	0	0	0	0	0	0	0	0	0	0	0	0	0	0	0	0	0	0	0	0	0	0	0	137.48412011900601
5	2.9.2.3.18	MO - Manejo de hierro	KG	0	0	0	0	0	0	0	0	0	0	0	0	0	0	0	0	0	0	0	0	0	0	0	0	0	0	0	0	0	0	0	0	0	4582.8040039668604
4	2.9.2.4	CAMARA 1																																			
5	2.9.2.4.1	SC - Excavación maquina, incluye retiro escombros	M3	0	0	0	0	0	0	0	0	0	0	0	0	0	0	0	0	0	0	0	0	0	0	0	0	0	0	0	0	0	0	0	0	0	505.29
5	2.9.2.4.2	SC - Descapote de terreno	M2	0	0	0	0	0	0	0	0	0	0	0	0	0	0	0	0	0	0	0	0	0	0	0	0	0	0	0	0	0	0	0	0	0	63
5	2.9.2.4.3	SC - Mejoramiento en rajon	M3	0	0	0	0	0	0	0	0	0	0	0	0	0	0	0	0	0	0	0	0	0	0	0	0	0	0	0	0	0	0	0	0	0	31.5
5	2.9.2.4.4	SC-Entibado laterales taludes	M2	0	0	0	0	0	0	0	0	0	0	0	0	0	0	0	0	0	0	0	0	0	0	0	0	0	0	0	0	0	0	0	0	0	127.72
5	2.9.2.4.5	SC - Relleno con material granular	M3	0	0	0	0	0	0	0	0	0	0	0	0	0	0	0	0	0	0	0	0	0	0	0	0	0	0	0	0	0	0	0	0	0	95.79
5	2.9.2.4.6	SC - localizacion y replanteo	M2	0	0	0	0	0	0	0	0	0	0	0	0	0	0	0	0	0	0	0	0	0	0	0	0	0	0	0	0	0	0	0	0	0	63
5	2.9.2.4.7	MAT - Concreto pobre 1500 psi	M3	0	0	0	0	0	0	0	0	0	0	0	0	0	0	0	0	0	0	0	0	0	0	0	0	0	0	0	0	0	0	0	0	0	5.55
5	2.9.2.4.8	MAT - Concreto industrializado 4000 psi	M3	0	0	0	0	0	0	0	0	0	0	0	0	0	0	0	0	0	0	0	0	0	0	0	0	0	0	0	0	0	0	0	0	0	116.55
5	2.9.2.4.9	sc-Bombeo de concreto	M3	0	0	0	0	0	0	0	0	0	0	0	0	0	0	0	0	0	0	0	0	0	0	0	0	0	0	0	0	0	0	0	0	0	116.55
5	2.9.2.4.10	SC-Cinta PVC	ML	0	0	0	0	0	0	0	0	0	0	0	0	0	0	0	0	0	0	0	0	0	0	0	0	0	0	0	0	0	0	0	0	0	94
5	2.9.2.4.11	MO - Concreto de limpieza	M2	0	0	0	0	0	0	0	0	0	0	0	0	0	0	0	0	0	0	0	0	0	0	0	0	0	0	0	0	0	0	0	0	0	63
5	2.9.2.4.12	MO - Box Culvert(Incluye formaleta y consumible)	M3	0	0	0	0	0	0	0	0	0	0	0	0	0	0	0	0	0	0	0	0	0	0	0	0	0	0	0	0	0	0	0	0	0	111
5	2.9.2.4.13	MAT - Hierro 60000 PSI	KG	0	0	0	0	0	0	0	0	0	0	0	0	0	0	0	0	0	0	0	0	0	0	0	0	0	0	0	0	0	0	0	0	0	10545
5	2.9.2.4.14	MAT - Alambre negro	KG	0	0	0	0	0	0	0	0	0	0	0	0	0	0	0	0	0	0	0	0	0	0	0	0	0	0	0	0	0	0	0	0	0	316.35000000000002
5	2.9.2.4.15	MO - Manejo de hierro	KG	0	0	0	0	0	0	0	0	0	0	0	0	0	0	0	0	0	0	0	0	0	0	0	0	0	0	0	0	0	0	0	0	0	10545
4	2.9.2.5	CAMARA 2																																			
5	2.9.2.5.1	SC - Excavación maquina, incluye retiro escombros	M3	0	0	0	0	0	0	0	0	0	0	0	0	0	0	0	0	0	0	0	0	0	0	0	0	0	0	0	0	0	0	0	0	0	324.70364999999998
5	2.9.2.5.2	SC - Descapote de terreno	M2	0	0	0	0	0	0	0	0	0	0	0	0	0	0	0	0	0	0	0	0	0	0	0	0	0	0	0	0	0	0	0	0	0	60
5	2.9.2.5.3	SC - Mejoramiento en rajon	M3	0	0	0	0	0	0	0	0	0	0	0	0	0	0	0	0	0	0	0	0	0	0	0	0	0	0	0	0	0	0	0	0	0	30
5	2.9.2.5.4	SC-Entibado laterales taludes	M2	0	0	0	0	0	0	0	0	0	0	0	0	0	0	0	0	0	0	0	0	0	0	0	0	0	0	0	0	0	0	0	0	0	57.738199999999999
5	2.9.2.5.5	SC - Relleno con material granular	M3	0	0	0	0	0	0	0	0	0	0	0	0	0	0	0	0	0	0	0	0	0	0	0	0	0	0	0	0	0	0	0	0	0	43.303649999999998
5	2.9.2.5.6	SC - localizacion y replanteo	M2	0	0	0	0	0	0	0	0	0	0	0	0	0	0	0	0	0	0	0	0	0	0	0	0	0	0	0	0	0	0	0	0	0	60
5	2.9.2.5.7	MAT - Concreto pobre 1500 psi	M3	0	0	0	0	0	0	0	0	0	0	0	0	0	0	0	0	0	0	0	0	0	0	0	0	0	0	0	0	0	0	0	0	0	3.15
5	2.9.2.5.8	MAT - Concreto industrializado 4000 psi	M3	0	0	0	0	0	0	0	0	0	0	0	0	0	0	0	0	0	0	0	0	0	0	0	0	0	0	0	0	0	0	0	0	0	67.2
5	2.9.2.5.9	sc-Bombeo de concreto	M3	0	0	0	0	0	0	0	0	0	0	0	0	0	0	0	0	0	0	0	0	0	0	0	0	0	0	0	0	0	0	0	0	0	67.2
5	2.9.2.5.10	SC-Cinta PVC	ML	0	0	0	0	0	0	0	0	0	0	0	0	0	0	0	0	0	0	0	0	0	0	0	0	0	0	0	0	0	0	0	0	0	94
5	2.9.2.5.11	MO - Concreto de limpieza	M2	0	0	0	0	0	0	0	0	0	0	0	0	0	0	0	0	0	0	0	0	0	0	0	0	0	0	0	0	0	0	0	0	0	60
5	2.9.2.5.12	MO - Box Culvert(Incluye formaleta y consumible)	M3	0	0	0	0	0	0	0	0	0	0	0	0	0	0	0	0	0	0	0	0	0	0	0	0	0	0	0	0	0	0	0	0	0	64
5	2.9.2.5.13	MAT - Hierro 60000 PSI	KG	0	0	0	0	0	0	0	0	0	0	0	0	0	0	0	0	0	0	0	0	0	0	0	0	0	0	0	0	0	0	0	0	0	6080
5	2.9.2.5.14	MAT - Alambre negro	KG	0	0	0	0	0	0	0	0	0	0	0	0	0	0	0	0	0	0	0	0	0	0	0	0	0	0	0	0	0	0	0	0	0	182.4
5	2.9.2.5.15	MO - Manejo de hierro	KG	0	0	0	0	0	0	0	0	0	0	0	0	0	0	0	0	0	0	0	0	0	0	0	0	0	0	0	0	0	0	0	0	0	6080
4	2.9.2.6	COMPLEMENTARIOS																																			
5	2.9.2.6.1	PLANOS RECORD	GB	0	0	0	0	0	0	0	0	0	0	0	0	0	0	0	0	0	0	0	0	0	0	0	0	0	0	0	0	0	0	0	0	0	1
5	2.9.2.6.2	PRUEBAS HERMETICIDAD-CCTV	UN	0	0	0	0	0	0	0	0	0	0	0	0	0	0	0	0	0	0	0	0	0	0	0	0	0	0	0	0	0	0	0	0	0	8
5	2.9.2.6.3	HSEQ	UN	0	0	0	0	0	0	0	0	0	0	0	0	0	0	0	0	0	0	0	0	0	0	0	0	0	0	0	0	0	0	0	0	0	6
5	2.9.2.6.4	PALETEROS	MES	0	0	0	0	0	0	0	0	0	0	0	0	0	0	0	0	0	0	0	0	0	0	0	0	0	0	0	0	0	0	0	0	0	6
5	2.9.2.6.5	POLIZAS - PARA CONTRATO DE URBANISMO CON EL ADMON DELEGADO	GB	0	0	0	0	0	0	0	0	0	0	0	0	0	0	0	0	0	0	0	0	0	0	0	0	0	0	0	0	0	0	0	0	0	1
5	2.9.2.6.6	TRAMITE ENTREGA CAR	GB	0	0	0	0	0	0	0	0	0	0	0	0	0	0	0	0	0	0	0	0	0	0	0	0	0	0	0	0	0	0	0	0	0	1
5	2.9.2.6.7	VIGILANCIA MIENTRAS SE ENTREGAN LAS OBRAS	MES	0	0	0	0	0	0	0	0	0	0	0	0	0	0	0	0	0	0	0	0	0	0	0	0	0	0	0	0	0	0	0	0	0	6
4	2.9.2.7	IMPREVISTOS																																			
5	2.9.2.7.1	IMPREVISTOS	%	0	0	0	0	0	0	0	0	0	0	0	0	0	0	0	0	0	0	0	0	0	0	0	0	0	0	0	0	0	0	0	0	0	0.04
2	2.10	PTAR (BOMBAS PARA PTAR)																																			
3	2.10.1	PTAR																																			
4	2.10.1.1	BOMBAS PARA ESTACION ELEVADORA																																			
5	2.10.1.1.1	PTAR BOMBAS PARA ESTACION ELEVADORA	GB	0	0	0	0	0	0	0	0	0	0	0	0	0	0	0	0	0	0	0	0	0	0	0	0	0	0	0	0	0	0	0	0	0	1
2	2.11	ALMA CAFÉ																																			
3	2.11.1	RED SUMINISTRO ALMA CAFÉ																																			
4	2.11.1.1	TUBERIA Y ACCESORIOS																																			
5	2.11.1.1.1	TUBERIA PVC-RDE21 4"	ML	0	0	0	0	0	0	0	0	0	0	0	0	0	0	0	0	0	0	0	0	0	0	0	0	0	0	0	0	0	0	0	0	0	1646.4
5	2.11.1.1.2	TUBERIA PVC-RDE21 1"	ML	0	0	0	0	0	0	0	0	0	0	0	0	0	0	0	0	0	0	0	0	0	0	0	0	0	0	0	0	0	0	0	0	0	6
5	2.11.1.1.3	ACCESORIOS 4"	UND	0	0	0	0	0	0	0	0	0	0	0	0	0	0	0	0	0	0	0	0	0	0	0	0	0	0	0	0	0	0	0	0	0	548.79999999999995
5	2.11.1.1.4	ACCESORIOS 1"	UND	0	0	0	0	0	0	0	0	0	0	0	0	0	0	0	0	0	0	0	0	0	0	0	0	0	0	0	0	0	0	0	0	0	6
5	2.11.1.1.5	MACROMEDIDOR 4	UND	0	0	0	0	0	0	0	0	0	0	0	0	0	0	0	0	0	0	0	0	0	0	0	0	0	0	0	0	0	0	0	0	0	2
5	2.11.1.1.6	VALVULA 1"	UND	0	0	0	0	0	0	0	0	0	0	0	0	0	0	0	0	0	0	0	0	0	0	0	0	0	0	0	0	0	0	0	0	0	2
5	2.11.1.1.7	SUMINISTRO E INSTALACIÓN CINTA PREVENTIVA REDES	ML	0	0	0	0	0	0	0	0	0	0	0	0	0	0	0	0	0	0	0	0	0	0	0	0	0	0	0	0	0	0	0	0	0	1766.12
5	2.11.1.1.8	EMPATE A PUNTO DE CONEXIÓN (INCLUYE UNIONES DE REPARACION Y ACCESORIOS)	GB	0	0	0	0	0	0	0	0	0	0	0	0	0	0	0	0	0	0	0	0	0	0	0	0	0	0	0	0	0	0	0	0	0	1
4	2.11.1.2	MOVIMIENTO DE TIERRAS																																			
5	2.11.1.2.1	EXCAVACIÓN MANUAL, INCLUYE RETIRO INTERNO DE ESCOMBROS	M3	0	0	0	0	0	0	0	0	0	0	0	0	0	0	0	0	0	0	0	0	0	0	0	0	0	0	0	0	0	0	0	0	0	1488.5343656309601
5	2.11.1.2.2	RELLENO EN ARENA DE PEÑA	M3	0	0	0	0	0	0	0	0	0	0	0	0	0	0	0	0	0	0	0	0	0	0	0	0	0	0	0	0	0	0	0	0	0	746.76396563095602
5	2.11.1.2.3	RELLENO EN RECEBO B-200	M3	0	0	0	0	0	0	0	0	0	0	0	0	0	0	0	0	0	0	0	0	0	0	0	0	0	0	0	0	0	0	0	0	0	494.5136
4	2.11.1.3	OBRAS COMPLEMENTARIAS																																			
5	2.11.1.3.1	PLAN DE MANEJO DE TRAFICO	UND	0	0	0	0	0	0	0	0	0	0	0	0	0	0	0	0	0	0	0	0	0	0	0	0	0	0	0	0	0	0	0	0	0	1
5	2.11.1.3.2	CERRAMIENTO POLISOMBRA	M2	0	0	0	0	0	0	0	0	0	0	0	0	0	0	0	0	0	0	0	0	0	0	0	0	0	0	0	0	0	0	0	0	0	3532.24
5	2.11.1.3.3	CARCAMO	ML	0	0	0	0	0	0	0	0	0	0	0	0	0	0	0	0	0	0	0	0	0	0	0	0	0	0	0	0	0	0	0	0	0	46
5	2.11.1.3.4	REPARACIONES VIALES	M2	0	0	0	0	0	0	0	0	0	0	0	0	0	0	0	0	0	0	0	0	0	0	0	0	0	0	0	0	0	0	0	0	0	1236.2840000000001
2	2.12	CASONA																																			
3	2.12.1	RESTAURACION Y AMPLIACION DE LA CASONA																																			
4	2.12.1.1	OBRAS ADICIONALES CASONA																																			
5	2.12.1.1.1	RESTAURACION Y AMPLIACION DE LA CASONA	GB	0	0	0	0	0	0	0	0	0	0	0	0	0	0	0	0	0	0	0	0	0	0	0	0	0	0	0	0	0	0	0	0	0	1
2	2.13	(LOCAL MUÑA) OBRAS PIPEJACKING PATIO PORTAL																																			
3	2.13.1	OBRAS PIPEJACKING PATIO PORTAL																																			
4	2.13.1.1	PIPEJACKING																																			
5	2.13.1.1.1	PIPEJACKING	ML	0	0	0	0	0	0	0	0	0	0	0	0	0	0	0	0	0	0	0	0	0	0	0	0	0	0	0	0	0	0	0	0	0	450
2	2.14	CONSTRUCCION PTAR																																			
3	2.14.1	PTAR																																			
4	2.14.1.1	FASES DE CONSTRUCCION (2025-2029)																																			
5	2.14.1.1.1	PTAR FASE III (2025)	GB	1	0	0	0	0	0	0	0	0	0	0	0	0	0	0	0	0	0	0	0	0	0	0	0	0	0	0	0	0	0	0	0	0	0
5	2.14.1.1.2	PTAR FASE IV (2027)	GB	1	0	0	0	0	0	0	0	0	0	0	0	0	0	0	0	0	0	0	0	0	0	0	0	0	0	0	0	0	0	0	0	0	0
5	2.14.1.1.3	PTAR FASE V (2029)	GB	1	0	0	0	0	0	0	0	0	0	0	0	0	0	0	0	0	0	0	0	0	0	0	0	0	0	0	0	0	0	0	0	0	0
1	3	PTAR (ADMINISTRACION - OPERACION)																																			
2	3.1	OPERACIÓN PTAR (AGOSTO 2023 - AGOSTO 2029)																																			
3	3.1.1	OPERACION ANUAL																																			
4	3.1.1.1	OPERACION ANUAL																																			
5	3.1.1.1.1	OPERACIÓN PTAR (AGOSTO 2023 - AGOSTO 2024)	AÑO	0	0	0	0	0	0	0	0	0	0	0	0	0	0	0	0	0	0	0	0	0	0	0	0	0	0	0	0	0	0	0	0	0	1
5	3.1.1.1.2	OPERACIÓN PTAR (AGOSTO 2024 - AGOSTO 2025)	AÑO	0	0	0	0	0	0	0	0	0	0	0	0	0	0	0	0	0	0	0	0	0	0	0	0	0	0	0	0	0	0	0	0	0	1
5	3.1.1.1.3	OPERACIÓN PTAR (AGOSTO 2025 - AGOSTO 2026)	AÑO	0	0	0	0	0	0	0	0	0	0	0	0	0	0	0	0	0	0	0	0	0	0	0	0	0	0	0	0	0	0	0	0	0	1
5	3.1.1.1.4	OPERACIÓN PTAR (AGOSTO 2026 - AGOSTO 2027)	AÑO	0	0	0	0	0	0	0	0	0	0	0	0	0	0	0	0	0	0	0	0	0	0	0	0	0	0	0	0	0	0	0	0	0	1
5	3.1.1.1.5	OPERACIÓN PTAR (AGOSTO 2027 - AGOSTO 2028)	AÑO	0	0	0	0	0	0	0	0	0	0	0	0	0	0	0	0	0	0	0	0	0	0	0	0	0	0	0	0	0	0	0	0	0	1
5	3.1.1.1.6	OPERACIÓN PTAR (AGOSTO 2028 - AGOSTO 2029)	AÑO	0	0	0	0	0	0	0	0	0	0	0	0	0	0	0	0	0	0	0	0	0	0	0	0	0	0	0	0	0	0	0	0	0	1
1	4	HUMEDALES (EL VINCULO - COLA DE TIERRA BLANCA)																																			
2	4.1	MANTENIMIENTO HUMEDAL (2023 - 2030)																																			
3	4.1.1	MANTENIMIENTO HUMEDAL (2024)																																			
4	4.1.1.1	MANTENIMIENTO HUMEDAL (2024)																																			
5	4.1.1.1.1	LIMPIEZA PERIODICA	GL	0	0	0	0	0	0	0	0	0	0	0	0	0	0	0	0	0	0	0	0	0	0	0	0	0	0	0	0	0	0	0	0	0	1
5	4.1.1.1.2	SEGUIMIENTO Y MONITORIEO	GL	0	0	0	0	0	0	0	0	0	0	0	0	0	0	0	0	0	0	0	0	0	0	0	0	0	0	0	0	0	0	0	0	0	1
5	4.1.1.1.3	PROGRAMA DE EDUCACION AMBIENTAL	GL	0	0	0	0	0	0	0	0	0	0	0	0	0	0	0	0	0	0	0	0	0	0	0	0	0	0	0	0	0	0	0	0	0	1
5	4.1.1.1.4	LIMPIEZA DE LODOS	GL	0	0	0	0	0	0	0	0	0	0	0	0	0	0	0	0	0	0	0	0	0	0	0	0	0	0	0	0	0	0	0	0	0	1
3	4.1.2	MANTENIMIENTO HUMEDAL (2025)																																			
4	4.1.2.1	MANTENIMIENTO HUMEDAL (2025)																																			
5	4.1.2.1.1	LIMPIEZA PERIODICA	GL	0	0	0	0	0	0	0	0	0	0	0	0	0	0	0	0	0	0	0	0	0	0	0	0	0	0	0	0	0	0	0	0	0	1
5	4.1.2.1.2	SEGUIMIENTO Y MONITORIEO	GL	0	0	0	0	0	0	0	0	0	0	0	0	0	0	0	0	0	0	0	0	0	0	0	0	0	0	0	0	0	0	0	0	0	1
5	4.1.2.1.3	PROGRAMA DE EDUCACION AMBIENTAL	GL	0	0	0	0	0	0	0	0	0	0	0	0	0	0	0	0	0	0	0	0	0	0	0	0	0	0	0	0	0	0	0	0	0	1
5	4.1.2.1.4	LIMPIEZA DE LODOS	GL	0	0	0	0	0	0	0	0	0	0	0	0	0	0	0	0	0	0	0	0	0	0	0	0	0	0	0	0	0	0	0	0	0	1
3	4.1.3	MANTENIMIENTO HUMEDAL (2026)																																			
4	4.1.3.1	MANTENIMIENTO HUMEDAL (2026)																																			
5	4.1.3.1.1	LIMPIEZA PERIODICA	GL	0	0	0	0	0	0	0	0	0	0	0	0	0	0	0	0	0	0	0	0	0	0	0	0	0	0	0	0	0	0	0	0	0	1
5	4.1.3.1.2	SEGUIMIENTO Y MONITORIEO	GL	0	0	0	0	0	0	0	0	0	0	0	0	0	0	0	0	0	0	0	0	0	0	0	0	0	0	0	0	0	0	0	0	0	1
5	4.1.3.1.3	PROGRAMA DE EDUCACION AMBIENTAL	GL	0	0	0	0	0	0	0	0	0	0	0	0	0	0	0	0	0	0	0	0	0	0	0	0	0	0	0	0	0	0	0	0	0	1
5	4.1.3.1.4	LIMPIEZA DE LODOS	GL	0	0	0	0	0	0	0	0	0	0	0	0	0	0	0	0	0	0	0	0	0	0	0	0	0	0	0	0	0	0	0	0	0	1
3	4.1.4	MANTENIMIENTO HUMEDAL (2027)																																			
4	4.1.4.1	MANTENIMIENTO HUMEDAL (2027)																																			
5	4.1.4.1.1	LIMPIEZA PERIODICA	GL	0	0	0	0	0	0	0	0	0	0	0	0	0	0	0	0	0	0	0	0	0	0	0	0	0	0	0	0	0	0	0	0	0	1
5	4.1.4.1.2	SEGUIMIENTO Y MONITORIEO	GL	0	0	0	0	0	0	0	0	0	0	0	0	0	0	0	0	0	0	0	0	0	0	0	0	0	0	0	0	0	0	0	0	0	1
5	4.1.4.1.3	PROGRAMA DE EDUCACION AMBIENTAL	GL	0	0	0	0	0	0	0	0	0	0	0	0	0	0	0	0	0	0	0	0	0	0	0	0	0	0	0	0	0	0	0	0	0	1
5	4.1.4.1.4	LIMPIEZA DE LODOS	GL	0	0	0	0	0	0	0	0	0	0	0	0	0	0	0	0	0	0	0	0	0	0	0	0	0	0	0	0	0	0	0	0	0	1
3	4.1.5	MANTENIMIENTO HUMEDAL (2028)																																			
4	4.1.5.1	MANTENIMIENTO HUMEDAL (2028)																																			
5	4.1.5.1.1	LIMPIEZA PERIODICA	GL	0	0	0	0	0	0	0	0	0	0	0	0	0	0	0	0	0	0	0	0	0	0	0	0	0	0	0	0	0	0	0	0	0	1
5	4.1.5.1.2	SEGUIMIENTO Y MONITORIEO	GL	0	0	0	0	0	0	0	0	0	0	0	0	0	0	0	0	0	0	0	0	0	0	0	0	0	0	0	0	0	0	0	0	0	1
5	4.1.5.1.3	PROGRAMA DE EDUCACION AMBIENTAL	GL	0	0	0	0	0	0	0	0	0	0	0	0	0	0	0	0	0	0	0	0	0	0	0	0	0	0	0	0	0	0	0	0	0	1
5	4.1.5.1.4	LIMPIEZA DE LODOS	GL	0	0	0	0	0	0	0	0	0	0	0	0	0	0	0	0	0	0	0	0	0	0	0	0	0	0	0	0	0	0	0	0	0	1
3	4.1.6	MANTENIMIENTO HUMEDAL (2029)																																			
4	4.1.6.1	MANTENIMIENTO HUMEDAL (2029)																																			
5	4.1.6.1.1	LIMPIEZA PERIODICA	GL	0	0	0	0	0	0	0	0	0	0	0	0	0	0	0	0	0	0	0	0	0	0	0	0	0	0	0	0	0	0	0	0	0	1
5	4.1.6.1.2	SEGUIMIENTO Y MONITORIEO	GL	0	0	0	0	0	0	0	0	0	0	0	0	0	0	0	0	0	0	0	0	0	0	0	0	0	0	0	0	0	0	0	0	0	1
5	4.1.6.1.3	PROGRAMA DE EDUCACION AMBIENTAL	GL	0	0	0	0	0	0	0	0	0	0	0	0	0	0	0	0	0	0	0	0	0	0	0	0	0	0	0	0	0	0	0	0	0	1
5	4.1.6.1.4	LIMPIEZA DE LODOS	GL	0	0	0	0	0	0	0	0	0	0	0	0	0	0	0	0	0	0	0	0	0	0	0	0	0	0	0	0	0	0	0	0	0	1
3	4.1.7	MANTENIMIENTO HUMEDAL (2030)																																			
4	4.1.7.1	MANTENIMIENTO HUMEDAL (2030)																																			
5	4.1.7.1.1	LIMPIEZA PERIODICA	GL	0	0	0	0	0	0	0	0	0	0	0	0	0	0	0	0	0	0	0	0	0	0	0	0	0	0	0	0	0	0	0	0	0	1
5	4.1.7.1.2	SEGUIMIENTO Y MONITORIEO	GL	0	0	0	0	0	0	0	0	0	0	0	0	0	0	0	0	0	0	0	0	0	0	0	0	0	0	0	0	0	0	0	0	0	1
5	4.1.7.1.3	PROGRAMA DE EDUCACION AMBIENTAL	GL	0	0	0	0	0	0	0	0	0	0	0	0	0	0	0	0	0	0	0	0	0	0	0	0	0	0	0	0	0	0	0	0	0	1
5	4.1.7.1.4	LIMPIEZA DE LODOS	GL	0	0	0	0	0	0	0	0	0	0	0	0	0	0	0	0	0	0	0	0	0	0	0	0	0	0	0	0	0	0	0	0	0	1
2	4.2	VALLAS INFORMATIVAS HUMEDAL																																			
3	4.2.1	VALLAS INFORMATIVAS HUMEDAL																																			
4	4.2.1.1	VALLAS INFORMATIVAS HUMEDAL																																			
5	4.2.1.1.1	VALLAS INFORMATIVAS HUMEDAL	AÑO	0	0	0	0	0	0	0	0	0	0	0	0	0	0	0	0	0	0	0	0	0	0	0	0	0	0	0	0	0	0	0	0	0	1
1	5	INDIRECTOS																																			
2	5.1	PLAN DE GESTION URBANA (PGU) ETAPAS																																			
3	5.1.1	PGU - (ACT POR EJECUTAR ET 1 a 9)																																			
4	5.1.1.1	PGU - (ACT POR EJECUTAR ET 1 a 9)																																			
5	5.1.1.1.1	PLAN DE GESTION URBANA (PGU) ETAPA 01	%	2E-3	0	0	0	0	0	0	0	0	0	0	0	0	0	0	0	0	0	0	0	0	0	0	0	0	0	0	0	0	0	0	0	0	0
5	5.1.1.1.2	PLAN DE GESTION URBANA (PGU) ETAPA 02	%	0	2E-3	0	0	0	0	0	0	0	0	0	0	0	0	0	0	0	0	0	0	0	0	0	0	0	0	0	0	0	0	0	0	0	0
5	5.1.1.1.3	PLAN DE GESTION URBANA (PGU) ETAPA 03	%	0	0	2E-3	0	0	0	0	0	0	0	0	0	0	0	0	0	0	0	0	0	0	0	0	0	0	0	0	0	0	0	0	0	0	0
5	5.1.1.1.4	PLAN DE GESTION URBANA (PGU) ETAPA 04	%	0	0	0	0	0	2E-3	0	0	0	0	0	0	0	0	0	0	0	0	0	0	0	0	0	0	0	0	0	0	0	0	0	0	0	0
5	5.1.1.1.5	PLAN DE GESTION URBANA (PGU) ETAPA 05	%	0	0	0	0	0	0	0	0	0	0	0	0	2E-3	0	0	0	0	0	0	0	0	0	0	0	0	0	0	0	0	0	0	0	0	0
5	5.1.1.1.6	PLAN DE GESTION URBANA (PGU) ETAPA 07	%	0	0	0	0	0	0	0	0	0	0	0	0	0	0	0	0	0	0	0	0	0	2E-3	0	0	0	0	0	0	0	0	0	0	0	0
5	5.1.1.1.7	PLAN DE GESTION URBANA (PGU) ETAPA 08	%	0	0	0	0	0	0	0	0	0	0	0	0	0	0	0	0	0	0	0	0	0	0	2E-3	0	0	0	0	0	0	0	0	0	0	0
5	5.1.1.1.8	PLAN DE GESTION URBANA (PGU) ETAPA 09	%	0	0	0	0	0	0	0	0	0	0	0	0	0	0	0	0	0	0	0	0	0	0	0	0	0	0	0	2E-3	0	0	0	0	0	0
2	5.2	COSTOS GESTION AMBIENTAL (CAR)																																			
3	5.2.1	CAR - (ACTIVIDADES POR EJECUTAR)																																			
4	5.2.1.1	CAR - (ACTIVIDADES POR EJECUTAR)																																			
5	5.2.1.1.1	COSTOS GESTION AMBIENTAL (CAR) ETAPA 01	%	7.4999999999999997E-3	0	0	0	0	0	0	0	0	0	0	0	0	0	0	0	0	0	0	0	0	0	0	0	0	0	0	0	0	0	0	0	0	0
5	5.2.1.1.2	COSTOS GESTION AMBIENTAL (CAR) ETAPA 02	%	0	7.4999999999999997E-3	0	0	0	0	0	0	0	0	0	0	0	0	0	0	0	0	0	0	0	0	0	0	0	0	0	0	0	0	0	0	0	0
5	5.2.1.1.3	COSTOS GESTION AMBIENTAL (CAR) ETAPA 03	%	0	0	7.4999999999999997E-3	0	0	0	0	0	0	0	0	0	0	0	0	0	0	0	0	0	0	0	0	0	0	0	0	0	0	0	0	0	0	0
5	5.2.1.1.4	COSTOS GESTION AMBIENTAL (CAR) ETAPA 04	%	0	0	0	0	0	7.4999999999999997E-3	0	0	0	0	0	0	0	0	0	0	0	0	0	0	0	0	0	0	0	0	0	0	0	0	0	0	0	0
5	5.2.1.1.5	COSTOS GESTION AMBIENTAL (CAR) ETAPA 05	%	0	0	0	0	0	0	0	0	0	0	0	0	7.4999999999999997E-3	0	0	0	0	0	0	0	0	0	0	0	0	0	0	0	0	0	0	0	0	0
5	5.2.1.1.6	COSTOS GESTION AMBIENTAL (CAR) ETAPA 07	%	0	0	0	0	0	0	0	0	0	0	0	0	0	0	0	0	0	0	0	0	0	7.4999999999999997E-3	0	0	0	0	0	0	0	0	0	0	0	0
5	5.2.1.1.7	COSTOS GESTION AMBIENTAL (CAR) ETAPA 08	%	0	0	0	0	0	0	0	0	0	0	0	0	0	0	0	0	0	0	0	0	0	0	7.4999999999999997E-3	0	0	0	0	0	0	0	0	0	0	0
5	5.2.1.1.8	COSTOS GESTION AMBIENTAL (CAR) ETAPA 09	%	0	0	0	0	0	0	0	0	0	0	0	0	0	0	0	0	0	0	0	0	0	0	0	0	0	0	0	7.4999999999999997E-3	0	0	0	0	0	0
5	5.2.1.1.9	COSTOS GESTION AMBIENTAL (CAR) GENERAL	%	0	0	0	0	0	0	0	0	0	0	0	0	0	0	0	0	0	0	0	0	0	0	0	0	0	0	0	0	0	0	0	0	0	7.4999999999999997E-3
2	5.3	COSTOS VIGILANCIA (PTAR + HUMEDALES + URBANISMO + CAMPAMENTO)																																			
3	5.3.1	VIGILACIA AÑO 2021 - 2032																																			
4	5.3.1.1	VIGILACIA AÑO 2021 - 2032																																			
5	5.3.1.1.1	VIGILACIA AÑO 2024	AÑO	0	0	0	0	0	0	0	0	0	0	0	0	0	0	0	0	0	0	0	0	0	0	0	0	0	0	0	0	0	0	0	0	0	36
5	5.3.1.1.2	VIGILACIA AÑO 2025	AÑO	0	0	0	0	0	0	0	0	0	0	0	0	0	0	0	0	0	0	0	0	0	0	0	0	0	0	0	0	0	0	0	0	0	48
5	5.3.1.1.3	VIGILACIA AÑO 2026	AÑO	0	0	0	0	0	0	0	0	0	0	0	0	0	0	0	0	0	0	0	0	0	0	0	0	0	0	0	0	0	0	0	0	0	48
5	5.3.1.1.4	VIGILACIA AÑO 2027	AÑO	0	0	0	0	0	0	0	0	0	0	0	0	0	0	0	0	0	0	0	0	0	0	0	0	0	0	0	0	0	0	0	0	0	48
5	5.3.1.1.5	VIGILACIA AÑO 2028	AÑO	0	0	0	0	0	0	0	0	0	0	0	0	0	0	0	0	0	0	0	0	0	0	0	0	0	0	0	0	0	0	0	0	0	36
5	5.3.1.1.6	VIGILACIA AÑO 2029	AÑO	0	0	0	0	0	0	0	0	0	0	0	0	0	0	0	0	0	0	0	0	0	0	0	0	0	0	0	0	0	0	0	0	0	36
5	5.3.1.1.7	VIGILACIA AÑO 2030	AÑO	0	0	0	0	0	0	0	0	0	0	0	0	0	0	0	0	0	0	0	0	0	0	0	0	0	0	0	0	0	0	0	0	0	36
5	5.3.1.1.8	VIGILACIA AÑO 2031	AÑO	0	0	0	0	0	0	0	0	0	0	0	0	0	0	0	0	0	0	0	0	0	0	0	0	0	0	0	0	0	0	0	0	0	24
5	5.3.1.1.9	VIGILACIA AÑO 2032	AÑO	0	0	0	0	0	0	0	0	0	0	0	0	0	0	0	0	0	0	0	0	0	0	0	0	0	0	0	0	0	0	0	0	0	24
2	5.4	COSTOS PLAN DE MANEJO DE TRAFICO (PMT)																																			
3	5.4.1	PMT (ACT POR EJECUTAR ET 1 a 9)																																			
4	5.4.1.1	PMT (ACT POR EJECUTAR ET 1 a 9)																																			
5	5.4.1.1.1	PMT - ETAPA 01	%	5.0000000000000001E-3	0	0	0	0	0	0	0	0	0	0	0	0	0	0	0	0	0	0	0	0	0	0	0	0	0	0	0	0	0	0	0	0	0
5	5.4.1.1.2	PMT - ETAPA 02	%	0	5.0000000000000001E-3	0	0	0	0	0	0	0	0	0	0	0	0	0	0	0	0	0	0	0	0	0	0	0	0	0	0	0	0	0	0	0	0
5	5.4.1.1.3	PMT - ETAPA 03	%	0	0	5.0000000000000001E-3	0	0	0	0	0	0	0	0	0	0	0	0	0	0	0	0	0	0	0	0	0	0	0	0	0	0	0	0	0	0	0
5	5.4.1.1.4	PMT - ETAPA 04	%	0	0	0	0	0	5.0000000000000001E-3	0	0	0	0	0	0	0	0	0	0	0	0	0	0	0	0	0	0	0	0	0	0	0	0	0	0	0	0
5	5.4.1.1.5	PMT - ETAPA 05	%	0	0	0	0	0	0	0	0	0	0	0	0	5.0000000000000001E-3	0	0	0	0	0	0	0	0	0	0	0	0	0	0	0	0	0	0	0	0	0
5	5.4.1.1.6	PMT - ETAPA 07	%	0	0	0	0	0	0	0	0	0	0	0	0	0	0	0	0	0	0	0	0	0	5.0000000000000001E-3	0	0	0	0	0	0	0	0	0	0	0	0
5	5.4.1.1.7	PMT - ETAPA 08	%	0	0	0	0	0	0	0	0	0	0	0	0	0	0	0	0	0	0	0	0	0	0	5.0000000000000001E-3	0	0	0	0	0	0	0	0	0	0	0
5	5.4.1.1.8	PMT - ETAPA 09	%	0	0	0	0	0	0	0	0	0	0	0	0	0	0	0	0	0	0	0	0	0	0	0	0	0	0	0	5.0000000000000001E-3	0	0	0	0	0	0
2	5.5	INTERVENTORIA Y ADMINISTRACIÓN DELEGADA OBRAS POR EJECUTAR																																			
3	5.5.1	ADMIN DELEGAD + HONORARIOS Y REEMBOLSABLES (DEL POR EJECUTAR)																																			
4	5.5.1.1	ADMIN DELEGAD + HONORARIOS Y REEMBOLSABLES (DEL POR EJECUTAR)																																			
5	5.5.1.1.1	ADMIN DELEGAD + HON + REEMB ETAPA 01	%	0.05	0	0	0	0	0	0	0	0	0	0	0	0	0	0	0	0	0	0	0	0	0	0	0	0	0	0	0	0	0	0	0	0	0
5	5.5.1.1.2	ADMIN DELEGAD + HON + REEMB ETAPA 02	%	0	0.05	0	0	0	0	0	0	0	0	0	0	0	0	0	0	0	0	0	0	0	0	0	0	0	0	0	0	0	0	0	0	0	0
5	5.5.1.1.3	ADMIN DELEGAD + HON + REEMB ETAPA 03	%	0	0	0.05	0	0	0	0	0	0	0	0	0	0	0	0	0	0	0	0	0	0	0	0	0	0	0	0	0	0	0	0	0	0	0
5	5.5.1.1.4	ADMIN DELEGAD + HON + REEMB ETAPA 04	%	0	0	0	0	0	0.05	0	0	0	0	0	0	0	0	0	0	0	0	0	0	0	0	0	0	0	0	0	0	0	0	0	0	0	0
5	5.5.1.1.5	ADMIN DELEGAD + HON + REEMB ETAPA 05	%	0	0	0	0	0	0	0	0	0	0	0	0	0.05	0	0	0	0	0	0	0	0	0	0	0	0	0	0	0	0	0	0	0	0	0
5	5.5.1.1.6	ADMIN DELEGAD + HON + REEMB ETAPA 07	%	0	0	0	0	0	0	0	0	0	0	0	0	0	0	0	0	0	0	0	0	0	0.05	0	0	0	0	0	0	0	0	0	0	0	0
5	5.5.1.1.7	ADMIN DELEGAD + HON + REEMB ETAPA 08	%	0	0	0	0	0	0	0	0	0	0	0	0	0	0	0	0	0	0	0	0	0	0	0.05	0	0	0	0	0	0	0	0	0	0	0
5	5.5.1.1.8	ADMIN DELEGAD + HON + REEMB ETAPA 09	%	0	0	0	0	0	0	0	0	0	0	0	0	0	0	0	0	0	0	0	0	0	0	0	0	0	0	0	0.05	0	0	0	0	0	0
5	5.5.1.1.9	ADMIN DELEGAD + HON + REEMB GENERAL	%	0	0	0	0	0	0	0	0	0	0	0	0	0	0	0	0	0	0	0	0	0	0	0	0	0	0	0	0	0	0	0	0	0	0.05
3	5.5.2	INTERVENTORIA + HONORARIOS Y REEMBOLSABLES (DEL POR EJECUTAR)																																			
4	5.5.2.1	INTERVENTORIA + HONORARIOS Y REEMBOLSABLES (DEL POR EJECUTAR)																																			
5	5.5.2.1.1	INTERVENTORIA + HON + REEMB ETAPA 01	%	3.5000000000000003E-2	0	0	0	0	0	0	0	0	0	0	0	0	0	0	0	0	0	0	0	0	0	0	0	0	0	0	0	0	0	0	0	0	0
5	5.5.2.1.2	INTERVENTORIA + HON + REEMB ETAPA 02	%	0	3.5000000000000003E-2	0	0	0	0	0	0	0	0	0	0	0	0	0	0	0	0	0	0	0	0	0	0	0	0	0	0	0	0	0	0	0	0
5	5.5.2.1.3	INTERVENTORIA + HON + REEMB ETAPA 03	%	0	0	3.5000000000000003E-2	0	0	0	0	0	0	0	0	0	0	0	0	0	0	0	0	0	0	0	0	0	0	0	0	0	0	0	0	0	0	0
5	5.5.2.1.4	INTERVENTORIA + HON + REEMB ETAPA 04	%	0	0	0	0	0	3.5000000000000003E-2	0	0	0	0	0	0	0	0	0	0	0	0	0	0	0	0	0	0	0	0	0	0	0	0	0	0	0	0
5	5.5.2.1.5	INTERVENTORIA + HON + REEMB ETAPA 05	%	0	0	0	0	0	0	0	0	0	0	0	0	3.5000000000000003E-2	0	0	0	0	0	0	0	0	0	0	0	0	0	0	0	0	0	0	0	0	0
5	5.5.2.1.6	INTERVENTORIA + HON + REEMB ETAPA 07	%	0	0	0	0	0	0	0	0	0	0	0	0	0	0	0	0	0	0	0	0	0	3.5000000000000003E-2	0	0	0	0	0	0	0	0	0	0	0	0
5	5.5.2.1.7	INTERVENTORIA + HON + REEMB ETAPA 08	%	0	0	0	0	0	0	0	0	0	0	0	0	0	0	0	0	0	0	0	0	0	0	3.5000000000000003E-2	0	0	0	0	0	0	0	0	0	0	0
5	5.5.2.1.8	INTERVENTORIA + HON + REEMB ETAPA 09	%	0	0	0	0	0	0	0	0	0	0	0	0	0	0	0	0	0	0	0	0	0	0	0	0	0	0	0	3.5000000000000003E-2	0	0	0	0	0	0
5	5.5.2.1.9	INTERVENTORIA + HON + REEMB GENERAL	%	0	0	0	0	0	0	0	0	0	0	0	0	0	0	0	0	0	0	0	0	0	0	0	0	0	0	0	0	0	0	0	0	0	3.5000000000000003E-2
2	5.6	ESTUDIOS Y DISEÑOS																																			
3	5.6.1	ESTUDIOS Y DISEÑOS (ACTIVIDADES POR EJECUTAR)																																			
4	5.6.1.1	ESTUDIOS Y DISEÑOS (ACTIVIDADES POR EJECUTAR)																																			
5	5.6.1.1.1	ESTUDIOS Y DISEÑOS ETAPA 01	%	0.01	0	0	0	0	0	0	0	0	0	0	0	0	0	0	0	0	0	0	0	0	0	0	0	0	0	0	0	0	0	0	0	0	0
5	5.6.1.1.2	ESTUDIOS Y DISEÑOS ETAPA 02	%	0	0.01	0	0	0	0	0	0	0	0	0	0	0	0	0	0	0	0	0	0	0	0	0	0	0	0	0	0	0	0	0	0	0	0
5	5.6.1.1.3	ESTUDIOS Y DISEÑOS ETAPA 03	%	0	0	0.01	0	0	0	0	0	0	0	0	0	0	0	0	0	0	0	0	0	0	0	0	0	0	0	0	0	0	0	0	0	0	0
5	5.6.1.1.4	ESTUDIOS Y DISEÑOS ETAPA 04	%	0	0	0	0	0	0.01	0	0	0	0	0	0	0	0	0	0	0	0	0	0	0	0	0	0	0	0	0	0	0	0	0	0	0	0
5	5.6.1.1.5	ESTUDIOS Y DISEÑOS ETAPA 05	%	0	0	0	0	0	0	0	0	0	0	0	0	0.01	0	0	0	0	0	0	0	0	0	0	0	0	0	0	0	0	0	0	0	0	0
5	5.6.1.1.6	ESTUDIOS Y DISEÑOS ETAPA 07	%	0	0	0	0	0	0	0	0	0	0	0	0	0	0	0	0	0	0	0	0	0	0.01	0	0	0	0	0	0	0	0	0	0	0	0
5	5.6.1.1.7	ESTUDIOS Y DISEÑOS ETAPA 08	%	0	0	0	0	0	0	0	0	0	0	0	0	0	0	0	0	0	0	0	0	0	0	0.01	0	0	0	0	0	0	0	0	0	0	0
5	5.6.1.1.8	ESTUDIOS Y DISEÑOS ETAPA 09	%	0	0	0	0	0	0	0	0	0	0	0	0	0	0	0	0	0	0	0	0	0	0	0	0	0	0	0	0.01	0	0	0	0	0	0
5	5.6.1.1.9	ESTUDIOS Y DISEÑOS GENERAL	%	0	0	0	0	0	0	0	0	0	0	0	0	0	0	0	0	0	0	0	0	0	0	0	0	0	0	0	0	0	0	0	0	0	0.01
1	6	INCREMENTOS (INDEXACION)																																			
2	6.1	INDEXACION POR EJECUTAR																																			
3	6.1.1	INDEXACION AÑO 2023																																			
4	6.1.1.1	INDEXACION AÑO 2023																																			
5	6.1.1.1.1	INDEXACION POR EJECUTAR AÑO 2023 (GENERAL)	GL	0	0	0	0	0	0	0	0	0	0	0	0	0	0	0	0	0	0	0	0	0	0	0	0	0	0	0	0	0	0	0	0	0	1
5	6.1.1.1.2	INDEXACION POR EJECUTAR AÑO 2023 (ETAPA 01)	GL	1	0	0	0	0	0	0	0	0	0	0	0	0	0	0	0	0	0	0	0	0	0	0	0	0	0	0	0	0	0	0	0	0	0
5	6.1.1.1.3	INDEXACION POR EJECUTAR AÑO 2023 (ETAPA 02)	GL	0	1	0	0	0	0	0	0	0	0	0	0	0	0	0	0	0	0	0	0	0	0	0	0	0	0	0	0	0	0	0	0	0	0
5	6.1.1.1.4	INDEXACION POR EJECUTAR AÑO 2023 (ETAPA 03)	GL	0	0	1	0	0	0	0	0	0	0	0	0	0	0	0	0	0	0	0	0	0	0	0	0	0	0	0	0	0	0	0	0	0	0
5	6.1.1.1.5	INDEXACION POR EJECUTAR AÑO 2023 (ETAPA 07)	GL	0	0	0	0	0	0	0	0	0	0	0	0	0	0	0	0	0	0	0	0	0	1	0	0	0	0	0	0	0	0	0	0	0	0
3	6.1.2	INDEXACION AÑO 2024																																			
4	6.1.2.1	INDEXACION AÑO 2024																																			
5	6.1.2.1.1	INDEXACION POR EJECUTAR AÑO 2024 (GENERAL)	GL	0	0	0	0	0	0	0	0	0	0	0	0	0	0	0	0	0	0	0	0	0	0	0	0	0	0	0	0	0	0	0	0	0	1
5	6.1.2.1.2	INDEXACION POR EJECUTAR AÑO 2024 (ETAPA 01)	GL	1	0	0	0	0	0	0	0	0	0	0	0	0	0	0	0	0	0	0	0	0	0	0	0	0	0	0	0	0	0	0	0	0	0
5	6.1.2.1.3	INDEXACION POR EJECUTAR AÑO 2024 (ETAPA 02)	GL	0	1	0	0	0	0	0	0	0	0	0	0	0	0	0	0	0	0	0	0	0	0	0	0	0	0	0	0	0	0	0	0	0	0
5	6.1.2.1.4	INDEXACION POR EJECUTAR AÑO 2024 (ETAPA 03)	GL	0	0	1	0	0	0	0	0	0	0	0	0	0	0	0	0	0	0	0	0	0	0	0	0	0	0	0	0	0	0	0	0	0	0
5	6.1.2.1.5	INDEXACION POR EJECUTAR AÑO 2024 (ETAPA 04)	GL	0	0	0	0	0	1	0	0	0	0	0	0	0	0	0	0	0	0	0	0	0	0	0	0	0	0	0	0	0	0	0	0	0	0
5	6.1.2.1.6	INDEXACION POR EJECUTAR AÑO 2024 (ETAPA 05)	GL	0	0	0	0	0	0	0	0	0	0	0	0	1	0	0	0	0	0	0	0	0	0	0	0	0	0	0	0	0	0	0	0	0	0
5	6.1.2.1.7	INDEXACION POR EJECUTAR AÑO 2024 (ETAPA 07)	GL	0	0	0	0	0	0	0	0	0	0	0	0	0	0	0	0	0	0	0	0	0	1	0	0	0	0	0	0	0	0	0	0	0	0
3	6.1.3	INDEXACION AÑO 2025																																			
4	6.1.3.1	INDEXACION AÑO 2025																																			
5	6.1.3.1.1	INDEXACION POR EJECUTAR AÑO 2025 (GENERAL)	GL	0	0	0	0	0	0	0	0	0	0	0	0	0	0	0	0	0	0	0	0	0	0	0	0	0	0	0	0	0	0	0	0	0	1
5	6.1.3.1.2	INDEXACION POR EJECUTAR AÑO 2025 (ETAPA 01)	GL	1	0	0	0	0	0	0	0	0	0	0	0	0	0	0	0	0	0	0	0	0	0	0	0	0	0	0	0	0	0	0	0	0	0
5	6.1.3.1.3	INDEXACION POR EJECUTAR AÑO 2025 (ETAPA 02)	GL	0	1	0	0	0	0	0	0	0	0	0	0	0	0	0	0	0	0	0	0	0	0	0	0	0	0	0	0	0	0	0	0	0	0
5	6.1.3.1.4	INDEXACION POR EJECUTAR AÑO 2025 (ETAPA 03)	GL	0	0	1	0	0	0	0	0	0	0	0	0	0	0	0	0	0	0	0	0	0	0	0	0	0	0	0	0	0	0	0	0	0	0
5	6.1.3.1.5	INDEXACION POR EJECUTAR AÑO 2025 (ETAPA 04)	GL	0	0	0	0	0	1	0	0	0	0	0	0	0	0	0	0	0	0	0	0	0	0	0	0	0	0	0	0	0	0	0	0	0	0
5	6.1.3.1.6	INDEXACION POR EJECUTAR AÑO 2025 (ETAPA 05)	GL	0	0	0	0	0	0	0	0	0	0	0	0	1	0	0	0	0	0	0	0	0	0	0	0	0	0	0	0	0	0	0	0	0	0
5	6.1.3.1.7	INDEXACION POR EJECUTAR AÑO 2025 (ETAPA 07)	GL	0	0	0	0	0	0	0	0	0	0	0	0	0	0	0	0	0	0	0	0	0	1	0	0	0	0	0	0	0	0	0	0	0	0
3	6.1.4	INDEXACION AÑO 2026																																			
4	6.1.4.1	INDEXACION AÑO 2026																																			
5	6.1.4.1.1	INDEXACION POR EJECUTAR AÑO 2026 (GENERAL)	GL	0	0	0	0	0	0	0	0	0	0	0	0	0	0	0	0	0	0	0	0	0	0	0	0	0	0	0	0	0	0	0	0	0	1
5	6.1.4.1.2	INDEXACION POR EJECUTAR AÑO 2026 (ETAPA 03)	GL	0	0	1	0	0	0	0	0	0	0	0	0	0	0	0	0	0	0	0	0	0	0	0	0	0	0	0	0	0	0	0	0	0	0
5	6.1.4.1.3	INDEXACION POR EJECUTAR AÑO 2026 (ETAPA 04)	GL	0	0	0	0	0	1	0	0	0	0	0	0	0	0	0	0	0	0	0	0	0	0	0	0	0	0	0	0	0	0	0	0	0	0
5	6.1.4.1.4	INDEXACION POR EJECUTAR AÑO 2026 (ETAPA 05)	GL	0	0	0	0	0	0	0	0	0	0	0	0	1	0	0	0	0	0	0	0	0	0	0	0	0	0	0	0	0	0	0	0	0	0
5	6.1.4.1.5	INDEXACION POR EJECUTAR AÑO 2026 (ETAPA 07)	GL	0	0	0	0	0	0	0	0	0	0	0	0	0	0	0	0	0	0	0	0	0	1	0	0	0	0	0	0	0	0	0	0	0	0
5	6.1.4.1.6	INDEXACION POR EJECUTAR AÑO 2026 (ETAPA 08)	GL	0	0	0	0	0	0	0	0	0	0	0	0	0	0	0	0	0	0	0	0	0	0	1	0	0	0	0	0	0	0	0	0	0	0
5	6.1.4.1.7	INDEXACION POR EJECUTAR AÑO 2026 (ETAPA 09)	GL	0	0	0	0	0	0	0	0	0	0	0	0	0	0	0	0	0	0	0	0	0	0	0	0	0	0	0	1	0	0	0	0	0	0
3	6.1.5	INDEXACION AÑO 2027																																			
4	6.1.5.1	INDEXACION AÑO 2027																																			
5	6.1.5.1.1	INDEXACION POR EJECUTAR AÑO 2027 (GENERAL)	GL	0	0	0	0	0	0	0	0	0	0	0	0	0	0	0	0	0	0	0	0	0	0	0	0	0	0	0	0	0	0	0	0	0	1
5	6.1.5.1.2	INDEXACION POR EJECUTAR AÑO 2027 (ETAPA 03)	GL	0	0	1	0	0	0	0	0	0	0	0	0	0	0	0	0	0	0	0	0	0	0	0	0	0	0	0	0	0	0	0	0	0	0
5	6.1.5.1.3	INDEXACION POR EJECUTAR AÑO 2027 (ETAPA 04)	GL	0	0	0	0	0	1	0	0	0	0	0	0	0	0	0	0	0	0	0	0	0	0	0	0	0	0	0	0	0	0	0	0	0	0
5	6.1.5.1.4	INDEXACION POR EJECUTAR AÑO 2027 (ETAPA 05)	GL	0	0	0	0	0	0	0	0	0	0	0	0	1	0	0	0	0	0	0	0	0	0	0	0	0	0	0	0	0	0	0	0	0	0
5	6.1.5.1.5	INDEXACION POR EJECUTAR AÑO 2027 (ETAPA 07)	GL	0	0	0	0	0	0	0	0	0	0	0	0	0	0	0	0	0	0	0	0	0	1	0	0	0	0	0	0	0	0	0	0	0	0
5	6.1.5.1.6	INDEXACION POR EJECUTAR AÑO 2027 (ETAPA 08)	GL	0	0	0	0	0	0	0	0	0	0	0	0	0	0	0	0	0	0	0	0	0	0	1	0	0	0	0	0	0	0	0	0	0	0
5	6.1.5.1.7	INDEXACION POR EJECUTAR AÑO 2027 (ETAPA 09)	GL	0	0	0	0	0	0	0	0	0	0	0	0	0	0	0	0	0	0	0	0	0	0	0	0	0	0	0	1	0	0	0	0	0	0
3	6.1.6	INDEXACION AÑO 2028																																			
4	6.1.6.1	INDEXACION AÑO 2028																																			
5	6.1.6.1.1	INDEXACION POR EJECUTAR AÑO 2028 (GENERAL)	GL	0	0	0	0	0	0	0	0	0	0	0	0	0	0	0	0	0	0	0	0	0	0	0	0	0	0	0	0	0	0	0	0	0	1
5	6.1.6.1.2	INDEXACION POR EJECUTAR AÑO 2028 (ETAPA 04)	GL	0	0	0	0	0	1	0	0	0	0	0	0	0	0	0	0	0	0	0	0	0	0	0	0	0	0	0	0	0	0	0	0	0	0
5	6.1.6.1.3	INDEXACION POR EJECUTAR AÑO 2028 (ETAPA 05)	GL	0	0	0	0	0	0	0	0	0	0	0	0	1	0	0	0	0	0	0	0	0	0	0	0	0	0	0	0	0	0	0	0	0	0
5	6.1.6.1.4	INDEXACION POR EJECUTAR AÑO 2028 (ETAPA 07)	GL	0	0	0	0	0	0	0	0	0	0	0	0	0	0	0	0	0	0	0	0	0	1	0	0	0	0	0	0	0	0	0	0	0	0
5	6.1.6.1.5	INDEXACION POR EJECUTAR AÑO 2028 (ETAPA 08)	GL	0	0	0	0	0	0	0	0	0	0	0	0	0	0	0	0	0	0	0	0	0	0	1	0	0	0	0	0	0	0	0	0	0	0
5	6.1.6.1.6	INDEXACION POR EJECUTAR AÑO 2028 (ETAPA 09)	GL	0	0	0	0	0	0	0	0	0	0	0	0	0	0	0	0	0	0	0	0	0	0	0	0	0	0	0	1	0	0	0	0	0	0
3	6.1.7	INDEXACION AÑO 2029																																			
4	6.1.7.1	INDEXACION AÑO 2029																																			
5	6.1.7.1.1	INDEXACION POR EJECUTAR AÑO 2029 (GENERAL)	GL	0	0	0	0	0	0	0	0	0	0	0	0	0	0	0	0	0	0	0	0	0	0	0	0	0	0	0	0	0	0	0	0	0	1
5	6.1.7.1.2	INDEXACION POR EJECUTAR AÑO 2029 (ETAPA 04)	GL	0	0	0	0	0	1	0	0	0	0	0	0	0	0	0	0	0	0	0	0	0	0	0	0	0	0	0	0	0	0	0	0	0	0
5	6.1.7.1.3	INDEXACION POR EJECUTAR AÑO 2029 (ETAPA 05)	GL	0	0	0	0	0	0	0	0	0	0	0	0	1	0	0	0	0	0	0	0	0	0	0	0	0	0	0	0	0	0	0	0	0	0
5	6.1.7.1.4	INDEXACION POR EJECUTAR AÑO 2029 (ETAPA 07)	GL	0	0	0	0	0	0	0	0	0	0	0	0	0	0	0	0	0	0	0	0	0	1	0	0	0	0	0	0	0	0	0	0	0	0
5	6.1.7.1.5	INDEXACION POR EJECUTAR AÑO 2029 (ETAPA 08)	GL	0	0	0	0	0	0	0	0	0	0	0	0	0	0	0	0	0	0	0	0	0	0	1	0	0	0	0	0	0	0	0	0	0	0
5	6.1.7.1.6	INDEXACION POR EJECUTAR AÑO 2029 (ETAPA 09)	GL	0	0	0	0	0	0	0	0	0	0	0	0	0	0	0	0	0	0	0	0	0	0	0	0	0	0	0	1	0	0	0	0	0	0
3	6.1.8	INDEXACION AÑO 2030																																			
4	6.1.8.1	INDEXACION AÑO 2030																																			
5	6.1.8.1.1	INDEXACION POR EJECUTAR AÑO 2030 (GENERAL)	GL	0	0	0	0	0	0	0	0	0	0	0	0	0	0	0	0	0	0	0	0	0	0	0	0	0	0	0	0	0	0	0	0	0	1
5	6.1.8.1.2	INDEXACION POR EJECUTAR AÑO 2030 (ETAPA 04)	GL	0	0	0	0	0	1	0	0	0	0	0	0	0	0	0	0	0	0	0	0	0	0	0	0	0	0	0	0	0	0	0	0	0	0
5	6.1.8.1.3	INDEXACION POR EJECUTAR AÑO 2030 (ETAPA 05)	GL	0	0	0	0	0	0	0	0	0	0	0	0	1	0	0	0	0	0	0	0	0	0	0	0	0	0	0	0	0	0	0	0	0	0
5	6.1.8.1.4	INDEXACION POR EJECUTAR AÑO 2030 (ETAPA 07)	GL	0	0	0	0	0	0	0	0	0	0	0	0	0	0	0	0	0	0	0	0	0	1	0	0	0	0	0	0	0	0	0	0	0	0
5	6.1.8.1.5	INDEXACION POR EJECUTAR AÑO 2030 (ETAPA 08)	GL	0	0	0	0	0	0	0	0	0	0	0	0	0	0	0	0	0	0	0	0	0	0	1	0	0	0	0	0	0	0	0	0	0	0
5	6.1.8.1.6	INDEXACION POR EJECUTAR AÑO 2030 (ETAPA 09)	GL	0	0	0	0	0	0	0	0	0	0	0	0	0	0	0	0	0	0	0	0	0	0	0	0	0	0	0	1	0	0	0	0	0	0
