CLASE	NOMBRE_O_TEXTO	X	Y	ROT	CAPA
INSERT	LOTEO FINAL	0	0	0	REDMENOR_ACUEDPROY
INSERT	A Tee	83632.609	95024.984	0.9217	0
INSERT	A Tee	83629.85	95021.348	4.0642	0
INSERT	VCP	83541.415	95563.033	3.5885	ACUEDPROYECTO
INSERT	VRP	82934.041	95517.396	0.0005	0
INSERT	VRP	82905.561	95579.146	0.0005	0
INSERT	VCP	82636.182	95719.235	5.5767	ACUEDPROYECTO
INSERT	VCP	82883.882	95558.73	5.1289	ACUEDPROYECTO
INSERT	VCP	82827.384	95631.73	5.5112	ACUEDPROYECTO
INSERT	Valvula HIDRANTE	83442.589	95950.687	1.1876	0
INSERT	VENTOSA	83425.424	95391.344	1.982	VENTOSA-PROY
INSERT	A Tee	83425.419	95391.337	5.5914	0
INSERT	VENTOSA	83380.738	95232.073	1.982	VENTOSA-PROY
INSERT	A Tee	83380.733	95232.067	5.5914	0
INSERT	VENTOSA	82406.795	95410.546	3.5476	VENTOSA-PROY
INSERT	A Tee	82406.795	95410.546	0.8734	0
INSERT	VENTOSA	83179.912	95268.959	3.5528	VENTOSA-PROY
INSERT	A Tee	83179.918	95268.954	0.879	0
INSERT	VALVULA PROY	83077.642	95148.391	2.4533	0
INSERT	VALVULA PROY	83112.177	95433.349	4.0049	0
INSERT	VENTOSA	82961.138	95345.398	1.9768	VENTOSA-PROY
INSERT	A Tee	82961.138	95345.398	5.5858	0
INSERT	VALVULA PROY	82909.129	95378.754	5.9724	0
INSERT	VALVULA PROY	82883.119	95387.116	6.052	0
INSERT	VENTOSA	82804.088	95214.126	3.545	VENTOSA-PROY
INSERT	A Tee	82804.088	95214.126	0.8708	0
INSERT	VALVULA PROY	83504.533	95718.514	1.4804	ACUEDPROYECTO
INSERT	VENTOSA	83335.302	95536.94	2.7192	VENTOSA-PROY
INSERT	A Tee	83335.296	95536.94	0.0187	0
INSERT	VENTOSA	83345.385	95582.39	2.7192	VENTOSA-PROY
INSERT	A Tee	83345.379	95582.39	0.0187	0
INSERT	VENTOSA	83363.573	95784.819	4.0353	VENTOSA-PROY
INSERT	A Tee	83363.571	95784.813	1.3348	0
INSERT	_None	82888.126	95930.418	3.7666	NODO 1000
INSERT	_None	82877.53	95930.418	3.7666	NODO 1000
INSERT	_None	82743.611	95783.357	3.7272	NODO 1000
INSERT	VENTOSA	82981.331	95805.534	3.5553	VENTOSA-PROY
INSERT	A Tee	82981.331	95805.534	0.8812	0
INSERT	VALVULA PROY	82995.62	95815.35	4.0231	0
INSERT	VENTOSA	83098.006	95577.93	2.6849	VENTOSA-PROY
INSERT	A Tee	83098.006	95577.93	0.0108	0
INSERT	VENTOSA	83098.411	95532.456	2.6849	VENTOSA-PROY
INSERT	A Tee	83098.411	95532.456	0.0108	0
INSERT	VALVULA PROY	82893.877	95647.659	2.7722	0
INSERT	VALVULA PROY	82698.477	95743.277	3.2335	ACUEDPROYECTO
INSERT	VALVULA PROY	83342.622	95926.428	1.3154	ACUEDPROYECTO
INSERT	VALVULA PROY	83327.988	95944.435	2.2489	ACUEDPROYECTO
INSERT	VALVULA PROY	83314.116	95955.354	2.2489	ACUEDPROYECTO
INSERT	VENTOSA	83422.619	96010.699	3.2904	VENTOSA-PROY
INSERT	A Tee	83422.614	96010.696	0.5899	0
INSERT	VALVULA PROY	83420.518	95920.32	2.6331	ACUEDPROYECTO
INSERT	VALVULA PROY	83586.413	96042.74	0.0274	ACUEDPROYECTO
INSERT	VALVULA PROY	83584.117	96045.153	1.5708	ACUEDPROYECTO
INSERT	VALVULA PROY	83587.828	96239.984	1.0751	ACUEDPROYECTO
INSERT	VENTOSA	83595.355	96247.397	3.7734	VENTOSA-PROY
INSERT	A Tee	83595.353	96247.392	1.0729	0
INSERT	A Hidrante	83588.508	95705.82	3.0356	0
INSERT	Valvula HIDRANTE	83588.696	95707.7	6.1772	0
INSERT	A Hidrante	83143.233	95068.643	2.4575	0
INSERT	Valvula HIDRANTE	83144.436	95070.099	5.5991	0
INSERT	A Hidrante	83108.442	95213.764	2.4575	0
INSERT	Valvula HIDRANTE	83109.645	95215.221	5.5991	0
INSERT	A Hidrante	82893.258	95486.161	1.7048	0
INSERT	Valvula HIDRANTE	82895.128	95486.426	4.8464	0
INSERT	A Hidrante	83630.874	95012.491	4.0595	0
INSERT	Valvula HIDRANTE	83629.367	95013.629	0.9179	0
INSERT	A Hidrante	83699.125	95221.112	4.7215	0
INSERT	Valvula HIDRANTE	83697.236	95221.083	1.58	0
INSERT	A Hidrante	83623.981	95423.879	5.1749	0
INSERT	Valvula HIDRANTE	83622.296	95423.026	2.0333	0
INSERT	A Hidrante	83337.393	95588.41	0.0323	0
INSERT	Valvula HIDRANTE	83337.466	95586.523	3.1739	0
INSERT	A Hidrante	83473.047	95590.953	0.0323	0
INSERT	Valvula HIDRANTE	83473.12	95589.066	3.1739	0
INSERT	A Hidrante	83524.248	95613.239	5.1366	0
INSERT	Valvula HIDRANTE	83522.532	95612.451	1.995	0
INSERT	A Hidrante	83516.494	95799.243	1.1176	0
INSERT	Valvula HIDRANTE	83518.197	95798.427	4.2592	0
INSERT	A Hidrante	83614.799	95846.465	3.7999	0
INSERT	Valvula HIDRANTE	83613.634	95847.952	0.6583	0
INSERT	A Hidrante	83552.253	95858.795	2.6186	0
INSERT	Valvula HIDRANTE	83553.186	95860.437	5.7602	0
INSERT	A Hidrante	82957.026	95729.76	4.0059	0
INSERT	Valvula HIDRANTE	82955.582	95730.977	0.8643	0
INSERT	A Hidrante	83019.299	95806.979	4.0059	0
INSERT	Valvula HIDRANTE	83017.855	95808.196	0.8643	0
INSERT	A Hidrante	82903.276	95651.561	4.3636	0
INSERT	Valvula HIDRANTE	82901.505	95652.218	1.222	0
INSERT	A Hidrante	83476.684	95546.032	0.0323	0
INSERT	Valvula HIDRANTE	83476.757	95544.144	3.1739	0
INSERT	A Hidrante	83377.705	95543.982	0.0323	0
INSERT	Valvula HIDRANTE	83377.778	95542.094	3.1739	0
INSERT	A Hidrante	83278.698	95541.947	0.0323	0
INSERT	Valvula HIDRANTE	83278.771	95540.06	3.1739	0
INSERT	A Hidrante	83179.776	95540.009	0.0323	0
INSERT	Valvula HIDRANTE	83179.849	95538.121	3.1739	0
INSERT	A Hidrante	83083.786	95538.361	0.0323	0
INSERT	Valvula HIDRANTE	83083.859	95536.474	3.1739	0
INSERT	A Hidrante	82934.903	95535.775	0.0323	0
INSERT	Valvula HIDRANTE	82934.976	95533.888	3.1739	0
INSERT	A Hidrante	82931.17	95567.388	3.1635	0
INSERT	Valvula HIDRANTE	82931.136	95569.277	0.0179	0
INSERT	A Hidrante	82867.273	95562.763	2.0885	0
INSERT	Valvula HIDRANTE	82868.908	95563.708	5.2301	0
INSERT	A Hidrante	82805.83	95636.289	2.4597	0
INSERT	Valvula HIDRANTE	82807.011	95637.763	5.6013	0
INSERT	A Hidrante	82721.109	95679.614	2.9475	0
INSERT	Valvula HIDRANTE	82721.461	95681.47	6.0891	0
INSERT	A Hidrante	82291.473	95268.158	4.0143	0
INSERT	Valvula HIDRANTE	82290.018	95269.362	0.8727	0
INSERT	A Hidrante	82355.165	95341.926	4.0143	0
INSERT	Valvula HIDRANTE	82353.71	95343.13	0.8727	0
INSERT	A Hidrante	82418.94	95415.67	4.0143	0
INSERT	Valvula HIDRANTE	82417.485	95416.875	0.8727	0
INSERT	A Hidrante	82482.3	95490.021	4.0143	0
INSERT	Valvula HIDRANTE	82480.845	95491.226	0.8727	0
INSERT	A Hidrante	82545.038	95564.609	4.0143	0
INSERT	Valvula HIDRANTE	82543.583	95565.814	0.8727	0
INSERT	A Hidrante	82607.761	95639.284	4.0143	0
INSERT	Valvula HIDRANTE	82606.306	95640.489	0.8727	0
INSERT	A Hidrante	82670.096	95709.566	4.0143	0
INSERT	Valvula HIDRANTE	82668.642	95710.77	0.8727	0
INSERT	A Hidrante	82727.779	95782.152	4.0143	0
INSERT	Valvula HIDRANTE	82726.324	95783.357	0.8727	0
INSERT	A Hidrante	82789.932	95856.611	4.0143	0
INSERT	Valvula HIDRANTE	82788.477	95857.816	0.8727	0
INSERT	A Hidrante	83081.276	95879.604	4.0059	0
INSERT	Valvula HIDRANTE	83079.831	95880.821	0.8643	0
INSERT	A Hidrante	83591.434	96151.013	4.6822	0
INSERT	Valvula HIDRANTE	83589.545	96151.058	1.5406	0
INSERT	A Hidrante	83536.201	96206.685	1.5316	0
INSERT	Valvula HIDRANTE	83538.089	96206.623	4.6732	0
INSERT	A Hidrante	83596.188	95955.119	4.7421	0
INSERT	Valvula HIDRANTE	83594.301	95955.051	1.6006	0
INSERT	A Hidrante	83542.181	96029.156	3.1714	0
INSERT	Valvula HIDRANTE	83542.113	96031.044	0.0298	0
INSERT	A Hidrante	83449.306	95906.631	6.0283	0
INSERT	Valvula HIDRANTE	83448.841	95904.8	2.8867	0
INSERT	A Hidrante	83444.357	95950.081	4.3553	0
INSERT	A Hidrante	83335.152	95936.373	6.026	0
INSERT	Valvula HIDRANTE	83334.683	95934.544	2.8844	0
INSERT	A Hidrante	83145.805	95950.629	3.4387	0
INSERT	Valvula HIDRANTE	83145.241	95952.431	0.2971	0
INSERT	A Hidrante	83166.864	95980.005	6.026	0
INSERT	Valvula HIDRANTE	83166.395	95978.175	2.8844	0
INSERT	A Hidrante	83006.304	95992.071	2.8844	0
INSERT	Valvula HIDRANTE	83006.772	95993.9	6.026	0
INSERT	A Hidrante	82782.755	95230.359	0.8775	0
INSERT	Valvula HIDRANTE	82784.215	95229.162	4.0191	0
INSERT	A Hidrante	83617.031	95535.934	3.144	0
INSERT	Valvula HIDRANTE	83617.014	95537.823	0.0025	0
INSERT	A Hidrante	83599.055	96241.262	4.2103	0
INSERT	Valvula HIDRANTE	83597.393	96242.161	1.0687	0
INSERT	A Hidrante	82928.853	96003.629	3.6219	0
INSERT	Valvula HIDRANTE	82927.97	96005.298	0.4803	0
INSERT	A Hidrante	83593.425	96056.08	4.7421	0
INSERT	Valvula HIDRANTE	83591.537	96056.011	1.6006	0
INSERT	A Hidrante	82854.269	95929.185	4.0143	0
INSERT	Valvula HIDRANTE	82852.814	95930.389	0.8727	0
INSERT	A Hidrante	83069.967	95153.947	5.5959	0
INSERT	Valvula HIDRANTE	83068.778	95152.479	2.4543	0
INSERT	A Hidrante	83047.068	95570.98	3.1739	0
INSERT	Valvula HIDRANTE	83047.007	95572.867	0.0323	0
INSERT	A Hidrante	83190.506	95573.273	3.1739	0
INSERT	Valvula HIDRANTE	83190.433	95575.16	0.0323	0
INSERT	A Hidrante	82967.154	95222.959	1.6583	0
INSERT	Valvula HIDRANTE	82969.035	95223.136	4.7999	0
INSERT	A Hidrante	83126.561	95454.166	5.5794	0
INSERT	Valvula HIDRANTE	83125.348	95452.718	2.4378	0
INSERT	A Hidrante	83325.773	95475.164	1.7101	0
INSERT	Valvula HIDRANTE	83327.642	95475.438	4.8517	0
INSERT	A Hidrante	83451.802	95358.862	2.4396	0
INSERT	Valvula HIDRANTE	83453.012	95360.312	5.5812	0
INSERT	A Hidrante	83570.437	95260.769	2.3651	0
INSERT	Valvula HIDRANTE	83571.752	95262.125	5.5067	0
INSERT	A Hidrante	83501.983	95705.592	4.7508	0
INSERT	Valvula HIDRANTE	83500.096	95705.507	1.6092	0
INSERT	A Hidrante	83622.375	95592.376	0.0492	0
INSERT	Valvula HIDRANTE	83622.43	95591.273	3.1908	0
INSERT	A Hidrante	83569.093	95526.968	5.1749	0
INSERT	Valvula HIDRANTE	83567.408	95526.114	2.0333	0
INSERT	A Hidrante	83677.23	95322.268	5.1004	0
INSERT	Valvula HIDRANTE	83675.486	95321.542	1.9589	0
INSERT	A Hidrante	83685.443	95113.2	4.4611	0
INSERT	Valvula HIDRANTE	83683.611	95113.658	1.3195	0
INSERT	A Hidrante	83593.657	95059.372	5.5794	0
INSERT	Valvula HIDRANTE	83592.444	95057.924	2.4378	0
INSERT	A Hidrante	83484.78	95151.822	5.5794	0
INSERT	Valvula HIDRANTE	83483.567	95150.374	2.4378	0
INSERT	A Hidrante	83366.42	95254.344	5.5794	0
INSERT	Valvula HIDRANTE	83365.207	95252.896	2.4378	0
INSERT	A Hidrante	83235.258	95363.691	5.5794	0
INSERT	Valvula HIDRANTE	83234.045	95362.243	2.4378	0
INSERT	A Hidrante	83193.391	95294.617	0.8571	0
INSERT	Valvula HIDRANTE	83194.827	95293.389	3.9987	0
INSERT	A Hidrante	83010.081	95296.726	2.4575	0
INSERT	Valvula HIDRANTE	83011.284	95298.182	5.5991	0
INSERT	A Hidrante	82923.513	95397.795	4.5103	0
INSERT	Valvula HIDRANTE	82921.66	95398.162	1.3687	0
INSERT	A Hidrante	82669.072	95683.598	3.4855	0
INSERT	Valvula HIDRANTE	82668.424	95685.372	0.3439	0
INSERT	A Hidrante	82941.872	95747.997	3.9894	0
INSERT	Valvula HIDRANTE	82940.448	95749.237	0.8478	0
INSERT	A Tapon	83453.498	95991.904	2.9826	0
INSERT	A Buje	83449.046	95992.657	6.116	0
INSERT	A Tapon	83507.11	96048.181	4.7188	0
INSERT	A Buje	83507.151	96043.026	1.5803	0
INSERT	A Buje	83534.965	95820.883	5.7721	0
INSERT	A Tapon	83536.894	95819.862	2.6314	0
INSERT	A Buje	83335.678	95641.746	6.0832	0
INSERT	A Tapon	83338.564	95641.236	2.9815	0
INSERT	A Buje	83110.583	95623.402	0.1858	0
INSERT	A Tapon	83112.735	95623.834	3.3469	0
INSERT	A Buje	83279.605	95722.698	4.5173	0
INSERT	A Tapon	83279.278	95720.801	1.3969	0
INSERT	A Buje	83128.85	95725.968	5.5548	0
INSERT	A Tapon	83130.213	95724.81	2.4557	0
INSERT	A Buje	83100.094	95589.85	3.3393	0
INSERT	A Tapon	83098.54	95589.513	0.1831	0
INSERT	A Buje	83106.085	95726.9	2.4163	0
INSERT	A Tapon	83102.86	95729.622	5.623	0
INSERT	VENTOSA	83532.02	95817.564	0.6858	VENTOSA-PROY
INSERT	VENTOSA	83616.721	95861.246	0.9918	VENTOSA-PROY
INSERT	VENTOSA	83587.983	96029.417	1.1446	VENTOSA-PROY
INSERT	VENTOSA	82888.648	95614.065	4.1906	VENTOSA-PROY
INSERT	VENTOSA	83625.739	95587.855	2.7015	VENTOSA-PROY
INSERT	VENTOSA	83549.543	95212.715	0.3968	VENTOSA-PROY
INSERT	VENTOSA	83618.437	95542.122	2.6923	VENTOSA-PROY
INSERT	VENTOSA	83664.212	95334.265	1.6109	VENTOSA-PROY
INSERT	VENTOSA	83629.85	95021.348	0.4466	VENTOSA-PROY
INSERT	VENTOSA	83126.803	95090.025	1.982	VENTOSA-PROY
INSERT	VENTOSA	82834.571	95618.577	1.9149	VENTOSA-PROY
INSERT	VENTOSA	82673.089	95723.883	0.6134	VENTOSA-PROY
INSERT	A Buje	83587.462	96048.446	1.5982	0
INSERT	A Buje	83064.7	95352.126	5.7726	0
INSERT	A Buje	83163.171	95531.714	4.7368	0
INSERT	A Codo11.25	82416.336	95421.578	3.8466	0
INSERT	A Codo11.25	82422.088	95427.305	0.7267	0
INSERT	Union	82929.177	95528.896	1.5737	0
INSERT	codo 45	82926.434	95527.53	3.9426	0
INSERT	codo 45	82922.833	95526.524	0.0156	0
INSERT	codo 45	82916.101	95529.783	2.3718	0
INSERT	codo 45	82918.503	95526.237	0.0156	0
INSERT	Union	82929.186	95518.855	1.5737	0
INSERT	A Buje	82893.6	95643.565	1.2015	0
INSERT	A Codo22.5	82885.943	95644.588	5.9617	0
INSERT	A Tee	82892.915	95641.888	1.2014	0
INSERT	VALVULA PROY	82872.79	95652.431	0.9109	ACUEDPROYECTO
INSERT	A Codo11.25	82701.12	95723.437	4.9816	0
INSERT	A Codo11.25	82827.688	95656.337	2.6	0
INSERT	A Tee	82836.456	95648.721	0.8556	0
INSERT	A Codo22.5	82711.735	95707.859	5.9617	0
INSERT	A Codo11.25	82706.974	95711.986	5.5759	0
INSERT	codo 45	82699.318	95748.123	1.6627	REDMENOR_ACUEDPROY
INSERT	A Codo11.25	82764.025	95691.77	2.8925	0
INSERT	A Codo22.5	82702.638	95717.69	5.3623	0
INSERT	A Tee	82694.875	95751.836	4.0168	0
INSERT	A Tee	82863.182	95662.248	4.0552	0
INSERT	A Codo11.25	82802.561	95672.45	2.6929	0
INSERT	A Codo11.25	82780.955	95684.373	2.7961	0
INSERT	A Buje	83611.68	95541.999	0.0139	0
INSERT	A Buje	83537.69	95585.966	0.0212	0
INSERT	A Tapon	82283.87	95268.132	0.7953	0
INSERT	CODO90	82929.186	95517.455	3.1416	REDMENOR_ACUEDPROY
INSERT	CODO90	82929.176	95538.182	4.7225	REDMENOR_ACUEDPROY
INSERT	A Codo22.5	82909.422	95540.509	5.4978	0
INSERT	codo 45	82910.56	95538.071	0	0
INSERT	A Codo11.25	82900.861	95561.129	4.8281	0
INSERT	codo 45	82923.389	95574.412	0.0225	0
INSERT	codo 45	82918.696	95579.153	3.1421	0
INSERT	CODO90	82929.835	95566.052	3.1649	REDMENOR_ACUEDPROY
INSERT	A Tee	82929.635	95574.636	3.1571	0
INSERT	A Tee	83616.721	95861.246	4.5946	0
INSERT	VALVULA PROY	83147.344	95956.687	1.8681	ACUEDPROYECTO
INSERT	VALVULA PROY	83585.351	96034.871	1.5708	ACUEDPROYECTO
INSERT	VALVULA PROY	83552.275	95870.675	1.049	ACUEDPROYECTO
INSERT	VALVULA PROY	83312.252	95947.059	0.6812	ACUEDPROYECTO
INSERT	VALVULA PROY	82918.483	96007.098	0.8433	ACUEDPROYECTO
INSERT	VALVULA PROY	82654.175	95692.687	0.8433	ACUEDPROYECTO
INSERT	VALVULA PROY	82921.395	95376.3	0.8734	0
INSERT	VALVULA PROY	83233.715	95328.652	1.6654	0
INSERT	VALVULA PROY	83247.076	95350.551	2.4476	0
INSERT	VALVULA PROY	83490.177	95144.066	2.4476	0
INSERT	VALVULA PROY	83627.799	95026.543	0.8827	0
INSERT	VALVULA PROY	83664.807	95324.508	2.0645	0
INSERT	VALVULA PROY	83523.604	95596.65	0.4747	0
INSERT	VALVULA PROY	83560.666	95526.643	0.4747	0
INSERT	VALVULA PROY	83122.871	95528.53	6.281	0
INSERT	VALVULA PROY	82894.125	95568.26	0.3982	ACUEDPROYECTO
INSERT	VALVULA PROY	82911.882	95526.187	0.2548	ACUEDPROYECTO
INSERT	A Tee	83618.437	95542.122	0.0009	0
INSERT	A Tee	83625.739	95587.855	0.0211	0
INSERT	A Tee	83549.543	95212.715	3.9996	0
INSERT	A Tee	82888.648	95614.065	1.5102	0
INSERT	A Tee	82673.089	95723.883	4.2162	0
INSERT	A Tee	82834.571	95618.577	5.524	0
INSERT	A Buje	82898.397	95421.507	3.0229	0
INSERT	A Codo22.5	82849.798	95659.839	3.6527	0
INSERT	A Codo22.5	82830.259	95633.764	1.2483	0
INSERT	A Codo22.5	82834.508	95646.479	4.3899	0
INSERT	A Tapon	83276.036	95950.683	4.437	0
INSERT	A Tee	83274.775	95945.843	6.0287	0
INSERT	CODO90	82941.277	95517.455	4.7423	REDMENOR_ACUEDPROY
INSERT	A Buje	83538.728	95298.725	0.8795	0
INSERT	A Buje	83480.668	95347.826	0.8795	0
INSERT	A Buje	83412.319	95405.628	0.8795	0
INSERT	A Buje	83609.839	95540.259	4.7368	0
INSERT	A Buje	83464.714	95537.787	4.7368	0
INSERT	A Buje	83374.937	95535.943	4.7368	0
INSERT	A Buje	82980.042	95528.498	4.7368	0
INSERT	A Buje	83156.407	95395.528	3.9926	0
INSERT	A Buje	82976.439	95337.323	0.8908	0
INSERT	A Buje	83099.504	95474.415	3.0642	0
INSERT	CODO90	83155.342	95956.876	4.4352	0
INSERT	A Codo22.5	83549.786	95874.356	2.9906	REDMENOR_ACUEDPROY
INSERT	A Buje	83555.939	95863.799	5.7623	0
INSERT	A Buje	82730.767	95681.273	4.3498	0
INSERT	A Buje	82856.206	95587.928	3.7655	0
INSERT	A Buje	83590.187	96013.855	0.0274	0
INSERT	A Codo22.5	83114.872	95216.031	2.4392	0
INSERT	A Codo22.5	83117.056	95211.786	5.5801	0
INSERT	A Codo22.5	83109.998	95437.611	2.8268	0
INSERT	A Tapon	83152.605	95391.165	0.8394	0
INSERT	CODO90	83221.854	95333.846	2.4436	0
INSERT	A Tapon	83314.483	95263.716	2.451	0
INSERT	A Tapon	83197.045	95281.607	2.448	0
INSERT	A Buje	83195.16	95283.236	5.5927	0
INSERT	A Tapon	83119.129	95188.649	2.448	0
INSERT	A Buje	83117.243	95190.277	5.5927	0
INSERT	A Tapon	83150.52	95070.204	2.4485	0
INSERT	A Tapon	83078.419	95124.128	0.8865	0
INSERT	A Buje	83080.316	95126.429	4.0141	0
INSERT	A Buje	83072.715	95135.419	5.587	0
INSERT	A Tapon	83021.113	95167.444	0.8865	0
INSERT	A Buje	83024.358	95171.297	4.0141	0
INSERT	A Tapon	82976.316	95209.777	0.8865	0
INSERT	A Buje	82977.19	95210.836	4.0099	0
INSERT	A Tapon	82983.562	95346.158	4.0129	0
INSERT	A Tapon	82977.501	95325.149	0.8713	0
INSERT	A Buje	82979.089	95327.079	4.0298	0
INSERT	A Tapon	83077.087	95345.647	2.6568	0
INSERT	A Tapon	83096.319	95474.67	6.221	0
INSERT	A Codo22.5	83627.417	95304.19	4.039	0
INSERT	A Tapon	83540.299	95300.644	4.0286	0
INSERT	A Tapon	83482.234	95349.749	4.0286	0
INSERT	A Tapon	83413.875	95407.558	4.0286	0
INSERT	A Tapon	83277.761	95326.071	4.0248	0
INSERT	A Buje	83275.688	95323.478	0.8623	0
INSERT	A Buje	83322.713	95281.387	2.441	0
INSERT	A Tapon	83334.661	95277.76	4.0248	0
INSERT	A Buje	83332.392	95275.025	0.8623	0
INSERT	A Tapon	83393.685	95227.64	4.0248	0
INSERT	A Buje	83391.566	95225.08	0.8623	0
INSERT	A Tapon	83452.245	95177.916	4.0248	0
INSERT	A Buje	83450.101	95175.379	0.8623	0
INSERT	A Tapon	83535.637	95107.106	4.0248	0
INSERT	A Buje	83533.492	95104.569	0.8623	0
INSERT	A Tapon	83623.638	95013.189	0.9277	0
INSERT	A Tapon	83698.287	95195.425	3.174	0
INSERT	A Buje	83627.29	95408.273	0.4979	0
INSERT	A Tapon	83635.431	95412.736	3.659	0
INSERT	CODO90	83565.462	95534.156	5.1762	0
INSERT	A Codo11.25	83563.951	95538.258	4.942	0
INSERT	A Tapon	83620.475	95542.124	3.1461	0
INSERT	A Tapon	83609.88	95537.074	1.608	0
INSERT	A Tapon	83464.848	95534.607	1.608	0
INSERT	A Tapon	83375.037	95532.762	1.608	0
INSERT	A Tapon	83163.254	95528.532	1.5315	0
INSERT	A Tapon	82980.152	95525.309	1.5686	0
INSERT	A Tapon	82802.093	95211.773	0.7953	0
INSERT	A Codo22.5	82916.948	95382.419	2.8336	0
INSERT	CODO90	82925.004	95388.486	5.5821	0
INSERT	A Codo22.5	82918.541	95393.936	2.8336	0
INSERT	A Tapon	82784.492	95223.292	0.8786	0
INSERT	A Buje	82893.465	95387.95	4.4323	0
INSERT	A Tapon	82893.097	95422.029	6.0595	0
INSERT	Union	83520.648	95793.607	1.1206	0
INSERT	Union	83523.686	95800.008	1.1206	0
INSERT	A Tapon	83503.307	95735.08	1.4152	0
INSERT	A Tee	83589.131	95711.959	3.0456	0
INSERT	A Tee	83497.061	95721.046	4.5714	0
INSERT	A Tapon	83594.825	95711.393	3.0499	0
INSERT	CODO90	83499.653	95739.312	1.3931	0
INSERT	A Tee	83503.966	95738.471	1.3782	0
INSERT	A Codo11.25	83495.567	95710.522	4.7678	0
INSERT	Union	83312.66	95953.484	0.7431	0
INSERT	A Buje	83311.946	95952.873	0.6727	0
INSERT	A Buje	83089.017	95999.495	1.318	0
INSERT	A Codo22.5	83036.047	95991.468	3.2687	0
INSERT	A Codo22.5	83033.152	95991.107	0.1332	0
INSERT	A Codo22.5	82950.001	96012.981	3.2574	0
INSERT	A Codo22.5	82930.75	96011.268	3.6219	0
INSERT	A Codo22.5	82923.593	96007.539	0.4803	0
INSERT	A Buje	82651.222	95700.155	0.8619	0
INSERT	A Tapon	82729.277	95677.501	1.2076	0
INSERT	A Tapon	83030.582	95872.925	5.5771	0
INSERT	A Tapon	82967.397	95798.121	5.5771	0
INSERT	A Tapon	82869.405	95679.173	5.5747	0
INSERT	A Codo22.5	82843.295	95656.594	3.9972	0
INSERT	A Tapon	82852.566	95585.271	0.6362	0
INSERT	A Codo22.5	82898.459	95565.32	3.5557	0
INSERT	CODO90	82999.281	95790.526	4.0426	0
INSERT	A Codo22.5	83138.791	95954.65	3.8314	0
INSERT	A Codo22.5	83149.344	95957.881	3.4501	0
INSERT	CODO90	83089.323	96000.679	1.318	0
INSERT	A Buje	83442.962	95964.969	1.4648	0
INSERT	A Codo22.5	83419.82	95916.762	4.5172	0
INSERT	A Codo22.5	83325.087	95933.83	5.804	0
INSERT	A Buje	83542.128	96198.293	4.6886	0
INSERT	A Tapon	83528.015	96229.075	6.2239	0
INSERT	CODO90	83552.208	96262.657	1.0432	0
INSERT	A Tapon	83596.657	96249.813	4.1696	0
INSERT	A Tapon	83597.951	96220.564	3.1097	0
INSERT	A Tapon	83596.841	96166.937	3.1096	0
INSERT	A Buje	83587.37	96167.229	6.2404	0
INSERT	A Tapon	83598.944	96014.145	3.2128	0
INSERT	A Codo22.5	83590.172	95949.439	1.7184	0
INSERT	A Codo22.5	83586.723	95928.513	1.4417	0
INSERT	CODO90	83551.089	95866.532	2.6198	0
INSERT	A Codo22.5	83614.185	95853.841	1.0638	0
INSERT	A Codo22.5	83616.293	95857.61	1.4537	0
INSERT	A Tee	83614.937	95867.526	5.3769	0
INSERT	A Buje	83616.352	95868.653	0.6705	0
INSERT	A Tapon	83613.637	95869.192	5.3481	0
INSERT	A Tapon	83620.179	95871.863	3.8251	0
INSERT	A Tapon	83507.817	95696.438	3.2717	0
INSERT	A Buje	83498.6	95695.361	0.1669	0
INSERT	A Tapon	83521.677	95631.231	3.5829	0
INSERT	A Buje	83512.987	95627.255	0.4292	0
INSERT	CODO90	83533.33	95597.559	0.4128	REDMENOR_ACUEDPROY
INSERT	A Codo22.5	83535.741	95592.056	1.5945	0
INSERT	A Tapon	83627.593	95587.848	3.174	0
INSERT	A Buje	83328.079	95598.308	1.4648	0
INSERT	A Tapon	83239.722	95585.249	4.7188	0
INSERT	A Buje	83239.731	95582.059	1.5813	0
INSERT	A Tee	83118.421	95578.264	0.0159	0
INSERT	A Tapon	82961.104	95580.834	4.7188	0
INSERT	A Buje	82961.172	95577.147	1.5803	0
INSERT	CODO90	82900.081	95579.198	6.2763	REDMENOR_ACUEDPROY
INSERT	A Tee	83146.964	95073.187	2.4529	0
INSERT	A Tee	83112.173	95218.308	2.4529	0
INSERT	A Tee	82899.106	95486.962	1.7048	0
INSERT	A Tee	83625.962	95016.224	4.0633	0
INSERT	A Tee	83692.955	95221.037	4.7254	0
INSERT	A Tee	83664.212	95334.265	5.1943	0
INSERT	A Tee	83618.484	95421.08	5.1971	0
INSERT	A Tee	83337.574	95582.243	0.0159	0
INSERT	A Tee	83473.228	95584.786	0.0159	0
INSERT	A Tee	83518.638	95610.672	5.1466	0
INSERT	A Tee	83522.054	95796.569	1.1276	0
INSERT	A Tee	83532.02	95817.564	4.2692	0
INSERT	A Tee	83611.001	95851.327	3.8099	0
INSERT	A Tee	83555.308	95864.155	2.6286	0
INSERT	A Tee	82952.532	95733.58	4.0059	0
INSERT	A Tee	83014.805	95810.799	4.0059	0
INSERT	A Tee	82897.495	95653.716	4.3429	0
INSERT	A Tee	83476.865	95539.865	0.0159	0
INSERT	A Tee	83377.887	95537.815	0.0159	0
INSERT	A Tee	83278.879	95535.781	0.0159	0
INSERT	A Tee	83179.958	95533.842	0.0159	0
INSERT	A Tee	83083.968	95532.194	0.0159	0
INSERT	A Tee	82935.085	95529.609	0.0159	0
INSERT	A Tee	82931.039	95574.668	3.1633	0
INSERT	A Tee	82872.392	95565.693	2.0885	0
INSERT	A Tee	82809.538	95640.876	2.4597	0
INSERT	A Tee	82722.235	95685.404	2.9475	0
INSERT	A Tee	82286.995	95271.898	4.0143	0
INSERT	A Tee	82350.687	95345.667	4.0143	0
INSERT	A Tee	82414.462	95419.411	4.0143	0
INSERT	A Tee	82477.873	95493.719	4.0143	0
INSERT	A Tee	82540.56	95568.35	4.0143	0
INSERT	A Tee	82603.282	95643.025	4.0143	0
INSERT	A Tee	82665.618	95713.307	4.0143	0
INSERT	A Tee	82723.301	95785.893	4.0143	0
INSERT	A Tee	82785.453	95860.352	4.0143	0
INSERT	A Tee	83076.781	95883.423	4.0059	0
INSERT	A Tee	83585.266	96151.169	4.6922	0
INSERT	A Tee	83542.367	96206.473	1.5416	0
INSERT	A Tee	83590.022	95954.905	4.7522	0
INSERT	A Tee	83541.967	96035.322	3.1814	0
INSERT	A Tee	83587.795	96036.261	1.5982	0
INSERT	A Tee	83587.511	96046.636	1.5982	0
INSERT	Union	83580.727	96046.448	3.1411	0
INSERT	A Tee	83447.83	95900.92	6.0283	0
INSERT	A Tee	83438.827	95952.131	4.3553	0
INSERT	A Tee	83333.663	95930.666	6.026	0
INSERT	A Tee	83144.067	95956.265	3.4387	0
INSERT	A Tee	83165.375	95974.297	6.026	0
INSERT	A Tee	83007.793	95997.778	2.8844	0
INSERT	A Codo11.25	83506.257	95639.602	5.1032	0
INSERT	A Codo11.25	82920.562	95412.845	1.5425	0
INSERT	A Codo11.25	82922.963	95443.436	1.6163	0
INSERT	A Codo11.25	83543.131	96232.592	4.6751	0
INSERT	A Codo11.25	83549.521	96258.202	4.4493	0
INSERT	A Tee	83543.012	96228.543	1.5365	0
INSERT	A Tee	83591.912	96241.017	1.0788	0
INSERT	A Codo11.25	83589.751	96237.086	4.4493	0
INSERT	A Codo11.25	83586.744	96224.538	4.6841	0
INSERT	A Codo11.25	83560.901	95861.004	5.9665	0
INSERT	A Codo11.25	83602.914	95849.389	6.2098	0
INSERT	A Codo22.5	83435.995	96018.333	3.535	REDMENOR_ACUEDPROY
INSERT	A Codo11.25	83430.804	96016.178	3.7313	REDMENOR_ACUEDPROY
INSERT	A Codo11.25	83442.551	95962.114	1.4462	0
INSERT	codo 45	83418.968	95911.738	4.4663	0
INSERT	A Codo11.25	83437.373	95948.235	1.2206	0
INSERT	A Codo11.25	83329.414	95931.773	6.0352	0
INSERT	A Codo11.25	83287.261	95942.595	6.1856	0
INSERT	codo 45	83297.886	95941.481	6.1787	REDMENOR_ACUEDPROY
INSERT	codo 45	83104.397	95990.158	5.245	REDMENOR_ACUEDPROY
INSERT	codo 45	83099.789	95997.976	2.1034	REDMENOR_ACUEDPROY
INSERT	codo 45	82921.079	96007.319	0.0876	REDMENOR_ACUEDPROY
INSERT	A Codo11.25	82804.267	95882.891	1.0845	0
INSERT	A Codo11.25	82809.237	95892.139	4.1932	0
INSERT	A Codo11.25	82664.557	95688.246	0.2677	0
INSERT	codo 45	82662.104	95688.095	0.0617	REDMENOR_ACUEDPROY
INSERT	A Codo11.25	83153.106	95957.563	3.0398	0
INSERT	A Codo11.25	83134.923	95951.555	4.0128	0
INSERT	A Codo11.25	82909.76	95679.613	4.2378	0
INSERT	A Codo11.25	82902.293	95666.106	4.3809	0
INSERT	A Tee	82998.287	95791.313	4.0426	0
INSERT	A Tee	83002.043	95793.905	2.4063	0
INSERT	A Codo11.25	82885.216	95538.274	2.0148	0
INSERT	A Codo11.25	82900.606	95423.943	1.554	0
INSERT	A Codo11.25	82900.99	95473.287	1.7606	0
INSERT	A Codo11.25	82897.512	95498.487	1.8823	0
INSERT	A Codo11.25	82875.11	95560.921	2.1484	0
INSERT	A Codo11.25	82864.094	95580.262	2.2849	0
INSERT	A Codo11.25	82870.085	95328.954	1.1712	0
INSERT	A Codo11.25	82883.391	95356.467	1.281	0
INSERT	A Codo11.25	82879.01	95303.99	1.0931	0
INSERT	A Codo11.25	82903.917	95351.3	1.281	0
INSERT	A Codo11.25	82913.931	95380.353	1.403	0
INSERT	A Codo11.25	83113.643	95460.285	4.8056	0
INSERT	codo 45	83117.9	95455.335	5.5693	0
INSERT	A Codo11.25	83117.342	95502.39	4.7289	0
INSERT	A Tee	83124.028	95532.799	3.1569	0
INSERT	A Codo11.25	83119.689	95515.295	1.5873	0
INSERT	A Codo11.25	83325.934	95526.763	4.8719	0
INSERT	A Tee	83342.157	95461.667	2.4402	0
INSERT	A Codo11.25	83693.396	95187.212	1.5907	0
INSERT	A Codo11.25	83692.773	95235.068	1.7421	0
INSERT	A Codo11.25	83679.589	95297.872	1.9732	0
INSERT	A Codo11.25	83690.486	95153.335	1.492	0
INSERT	A Codo11.25	83657.33	95057.568	1.1899	0
INSERT	A Tee	83586.099	95255.599	0.8727	0
INSERT	A Tee	83324.075	95280.187	2.4396	0
INSERT	A Tee	83311.89	95265.836	5.5812	0
INSERT	A Tee	83239.748	95327.561	5.5812	0
INSERT	codo 45	83236.799	95330.087	2.4508	REDMENOR_ACUEDPROY
INSERT	codo 45	83230.689	95329.507	4.0216	REDMENOR_ACUEDPROY
INSERT	codo 45	83224.302	95336.81	0.88	REDMENOR_ACUEDPROY
INSERT	codo 45	83223.985	95340.14	1.6599	REDMENOR_ACUEDPROY
INSERT	A Tee	83229.178	95327.705	0.8688	0
INSERT	A Tee	82916.782	95394.324	4.499	0
INSERT	A Codo11.25	82727.939	95684.283	2.9726	0
INSERT	A Codo11.25	82755.669	95673.677	2.8212	0
INSERT	A Codo11.25	82783.237	95659.605	2.7164	0
INSERT	A Tee	82912.492	95528.807	3.3964	0
INSERT	codo 45	82913.132	95525.367	1.8256	0
INSERT	A Tee	82941.277	95529.705	3.1416	0
INSERT	A Tee	82890.178	95522.149	5.0398	0
INSERT	A Codo11.25	82860.454	95318.701	1.0225	0
INSERT	A Tee	82893.901	95389.709	4.4323	0
INSERT	A Tee	83022.58	95288.533	4.0097	0
INSERT	codo 45	83028.958	95283.153	5.5825	REDMENOR_ACUEDPROY
INSERT	codo 45	83034.716	95283.642	2.4409	REDMENOR_ACUEDPROY
INSERT	A Codo11.25	82688.367	95692.062	3.1438	0
INSERT	A Tee	82787.29	95226.618	0.8821	0
INSERT	A Tee	82789.589	95229.411	4.0237	0
INSERT	A Tee	82805.706	95216.078	0.8821	0
INSERT	A Tee	82918.923	95380.764	5.5945	0
INSERT	codo 45	83323.728	95939.294	3.8225	0
INSERT	codo 45	83323.398	95936.138	0.6809	0
INSERT	A Codo11.25	83342.255	95954.964	0.8204	0
INSERT	A Codo11.25	83344.915	95957.778	3.962	0
INSERT	A Tee	83156.239	95960.34	2.8881	0
INSERT	VALVULA PROY	82879.589	95547.633	0.4191	ACUEDPROYECTO
INSERT	codo 45	83420.548	95909.024	1.3159	0
INSERT	codo 45	83457.82	96033.467	3.164	0
INSERT	codo 45	83454.444	96027.661	3.927	0
INSERT	codo 45	83454.463	96021.078	0.7854	0
INSERT	codo 45	83449.289	96018.386	0	0
INSERT	A Tee	83668.351	95326.351	2.0691	0
INSERT	A Tee	83616.985	95542.104	3.1541	0
INSERT	A Tee	83554.146	95871.849	1.0561	0
INSERT	Union	83542.041	96195.313	1.5457	0
INSERT	A Tee	83586.672	96220.968	4.678	0
INSERT	A Tee	83593.632	96244.205	4.2203	0
INSERT	A Tee	83557.621	95862.852	2.6286	0
INSERT	Union	82936.031	96036.301	0.9389	0
INSERT	A Tee	83322.767	95936.695	5.3933	0
INSERT	A Tee	83310.565	95951.754	3.8225	0
INSERT	codo 45	82840.049	95928.498	3.2371	REDMENOR_ACUEDPROY
INSERT	codo 45	82846.604	95929.126	0.0907	REDMENOR_ACUEDPROY
INSERT	VALVULA PROY	83094.034	95997.572	1.3179	0
INSERT	A Tee	83088.643	95998.047	6.0304	0
INSERT	A Tee	82874	95675.393	0.8856	0
INSERT	A Tee	82972.065	95794.299	0.8856	0
INSERT	A Tee	82926.117	96008.854	3.6219	0
INSERT	A Tee	82649.994	95698.822	4.0043	0
INSERT	A Codo11.25	82675.942	95729.153	4.2231	0
INSERT	A Codo11.25	82670.777	95719.613	1.0815	0
INSERT	codo 45	82660.007	95710.906	3.2371	REDMENOR_ACUEDPROY
INSERT	codo 45	82663.948	95711.265	0.0907	REDMENOR_ACUEDPROY
INSERT	A Codo11.25	82671.506	95690.735	3.4924	0
INSERT	A Codo11.25	82681.799	95692.338	3.3028	0
INSERT	A Tee	82877.348	95556.051	5.1431	0
INSERT	A Tee	82857.665	95589.001	2.2051	0
INSERT	A Codo11.25	82838.993	95614.381	2.3893	0
INSERT	A Tee	82824.78	95627.601	5.5565	0
INSERT	A Codo11.25	82891.611	95638.521	4.5393	0
INSERT	A Codo11.25	82891.521	95577.919	4.8699	0
INSERT	A Codo11.25	82889.392	95626.325	4.5255	0
INSERT	A Codo11.25	82888.382	95596.838	4.6804	0
INSERT	A Tee	83245.334	95347.048	5.5792	0
INSERT	A Tee	83488.49	95140.578	5.5851	0
INSERT	A Tee	83163.176	95533.526	3.1569	0
INSERT	A Tee	83693.291	95195.295	4.7262	0
INSERT	A Tee	83625.683	95407.437	5.2107	0
INSERT	A Tee	83511.338	95626.505	5.1416	0
INSERT	A Tee	83588.409	96013.833	4.7432	0
INSERT	codo 45	82912.087	95523.604	4.9672	0
INSERT	A Tee	82897.075	95564.715	0.4175	0
INSERT	_None	83769.237	95548.194	0.531	Acueducto-datos de la red 1000
INSERT	_None	83714.545	95608.168	4.0766	ACUEDUCTO-DATOS DE LA RED 2500
INSERT	Union	83443.169	95966.798	1.4397	0
INSERT	A$C6B1C283F	82991.169	95817.127	1.5721	edicion oculto
INSERT	A$C6B1C283F	82991.169	95817.127	1.5721	edicion oculto
INSERT	A Tee	83585.562	96167.324	4.678	0
INSERT	A Tee	82731.471	95682.932	2.7762	0
INSERT	A Tee	83526.158	95594.457	5.1996	0
INSERT	A Tee	83022.359	95294.109	5.5805	0
INSERT	A Tee	83587.983	96029.423	4.7273	0
INSERT	A$C6B1C283F	83830.594	95296.85	3.058	edicion oculto
INSERT	A$C6B1C283F	83843.245	95334.565	1.8931	edicion oculto
INSERT	A$C6B1C283F	83820.385	95462.74	2.5881	edicion oculto
INSERT	A$C6B1C283F	83328.434	95537.554	3.8429	edicion oculto
INSERT	A$C6B1C283F	83244.599	95351.526	0.1866	edicion oculto
INSERT	A$C6B1C283F	83076.777	95137.447	4.7262	edicion oculto
INSERT	A$C6B1C283F	82984.073	95210.131	3.1333	edicion oculto
INSERT	A$C6B1C283F	82979.917	95530.301	3.8429	edicion oculto
INSERT	A$C6B1C283F	83163.045	95533.937	3.8429	edicion oculto
INSERT	A$C6B1C283F	83247.223	95535.708	3.8429	edicion oculto
INSERT	A$C6B1C283F	83374.762	95538.606	3.8429	edicion oculto
INSERT	A$C6B1C283F	83464.568	95540.647	3.8429	edicion oculto
INSERT	A$C6B1C283F	83608.213	95545.644	3.8429	edicion oculto
INSERT	A$C6B1C283F	83697.871	95559.11	4.3254	edicion oculto
INSERT	A$C6B1C283F	83732.63	95578.772	1.2785	edicion oculto
INSERT	A$C6B1C283F	83616.539	95593.781	0.7254	edicion oculto
INSERT	A$C6B1C283F	83177.577	95581.858	0.7146	edicion oculto
INSERT	A$C6B1C283F	83103.91	95579.296	5.4324	edicion oculto
INSERT	A$C6B1C283F	83821.292	95462.622	4.1638	edicion oculto
INSERT	A$C6B1C283F	83528.939	95595.844	1.2043	edicion oculto
INSERT	A$C6B1C283F	82863.293	95662.954	0	edicion oculto
INSERT	A$C6B1C283F	83094.393	95945.863	2.1944	edicion oculto
INSERT	A Tee	83587.259	96055.866	4.7522	0
INSERT	A$C6B1C283F	82889.343	95576.798	5.8987	edicion oculto
INSERT	A$C6B1C283F	83843.955	95333.984	3.5143	edicion oculto
INSERT	A Tee	83419.924	95908.191	6.0283	0
INSERT	A Tee	83496.794	95695.187	4.8278	0
INSERT	A$C6B1C283F	83830.594	95296.85	3.058	edicion oculto
INSERT	A$C6B1C283F	83843.245	95334.565	1.8931	edicion oculto
INSERT	A$C6B1C283F	83820.385	95462.74	2.5881	edicion oculto
INSERT	A$C6B1C283F	83328.434	95537.554	3.8429	edicion oculto
INSERT	A Tee	83157.627	95396.868	2.4376	0
INSERT	A Tee	83101.302	95474.226	1.49	0
INSERT	A Tee	83095.871	95441.627	4.4354	0
INSERT	A Tee	83063.078	95352.956	4.2386	0
INSERT	A$C6B1C283F	83244.599	95351.526	0.1866	edicion oculto
INSERT	A Tee	83251.58	95341.721	2.4455	0
INSERT	A Tee	83081.649	95127.948	2.4433	0
INSERT	A Tee	83126.798	95090.019	5.5914	0
INSERT	A$C6B1C283F	83076.777	95137.447	4.7262	edicion oculto
INSERT	A$C6B1C283F	82984.073	95210.131	3.1333	edicion oculto
INSERT	A Tee	82900.189	95421.241	1.4521	0
INSERT	A$C6B1C283F	82979.917	95530.301	3.8429	edicion oculto
INSERT	A$C6B1C283F	83163.045	95533.937	3.8429	edicion oculto
INSERT	A$C6B1C283F	83247.223	95535.708	3.8429	edicion oculto
INSERT	A$C6B1C283F	83374.762	95538.606	3.8429	edicion oculto
INSERT	A$C6B1C283F	83464.568	95540.647	3.8429	edicion oculto
INSERT	A$C6B1C283F	83608.213	95545.644	3.8429	edicion oculto
INSERT	A$C6B1C283F	83697.871	95559.11	4.3254	edicion oculto
INSERT	A$C6B1C283F	83732.63	95578.772	1.2785	edicion oculto
INSERT	Union	83555.449	95858.95	1.0481	0
INSERT	A$C6B1C283F	83616.539	95593.781	0.7254	edicion oculto
INSERT	A Tee	83535.567	95585.974	0.0225	0
INSERT	A Tee	83326.06	95582.015	0.0211	0
INSERT	A$C6B1C283F	83177.577	95581.858	0.7146	edicion oculto
INSERT	A$C6B1C283F	83103.91	95579.296	5.4324	edicion oculto
INSERT	Union	83117.971	95582.596	1.7419	0
INSERT	Union	83103.185	95581.761	1.8863	0
INSERT	A Tee	83103.556	95578.026	0.0159	0
INSERT	A Tee	83239.745	95580.248	0.0194	0
INSERT	A Tee	83609.868	95542.01	3.1439	0
INSERT	A Tee	83563.94	95541.352	3.1445	0
INSERT	A Tee	83559.84	95531.269	5.2119	0
INSERT	A Tee	83464.72	95539.599	3.1569	0
INSERT	A Tee	83374.909	95537.754	3.1569	0
INSERT	A Tee	83325.759	95536.744	3.1569	0
INSERT	A Tee	83105.523	95532.522	3.1569	0
INSERT	A Tee	82980.023	95530.309	3.1705	0
INSERT	A Tee	83034.453	95869.758	0.8856	0
INSERT	A Tee	82961.156	95575.336	0.008	0
INSERT	A Tee	82849.791	95932.926	4.0143	0
INSERT	A Tee	82984.415	95809.262	4.0189	0
INSERT	A Tee	82974.127	95334.517	5.5871	0
INSERT	A Tee	82980.663	95329.021	2.4603	0
INSERT	A Tee	82974.814	95223.642	1.6579	0
INSERT	A Tee	82979.567	95213.593	2.4433	0
INSERT	A Tee	83026.736	95174.03	2.4433	0
INSERT	A Tee	83069.963	95137.773	5.5849	0
INSERT	A Tee	83062.058	95144.372	5.5959	0
INSERT	A Tee	83115.337	95191.901	4.0127	0
INSERT	A Tee	83193.259	95284.856	4.0104	0
INSERT	A Tee	83532.403	95103.292	5.5774	0
INSERT	A Tee	83331.427	95273.944	5.5774	0
INSERT	A Tee	83274.593	95322.205	5.5774	0
INSERT	A Tee	83361.435	95248.464	5.5774	0
INSERT	A Tee	83390.457	95223.82	5.5774	0
INSERT	A Tee	83449.017	95174.097	5.5774	0
INSERT	A Tee	83537.163	95296.938	5.5812	0
INSERT	A Tee	83479.071	95346.01	5.5812	0
INSERT	A Tee	83456.759	95364.741	2.4396	0
INSERT	A Tee	83410.645	95403.739	5.5812	0
INSERT	Union	83328.174	95596.103	1.3785	0
INSERT	A$C6B1C283F	83821.292	95462.622	4.1638	edicion oculto
INSERT	A$C6B1C283F	83528.939	95595.844	1.2043	edicion oculto
INSERT	A$C6B1C283F	82863.293	95662.954	0	edicion oculto
INSERT	A$C6B1C283F	83094.393	95945.863	2.1944	edicion oculto
INSERT	VALVULA PROY	83016.034	95297.015	0.8901	0
INSERT	VALVULA PROY	83035.035	95289.73	5.6595	0
INSERT	VALVULA PROY	83247.734	95338.506	5.5617	0
INSERT	VALVULA PROY	83363.446	95244.349	0.8546	0
INSERT	VALVULA PROY	82866.363	95667.581	2.4523	0
INSERT	VALVULA PROY	83325.098	95586.525	6.0708	0
INSERT	codo 45	82861.982	95659.336	0.8822	0
INSERT	A Codo11.25	83321.122	95581.343	4.6067	0
INSERT	A Codo11.25	83098.607	95581.438	1.7638	0
INSERT	A Codo11.25	83113.462	95581.635	1.7638	0
INSERT	A Tee	82917.728	95398.968	4.5103	0
INSERT	A Codo11.25	82917.073	95477.539	1.7697	0
INSERT	A Codo11.25	82799.472	95649.123	2.6067	0
INSERT	A Tee	83125.786	95204.39	0.8713	0
INSERT	A Tee	82916.119	96011.478	4.0117	0
INSERT	codo 45	83607.938	95875.646	2.2384	0
INSERT	codo 45	83617.641	95855.789	0.6683	0
INSERT	A Tee	83198.063	95290.588	0.8577	0
INSERT	VALVULA PROY	83120.937	95206.102	0.8825	0
INSERT	A Codo11.25	83500.671	95661.853	5.0095	0
INSERT	A Tee	83495.819	95705.325	4.7608	0
INSERT	VALVULA PROY	83506.232	95539.197	1.627	0
INSERT	A Tee	83563.595	95524.168	5.1971	0
INSERT	A Tee	83671.526	95319.915	5.1043	0
INSERT	A Tee	83679.485	95114.795	4.4191	0
INSERT	VALVULA PROY	83573.719	95540.237	1.6291	0
INSERT	A Codo11.25	83564.532	95536.047	5.1656	0
INSERT	A Tee	83013.812	95301.269	2.4529	0
INSERT	A Codo11.25	83095.595	95458.214	1.4902	0
INSERT	A Codo11.25	83076.907	95389.5	1.2939	0
INSERT	A Codo11.25	83044.951	95323.969	1.0975	0
INSERT	codo 45	83031.839	95300.422	0.9011	0
INSERT	codo 45	83028.24	95300.008	4.0379	0
INSERT	codo 45	83023.075	95293.527	2.4571	0
INSERT	codo 45	83024.042	95289.242	1.6644	0
INSERT	codo 45	82974.228	95229.09	4.7995	0
INSERT	codo 45	82974.659	95217.729	5.5849	0
INSERT	A Tee	83589.681	95054.654	5.5851	0
INSERT	codo 45	83596.993	95053.025	3.223	0
INSERT	codo 45	83590.706	95052.512	0.0814	0
INSERT	A Tee	83123.48	95450.517	5.5792	0
INSERT	VALVULA PROY	83233.777	95354.501	0.8546	0
INSERT	A Tee	83231.264	95358.995	5.5685	0
INSERT	A Tee	83480.805	95147.104	5.5851	0
INSERT	A Tee	83574.65	95265.272	2.4414	0
INSERT	A Tee	83331.887	95475.99	1.6867	0
INSERT	codo 45	83331.854	95470.38	5.6115	0
INSERT	VALVULA PROY	83324.682	95529.919	0.0172	0
INSERT	VALVULA PROY	83104.393	95528.352	6.281	0
INSERT	A Tee	83622.598	95587.789	0.0211	0
INSERT	A Codo11.25	83319.013	95581.896	3.3543	0
INSERT	A Codo11.25	83317.254	95581.516	0.2127	0
INSERT	A Tee	83190.324	95579.44	3.1575	0
INSERT	A Tee	83046.887	95577.094	3.1575	0
INSERT	A Tee	82937.214	95752.041	4.01	0
INSERT	A Tee	82667.072	95689.147	3.4855	0
INSERT	VALVULA PROY	82940.69	96025.383	2.4409	0
TEXT	ww	83032.886	95986.173	0	ACUERETIRAR 1000
TEXT	ww	83234.457	95883.14	0	ACUERETIRAR 1000
TEXT	ww	83582.305	96026.754	0	ACUERETIRAR 1000
TEXT	ww	83582.865	96010.676	0	ACUERETIRAR 1000
TEXT	ww	83583.061	95998.231	0	ACUERETIRAR 1000
TEXT	ww	83583.493	95981.77	0	ACUERETIRAR 1000
TEXT	ww	83583.923	95966.826	0	ACUERETIRAR 1000
TEXT	ww	83584.047	95953.488	0	ACUERETIRAR 1000
TEXT	ww	83582.914	95943.674	0	ACUERETIRAR 1000
TEXT	ww	83573.509	95915.135	0	ACUERETIRAR 1000
TEXT	ww	83566.778	95903.293	0	ACUERETIRAR 1000
TEXT	ww	83559.593	95890.694	0	ACUERETIRAR 1000
TEXT	ww	83513.609	95773.685	0	ACUERETIRAR 1000
TEXT	ww	83581.427	95714.794	0	ACUERETIRAR 1000
TEXT	ww	83578.158	95717.527	0	ACUERETIRAR 1000
TEXT	ww	83563.483	95718.928	0	ACUERETIRAR 1000
TEXT	ww	83550.625	95720.23	0	ACUERETIRAR 1000
TEXT	ww	83531.441	95722.249	0	ACUERETIRAR 1000
TEXT	ww	83518.284	95723.75	0	ACUERETIRAR 1000
TEXT	ww	83500.667	95723.752	0	ACUERETIRAR 1000
TEXT	ww	83500.281	95717.755	0	ACUERETIRAR 1000
TEXT	ww	83501.084	95728.361	0	ACUERETIRAR 1000
TEXT	ww	83269.124	95933.36	0	ACUERETIRAR 1000
TEXT	ww	83271.138	95940.807	0	ACUERETIRAR 1000
TEXT	ww	82991.857	96008.033	0	ACUERETIRAR 1000
TEXT	ww	83158.652	95961.391	0	ACUERETIRAR 1000
TEXT	ww	83161.246	95971.146	0	ACUERETIRAR 1000
TEXT	ww	83270.108	95948.99	0	ACUERETIRAR 1000
TEXT	ww	83262.671	95950.9	0	ACUERETIRAR 1000
TEXT	ww	83252.388	95953.369	0	ACUERETIRAR 1000
TEXT	ww	83242.049	95956.201	0	ACUERETIRAR 1000
TEXT	ww	83028.476	95994.864	0	ACUERETIRAR 1000
TEXT	ww	83015.791	95998.117	0	ACUERETIRAR 1000
TEXT	ww	83002.385	96001.485	0	ACUERETIRAR 1000
TEXT	ww	82985.447	96006.012	0	ACUERETIRAR 1000
TEXT	ww	82974.896	96008.66	0	ACUERETIRAR 1000
TEXT	ww	83032.161	95985.961	0	ACUERETIRAR
TEXT	ww	83234.272	95884.01	0	ACUERETIRAR
TEXT	ww	83582.972	96026.87	0	ACUERETIRAR
TEXT	ww	83583.531	96011.071	0	ACUERETIRAR
TEXT	ww	83583.644	95998.672	0	ACUERETIRAR
TEXT	ww	83583.936	95982.204	0	ACUERETIRAR
TEXT	ww	83584.396	95966.885	0	ACUERETIRAR
TEXT	ww	83584.506	95953.392	0	ACUERETIRAR
TEXT	ww	83583.156	95943.057	0	ACUERETIRAR
TEXT	ww	83574.229	95915.18	0	ACUERETIRAR
TEXT	ww	83567.445	95903.141	0	ACUERETIRAR
TEXT	ww	83560.294	95890.343	0	ACUERETIRAR
TEXT	ww	83513.746	95774.547	0	ACUERETIRAR
TEXT	ww	83581.934	95714.831	0	ACUERETIRAR
TEXT	ww	83577.259	95718.264	0	ACUERETIRAR
TEXT	ww	83562.938	95719.565	0	ACUERETIRAR
TEXT	ww	83550.042	95720.945	0	ACUERETIRAR
TEXT	ww	83531.055	95723.15	0	ACUERETIRAR
TEXT	ww	83517.719	95724.278	0	ACUERETIRAR
TEXT	ww	83499.831	95717.876	0	ACUERETIRAR
TEXT	ww	83500.941	95729.254	0	ACUERETIRAR
TEXT	ww	83268.018	95932.068	0	ACUERETIRAR
TEXT	ww	83270.095	95939.755	0	ACUERETIRAR
TEXT	ww	82991.082	96007.708	0	ACUERETIRAR
TEXT	ww	83158.252	95961.69	0	ACUERETIRAR
TEXT	ww	83160.005	95969.416	0	ACUERETIRAR
TEXT	ww	83268.235	95950.25	0	ACUERETIRAR
TEXT	ww	83261.162	95952.245	0	ACUERETIRAR
TEXT	ww	83252.276	95954.219	0	ACUERETIRAR
TEXT	ww	83241.997	95956.935	0	ACUERETIRAR
TEXT	ww	83027.218	95995.918	0	ACUERETIRAR
TEXT	ww	83014.308	95999.258	0	ACUERETIRAR
TEXT	ww	83000.693	96002.834	0	ACUERETIRAR
TEXT	ww	82985.161	96006.859	0	ACUERETIRAR
TEXT	ww	82974.794	96009.36	0	ACUERETIRAR
TEXT	\A1;{\W0.8;6.80-Ø4"-PVC}	83125.108	95588.794	0	Acueducto-datos de la red 250
TEXT	\A1;{\W0.8;6.5-Ø6"-PVC}	83105.522	95591.033	0	Acueducto-datos de la red 250
TEXT	\A1;{\W0.8;ACOMETIDA\P2.85-Ø4"-PVC\PA REMPLAZAR %%C%%C2"}	83096.35	95592.252	0	Acueducto-datos de la red 250
TEXT	\A1;{\W0.8;2.05-Ø6"-PVC}	83105.728	95579.901	0	Acueducto-datos de la red 250
TEXT	\A1;{\W0.8;1.72-Ø6"-PVC}	83105.148	95582.761	0	Acueducto-datos de la red 250
TEXT	\A1;\pxql;{\W0.8;EMPATE EN\PLINEA DE Ø6"}	83111.075	95586.489	0	Acueducto-datos de la red 250
TEXT	\A1;\pxql;{\W0.8;EMPATE EN\PLINEA DE Ø4"}	83126.061	95586.52	0	Acueducto-datos de la red 250
TEXT	\A1;{\W0.8;1.71-Ø4"-PVC}	83126.201	95583.081	0	Acueducto-datos de la red 250
TEXT	\A1;{\W0.8;71.92-Ø12"-PVC}	83119.463	95573.646	0	Acueducto-datos de la red 250
TEXT	\A1;{\W0.8;5.55-Ø12"-PVC}	83098.387	95574.164	0	Acueducto-datos de la red 250
TEXT	\A1;{\W0.8;56.68-Ø12"-PVC}	83094.034	95581.158	0	Acueducto-datos de la red 250
TEXT	\A1;\pxql;{\W0.8;ACOMETIDA
5.00-Ø2"-PVC\PCOTA DE CONEXIÓN}\P{\W0.8;2563.08}	83628.857	95869.63	0	Acueducto-datos de la red 250
TEXT	\A1;{\W0.8;1.90-Ø4"-HD}	83550.073	95862.939	0	Acueducto-datos de la red 250
TEXT	\A1;{\W0.8;4.27-Ø4"-PVC}	83551.654	95865.063	0	Acueducto-datos de la red 250
TEXT	\A1;{\W0.8;4.28-Ø4"-PVC}	83619.154	95851.429	0	Acueducto-datos de la red 250
TEXT	\A1;{\W0.8;1.89-Ø4"-HD}	83619.856	95850.03	0	Acueducto-datos de la red 250
TEXT	\A1;{\W0.8;ACOMETIDA
6.00-Ø2-PVC\PCOTA DE CONEXIÓN}\P{\W0.8;2552.18}	82867.821	95675.775	0	Acueducto-datos de la red 250
TEXT	\A1;{\W0.8;RED MATRIZ Ø24"}	82864.266	95640.206	0	Acueducto-datos de la red 250
TEXT	\A1;{\W0.8;1.90-Ø4"-HD}	82906.819	95655.446	0	Acueducto-datos de la red 250
TEXT	\A1;{\W0.8;4.28-Ø4"-PVC}	82906.503	95658.394	0	Acueducto-datos de la red 250
TEXT	\A1;\pxql;{\W0.8;VALVULA DE CIERRE\PPERMANENTE Ø8"}	82837.964	95628.313	0	Acueducto-datos de la red 250
TEXT	\A1;{\W0.8;HIDRANTE %%C4"}	82909.341	95651.027	0	Acueducto-datos de la red 250
TEXT	\A1;{\W0.8;HIDRANTE %%C4"}	82675.447	95683.856	0	Acueducto-datos de la red 250
TEXT	\A1;{\W0.8;HIDRANTE %%C4"}	82675.387	95708.282	0	Acueducto-datos de la red 250
TEXT	\A1;{\W0.8;HIDRANTE %%C4"}	83342.259	95937.365	0	Acueducto-datos de la red 250
TEXT	\A1;{\W0.8;VALVULA DE CIERRE\PPERMANENTE Ø8"}	82650.961	95708.249	0	Acueducto-datos de la red 250
TEXT	\A1;{\W0.8;1.89-Ø4"-HD}	82665.034	95683.257	0	Acueducto-datos de la red 250
TEXT	\A1;{\W0.8;4.01-Ø4"-PVC}	82664.285	95684.61	0	Acueducto-datos de la red 250
TEXT	\A1;{\W0.8;1.89-Ø4"-HD}	82674.927	95707.239	0	Acueducto-datos de la red 250
TEXT	\A1;{\W0.8;3.95-Ø4"-PVC}	82674.533	95715.74	0	Acueducto-datos de la red 250
TEXT	\A1;{\W0.8;4.00-Ø4"-PVC}	83341.429	95933.407	0	Acueducto-datos de la red 250
TEXT	\A1;{\W0.8;1.89-Ø4"-HD}	83342.096	95935.943	0	Acueducto-datos de la red 250
TEXT	\A1;{\W0.8;EMPATE EN LINEA DE Ø4"}	83315.172	95951.813	0	Acueducto-datos de la red 250
TEXT	\A1;{\W0.8;Ø4"-PVC-EXISTENTE}	83319.923	95956.001	0	Acueducto-datos de la red 250
TEXT	\A1;{\W0.8;HIDRANTE %%C4"}	83143.451	95946.492	0	Acueducto-datos de la red 250
TEXT	\A1;{\W0.8;1.89-Ø4"-HD}	83143.048	95949.748	0	Acueducto-datos de la red 250
TEXT	\A1;{\W0.8;4.01-Ø4"-PVC}	83142.55	95952.667	0	Acueducto-datos de la red 250
TEXT	\A1;{\W0.8;4.00-Ø4"-PVC}	82930.893	96007.127	0	Acueducto-datos de la red 250
TEXT	\A1;{\W0.8;1.89-Ø4"-HD}	82930.897	96005.651	0	Acueducto-datos de la red 250
TEXT	\A1;{\W1;(VCP)}	82842.703	95541.595	0	TEXTOS 5000
TEXT	\A1;{\W0.8;19.29-Ø8"-PVC}	83424.485	95404.816	0	Acueducto-datos de la red 1000
TEXT	\A1;{\W0.8;2.54-Ø6"-PVC}	82829.301	95216.005	0	Acueducto-datos de la red 1000
TEXT	\A1;{\W0.8;49.43-Ø12"-PVC}	83214.987	95583.15	0	Acueducto-datos de la red 250
TEXT	\A1;{\W0.8;85.75-Ø12"-PVC}	83001.3	95581.622	0	Acueducto-datos de la red 250
TEXT	\A1;{\W0.8;3.76-Ø6"-PVC}	83567.873	95865.036	0	Acueducto-datos de la red 250
TEXT	\A1;{\W0.8;4.65-Ø12"-PVC}	83564.296	95859.159	0	Acueducto-datos de la red 250
TEXT	\A1;{\W0.8;105.36-Ø8"-PVC}	83534.176	95876.79	0	Acueducto-datos de la red 250
TEXT	\A1;{\W0.8;3.23-Ø8"-PVC}	83548.792	95871.294	0	Acueducto-datos de la red 250
TEXT	\A1;{\W0.8;65.36-Ø8"-PVC}	83566.213	95878.61	0	Acueducto-datos de la red 250
TEXT	\A1;{\W0.8;6.13-Ø8"-PVC}	83560.83	95869.324	0	Acueducto-datos de la red 250
TEXT	\A1;{\W0.8;4.84-Ø8"-PVC}	83560.83	95867.987	0	Acueducto-datos de la red 250
TEXT	\A1;{\W0.8;HIDRANTE %%C4"}	83550.503	95858.587	0	Acueducto-datos de la red 250
TEXT	\A1;{\W0.8;HIDRANTE %%C4"}	83620.378	95848.295	0	Acueducto-datos de la red 250
TEXT	\A1;{\W0.8;2.26-Ø4"-PVC}	83625.193	95866.964	0	Acueducto-datos de la red 250
TEXT	\A1;{\W0.8;3.53-Ø6"-PVC}	83625.193	95865.743	0	Acueducto-datos de la red 250
TEXT	\A1;{\W0.8;3.52-Ø6"-PVC}	83624.361	95863.563	0	Acueducto-datos de la red 250
TEXT	\A1;{\W0.8;3.66-Ø6"-PVC}	83624.357	95858.107	0	Acueducto-datos de la red 250
TEXT	\A1;{\W0.8;4.32-Ø6"-PVC}	83622.892	95854.209	0	Acueducto-datos de la red 250
TEXT	\A1;{\W0.8;4.06-Ø6"-PVC}	83605.549	95854.335	0	Acueducto-datos de la red 250
TEXT	\A1;{\W0.8;4.94-Ø6"-PVC}	83602.454	95852.585	0	Acueducto-datos de la red 250
TEXT	\A1;{\W0.8;43.68-Ø6"-PVC}	83585.787	95857.545	0	Acueducto-datos de la red 250
TEXT	\A1;{\W0.8;71.92-Ø12"-PVC}	83166.295	95577.212	0	Acueducto-datos de la red 250
TEXT	\A1;{\W0.8;14.86-Ø12"-PVC}	83107.504	95574.178	0	Acueducto-datos de la red 250
TEXT	\A1;{\W0.8;2.05-Ø4"-PVC}	83126.201	95579.891	0	Acueducto-datos de la red 250
TEXT	\A1;{\W0.8;56.68-Ø12"-PVC}	83071.382	95580.802	0	Acueducto-datos de la red 250
TEXT	\A1;{\W0.8;15.42-Ø6"-PVC}	82903.303	95673.444	0	Acueducto-datos de la red 250
TEXT	\A1;{\W0.8;13.29-Ø6"-PVC}	82897.852	95661.759	0	Acueducto-datos de la red 250
TEXT	\A1;{\W0.8;12.74-Ø8"-PVC}	82877.271	95659.491	0	Acueducto-datos de la red 250
TEXT	\A1;{\W0.8;16.07-Ø8"-PVC}	82877.972	95646.762	0	Acueducto-datos de la red 250
TEXT	\A1;{\W0.8;7.48-Ø8"-PVC}	82885.763	95640.419	0	Acueducto-datos de la red 250
TEXT	\A1;{\W0.8;3.62-Ø8"-PVC}	82901.462	95638.162	0	Acueducto-datos de la red 250
TEXT	\A1;{\W0.8;1.81-Ø6"-PVC}	82903.374	95640.949	0	Acueducto-datos de la red 250
TEXT	\A1;{\W0.8;10.87-Ø6"-PVC}	82903.467	95647.986	0	Acueducto-datos de la red 250
TEXT	\A1;{\W0.8;12.39-Ø8"-PVC}	82888.479	95633.896	0	Acueducto-datos de la red 250
TEXT	\A1;{\W0.8;12.46-Ø8"-PVC}	82886.974	95620.626	0	Acueducto-datos de la red 250
TEXT	\A1;{\W0.8;6.10-Ø12"-PVC}	82843.938	95617.904	0	Acueducto-datos de la red 250
TEXT	\A1;{\W0.8;13.37-Ø12"-PVC}	82836.32	95625.133	0	Acueducto-datos de la red 250
TEXT	\A1;{\W0.8;4.82-Ø8"-PVC}	82835.608	95626.356	0	Acueducto-datos de la red 250
TEXT	\A1;{\W0.8;3.41-Ø8"-PVC}	82836.727	95630.093	0	Acueducto-datos de la red 250
TEXT	\A1;{\W0.8;13.41-Ø8"-PVC}	82841.496	95640.708	0	Acueducto-datos de la red 250
TEXT	\A1;{\W0.8;3.01-Ø8"-PVC}	82843.097	95646.108	0	Acueducto-datos de la red 250
TEXT	\A1;{\W0.8;11.61-Ø8"-PVC}	82829.684	95651.751	0	Acueducto-datos de la red 250
TEXT	\A1;{\W0.8;10.43-Ø8"-PVC}	82847.373	95651.979	0	Acueducto-datos de la red 250
TEXT	\A1;{\W0.8;7.27-Ø8"-PVC}	82844.675	95661.339	0	Acueducto-datos de la red 250
TEXT	\A1;{\W0.8;6.11-Ø8"-PVC}	82862.639	95667.321	0	Acueducto-datos de la red 250
TEXT	\A1;{\W0.8;12.73-Ø8"-PVC}	82854.822	95663.604	0	Acueducto-datos de la red 250
TEXT	\A1;{\W0.8;10.90-Ø8"-PVC}	82867.813	95673.653	0	Acueducto-datos de la red 250
TEXT	\A1;{\W0.8;RED MATRIZ 24"}	82685.938	95710.915	0	Acueducto-datos de la red 250
TEXT	\A1;{\W0.8;34.52-Ø12"-PVC}	82683.978	95685.335	0	Acueducto-datos de la red 250
TEXT	\A1;{\W0.8;6.57-Ø12"-PVC}	82683.496	95687.503	0	Acueducto-datos de la red 250
TEXT	\A1;{\W0.8;10.42-Ø12"-PVC}	82684.312	95694.1	0	Acueducto-datos de la red 250
TEXT	\A1;{\W0.8;4.72-Ø12"-PVC}	82676.942	95694.017	0	Acueducto-datos de la red 250
TEXT	\A1;{\W0.8;2.67-Ø12"-PVC}	82664.017	95692.471	0	Acueducto-datos de la red 250
TEXT	\A1;{\W0.8;2.47-Ø12"-PVC}	82659.784	95686.066	0	Acueducto-datos de la red 250
TEXT	\A1;{\W0.8;4.86-Ø8"-PVC}	82669.432	95724.362	0	Acueducto-datos de la red 250
TEXT	\A1;{\W0.8;2.64-Ø8"-PVC}	82659.608	95715.743	0	Acueducto-datos de la red 250
TEXT	\A1;{\W0.8;8.15-Ø8"-PVC}	82665.771	95719.263	0	Acueducto-datos de la red 250
TEXT	\A1;{\W0.8;3.96-Ø8"-PVC}	82659.635	95713.992	0	Acueducto-datos de la red 250
TEXT	\A1;{\W0.8;9.87-Ø12"-PVC}	82657.08	95690.373	0	Acueducto-datos de la red 250
TEXT	\A1;{\W0.8;4.67-Ø8"-PVC}	82650.737	95704.198	0	Acueducto-datos de la red 250
TEXT	\A1;{\W0.8;9.22-Ø8"-PVC}	82655.554	95709.96	0	Acueducto-datos de la red 250
TEXT	\A1;{\W0.8;1.82-Ø8"-PVC}	82647.584	95701.167	0	Acueducto-datos de la red 250
TEXT	\A1;{\W0.8;73.85-Ø6"-PVC}	83171.612	95960.329	0	Acueducto-datos de la red 250
TEXT	\A1;{\W0.8;83.55-Ø6"-PVC}	83147.473	95966.581	0	Acueducto-datos de la red 250
TEXT	\A1;{\W0.8;3.58-Ø6"-PVC}	83163.5	95957.306	0	Acueducto-datos de la red 250
TEXT	\A1;{\W0.8;2.33-Ø6"-PVC}	83151.981	95953.11	0	Acueducto-datos de la red 250
TEXT	\A1;{\W0.8;3.78-Ø6"-PVC}	83151.068	95954.763	0	Acueducto-datos de la red 250
TEXT	\A1;{\W0.8;1.99-Ø6"-PVC}	83145.139	95960.802	0	Acueducto-datos de la red 250
TEXT	\A1;{\W0.8;3.53-Ø6"-PVC}	83143.238	95959.09	0	Acueducto-datos de la red 250
TEXT	\A1;{\W0.8;5.53-Ø6"-PVC}	83139.33	95957.45	0	Acueducto-datos de la red 250
TEXT	\A1;{\W0.8;89.57-Ø6"-PVC}	83130.646	95949.21	0	Acueducto-datos de la red 250
TEXT	\A1;{\W0.8;4.95-Ø6"-PVC}	83135.79	95954.579	0	Acueducto-datos de la red 250
TEXT	\A1;{\W0.8;17.56-Ø8"-PVC}	83335.82	95947.85	0	Acueducto-datos de la red 250
TEXT	\A1;{\W0.8;1.78-Ø8"-PVC}	83331.276	95937.205	0	Acueducto-datos de la red 250
TEXT	\A1;{\W0.8;3.19-Ø8"-PVC}	83331.755	95940.737	0	Acueducto-datos de la red 250
TEXT	\A1;{\W0.8;9.36-Ø8"-PVC}	83344.562	95938.066	0	Acueducto-datos de la red 1000
TEXT	\A1;{\W0.8;9.36-Ø8"-PVC}	83335.028	95926.837	0	Acueducto-datos de la red 250
TEXT	\A1;{\W0.8;4.39-Ø8"-PVC}	83328.558	95928.522	0	Acueducto-datos de la red 250
TEXT	\A1;{\W0.8;4.33-Ø8"-PVC}	83324.341	95930.768	0	Acueducto-datos de la red 250
TEXT	\A1;{\W0.8;16.32-Ø8"-PVC}	83304.42	95949.129	0	Acueducto-datos de la red 250
TEXT	\A1;{\W0.8;3.68-Ø8"-PVC}	83321.473	95934.508	0	Acueducto-datos de la red 250
TEXT	\A1;{\W0.8;3.84-Ø8"-PVC}	83315.187	95950.644	0	Acueducto-datos de la red 250
TEXT	\A1;{\W0.8;15.54-Ø8"-PVC}	83315.421	95943.634	0	Acueducto-datos de la red 250
TEXT	\A1;{\W0.8;19.34-Ø6"-PVC}	82938.938	96013.64	0	Acueducto-datos de la red 250
TEXT	\A1;{\W0.8;HIDRANTE %%C4"}	82930.471	96003.56	0	Acueducto-datos de la red 250
TEXT	\A1;{\W0.8;5.22-Ø6"-PVC}	82931.265	96008.835	0	Acueducto-datos de la red 250
TEXT	\A1;{\W0.8;2.69-Ø6"-PVC}	82921.744	96012.706	0	Acueducto-datos de la red 250
TEXT	\A1;{\W0.8;3.78-Ø6"-PVC}	82921.552	96014.891	0	Acueducto-datos de la red 250
TEXT	\A1;{\W0.8;7.11-Ø12"-PVC}	83091.811	95523.869	0	Acueducto-datos de la red 1000
TEXT	\A1;{\W0.8;HIDRANTE Ø4"}	83128.843	95930.328	0	Acueducto-datos de la red 1000
TEXT	\A1;{\W0.8;HIDRANTE Ø4"}	83087.011	95876.205	0	Acueducto-datos de la red 1000
TEXT	\A1;{\W0.8;HIDRANTE Ø4"}	83033.041	95806.411	0	Acueducto-datos de la red 1000
TEXT	\A1;{\W0.8;HIDRANTE Ø4"}	82969.153	95727.259	0	Acueducto-datos de la red 1000
TEXT	\A1;\pxql;{\W0.8;Cámara especial para válvula\PReductora de presión VRP No. 2 \P(PARA ANILLO COSTADO SUR) \PVER DETALLE D12 PLANO 10/13}	83057.403	95502.866	0	Acueducto-datos de la red 1000
TEXT	\A1;{\W0.8;Cámara especial para válvula\PReductora de presión VRP No. 2 \P(PARA ANILLO COSTADO SUR)\PVER DETALLE D12 PLANO 10/13}	82942.429	95511.831	0	Acueducto-datos de la red 250
TEXT	\A1;{\W0.8;15.43-Ø12"-PVC}	83645.782	95431.269	0	Acueducto-datos de la red 1000
TEXT	\pxi-3,l4,ql,t4;{\W0.85;RED MATRIZ DE 24" WSP\PSALIDA No.3\PDERIVACION DE Ø24x18"\P(ALIMENTACIÓN ANILLOS\P\pi0,l0,q*,tz;NORTE Y SUR)}	82926.056	95508.016	0	Acueducto-datos de la red 250
TEXT	K0+020	82925.639	95533.757	0	ABSISADO_1000 COLILLA
TEXT	K0+000	82902.9	95527.075	0	ABSISADO_1000 COLILLA
TEXT	K0+010	82915.613	95533.757	0	ABSISADO_1000 COLILLA
TEXT	\A1;{\W0.8;49.00-Ø8"-PVC}	82921.437	95514.905	0	Acueducto-datos de la red 250
TEXT	\A1;{\W0.8;2.05-Ø8"-PVC}	82919.934	95520.831	0	Acueducto-datos de la red 250
TEXT	\A1;{\W0.8;3.87-Ø8"-PVC}	82926.033	95381.334	0	Acueducto-datos de la red 1000
TEXT	\A1;{\W0.8;3.79-Ø8"-PVC}	83264.007	95354.855	0	Acueducto-datos de la red 1000
TEXT	\A1;{\W0.8;1.85-Ø8"-PVC}	83646.828	95583.392	0	Acueducto-datos de la red 1000
TEXT	\A1;{\W0.8;2.44-Ø8"-PVC}	83558.628	96025.644	0	Acueducto-datos de la red 1000
TEXT	\A1;{\W0.8;1.81-Ø8"-PVC}	83566.109	95887.022	0	Acueducto-datos de la red 1000
TEXT	\A1;{\W0.8;2.32-Ø12"-PVC}	83001.545	95277.632	0	Acueducto-datos de la red 1000
TEXT	\A1;{\W0.8;5.59-Ø12"-PVC}	83635.623	95043.691	0	Acueducto-datos de la red 1000
TEXT	\A1;{\W0.8;3.07-Ø12"-PVC}	83236.792	95313.709	0	Acueducto-datos de la red 1000
TEXT	\A1;{\W0.8;3.05-Ø12"-PVC}	83233.986	95310.335	0	Acueducto-datos de la red 1000
TEXT	\A1;{\W0.8;2.34-Ø12"-PVC}	83232.181	95306.793	0	Acueducto-datos de la red 1000
TEXT	\A1;{\W0.8;7.47-Ø12"-PVC}	83185.837	95291.195	0	Acueducto-datos de la red 1000
TEXT	\A1;{\W0.8;8.35-Ø8"-PVC}	83026.433	95263.109	0	Acueducto-datos de la red 1000
TEXT	\A1;{\W0.8;3.73-Ø8"-PVC}	83644.055	95329.274	0	Acueducto-datos de la red 1000
TEXT	\A1;{\W0.8;14.99-Ø8"-PVC}	83563.808	95279.729	0	Acueducto-datos de la red 1000
TEXT	\A1;{\W0.8;3.74-Ø8"-PVC}	83497.652	95138.281	0	Acueducto-datos de la red 1000
TEXT	\A1;{\W0.8;56.35-Ø8"-PVC}	83574.829	95230.973	0	Acueducto-datos de la red 1000
TEXT	\A1;{\W0.8;4.29-Ø8"-PVC}	83129.566	95528.789	0	Acueducto-datos de la red 1000
TEXT	\A1;{\W0.8;4.22-Ø12"-PVC}	83550.445	95514.806	0	Acueducto-datos de la red 1000
TEXT	\A1;{\W0.8;2.11-Ø12"-PVC}	83572.047	95533.609	0	Acueducto-datos de la red 1000
TEXT	\A1;{\W0.8;3.09-Ø12"-PVC}	83569.015	95538.789	0	Acueducto-datos de la red 1000
TEXT	\A1;{\W0.8;0.86-Ø8"-PVC}	82919.689	95525.772	0	Acueducto-datos de la red 250
TEXT	\A1;{\W0.8;21.10-Ø12"-PVC}	82558.999	95569.072	0	Acueducto-datos de la red 1000
TEXT	\A1;{\W0.8;2.52-Ø6"-PVC}	82933.148	95993.157	0	Acueducto-datos de la red 1000
TEXT	\A1;{\W0.8;4.86-Ø8"-PVC}	82657.213	95744.638	0	Acueducto-datos de la red 1000
TEXT	\A1;{\W0.8;3.72-Ø12"-PVC}	82771.54	95643.632	0	Acueducto-datos de la red 1000
TEXT	\A1;{\W0.8;12.73-Ø8"-PVC}	82836.019	95674.027	0	Acueducto-datos de la red 1000
TEXT	\A1;{\W0.8;2.91-Ø8"-PVC}	82836.73	95644.626	0	Acueducto-datos de la red 1000
TEXT	\A1;{\W0.8;4.82-Ø8"-PVC}	82856.862	95624.012	0	Acueducto-datos de la red 1000
TEXT	\A1;{\W0.8;6.10-Ø12"-PVC}	82814.139	95608.911	0	Acueducto-datos de la red 1000
TEXT	\A1;{\W0.8;5.36-Ø12"-PVC}	82839.012	95551.944	0	Acueducto-datos de la red 1000
TEXT	\A1;{\W0.8;5.49-Ø12"-PVC}	82838.919	95559.657	0	Acueducto-datos de la red 1000
TEXT	\A1;{\W0.8;7.36-Ø12"-PVC}	82881.92	95554.259	0	Acueducto-datos de la red 250
TEXT	\A1;{\W0.8;4.99-Ø8"-PVC}	82889.522	95566.176	0	Acueducto-datos de la red 250
TEXT	\A1;{\W0.8;17.23-Ø8"-PVC}	82895.989	95610.449	0	Acueducto-datos de la red 1000
TEXT	\A1;{\W0.8;3.84-Ø8"-PVC}	83305.563	95934.275	0	Acueducto-datos de la red 1000
TEXT	\A1;{\W0.8;2.83-Ø6"-PVC}	83432.598	95891.97	0	Acueducto-datos de la red 1000
TEXT	\A1;{\W0.8;3.52-Ø6"-PVC}	83629.479	95862.804	0	Acueducto-datos de la red 1000
TEXT	\A1;{\W0.8;4.32-Ø6"-PVC}	83622.933	95845.08	0	Acueducto-datos de la red 1000
TEXT	\A1;{\W0.8;9.31-Ø12"-HD}	82927.099	95534.128	0	Acueducto-datos de la red 250
TEXT	\A1;{\W0.8;3.29-Ø12"-HD}	82911.854	95541.517	0	Acueducto-datos de la red 250
TEXT	\A1;{\W0.8;4.21-Ø12"-PVC}	82913.159	95531.648	0	Acueducto-datos de la red 250
TEXT	\A1;{\W0.8;4.33-Ø12"-PVC}	82914.216	95510.012	0	Acueducto-datos de la red 1000
TEXT	\A1;{\W0.8;4.22-Ø12"-PVC}	82913.525	95514.581	0	Acueducto-datos de la red 1000
TEXT	\A1;{\W0.8;19.81-Ø12"-PVC}	82917.923	95595.212	0	Acueducto-datos de la red 1000
TEXT	\A1;{\W0.8;18.09-Ø12"-HD}	82906.463	95568.594	0	Acueducto-datos de la red 1000
TEXT	\A1;{\W0.8;3.29-Ø12"-HD}	82913.432	95550.713	0	Acueducto-datos de la red 1000
TEXT	\A1;{\W0.8;17.43-Ø12"-HD}	82914.789	95545.942	0	Acueducto-datos de la red 1000
TEXT	\A1;{\W0.8;4.22-Ø12"-PVC}	82916.094	95532.825	0	Acueducto-datos de la red 250
TEXT	\A1;{\W0.8;4.33-Ø12"-PVC}	82920.719	95524.706	0	Acueducto-datos de la red 250
TEXT	\A1;{\W0.8;1.37-Ø12"-HD}	82931.784	95520.876	0	Acueducto-datos de la red 250
TEXT	\A1;{\W0.8;3.80-Ø12"-PVC}	83514.199	95592.311	0	Acueducto-datos de la red 1000
TEXT	\A1;{\W0.8;3.62-Ø8"-PVC}	82909.507	95634.734	0	Acueducto-datos de la red 1000
TEXT	\A1;{\W0.8;1.81-Ø8"-PVC}	82910.942	95644.088	0	Acueducto-datos de la red 1000
TEXT	\A1;{\W0.8;7.48-Ø8"-PVC}	82866.028	95638.664	0	Acueducto-datos de la red 1000
TEXT	\A1;{\W0.8;16.07-Ø8"-PVC}	82859.728	95644.571	0	Acueducto-datos de la red 1000
TEXT	\A1;{\W0.8;12.74-Ø8"-PVC}	82876.878	95663.853	0	Acueducto-datos de la red 1000
TEXT	\A1;{\W0.8;11.61-Ø8"-PVC}	82828.458	95675.303	0	Acueducto-datos de la red 1000
TEXT	\A1;{\W0.8;28.85-Ø8"-PVC}	82808.98	95672.523	0	Acueducto-datos de la red 1000
TEXT	\A1;{\W0.8;18.48-Ø8"-PVC}	82776.707	95695.267	0	Acueducto-datos de la red 1000
TEXT	\A1;{\W0.8;6.30-Ø8"-PVC}	82716.195	95713.379	0	Acueducto-datos de la red 1000
TEXT	\A1;{\W0.8;7.16-Ø8"-PVC}	82713.527	95721.205	0	Acueducto-datos de la red 1000
TEXT	\A1;{\W0.8;5.98-Ø8"-PVC}	82706.574	95728.38	0	Acueducto-datos de la red 1000
TEXT	\A1;{\W0.8;20.12-Ø8"-PVC}	82704.538	95741.356	0	Acueducto-datos de la red 1000
TEXT	\A1;{\W0.8;5.80-Ø8"-PVC}	82710.265	95762.265	0	Acueducto-datos de la red 1000
TEXT	\A1;{\W0.8;29.55-Ø8"-PVC}	82662.575	95745.2	0	Acueducto-datos de la red 1000
TEXT	\A1;{\W0.8;24.68-Ø8"-PVC}	82791.408	95688.107	0	Acueducto-datos de la red 1000
TEXT	\A1;Ø8" PVC	82751.956	95728.219	0	TEXTOS 5000
TEXT	\A1;{\W0.8;54.71-Ø8"-PVC}	82751.312	95704.16	0	Acueducto-datos de la red 1000
TEXT	\A1;{\W1;(VCP)}	82596.01	95717.069	0	TEXTOS 5000
TEXT	\A1;{\W0.8;VALVULA DE CIERRE PERMANENTE}	82606.178	95711.688	0	Acueducto-datos de la red 1000
TEXT	\A1;{\W0.8;VALVULA DE CIERRE\PPERMANENTE}	82884.112	95556.826	0	Acueducto-datos de la red 250
TEXT	\A1;{\W0.8;VALVULA DE CIERRE \PPERMANENTE}	82866.48	95545.014	0	Acueducto-datos de la red 1000
TEXT	\A1;{\W1;(VCP)}	82795.279	95613.844	0	TEXTOS 5000
TEXT	\A1;{\W0.8;VALVULA DE CIERRE\PPERMANENTE}	82850.773	95630.102	0	Acueducto-datos de la red 1000
TEXT	\A1;{\W0.8;EMPATE EN LINEA DE Ø6"}	83086.596	95593.385	0	Acueducto-datos de la red 1000
TEXT	\A1;Ø8" PVC	83654.407	95557.649	0	TEXTOS 5000
TEXT	\A1;Ø12" PVC	83418.379	95604.877	0	TEXTOS 5000
TEXT	\A1;{\W0.8;5.06-Ø12"-PVC}	82916.997	95569.994	0	Acueducto-datos de la red 250
TEXT	\A1;{\W0.8;6.63-Ø12"-PVC}	82925.596	95591.337	0	Acueducto-datos de la red 1000
TEXT	\A1;{\W0.8;22.33-Ø12"-HD}	82913.229	95554.108	0	Acueducto-datos de la red 1000
TEXT	\A1;{\W0.8;22.33-Ø12"-HD}	82903.25	95550.985	0	Acueducto-datos de la red 250
TEXT	\A1;{\W0.8;17.43-Ø12"-HD}	82919.578	95539.814	0	Acueducto-datos de la red 250
TEXT	\A1;{\W0.8;CÁMARA PARA\PVÁLVULA Ø12"}	82936.036	95550.51	0	Acueducto-datos de la red 1000
TEXT	\A1;{\W0.8;CÁMARA PARA\PVÁLVULA Ø12"}	82932.81	95504.672	0	Acueducto-datos de la red 1000
TEXT	\A1;{\W0.8;CÁMARA PARA\PVÁLVULA Ø12"}	82931.836	95522.837	0	Acueducto-datos de la red 250
TEXT	\A1;{\W0.8;CÁMARA PARA\PVÁLVULA Ø12"}	82932.029	95526.279	0	Acueducto-datos de la red 250
TEXT	\A1;{\W0.8;8.13-Ø12"-PVC}	82937.762	95545.544	0	Acueducto-datos de la red 1000
TEXT	\A1;{\W0.8;6.19-Ø12"-PVC}	82939.58	95531.609	0	Acueducto-datos de la red 250
TEXT	\A1;{\W0.8;6.63-Ø12"-PVC}	82926.719	95582.695	0	Acueducto-datos de la red 250
TEXT	\A1;{\W0.8;Ø18"-WSP}	82915.841	95522.12	0	Acueducto-datos de la red 250
TEXT	\A1;{\W0.8;ACOMETIDA
5.00-Ø4"-PVC\PCOTACONEXIÓN\P2550.00} 	83271.939	95957.071	0	Acueducto-datos de la red 1000
TEXT	\A1;{\W0.8;13.41-Ø8"-PVC}	82833.489	95641.168	0	Acueducto-datos de la red 1000
TEXT	\A1;{\W0.8;12.90-Ø8"-PVC}	83261.971	95965.293	0	Acueducto-datos de la red 1000
TEXT	\A1;{\W0.8;36.7-Ø12"-PVC}	82952.233	95533.199	0	Acueducto-datos de la red 250
TEXT	\A1;{\W0.8;12.09-Ø12"-HD}	82944.99	95514.887	0	Acueducto-datos de la red 1000
TEXT	\A1;{\W0.8;9.34-Ø8"-PVC}	82872.351	95576.277	0	Acueducto-datos de la red 1000
TEXT	\A1;{\W0.8;11.45-Ø12"-PVC}	82855.994	95538.718	0	Acueducto-datos de la red 1000
TEXT	\A1;{\W0.8;24.77-Ø12"-PVC}	82886.494	95508.557	0	Acueducto-datos de la red 1000
TEXT	\A1;{\W0.8;16.87-Ø12"-PVC}	82861.934	95527.98	0	Acueducto-datos de la red 1000
TEXT	\A1;{\W0.8;16.78-Ø12"-PVC}	82840.18	95569.908	0	Acueducto-datos de la red 1000
TEXT	\A1;{\W0.8;10.85-Ø12"-PVC}	82836.296	95575.891	0	Acueducto-datos de la red 1000
TEXT	\A1;\pxql;{\W0.8;Cámara especial para válvula\PReductora de presión VRP No. 1 \P(PARA ANILLO COSTADO NORTE) \PVER DETALLE D01 PLANO 09/13}	82991.003	95603.789	0	Acueducto-datos de la red 1000
TEXT	\A1;{\W0.8;ACOMETIDA
6.59-Ø3"-PVC\PCOTA DE CONEXIÓN\P2552.52} 	82840.578	95577.693	0	Acueducto-datos de la red 1000
TEXT	\A1;\pxql;{\W0.8;CÁMARA ESPECIAL\PPARA MACROMEDIDOR }	83003.663	95497.036	0	Acueducto-datos de la red 1000
TEXT	\A1;{\W0.8;17.23-Ø8"-PVC}	82885.233	95605.301	0	Acueducto-datos de la red 250
TEXT	\A1;{\W0.8;19.18-Ø8"-PVC}	82894.71	95596.781	0	Acueducto-datos de la red 1000
TEXT	\A1;{\W0.8;14.21-Ø12"-PVC}	82885.686	95563.82	0	Acueducto-datos de la red 250
TEXT	\A1;{\W0.8;2.23-Ø12"-PVC}	82937.558	95572.525	0	Acueducto-datos de la red 250
TEXT	\A1;{\W0.8;8.59-Ø12"-PVC}	82933.095	95564.055	0	Acueducto-datos de la red 250
TEXT	\A1;{\W0.8;31.38-Ø12"-PVC}	82920.215	95562.914	0	Acueducto-datos de la red 250
TEXT	\A1;{\W0.8;30.11-Ø12"-PVC}	82943.092	95576.54	0	Acueducto-datos de la red 250
TEXT	\A1;Ø6" PVC	82869.88	95371.064	0	TEXTOS 5000
TEXT	\A1;Ø12" PVC	82886.031	95405.649	0	TEXTOS 5000
TEXT	\A1;{\W0.8;3.83-Ø8"-PVC}	83030.94	95296.22	0	Acueducto-datos de la red 1000
TEXT	\A1;{\W0.8;3.61-Ø8"-PVC}	83035.119	95302.338	0	Acueducto-datos de la red 1000
TEXT	\A1;{\W0.8;8.21-Ø8"-PVC}	83264.155	95351.492	0	Acueducto-datos de la red 1000
TEXT	\A1;{\W0.8;12.15-Ø12"-PVC}	83440.575	95548.6	0	Acueducto-datos de la red 1000
TEXT	\A1;{\W0.8;2.98-Ø12"-PVC}	83400.834	95529.963	0	Acueducto-datos de la red 1000
TEXT	\A1;{\W0.8;14.45-Ø12"-PVC}	83091.811	95528.103	0	Acueducto-datos de la red 1000
TEXT	\A1;{\W0.8;8.13-Ø12"-PVC}	82933.14	95528.489	0	Acueducto-datos de la red 250
TEXT	\A1;{\W0.8;12.09-Ø12"-HD}	82942.278	95515.511	0	Acueducto-datos de la red 250
TEXT	\A1;{\W0.8;12.25-Ø12"-HD}	82945.089	95522.318	0	Acueducto-datos de la red 250
TEXT	\A1;{\W0.8;4.22-Ø12"-PVC}	82925.112	95531.853	0	Acueducto-datos de la red 250
TEXT	\A1;{\W0.8;1.81-Ø8"-PVC}	82885.062	95392.294	0	Acueducto-datos de la red 1000
TEXT	\A1;{\W0.8;11.64-Ø12"-PVC}	82889.181	95490.126	0	Acueducto-datos de la red 1000
TEXT	\A1;{\W0.8;1.82-Ø8"-PVC}	82641.796	95698.491	0	Acueducto-datos de la red 1000
TEXT	\A1;{\W0.8;2.92-Ø6"-PVC}	83036.624	95998.712	0	Acueducto-datos de la red 1000
TEXT	\A1;{\W0.8;5.22-Ø6"-PVC}	82931.932	96009.069	0	Acueducto-datos de la red 1000
TEXT	\A1;{\W0.8;2.85-Ø6"-PVC}	82931.177	96022.568	0	Acueducto-datos de la red 1000
TEXT	\A1;{\W0.8;2.69-Ø6"-PVC}	82919.666	95989.674	0	Acueducto-datos de la red 1000
TEXT	\A1;{\W0.8;3.78-Ø6"-PVC}	82915.031	95985.918	0	Acueducto-datos de la red 1000
TEXT	\A1;{\W0.8;5.26-Ø10"-PVC}	82908.234	96036.301	0	Acueducto-datos de la red 1000
TEXT	\A1;{\W0.8;4.96-Ø8"-PVC}	82822.105	95941.979	0	Acueducto-datos de la red 1000
TEXT	\A1;{\W0.8;2.64-Ø8"-PVC}	82656.86	95725.978	0	Acueducto-datos de la red 1000
TEXT	\A1;{\W0.8;3.96-Ø8"-PVC}	82655.768	95721.275	0	Acueducto-datos de la red 1000
TEXT	\A1;{\W0.8;9.21-Ø8"-PVC}	82646.844	95715.721	0	Acueducto-datos de la red 1000
TEXT	\A1;{\W0.8;2.47-Ø12"-PVC}	82655.776	95674.942	0	Acueducto-datos de la red 1000
TEXT	\A1;{\W0.8;2.67-Ø12"-PVC}	82669.108	95697.709	0	Acueducto-datos de la red 1000
TEXT	\A1;{\W0.8;4.72-Ø12"-PVC}	82675.129	95680.248	0	Acueducto-datos de la red 1000
TEXT	\A1;{\W0.8;3.78-Ø12"-PVC}	82701.781	95672.87	0	Acueducto-datos de la red 1000
TEXT	\A1;{\W0.8;5.82-Ø12"-PVC}	82704.449	95695.347	0	Acueducto-datos de la red 1000
TEXT	\A1;{\W0.8;5.49-Ø6"-PVC}	82865.832	95560.158	0	Acueducto-datos de la red 250
TEXT	\A1;{\W0.8;9.34-Ø8"-PVC}	82894.355	95576.171	0	Acueducto-datos de la red 250
TEXT	\A1;{\W0.8;3.78-Ø6"-PVC}	83160.777	95940.222	0	Acueducto-datos de la red 1000
TEXT	\A1;{\W0.8;2.33-Ø6"-PVC}	83162.784	95948.755	0	Acueducto-datos de la red 1000
TEXT	\A1;{\W0.8;3.58-Ø6"-PVC}	83163.601	95960.597	0	Acueducto-datos de la red 1000
TEXT	\A1;{\W0.8;1.23-Ø8"-PVC}	83086.062	96021.824	0	Acueducto-datos de la red 1000
TEXT	\A1;{\W0.8;4.15-Ø6"-PVC}	83423.569	95950.58	0	Acueducto-datos de la red 1000
TEXT	\A1;{\W0.8;4.39-Ø8"-PVC}	83332.425	95923.102	0	Acueducto-datos de la red 1000
TEXT	\A1;{\W0.8;4.33-Ø8"-PVC}	83303.792	95926.149	0	Acueducto-datos de la red 1000
TEXT	\A1;{\W0.8;3.68-Ø8"-PVC}	83344.341	95944.443	0	Acueducto-datos de la red 1000
TEXT	\A1;{\W0.8;1.78-Ø8"-PVC}	83344.968	95948.642	0	Acueducto-datos de la red 1000
TEXT	\A1;{\W0.8;5.59-Ø8"-PVC}	83469.407	96026.582	0	Acueducto-datos de la red 1000
TEXT	\A1;{\W0.8;6.59-Ø8"-PVC}	83464.657	96022.664	0	Acueducto-datos de la red 1000
TEXT	\A1;{\W0.8;6.51-Ø8"-PVC}	83464.219	96015.778	0	Acueducto-datos de la red 1000
TEXT	\A1;{\W0.8;3.57-Ø6"-PVC}	83600.581	96226.669	0	Acueducto-datos de la red 1000
TEXT	\A1;{\W0.8;6.78-Ø4"-PVC}	83561.26	96055.284	0	Acueducto-datos de la red 1000
TEXT	\A1;{\W0.8;6.84-Ø8"-PVC}	83602.47	96033.162	0	Acueducto-datos de la red 1000
TEXT	\A1;{\W0.8;3.81-Ø12"-PVC}	83546.452	95524.427	0	Acueducto-datos de la red 1000
TEXT	\A1;{\W0.8;8.96-Ø12"-PVC}	83684.608	95342.179	0	Acueducto-datos de la red 1000
TEXT	\A1;{\W0.8;8.09-Ø12"-PVC}	83685.251	95196.119	0	Acueducto-datos de la red 1000
TEXT	\A1;{\W0.8;3.83-Ø12"-PVC}	83596.291	95016.18	0	Acueducto-datos de la red 1000
TEXT	\A1;{\W0.8;6.44-Ø12"-PVC}	83601.821	95024.391	0	Acueducto-datos de la red 1000
TEXT	\A1;{\W0.8;4.55-Ø12"-PVC}	83602.976	95028.456	0	Acueducto-datos de la red 1000
TEXT	\A1;{\W0.8;42.81-Ø8"-PVC}	83643.35	95306.908	0	Acueducto-datos de la red 1000
TEXT	\A1;{\W0.8;63.78-Ø8"-PVC}	83614.257	95274.075	0	Acueducto-datos de la red 1000
TEXT	\A1;{\W0.8;12.50-Ø8"-PVC}	83341.828	95471.12	0	Acueducto-datos de la red 1000
TEXT	\A1;{\W0.8;3.98-Ø8"-PVC}	83262.423	95370.003	0	Acueducto-datos de la red 1000
TEXT	\A1;{\W0.8;4.65-Ø6"-PVC}	83163.654	95075.776	0	Acueducto-datos de la red 1000
TEXT	\A1;{\W0.8;6.57-Ø12"-PVC}	82990.806	95232.065	0	Acueducto-datos de la red 1000
TEXT	\A1;{\W0.8;3.36-Ø12"-PVC}	83287.866	95262.373	0	Acueducto-datos de la red 1000
TEXT	\A1;{\W0.8;16.29-Ø12"-PVC}	83131.722	95197.184	0	Acueducto-datos de la red 1000
TEXT	\A1;{\W0.8;3.53-Ø8"-PVC}	83106.473	95208.997	0	Acueducto-datos de la red 1000
TEXT	\A1;{\W0.8;4.77-Ø8"-PVC}	83106.226	95204.741	0	Acueducto-datos de la red 1000
TEXT	\A1;{\W0.8;5.72-Ø8"-PVC}	83106.302	95201.167	0	Acueducto-datos de la red 1000
TEXT	\A1;{\W0.8;5.78-Ø8"-PVC}	83033.197	95268.448	0	Acueducto-datos de la red 1000
TEXT	\A1;{\W0.8;2.72-Ø12"-PVC}	82885.532	95438.1	0	Acueducto-datos de la red 1000
TEXT	\A1;{\W0.8;3.62-Ø6"-PVC}	82783.65	95238.716	0	Acueducto-datos de la red 1000
TEXT	\A1;{\W0.8;3.09-Ø6"-PVC}	82827.919	95208.232	0	Acueducto-datos de la red 1000
TEXT	\A1;{\W0.8;4.75-Ø8"-PVC}	82897.821	95400.391	0	Acueducto-datos de la red 1000
TEXT	\A1;{\W0.8;9.83-Ø8"-PVC}	82925.33	95384.199	0	Acueducto-datos de la red 1000
TEXT	\A1;{\W0.8;14.25-Ø6"-PVC}	82895.331	95392.415	0	Acueducto-datos de la red 1000
TEXT	\A1;{\W0.8;73.67-Ø6"-PVC}	82986.763	95760.923	0	Acueducto-datos de la red 1000
TEXT	\A1;{\W0.8;25.54-Ø6"-PVC}	83019.755	95802.857	0	Acueducto-datos de la red 1000
TEXT	\A1;{\W0.8;6.57-Ø12"-PVC}	82692.465	95699.5	0	Acueducto-datos de la red 1000
TEXT	\A1;{\W0.8;10.41-Ø12"-PVC}	82684.332	95684.574	0	Acueducto-datos de la red 1000
TEXT	\A1;{\W0.8;9.87-Ø12"-PVC}	82685.829	95700.942	0	Acueducto-datos de la red 1000
TEXT	\A1;{\W0.8;20.23-Ø12"-PVC}	82815.119	95628.153	0	Acueducto-datos de la red 1000
TEXT	\A1;{\W0.8;89.57-Ø6"-PVC}	83116.975	95914.077	0	Acueducto-datos de la red 1000
TEXT	\A1;{\W0.8;4.95-Ø6"-PVC}	83127.919	95952.715	0	Acueducto-datos de la red 1000
TEXT	\A1;{\W0.8;5.53-Ø6"-PVC}	83129.723	95960.911	0	Acueducto-datos de la red 1000
TEXT	\A1;{\W0.8;3.53-Ø6"-PVC}	83178.159	95930.812	0	Acueducto-datos de la red 1000
TEXT	\A1;{\W0.8;2.87-Ø12"-PVC}	82399.008	95429.357	0	Acueducto-datos de la red 1000
TEXT	\A1;{\W0.8;26.50-Ø10"-PVC}	82900.375	96028.706	0	Acueducto-datos de la red 1000
TEXT	\A1;{\W0.8;26.27-Ø6"-PVC}	83025.811	96008.604	0	Acueducto-datos de la red 1000
TEXT	\A1;{\W0.8;1.49-Ø8"-PVC}	83082.042	96012.719	0	Acueducto-datos de la red 1000
TEXT	\A1;{\W0.8;4.93-Ø8"-PVC}	83096.581	96016.814	0	Acueducto-datos de la red 1000
TEXT	\A1;{\W0.8;5.88-Ø8"-PVC}	83101.307	96008.672	0	Acueducto-datos de la red 1000
TEXT	\A1;{\W0.8;3.23-Ø6"-PVC}	83410.475	95927.999	0	Acueducto-datos de la red 1000
TEXT	\A1;{\W0.8;3.12-Ø6"-PVC}	83429.35	95922.263	0	Acueducto-datos de la red 1000
TEXT	\A1;{\W0.8;3.19-Ø8"-PVC}	83344.753	95952.067	0	Acueducto-datos de la red 1000
TEXT	\A1;{\W0.8;3.87-Ø8"-PVC}	83325.336	95974.978	0	Acueducto-datos de la red 1000
TEXT	\A1;{\W0.8;5.62-Ø8"-PVC}	83414.354	96021.366	0	Acueducto-datos de la red 1000
TEXT	\A1;{\W0.8;4.05-Ø6"-PVC}	83521.26	96235.657	0	Acueducto-datos de la red 1000
TEXT	\A1;{\W0.8;8.46-Ø6"-PVC}	83512.64	96196.093	0	Acueducto-datos de la red 1000
TEXT	\A1;{\W0.8;4.45-Ø6"-PVC}	83601.21	96233.535	0	Acueducto-datos de la red 1000
TEXT	\A1;{\W0.8;16.17-Ø6"-PVC}	83600.669	96159.988	0	Acueducto-datos de la red 1000
TEXT	\A1;{\W0.8;6.96-Ø6"-PVC}	83603.31	96055.047	0	Acueducto-datos de la red 1000
TEXT	\A1;{\W0.8;4.84-Ø8"-PVC}	83565.675	95875.814	0	Acueducto-datos de la red 1000
TEXT	\A1;{\W0.8;5.48-Ø8"-PVC}	83603.741	95947.4	0	Acueducto-datos de la red 1000
TEXT	\A1;\pxql;{\W0.8;4.65-Ø12"-PVC}	83570.688	95843.838	0	Acueducto-datos de la red 1000
TEXT	\A1;{\W0.8;3.76-Ø6"-PVC}	83568.441	95865.589	0	Acueducto-datos de la red 1000
TEXT	\A1;{\W0.8;4.94-Ø6"-PVC}	83583.848	95857.571	0	Acueducto-datos de la red 1000
TEXT	\A1;{\W0.8;4.06-Ø6"-PVC}	83584.466	95861.032	0	Acueducto-datos de la red 1000
TEXT	\A1;{\W0.8;4.40-Ø12"-PVC}	83490.704	95748.25	0	Acueducto-datos de la red 1000
TEXT	\A1;{\W0.8;5.73-Ø6"-PVC}	83617.921	95704.93	0	Acueducto-datos de la red 1000
TEXT	\A1;{\W0.8;5.21-Ø12"-PVC}	83468.546	95713.308	0	Acueducto-datos de la red 1000
TEXT	\A1;{\W0.8;14.07-Ø12"-PVC}	83514.682	95601.033	0	Acueducto-datos de la red 1000
TEXT	\A1;{\W0.8;6.01-Ø12"-PVC}	83562.847	95601.585	0	Acueducto-datos de la red 1000
TEXT	\A1;{\W0.8;6.10-Ø12"-PVC}	83564.676	95594.445	0	Acueducto-datos de la red 1000
TEXT	\A1;{\W0.8;3.14-Ø8"-PVC}	83619.799	95584.507	0	Acueducto-datos de la red 1000
TEXT	\A1;{\W0.8;62.66-Ø12"-PVC}	83475.3	95581.076	0	Acueducto-datos de la red 1000
TEXT	\A1;{\W0.8;11.51-Ø12"-PVC}	83337.28	95572.754	0	Acueducto-datos de la red 1000
TEXT	\A1;{\W0.8;8.59-Ø12"-PVC}	82947.069	95568.811	0	Acueducto-datos de la red 1000
TEXT	\A1;{\W0.8;8.45-Ø8"-PVC}	82926.418	95393.312	0	Acueducto-datos de la red 1000
TEXT	\A1;{\W0.8;ACOMETIDA
6.00-Ø2"-PVC\PCOTA DE CONEXIÓN\P2550.93 }	82957.16	95792.509	0	Acueducto-datos de la red 1000
TEXT	\A1;{\W0.8;ACOMETIDA
6.00-Ø2-PVC\PCOTA DE CONEXIÓN}\P{\W0.8;2552.18} 	82863.582	95685.609	0	Acueducto-datos de la red 1000
TEXT	\A1;{\W0.8;2 EMPATES EN LINEA Ø12"}	83571.461	95792.776	0	Acueducto-datos de la red 1000
TEXT	\A1;{\W0.8;18.83-Ø12"-PVC}	83319.267	95263.515	0	Acueducto-datos de la red 1000
TEXT	\A1;{\W0.8;18.45-Ø12"-PVC}	83471.915	95736.262	0	Acueducto-datos de la red 1000
TEXT	\A1;\pxql;{\W0.8;RED DE 14" A REEMPLAZAR\PPOR UNA DE 6"}	83538.292	95733.269	0	Acueducto-datos de la red 1000
TEXT	\A1;{\W0.8;84.98-Ø6"-PVC}	83557.41	95726.324	0	Acueducto-datos de la red 1000
TEXT	\A1;{\W0.8;77.51-Ø12"-PVC}	83256.79	95576.02	0	Acueducto-datos de la red 1000
TEXT	\A1;Ø12" PVC	82859.717	95501.442	0	TEXTOS 5000
TEXT	\A1;{\W0.8;EMPATE EN LINEA DE 4"}	83266.705	95977.969	0	Acueducto-datos de la red 1000
TEXT	\A1;{\W0.8;REDØ4" A RETIRAR}	83223.173	95972.761	0	Acueducto-datos de la red 1000
TEXT	\A1;{\W0.8;VALVULA DE \PCIERRE PERMANENTE}	82987.375	96155.261	0	Acueducto-datos de la red 1000
TEXT	\A1;{\W0.8;HIDRANTE Ø4"}	83636.344	95006.381	0	Acueducto-datos de la red 1000
TEXT	\A1;{\W0.8;25.74-Ø12"-PVC}	83703.541	95216.321	0	Acueducto-datos de la red 1000
TEXT	\A1;{\W0.8;HIDRANTE Ø4"}	83647.044	95437.593	0	Acueducto-datos de la red 1000
TEXT	\A1;{\W0.8;REDUCCION 6"x4"}	83297.654	95617.041	0	Acueducto-datos de la red 1000
TEXT	\A1;{\W0.8;EMPATE EN LINEA DE 6"}	83288.342	95613.432	0	Acueducto-datos de la red 1000
TEXT	\A1;{\W0.8;VALVULA DE CIERRE PERMANENTE}	83490.629	95558.457	0	Acueducto-datos de la red 1000
TEXT	\A1;{\W0.8;EMPATE EN TEE 12"}	83513.366	95745.752	0	Acueducto-datos de la red 1000
TEXT	\A1;{\W0.8;EMPATE EN \PLINEA DE 6"}	83517.597	95870.225	0	Acueducto-datos de la red 1000
TEXT	\A1;{\W0.8;43.40-Ø8"-PVC}	83546.523	96030.921	0	Acueducto-datos de la red 1000
TEXT	\A1;{\W0.8;16.78-Ø12"-PVC}	83147.188	95544.858	0	Acueducto-datos de la red 1000
TEXT	\A1;{\W0.8;EMPATE EN LINEA DE Ø4"}	83160.231	95592.677	0	Acueducto-datos de la red 1000
TEXT	\A1;{\W0.8;EMPATE EN TEE 8"x6"}	83038.219	95799.368	0	Acueducto-datos de la red 1000
TEXT	\A1;{\W0.8;HIDRANTE Ø4"}	82911.088	95652.534	0	Acueducto-datos de la red 1000
TEXT	\A1;{\W0.8;HIDRANTE Ø4"}	82785.545	95632.375	0	Acueducto-datos de la red 1000
TEXT	\A1;{\W0.8;10.87-Ø6"-PVC}	82910.304	95649.061	0	Acueducto-datos de la red 1000
TEXT	\A1;{\W0.8;11.45-Ø12"-PVC}	82873.532	95542.503	0	Acueducto-datos de la red 250
TEXT	\A1;{\W0.8;97.48-Ø12"-PVC}	82331.766	95306.059	0	Acueducto-datos de la red 1000
TEXT	\A1;{\W0.8;8.12-Ø12"-PVC}	82413.325	95436.18	0	Acueducto-datos de la red 1000
TEXT	\A1;{\W0.8;85.78-Ø12"-PVC}	82392.988	95370.446	0	Acueducto-datos de la red 1000
TEXT	\A1;{\W0.8;86.73-Ø12"-PVC}	82473.545	95463.756	0	Acueducto-datos de la red 1000
TEXT	\A1;{\W0.8;97.47-Ø12"-PVC}	82524.666	95521.091	0	Acueducto-datos de la red 1000
TEXT	\A1;{\W0.8;97.52-Ø12"-PVC}	82589.086	95602.771	0	Acueducto-datos de la red 1000
TEXT	\A1;{\W0.8;72.76-Ø12"-PVC}	82635.301	95655.456	0	Acueducto-datos de la red 1000
TEXT	\A1;Ø12" PVC	82389.057	95341.117	0	TEXTOS 5000
TEXT	\A1;{\W0.8;TEE 12"x12"}	82640.739	95694.805	0	Acueducto-datos de la red 1000
TEXT	\A1;{\W0.8;29.42-Ø8"-PVC}	82768.873	95880.206	0	Acueducto-datos de la red 1000
TEXT	\A1;{\W0.8;44.36-Ø8"-PVC}	82684.987	95777.44	0	Acueducto-datos de la red 1000
TEXT	\A1;{\W0.8;HIDRANTE Ø4"}	82733.275	95776.117	0	Acueducto-datos de la red 1000
TEXT	\A1;{\W0.8;HIDRANTE Ø4"}	82795.346	95850.559	0	Acueducto-datos de la red 1000
TEXT	\A1;{\W0.8;HIDRANTE Ø4"}	83600.709	96156.035	0	Acueducto-datos de la red 1000
TEXT	\A1;{\W0.8;HIDRANTE Ø4"}	83513.096	96215.446	0	Acueducto-datos de la red 1000
TEXT	\A1;{\W0.8;REDUCCION 6"x4"}	83507.394	96191.503	0	Acueducto-datos de la red 1000
TEXT	\A1;{\W0.8;EMPATE EN LINEA DE Ø4"}	83500.636	96187.992	0	Acueducto-datos de la red 1000
TEXT	\A1;{\W0.8;15.60-Ø8"-PVC}	83602.222	96021.256	0	Acueducto-datos de la red 1000
TEXT	\A1;{\W0.8;HIDRANTE Ø4"}	83603.283	95961.837	0	Acueducto-datos de la red 1000
TEXT	\A1;{\W0.8;HIDRANTE Ø4"}	83523.079	96020.638	0	Acueducto-datos de la red 1000
TEXT	\A1;{\W0.8;HIDRANTE Ø4"}	83603.352	96065.315	0	Acueducto-datos de la red 1000
TEXT	\A1;{\W0.8;TEE 8"x4"}	83602.871	96047.108	0	Acueducto-datos de la red 1000
TEXT	\A1;{\W0.8;EMPATE EN LINEA 4"}	83579.175	96051.391	0	Acueducto-datos de la red 1000
TEXT	\A1;{\W0.8;28.84-Ø8"-PVC}	83436.339	95895.989	0	Acueducto-datos de la red 1000
TEXT	\A1;{\W0.8;REDUCCION 6"x4"}	83453.083	95968.96	0	Acueducto-datos de la red 1000
TEXT	\A1;{\W0.8;EMPATE EN LINEA DE 4"}	83453.083	95974.75	0	Acueducto-datos de la red 1000
TEXT	\A1;{\W0.8;82.97-Ø8"-PVC}	83513.492	96030.332	0	Acueducto-datos de la red 1000
TEXT	\A1;{\W0.8;14.49-Ø8"-PVC}	83420.076	96025.879	0	Acueducto-datos de la red 1000
TEXT	\A1;\pxql;{\W0.8;EMPATE EN TEE 6"x6"}	83163.602	95964.832	0	Acueducto-datos de la red 1000
TEXT	\A1;{\W0.8;63.01-Ø8"-PVC}	83137.997	95994.952	0	Acueducto-datos de la red 1000
TEXT	\A1;{\W0.8;HIDRANTE Ø4"}	83188.497	95990.819	0	Acueducto-datos de la red 1000
TEXT	\A1;{\W0.8;HIDRANTE Ø4"}	82990.919	95975.277	0	Acueducto-datos de la red 1000
TEXT	\A1;{\W0.8;RED DE Ø3" A SACAR DE SERVICIO}	83004.718	96036.244	0	Acueducto-datos de la red 1000
TEXT	\A1;{\W0.8;RED A ABANDONAR}	83008.921	96028.665	0	Acueducto-datos de la red 1000
TEXT	\A1;{\W0.8;59.76-Ø6"-PVC}	83005.141	96011.58	0	Acueducto-datos de la red 1000
TEXT	\A1;{\W0.8;EMPATE EN LINEA Ø6"}	83020.851	95974.369	0	Acueducto-datos de la red 1000
TEXT	\A1;{\W0.8;EMPATE EN LINEA\PRETIRANDO TAPON DE 10"}	82930.52	96044.873	0	Acueducto-datos de la red 1000
TEXT	\A1;VALVULA DE CIERRE PERMANENTE	83717.812	95632.701	0	TEXTOS 5000
TEXT	\A1;{\W0.8;8.15-Ø8"-PVC}	82657.256	95729.249	0	Acueducto-datos de la red 1000
TEXT	\A1;{\W0.8;10.50-Ø8"-PVC}	82780.286	95891.749	0	Acueducto-datos de la red 1000
TEXT	\A1;{\W0.8;6.58-Ø8"-PVC}	82816.474	95937.226	0	Acueducto-datos de la red 1000
TEXT	\A1;{\W0.8;5.99-Ø8"-PVC}	82640.203	95748.061	0	Acueducto-datos de la red 1000
TEXT	\A1;{\W0.8;23.30-Ø12"-PVC}	82897.708	95526.841	0	Acueducto-datos de la red 250
TEXT	\A1;{\W0.8;31.38-Ø12"-PVC}	82919.408	95557.488	0	Acueducto-datos de la red 1000
TEXT	\A1;{\W0.8;26.11-Ø12"-PVC}	82947.95	95591.404	0	Acueducto-datos de la red 1000
TEXT	\A1;{\W0.8;95.48-Ø6"-PVC}	83071.122	95868.348	0	Acueducto-datos de la red 1000
TEXT	\A1;{\W0.8;68.86-Ø6"-PVC}	82947.606	95710.766	0	Acueducto-datos de la red 1000
TEXT	\A1;{\W0.8;15.42-Ø6"-PVC}	82910.958	95669.438	0	Acueducto-datos de la red 1000
TEXT	\A1;{\W0.8;13.29-Ø6"-PVC}	82910.615	95661.882	0	Acueducto-datos de la red 1000
TEXT	\A1;{\W0.8;3.41-Ø8"-PVC}	82853.236	95634.761	0	Acueducto-datos de la red 1000
TEXT	\A1;{\W0.8;10.43-Ø8"-PVC}	82828.373	95678.151	0	Acueducto-datos de la red 1000
TEXT	\A1;{\W0.8;7.27-Ø8"-PVC}	82811.206	95681.449	0	Acueducto-datos de la red 1000
TEXT	\A1;{\W0.8;6.11-Ø8"-PVC}	82836.029	95677.237	0	Acueducto-datos de la red 1000
TEXT	\A1;{\W0.8;14.58-Ø8"-PVC}	82971.465	95810.152	0	Acueducto-datos de la red 1000
TEXT	\A1;{\W0.8;99.37-Ø8"-PVC}	82876.62	95712.05	0	Acueducto-datos de la red 1000
TEXT	\A1;{\W0.8;43.68-Ø6"-PVC}	83589.161	95848.723	0	Acueducto-datos de la red 1000
TEXT	\A1;{\W0.8;84.65-Ø8"-PVC}	83589.502	95592.122	0	Acueducto-datos de la red 1000
TEXT	\A1;{\W0.8;10.63-Ø12"-PVC}	83468.459	95718.046	0	Acueducto-datos de la red 1000
TEXT	\A1;{\W0.8;10.20-Ø12"-PVC}	83464.922	95702.35	0	Acueducto-datos de la red 1000
TEXT	\A1;{\W0.8;22.79-Ø12"-PVC}	83475.183	95646.514	0	Acueducto-datos de la red 1000
TEXT	\A1;{\W0.8;14.06-Ø12"-PVC}	83478.774	95631.572	0	Acueducto-datos de la red 1000
TEXT	\A1;{\W0.8;7.17-Ø12"-PVC}	83684.608	95335.29	0	Acueducto-datos de la red 1000
TEXT	\A1;{\W0.8;23.49-Ø12"-PVC}	83685.002	95308.842	0	Acueducto-datos de la red 1000
TEXT	\A1;{\W0.8;64.21-Ø12"-PVC}	83703.541	95259.646	0	Acueducto-datos de la red 1000
TEXT	\A1;{\W0.8;40.91-Ø12"-PVC}	83646.111	95057.3	0	Acueducto-datos de la red 1000
TEXT	\A1;{\W0.8;9.59-Ø12"-PVC}	83343.304	95298.382	0	Acueducto-datos de la red 1000
TEXT	\A1;{\W0.8;13.49-Ø8"-PVC}	83245.67	95329.3	0	Acueducto-datos de la red 1000
TEXT	\A1;{\W0.8;146.26-Ø8"-PVC}	83292.374	95416.419	0	Acueducto-datos de la red 1000
TEXT	\A1;{\W0.8;6.43-Ø8"-PVC}	83135.758	95465.139	0	Acueducto-datos de la red 1000
TEXT	\A1;{\W0.8;13.12-Ø8"-PVC}	83130.71	95503.576	0	Acueducto-datos de la red 1000
TEXT	\A1;{\W0.8;15.68-Ø8"-PVC}	83129.706	95515.248	0	Acueducto-datos de la red 1000
TEXT	\A1;{\W0.8;94.94-Ø12"-PVC}	83255.324	95281.904	0	Acueducto-datos de la red 1000
TEXT	\A1;{\W0.8;3.34-Ø8"-PVC}	83186.892	95343.251	0	Acueducto-datos de la red 1000
TEXT	\A1;{\W0.8;3.86-Ø8"-PVC}	83186.89	95339.648	0	Acueducto-datos de la red 1000
TEXT	\A1;{\W0.8;9.56-Ø8"-PVC}	83193.245	95327.147	0	Acueducto-datos de la red 1000
TEXT	\A1;{\W0.8;87.31-Ø8"-PVC}	83190.944	95359.009	0	Acueducto-datos de la red 1000
TEXT	\A1;{\W0.8;59.15-Ø8"-PVC}	83107.496	95409.917	0	Acueducto-datos de la red 1000
TEXT	\A1;{\W0.8;14.69-Ø8"-PVC}	83065.601	95435.116	0	Acueducto-datos de la red 1000
TEXT	\A1;{\W0.8;14.33-Ø8"-PVC}	83070.642	95453.183	0	Acueducto-datos de la red 1000
TEXT	\A1;{\W0.8;27.51-Ø6"-PVC}	82932.368	95356.92	0	Acueducto-datos de la red 1000
TEXT	\A1;{\W0.8;53.48-Ø6"-PVC}	82915.621	95324.406	0	Acueducto-datos de la red 1000
TEXT	\A1;{\W0.8;114.48-Ø6"-PVC}	82886.363	95261.576	0	Acueducto-datos de la red 1000
TEXT	\A1;{\W0.8;20.95-Ø6"-PVC}	82815.414	95230.463	0	Acueducto-datos de la red 1000
TEXT	\A1;{\W0.8;3.47-Ø6"-PVC}	82784.157	95215.053	0	Acueducto-datos de la red 1000
TEXT	\A1;{\W0.8;114.14-Ø6"-PVC}	82822.28	95282.95	0	Acueducto-datos de la red 1000
TEXT	\A1;{\W0.8;14.04-Ø6"-PVC}	82861.814	95327.372	0	Acueducto-datos de la red 1000
TEXT	\A1;{\W0.8;30.56-Ø6"-PVC}	82873.478	95347.401	0	Acueducto-datos de la red 1000
TEXT	\A1;{\W0.8;29.66-Ø6"-PVC}	82883.286	95370.765	0	Acueducto-datos de la red 1000
TEXT	\A1;{\W0.8;24.77-Ø12"-PVC}	82883.175	95510.916	0	Acueducto-datos de la red 250
TEXT	\A1;{\W0.8;16.87-Ø12"-PVC}	82876.988	95529.468	0	Acueducto-datos de la red 250
TEXT	\A1;{\W0.8;8.01-Ø12"-PVC}	82870.029	95548.442	0	Acueducto-datos de la red 250
TEXT	\A1;{\W0.8;5.36-Ø12"-PVC}	82868.13	95556.914	0	Acueducto-datos de la red 250
TEXT	\A1;{\W0.8;16.78-Ø12"-PVC}	82857.895	95572.916	0	Acueducto-datos de la red 250
TEXT	\A1;{\W0.8;10.85-Ø12"-PVC}	82854.089	95582.197	0	Acueducto-datos de la red 250
TEXT	\A1;{\W0.8;31.51-Ø12"-PVC}	82817.917	95595.503	0	Acueducto-datos de la red 1000
TEXT	\A1;{\W0.8;6.13-Ø8"-PVC}	83565.634	95879.91	0	Acueducto-datos de la red 1000
TEXT	\A1;{\W0.8;3.12-Ø8"-PVC}	83565.595	95872.202	0	Acueducto-datos de la red 1000
TEXT	\A1;{\W0.8;22.08-Ø6"-PVC}	83510.418	96219.671	0	Acueducto-datos de la red 1000
TEXT	\A1;{\W0.8;26.40-Ø6"-PVC}	83520.309	96249.357	0	Acueducto-datos de la red 1000
TEXT	\A1;{\W0.8;5.29-Ø6"-PVC}	83526.521	96263.866	0	Acueducto-datos de la red 1000
TEXT	\A1;{\W0.8;45.10-Ø6"-PVC}	83577.986	96261.869	0	Acueducto-datos de la red 1000
TEXT	\A1;{\W0.8;12.91-Ø6"-PVC}	83600.791	96230.023	0	Acueducto-datos de la red 1000
TEXT	\A1;{\W0.8;6.54-Ø8"-PVC}	83602.876	96039.462	0	Acueducto-datos de la red 1000
TEXT	\A1;{\W0.8;58.95-Ø8"-PVC}	83602.675	95993.35	0	Acueducto-datos de la red 1000
TEXT	\A1;{\W0.8;21.21-Ø8"-PVC}	83603.454	95942.898	0	Acueducto-datos de la red 1000
TEXT	\A1;{\W0.8;3.23-Ø8"-PVC}	83544.146	95884.122	0	Acueducto-datos de la red 1000
TEXT	\A1;{\W0.8;65.37-Ø8"-PVC}	83578.124	95895.95	0	Acueducto-datos de la red 1000
TEXT	\A1;{\W0.8;105.34-Ø8"-PVC}	83472.535	95904.84	0	Acueducto-datos de la red 1000
TEXT	\A1;{\W0.8;79.8-Ø8"-PVC}	83368.992	95927.491	0	Acueducto-datos de la red 1000
TEXT	\A1;{\W0.8;15.54-Ø8"-PVC}	83305.393	95930.522	0	Acueducto-datos de la red 1000
TEXT	\A1;{\W0.8;17.56-Ø8"-PVC}	83334.446	95954.137	0	Acueducto-datos de la red 1000
TEXT	\A1;{\W0.8;94.01-Ø8"-PVC}	83372.595	95971.435	0	Acueducto-datos de la red 1000
TEXT	\A1;{\W0.8;2.89-Ø6"-PVC}	83453.083	95962.147	0	Acueducto-datos de la red 1000
TEXT	\A1;{\W0.8;10.66-Ø6"-PVC}	83451.295	95952.066	0	Acueducto-datos de la red 1000
TEXT	\A1;{\W0.8;16.32-Ø8"-PVC}	83266.695	95974.282	0	Acueducto-datos de la red 1000
TEXT	\A1;{\W0.8;10.68-Ø8"-PVC}	83266.32	95969.604	0	Acueducto-datos de la red 1000
TEXT	\A1;{\W0.8;113.04-Ø8"-PVC}	83212.624	95967.654	0	Acueducto-datos de la red 1000
TEXT	\A1;{\W0.8;9.07-Ø8"-PVC}	83114.892	95999.326	0	Acueducto-datos de la red 1000
TEXT	\A1;{\W0.8;19.34-Ø6"-PVC}	82944.427	96017.995	0	Acueducto-datos de la red 1000
TEXT	\A1;{\W0.8;14.17-Ø8"-PVC}	82923.947	95410.068	0	Acueducto-datos de la red 1000
TEXT	\A1;{\W0.8;30.68-Ø8"-PVC}	82942.249	95426.012	0	Acueducto-datos de la red 1000
TEXT	\A1;{\W0.8;32.81-Ø8"-PVC}	82942.249	95454.275	0	Acueducto-datos de la red 1000
TEXT	\A1;{\W0.8;18.51-Ø12"-PVC}	83117.442	95545.502	0	Acueducto-datos de la red 1000
TEXT	\A1;{\W0.8;3.51-Ø8"-PVC}	83626.157	95548.034	0	Acueducto-datos de la red 1000
TEXT	\A1;{\W0.8;7.14-Ø8"-PVC}	83609.462	95555.065	0	Acueducto-datos de la red 1000
TEXT	\A1;{\W0.8;13.31-Ø12"-PVC}	82806.212	95615.459	0	Acueducto-datos de la red 1000
TEXT	\A1;Ø6" PVC	82752.596	95180.956	0	TEXTOS 5000
TEXT	\A1;Ø8" PVC	83608.602	95298.213	0	TEXTOS 5000
TEXT	\A1;Ø8" PVC	83388.039	95485.675	0	TEXTOS 5000
TEXT	\A1;Ø8" PVC	83349.564	95395.483	0	TEXTOS 5000
TEXT	\A1;Ø8" PVC	83162.679	95364.965	0	TEXTOS 5000
TEXT	\A1;Ø12" PVC	83432.945	95254.776	0	TEXTOS 5000
TEXT	\A1;Ø8" PVC	83398.008	96043.476	0	TEXTOS 5000
TEXT	\A1;Ø8" PVC	83407.827	95956.055	0	TEXTOS 5000
TEXT	\A1;%%C8" PVC	82653.532	95813.854	0	TEXTOS 5000
TEXT	\A1;Ø12" PVC	82886.031	95448.802	0	TEXTOS 5000
TEXT	\A1;Ø6" PVC	83098.993	95875.848	0	TEXTOS 5000
TEXT	\A1;Ø6" PVC	82949.896	95693.574	0	TEXTOS 5000
TEXT	\A1;Ø8" PVC	82902.331	95731.113	0	TEXTOS 5000
TEXT	\A1;{\W0.8;34.52-Ø12"-PVC}	82678.801	95676.633	0	Acueducto-datos de la red 1000
TEXT	\A1;{\W0.8;25.91-Ø12"-PVC}	82750.339	95685.099	0	Acueducto-datos de la red 1000
TEXT	\A1;{\W0.8;30.95-Ø12"-PVC}	82747.776	95659.003	0	Acueducto-datos de la red 1000
TEXT	\A1;{\W0.8;13.02-Ø12"-PVC}	82776.273	95639.812	0	Acueducto-datos de la red 1000
TEXT	\A1;{\W0.8;Cámara especial para válvula\PReductora de presión VRP No. 1 \P(PARA ANILLO COSTADO NORTE)\PVER DETALLE D01 PLANO 09/13}	82911.917	95585.337	0	Acueducto-datos de la red 250
TEXT	\A1;%%C12" PVC	82565.725	95558.233	0	TEXTOS 5000
TEXT	\A1;Ø6" PVC	82831.006	95306.884	0	TEXTOS 5000
TEXT	\A1;Ø6" PVC	82908.757	95231.596	0	TEXTOS 5000
TEXT	\A1;Ø12" PVC	82815.177	95522.944	0	TEXTOS 5000
TEXT	\A1;Ø12" PVC	83226.108	95511.816	0	TEXTOS 5000
TEXT	\A1;Ø12" PVC	83269.435	95273.994	0	TEXTOS 5000
TEXT	\A1;Ø12" PVC	83639.405	95506.744	0	TEXTOS 5000
TEXT	\A1;Ø8" PVC	83641.843	95604.99	0	TEXTOS 5000
TEXT	\A1;Ø8" PVC	83516.693	95562.754	0	TEXTOS 5000
TEXT	\A1;Ø8" PVC	83513.696	96013.319	0	TEXTOS 5000
TEXT	\A1;%%C6" PVC	83584.773	96260.155	0	TEXTOS 5000
TEXT	\A1;%%C6" PVC	83507.932	96252.658	0	TEXTOS 5000
TEXT	\A1;Ø6" PVC	83643.637	96120.49	0	TEXTOS 5000
TEXT	\A1;Ø8" PVC	83649.383	95972.977	0	TEXTOS 5000
TEXT	\A1;Ø8" PVC	83410.205	95926.086	0	TEXTOS 5000
TEXT	\A1;Ø8" PVC	83500.053	95919.585	0	TEXTOS 5000
TEXT	\A1;%%C8" PVC	83220.818	95984.768	0	TEXTOS 5000
TEXT	\A1;%%C6" PVC	82964.904	96025.389	0	TEXTOS 5000
TEXT	\A1;{\W0.8;HIDRANTE Ø4"}	83620.555	95530.685	0	Acueducto-datos de la red 1000
TEXT	\A1;{\W0.8;ACOMETIDA
12.00-Ø2"-PVC\PCOTA DE CONEXIÓN\P2557.58} 	83603.385	96203.62	0	Acueducto-datos de la red 1000
TEXT	\A1;{\W0.8;26.26-Ø6"-PVC}	83144.677	95091.984	0	Acueducto-datos de la red 1000
TEXT	\A1;Ø12" PVC	83562.328	95663.179	0	TEXTOS 5000
TEXT	\A1;Ø8" PVC	83072.833	95478.558	0	TEXTOS 5000
TEXT	\A1;Ø8" PVC	83219.789	95429.95	0	TEXTOS 5000
TEXT	\A1;{\W0.8;39.16-Ø12"-PVC}	83146.946	95550.126	0	Acueducto-datos de la red 1000
TEXT	\A1;{\W0.8;ACOMETIDA
5.00-Ø2"-\H1.00002x;PVC\P\H0.99998x;COTA DE CONEXIÓN}\P{\W0.8;2554.37}	83169.314	95514.883	0	Acueducto-datos de la red 1000
TEXT	\A1;{\W0.8;98.94-Ø12"-PVC}	83201.115	95528.436	0	Acueducto-datos de la red 1000
TEXT	\A1;{\W0.8;ACOMETIDA\P12.00-Ø3"-PVC\PCOTA DECONEXIÓN\P2561.33}	83606.373	96002.52	0	Acueducto-datos de la red 1000
TEXT	\A1;{\W0.8;ACOMETIDA
18.00-Ø2"-PVC\PCOTA DE CONEXIÓN\P2560.19}	83526.458	95633.581	0	Acueducto-datos de la red 1000
TEXT	\A1;{\W0.8;ACOMETIDA
11.00-Ø3"-PVC\PCOTA DE CONEXIÓN}\P{\W0.8;2567.46}	83644.001	95401.991	0	Acueducto-datos de la red 1000
TEXT	\A1;{\W0.8;ACOMETIDA
5.00-Ø4"-PVC} \P{\W0.8;COTA DE CONEXIÓN\P2568.47}	83706.985	95184.462	0	Acueducto-datos de la red 1000
TEXT	\A1;{\W0.8;34.00-Ø12"-PVC}	83705.73	95167.987	0	Acueducto-datos de la red 1000
TEXT	\A1;{\W0.8;17.44-Ø12"-PVC}	83489.614	95614.742	0	Acueducto-datos de la red 1000
TEXT	\A1;{\W0.8;ACOMETIDA\P15.00-Ø1"-PVC\PCOTA DECONEXIÓN\P2556.08}	83517.071	96222.519	0	Acueducto-datos de la red 1000
TEXT	\A1;{\W0.8;CODO 90°PVC}	83563.171	96269.042	0	Acueducto-datos de la red 1000
TEXT	\A1;{\W0.8;HIDRANTE}	83616.263	96236.511	0	Acueducto-datos de la red 1000
TEXT	\A1;{\W0.8;ACOMETIDA
6.59-Ø3"-PVC\PCOTA DE CONEXIÓN}\P{\W0.8;2552.52} 	82844.679	95580.893	0	Acueducto-datos de la red 250
TEXT	\A1;{\W0.8;CÁMARA ESPECIAL\PPARA MACROMEDIDOR }	82926.063	95512.251	0	Acueducto-datos de la red 250
TEXT	\A1;Ø6" PVC	83588.975	95831.78	0	TEXTOS 5000
TEXT	\A1;Ø6" PVC	83450.774	95937.198	0	TEXTOS 5000
TEXT	\A1;%%C8" PVC	82916.915	95934.667	0	TEXTOS 5000
TEXT	\A1;Ø12" PVC	83220.262	95612.323	0	TEXTOS 5000
TEXT	\A1;Ø12" PVC	82994.757	95598.32	0	TEXTOS 5000
TEXT	\A1;Ø12" PVC	83685.043	95435.105	0	TEXTOS 5000
TEXT	\A1;Ø12" PVC	83666.627	95152.416	0	TEXTOS 5000
TEXT	\A1;Ø8" PVC	83504.567	95389.834	0	TEXTOS 5000
TEXT	\A1;Ø8" PVC	83354.622	95321.534	0	TEXTOS 5000
TEXT	\A1;Ø8" PVC	83530.572	95217.702	0	TEXTOS 5000
TEXT	\A1;Ø12" PVC	83534.337	95061.212	0	TEXTOS 5000
TEXT	\A1;Ø12" PVC	83228.484	95222.422	0	TEXTOS 5000
TEXT	\A1;Ø8" PVC	83072.185	95396.286	0	TEXTOS 5000
TEXT	\A1;Ø12" PVC	83412.401	95517.131	0	TEXTOS 5000
TEXT	\A1;Ø12" PVC	83024.333	95511.501	0	TEXTOS 5000
TEXT	\A1;Ø8" PVC	83071.772	95231.806	0	TEXTOS 5000
TEXT	\A1;Ø6" PVC	83079.09	95096.335	0	TEXTOS 5000
TEXT	\A1;Ø12" PVC	82967.722	95250.988	0	TEXTOS 5000
TEXT	\A1;Ø12" PVC	83017.58	95149.04	0	TEXTOS 5000
TEXT	\A1;Ø12" PVC	82961.325	95304.019	0	TEXTOS 5000
TEXT	\A1;Ø12" PVC	82832.336	95593.718	0	TEXTOS 5000
TEXT	\A1;Ø12" PVC	82731.817	95641.453	0	TEXTOS 5000
TEXT	\A1;Ø8" PVC	82937.449	95443.526	0	TEXTOS 5000
TEXT	\A1;{\W0.8;CODO A REMPLAZAR POR TEE}	82974.385	95816.065	0	Acueducto-datos de la red 1000
TEXT	\A1;{\W0.8;95.38-Ø6"-PVC}	83602.117	96115.991	0	Acueducto-datos de la red 1000
TEXT	\A1;{\W0.8;53.66-Ø6"-PVC}	83591.91	96188.886	0	Acueducto-datos de la red 1000
TEXT	\A1;{\W0.8;ACOMETIDA
12.00-Ø2"-PVC\PCOTA DE CONEXIÓN\P2558.86} 	83600.365	96167.199	0	Acueducto-datos de la red 1000
TEXT	\A1;{\W0.8;32.75-Ø6"-PVC}	83439.784	95933.911	0	Acueducto-datos de la red 1000
TEXT	\A1;{\W0.8;4.06-Ø6"-PVC}	83625.388	95837.496	0	Acueducto-datos de la red 1000
TEXT	\A1;{\W0.8;3.66-Ø6"-PVC}	83627.126	95855.236	0	Acueducto-datos de la red 1000
TEXT	\A1;{\W0.8;3.53-Ø6"-PVC}	83623.575	95865.834	0	Acueducto-datos de la red 1000
TEXT	\A1;{\W0.8;1.80-Ø4"-PVC}	83623.822	95868.928	0	Acueducto-datos de la red 1000
TEXT	6	83554.581	95854.998	0	edicion oculto
TEXT	6	83586.227	95862.257	0	edicion oculto
TEXT	6	83612.101	95862.657	0	edicion oculto
TEXT	\A1;{\W0.8;ACOMETIDA
5.00-Ø2"-PVC\PCOTA DE CONEXIÓN}\P{\W0.8;2563.08}	83625.198	95880.335	0	Acueducto-datos de la red 1000
TEXT	\A1;{\W0.8;ACOMETIDA
12.00-Ø2"-PVC\PCOTA DE CONEXIÓN\P2556.98}	83513.63	95682.241	0	Acueducto-datos de la red 1000
TEXT	\A1;{\W0.8;33.57-Ø12"-PVC}	83471.234	95675.007	0	Acueducto-datos de la red 1000
TEXT	\A1;{\W0.8;61.37-Ø12"-PVC}	83680.414	95074.96	0	Acueducto-datos de la red 1000
TEXT	\A1;{\W0.8;VENTOSA}	83642.13	95010.101	0	Acueducto-datos de la red 1000
TEXT	\A1;{\W0.8;39.92-Ø12"-PVC}	83698.485	95126.431	0	Acueducto-datos de la red 1000
TEXT	\A1;{\W0.8;HIDRANTE Ø4"}	83698.323	95120.418	0	Acueducto-datos de la red 1000
TEXT	\A1;{\W0.8;14.03-Ø12"-PVC}	83703.541	95234.674	0	Acueducto-datos de la red 1000
TEXT	\A1;{\W0.8;HIDRANTE Ø4"}	83684.528	95329.581	0	Acueducto-datos de la red 1000
TEXT	\A1;{\W0.8;82.75-Ø12"-PVC}	83644.362	95389.577	0	Acueducto-datos de la red 1000
TEXT	\A1;{\W0.8;HIDRANTE Ø4"}	83578.928	95521.491	0	Acueducto-datos de la red 1000
TEXT	\A1;{\W0.8;116.80-Ø12"-PVC}	83594.827	95489.242	0	Acueducto-datos de la red 1000
TEXT	\A1;{\W0.8;90.77-Ø8"-PVC}	83532.584	95181.871	0	Acueducto-datos de la red 1000
TEXT	\A1;{\W0.8;HIDRANTE Ø4"}	83563.009	95254.891	0	Acueducto-datos de la red 1000
TEXT	\A1;{\W0.8;49.07-Ø8"-PVC}	83559.371	95291.483	0	Acueducto-datos de la red 1000
TEXT	\A1;{\W0.8;76.04-Ø8"-PVC}	83517.784	95328.597	0	Acueducto-datos de la red 1000
TEXT	\A1;{\W0.8;ACOMETIDA
5.00-Ø2"-PVC} \P{\W0.8;COTA DE CONEXIÓN\P2567.94}	83546.049	95302.116	0	Acueducto-datos de la red 1000
TEXT	\A1;{\W0.8;ACOMETIDA
5.00-Ø2\H1.00002x;"-PVC\P\H0.99998x;COTA DE CONEXIÓN\P2564.59}	83492.359	95353.143	0	Acueducto-datos de la red 1000
TEXT	\A1;{\W0.8;29.13-Ø8"-PVC}	83469.382	95362.532	0	Acueducto-datos de la red 1000
TEXT	\A1;{\W0.8;HIDRANTE Ø4"}	83441.872	95357.518	0	Acueducto-datos de la red 1000
TEXT	\A1;{\W0.8;41.07-Ø8"-PVC}	83437.783	95393.582	0	Acueducto-datos de la red 1000
TEXT	\A1;{\W0.8;ACOMETIDA
5.00-Ø2"-PVC\PCOTA DE CONEXIÓN}\P{\W0.8;2560.93 }	83423.433	95415.522	0	Acueducto-datos de la red 1000
TEXT	\A1;{\W0.8;89.70-Ø8"-PVC}	83375.459	95444.694	0	Acueducto-datos de la red 1000
TEXT	\A1;{\W0.8;6.30-Ø8"-PVC}	83340.99	95478.259	0	Acueducto-datos de la red 1000
TEXT	\A1;{\W0.8;HIDRANTE Ø4"}	83318.223	95480.697	0	Acueducto-datos de la red 1000
TEXT	\A1;{\W0.8;51.12-Ø8"-PVC}	83303.758	95516.002	0	Acueducto-datos de la red 1000
TEXT	\A1;{\W0.8;3.20-Ø8"-PVC}	83302.613	95525.734	0	Acueducto-datos de la red 1000
TEXT	\A1;{\W0.8;6.80-Ø8"-PVC}	83302.227	95532.013	0	Acueducto-datos de la red 1000
TEXT	\A1;{\W0.8;38.98-Ø12"-PVC}	83614.186	95052.13	0	Acueducto-datos de la red 1000
TEXT	\A1;{\W0.8;6.31-Ø12"-PVC}	83598.033	95057.97	0	Acueducto-datos de la red 1000
TEXT	\A1;{\W0.8;2.90-Ø12"-PVC}	83599.933	95062.734	0	Acueducto-datos de la red 1000
TEXT	\A1;{\W0.8;HIDRANTE Ø4"}	83600.517	95069.867	0	Acueducto-datos de la red 1000
TEXT	\A1;{\W0.8;75.13-Ø12"-PVC}	83561.041	95089.182	0	Acueducto-datos de la red 1000
TEXT	\A1;{\W0.8;ACOMETIDA
5.00-Ø3"-PVC\PCOTA DE CONEXIÓN}\P{\W0.8;2568.50 }	83540.784	95110.878	0	Acueducto-datos de la red 1000
TEXT	\A1;{\W0.8;57.61-Ø12"-PVC}	83514.358	95130.589	0	Acueducto-datos de la red 1000
TEXT	\A1;{\W0.8;10.08-Ø12"-PVC}	83445.977	95134.693	0	Acueducto-datos de la red 1000
TEXT	\A1;{\W0.8;HIDRANTE Ø4"}	83488.514	95162.996	0	Acueducto-datos de la red 1000
TEXT	\A1;{\W0.8;41.71-Ø12"-PVC}	83468.149	95173.196	0	Acueducto-datos de la red 1000
TEXT	\A1;{\W0.8;ACOMETIDA
5.00-Ø2"-PVC\PCOTA DE CONEXIÓN}\P{\W0.8;2568.72 }	83458.868	95181.598	0	Acueducto-datos de la red 1000
TEXT	\A1;{\W0.8;76.82-Ø12"-PVC}	83431.818	95206.042	0	Acueducto-datos de la red 1000
TEXT	\A1;{\W0.8;ACOMETIDA
5.00-Ø2"-PVC}\P{\W0.8;COTA DE CONEXIÓN} \P{\W0.8;2568.02}	83400.775	95229.962	0	Acueducto-datos de la red 1000
TEXT	\A1;{\W0.8;22.0-Ø12"-PVC}	83377.937	95245.531	0	Acueducto-datos de la red 1000
TEXT	\A1;{\W0.8;3.30-Ø12"-PVC}	83371.426	95255.867	0	Acueducto-datos de la red 1000
TEXT	\A1;{\W0.8;39.37-Ø12"-PVC}	83353.942	95268.999	0	Acueducto-datos de la red 1000
TEXT	\A1;{\W0.8;HIDRANTE Ø4"}	83371.965	95262.279	0	Acueducto-datos de la red 1000
TEXT	\A1;{\W0.8;63.10-Ø8"-PVC}	83324.287	95312.509	0	Acueducto-datos de la red 1000
TEXT	\A1;{\W0.8;ACOMETIDA
5.00-Ø2"-PVC\PCOTA DE CONEXIÓN\P2564.71}	83343.649	95282.085	0	Acueducto-datos de la red 1000
TEXT	\A1;{\W0.8;30.17-Ø8"-PVC}	83266.107	95338.59	0	Acueducto-datos de la red 1000
TEXT	\A1;{\W0.8;ACOMETIDA
5.00-Ø2"-PVC\PCOTA DE CONEXIÓN}\P{\W0.8;2563.22}	83288.297	95328.269	0	Acueducto-datos de la red 1000
TEXT	\A1;{\W0.8;141.40-Ø8"-PVC}	83207.066	95395.155	0	Acueducto-datos de la red 1000
TEXT	\A1;{\W0.8;14.59-Ø8"-PVC}	83282.712	95366.321	0	Acueducto-datos de la red 1000
TEXT	\A1;{\W0.8;HIDRANTE Ø4"}	83233.134	95383.927	0	Acueducto-datos de la red 1000
TEXT	\A1;{\W0.8;ACOMETIDA
7.60-Ø2\H1.00002x;"-PVC\P\H0.99998x;COTA DE CONEXIÓN}\P{\W0.8;2558.13 }	83124.933	95377.881	0	Acueducto-datos de la red 1000
TEXT	\A1;{\W0.8;41.85-Ø8"-PVC}	83134.843	95487.125	0	Acueducto-datos de la red 1000
TEXT	\A1;{\W0.8;HIDRANTE Ø4"}	83135.857	95460.689	0	Acueducto-datos de la red 1000
TEXT	\A1;{\W0.8;4.19-Ø8"-PVC}	83090.667	95516.81	0	Acueducto-datos de la red 1000
TEXT	\A1;{\W0.8;54.28-Ø8"-PVC}	83083.223	95507.109	0	Acueducto-datos de la red 1000
TEXT	\A1;{\W0.8;ACOMETIDA
5.00-Ø2"-PVC\PCOTA DE CONEXIÓN\P2555.15 }	83064.521	95465.573	0	Acueducto-datos de la red 1000
TEXT	\A1;{\W0.8;18.88-Ø8"-PVC}	83087.852	95462.551	0	Acueducto-datos de la red 1000
TEXT	\A1;{\W0.8;57.12-Ø8"-PVC}	83065.932	95428.968	0	Acueducto-datos de la red 1000
TEXT	\A1;{\W0.8;37.85-Ø8"-PVC}	83043.582	95376.903	0	Acueducto-datos de la red 1000
TEXT	\A1;{\W0.8;ACOMETIDA
15.00-Ø2\H1.00002x;"-PVC\P\H0.99998x;COTA DE CONEXIÓN\P2559.54 }	83086.194	95351.614	0	Acueducto-datos de la red 1000
TEXT	\A1;{\W0.8;34.73-Ø8"-PVC}	83049.64	95341.234	0	Acueducto-datos de la red 1000
TEXT	\A1;{\W0.8;24.77-Ø8"-PVC}	83046.933	95310.705	0	Acueducto-datos de la red 1000
TEXT	\A1;{\W0.8;6.34-Ø8"-PVC}	83031.528	95299.373	0	Acueducto-datos de la red 1000
TEXT	\A1;{\W0.8;101.33-Ø8"-PVC}	83070.22	95246.741	0	Acueducto-datos de la red 1000
TEXT	\A1;{\W0.8;48.44-Ø12"-PVC}	83207.223	95311.866	0	Acueducto-datos de la red 1000
TEXT	\A1;{\W0.8;ACOMETIDA
5.00-Ø3\H1.00002x;"-PVC\P\H0.99998x;COTA DE CONEXIÓN}\P{\W0.8;2563.41 }	83200.789	95261.655	0	Acueducto-datos de la red 1000
TEXT	\A1;{\W0.8;HIDRANTE Ø4"}	83188.027	95307.222	0	Acueducto-datos de la red 1000
TEXT	\A1;{\W0.8;105.02-Ø12"-PVC}	83175.45	95247.318	0	Acueducto-datos de la red 1000
TEXT	\A1;{\W0.8;5.73-Ø8"-PVC}	83106.386	95197.523	0	Acueducto-datos de la red 1000
TEXT	\A1;{\W0.8;ACOMETIDA
5.00-Ø3\H1.00002x;"-PVC\P\H0.99998x;COTA DE CONEXIÓN}\P{\W0.8;2566.41 }	83124.498	95172.405	0	Acueducto-datos de la red 1000
TEXT	\A1;{\W0.8;57.58-Ø12"-PVC}	83092.945	95176.222	0	Acueducto-datos de la red 1000
TEXT	\A1;{\W0.8;HIDRANTE Ø4"}	83068.701	95160.718	0	Acueducto-datos de la red 1000
TEXT	\A1;{\W0.8;58.97-Ø6"-PVC}	83111.139	95121.276	0	Acueducto-datos de la red 1000
TEXT	\A1;{\W0.8;ACOMETIDA
5.00-Ø3\H1.00002x;"-PVC} \P{\W0.8;COTA DE CONEXIÓN\P2568.37}	83044.521	95110.766	0	Acueducto-datos de la red 1000
TEXT	\A1;{\W0.8;11.19-Ø6"-PVC}	83085.886	95139.678	0	Acueducto-datos de la red 1000
TEXT	\A1;{\W0.8;10.16-Ø12"-PVC}	83034.711	95136.616	0	Acueducto-datos de la red 1000
TEXT	\A1;{\W0.8;4.14-Ø12"-PVC}	83086.255	95145.325	0	Acueducto-datos de la red 1000
TEXT	\A1;{\W0.8;46.13-Ø12"-PVC}	83051.451	95169.711	0	Acueducto-datos de la red 1000
TEXT	\A1;\pxqr;{\W0.8;ACOMETIDA
5.00-Ø2"-PVC\PCOTA DE CONEXIÓN\P2567.52 }	83011.904	95162.701	0	Acueducto-datos de la red 1000
TEXT	\A1;{\W0.8;61.57-Ø12"-PVC}	83000.019	95205.297	0	Acueducto-datos de la red 1000
TEXT	\A1;{\W0.8;ACOMETIDA
5.00-Ø3\H1.00002x;"-PVC\P\H0.99998x;COTA DE CONEXIÓN}\P{\W0.8;2564.84}	82948.443	95194.786	0	Acueducto-datos de la red 1000
TEXT	\A1;{\W0.8;5.46-Ø12"-PVC}	82990.702	95223.268	0	Acueducto-datos de la red 1000
TEXT	\A1;{\W0.8;6.59-Ø12"-PVC}	82990.44	95227.633	0	Acueducto-datos de la red 1000
TEXT	\A1;{\W0.8;75.77-Ø12"-PVC}	82996.833	95247.947	0	Acueducto-datos de la red 1000
TEXT	\A1;{\W0.8;HIDRANTE Ø4"}	82960.846	95226.863	0	Acueducto-datos de la red 1000
TEXT	\A1;{\W0.8;2.59-Ø12"-PVC}	83001.692	95281.721	0	Acueducto-datos de la red 1000
TEXT	\A1;{\W0.8;1.92-Ø12"-PVC}	83001.626	95285.566	0	Acueducto-datos de la red 1000
TEXT	\A1;{\W0.8;7.62-Ø12"-PVC}	83020.22	95319.22	0	Acueducto-datos de la red 1000
TEXT	\A1;{\W0.8;3.54-Ø12"-PVC}	83001.456	95290.046	0	Acueducto-datos de la red 1000
TEXT	\A1;{\W0.8;43.24-Ø12"-PVC}	83000.377	95339.213	0	Acueducto-datos de la red 1000
TEXT	\A1;{\W0.8;ACOMETIDA
5.00-Ø2"-PVC\PCOTA DE CONEXIÓN}\P{\W0.8;2559.57 }	82969.479	95308.498	0	Acueducto-datos de la red 1000
TEXT	\A1;{\W0.8;8.54-Ø12"-PVC}	83000.377	95351.763	0	Acueducto-datos de la red 1000
TEXT	\A1;{\W0.8;ACOMETIDA
15.00-Ø3"-PVC\PCOTA DE CONEXIÓN}\P{\W0.8;2559.04 }	83000.193	95356.78	0	Acueducto-datos de la red 1000
TEXT	\A1;{\W0.8;HIDRANTE Ø4"}	82982.331	95293.933	0	Acueducto-datos de la red 1000
TEXT	\A1;{\W0.8;51.2-Ø12"-PVC}	82959.101	95369.801	0	Acueducto-datos de la red 1000
TEXT	\A1;{\W0.8;24.21-Ø12"-PVC}	82887.12	95378.175	0	Acueducto-datos de la red 1000
TEXT	\A1;{\W0.8;32.15-Ø12"-PVC}	82892.086	95408.338	0	Acueducto-datos de la red 1000
TEXT	\A1;{\W0.8;ACOMETIDA
7.13-Ø3"-PVC\PCOTA DE CONEXIÓN}\P{\W0.8;2555.29} 	82885.5	95422.277	0	Acueducto-datos de la red 1000
TEXT	\A1;{\W0.8;49.35-Ø12"-PVC}	82893.267	95457.351	0	Acueducto-datos de la red 1000
TEXT	\A1;{\W0.8;13.81-Ø12"-PVC}	82893.003	95474.437	0	Acueducto-datos de la red 1000
TEXT	\A1;{\W0.8;2.03-Ø8"-PVC}	82911.331	95526.56	0	Acueducto-datos de la red 250
TEXT	\A1;{\W0.8;HIDRANTE Ø4"}	82938.449	95400.265	0	Acueducto-datos de la red 1000
TEXT	\A1;{\W0.8;49.00-Ø8"-PVC}	82932.265	95483.836	0	Acueducto-datos de la red 1000
TEXT	\A1;{\W0.8;36.04-Ø12"-PVC}	82969.843	95540.487	0	Acueducto-datos de la red 1000
TEXT	\A1;\pxql;{\W0.8;ACOMETIDA
5.00-Ø2"-PVC\PCOTA DE CONEXIÓN}\P{\W0.8;2553.30 }	82983.798	95512.334	0	Acueducto-datos de la red 1000
TEXT	\A1;{\W0.8;104.02-Ø12"-PVC}	83015.437	95536.799	0	Acueducto-datos de la red 1000
TEXT	\A1;{\W0.8;46.89-Ø12"-PVC}	83305.174	95544.106	0	Acueducto-datos de la red 1000
TEXT	\A1;{\W0.8;39.62-Ø12"-PVC}	83342.051	95521.851	0	Acueducto-datos de la red 1000
TEXT	\A1;{\W0.8;86.85-Ø12"-PVC}	83394.832	95548.467	0	Acueducto-datos de la red 1000
TEXT	\A1;{\W0.8;ACOMETIDA
5.00-Ø2"-PVC\PCOTA DE CONEXIÓN}\P{\W0.8;2557.12 }	83383.605	95509.475	0	Acueducto-datos de la red 1000
TEXT	\A1;{\W0.8;ACOMETIDA
5.00-Ø2\H1.00002x;"-PVC\P\H0.99998x;COTA DE CONEXIÓN}\P{\W0.8;2558.92}	83471.997	95518.15	0	Acueducto-datos de la red 1000
TEXT	\A1;{\W0.8;29.38-Ø12"-PVC}	83470.837	95534.543	0	Acueducto-datos de la red 1000
TEXT	\A1;{\W0.8;57.74-Ø12"-PVC}	83511.355	95532.397	0	Acueducto-datos de la red 1000
TEXT	\A1;{\W0.8;28.36-Ø8"-PVC}	83510.647	95570.475	0	Acueducto-datos de la red 1000
TEXT	\A1;{\W0.8;37.27-Ø8"-PVC}	83572.342	95576.478	0	Acueducto-datos de la red 1000
TEXT	\A1;{\W0.8;9.78-Ø12"-PVC}	83569.868	95552.112	0	Acueducto-datos de la red 1000
TEXT	\A1;{\W0.8;36.15-Ø12"-PVC}	83595.049	95548.383	0	Acueducto-datos de la red 1000
TEXT	\A1;{\W0.8;ACOMETIDA
5.00-Ø3"-PVC\PCOTA DE CONEXIÓN\P2566.91}	83617.979	95515.342	0	Acueducto-datos de la red 1000
TEXT	\A1;{\W0.8;HIDRANTE Ø4"}	83628.154	95602.694	0	Acueducto-datos de la red 1000
TEXT	6	83507.965	95654.645	0	edicion oculto
TEXT	\A1;{\W0.8;7.81-Ø12"-PVC}	83556.243	95607.978	0	Acueducto-datos de la red 1000
TEXT	\A1;{\W0.8;135.68-Ø12"-PVC}	83382.621	95591.608	0	Acueducto-datos de la red 1000
TEXT	\A1;{\W0.8;10.19-Ø6"-PVC}	83298.605	95608.9	0	Acueducto-datos de la red 1000
TEXT	\A1;{\W0.8;2.15-Ø6"-PVC}	83296.428	95604.633	0	Acueducto-datos de la red 1000
TEXT	\A1;{\W0.8;1.97-Ø6"-PVC}	83294.248	95599.982	0	Acueducto-datos de la red 1000
TEXT	\A1;{\W0.8;7.05-Ø12"-PVC}	83293.178	95595.234	0	Acueducto-datos de la red 1000
TEXT	\A1;{\W0.8;1.80-Ø12"-PVC}	83291.966	95590.516	0	Acueducto-datos de la red 1000
TEXT	\A1;{\W0.8;49.43-Ø12"-PVC}	83195.435	95589.171	0	Acueducto-datos de la red 1000
TEXT	\A1;{\W0.8;ACOMETIDA
5.00-Ø2\H1.00002x;"-PVC\P\H0.99998x;COTA DE CONEXIÓN\P2553.93 }	83200.945	95600.435	0	Acueducto-datos de la red 1000
TEXT	\A1;{\W0.8;HIDRANTE Ø4"}	83195.636	95566.988	0	Acueducto-datos de la red 1000
TEXT	\A1;{\W0.8;71.92-Ø12"-PVC}	83164.202	95569.156	0	Acueducto-datos de la red 1000
TEXT	\A1;{\W0.8;1.71-Ø4"-PVC}	83144.792	95588.78	0	Acueducto-datos de la red 1000
TEXT	\A1;{\W0.8;2.05-Ø4"-PVC}	83144.837	95584.182	0	Acueducto-datos de la red 1000
TEXT	\A1;{\W0.8;14.86-Ø12"-PVC}	83098.834	95565.669	0	Acueducto-datos de la red 1000
TEXT	\A1;{\W0.8;1.72-Ø6"-PVC}	83069.201	95588.923	0	Acueducto-datos de la red 1000
TEXT	\A1;{\W0.8;2.05-Ø6"-PVC}	83068.872	95584.776	0	Acueducto-datos de la red 1000
TEXT	\A1;{\W0.8;56.68-Ø12"-PVC}	83060.439	95573.39	0	Acueducto-datos de la red 1000
TEXT	\A1;{\W0.8;HIDRANTE Ø4"}	83043.501	95559.364	0	Acueducto-datos de la red 1000
TEXT	\A1;{\W0.8;85.75-Ø12"-PVC}	82988.583	95565.869	0	Acueducto-datos de la red 1000
TEXT	\A1;{\W0.8;ACOMETIDA
5.00-Ø2"-PVC\PCOTA DE CONEXIÓN}\P{\W0.8;2552.41} 	82979.729	95591.63	0	Acueducto-datos de la red 1000
TEXT	\A1;{\W0.8;19.81-Ø12"-HD}	82911.82	95581.986	0	Acueducto-datos de la red 250
TEXT	\A1;{\W0.8;18.09-Ø12"-HD}	82903.464	95573.343	0	Acueducto-datos de la red 250
TEXT	\A1;{\W0.8;1.51-Ø12"-PVC}	82892.115	95560.392	0	Acueducto-datos de la red 250
TEXT	\A1;{\W0.8;19.18-Ø8"-PVC}	82893.724	95587.94	0	Acueducto-datos de la red 250
TEXT	\A1;{\W0.8;12.28-Ø8"-PVC}	82859.25	95615.485	0	Acueducto-datos de la red 1000
TEXT	\A1;{\W0.8;12.39-Ø8"-PVC}	82909.678	95630.389	0	Acueducto-datos de la red 1000
TEXT	\A1;{\W0.8;ACOMETIDA
5.00-Ø2\H1x;"-PVC\PCOTA DE CONEXIÓN\P2550.34} 	83015.819	95857.837	0	Acueducto-datos de la red 1000
TEXT	\A1;{\W0.8;54.78-Ø8"-PVC}	82932.738	95782.064	0	Acueducto-datos de la red 1000
TEXT	\A1;{\W0.8;HIDRANTE Ø4"}	82907.934	95746.65	0	Acueducto-datos de la red 1000
TEXT	\A1;{\W0.8;10.91-Ø8"-PVC}	82839.621	95680.593	0	Acueducto-datos de la red 1000
TEXT	\A1;{\W0.8;15.32-Ø12"-PVC}	82765.519	95650.597	0	Acueducto-datos de la red 1000
TEXT	\A1;{\W0.8;ACOMETIDA
5.87-Ø3"-PVC\PCOTA DE CONEXIÓN}\P{\W0.8;2552.39} 	82718.662	95657.209	0	Acueducto-datos de la red 1000
TEXT	\A1;{\W0.8;HIDRANTE Ø4"}	82676.81	95672.673	0	Acueducto-datos de la red 1000
TEXT	\A1;{\W0.8;4.67-Ø8"-PVC}	82647.231	95707.877	0	Acueducto-datos de la red 1000
TEXT	\A1;{\W0.8;97.00-Ø8"-PVC}	82724.916	95823.443	0	Acueducto-datos de la red 1000
TEXT	\A1;{\W0.8;47.69-Ø8"-PVC}	82800.432	95918.97	0	Acueducto-datos de la red 1000
TEXT	\A1;{\W0.8;HIDRANTE Ø4"}	82860.945	95922.042	0	Acueducto-datos de la red 1000
TEXT	\A1;{\W0.8;HIDRANTE Ø4"}	82933.751	96001.12	0	Acueducto-datos de la red 1000
TEXT	\A1;{\W0.8;102.81-Ø8"-PVC}	82885.804	95960.784	0	Acueducto-datos de la red 1000
TEXT	2	83619.69	95880.371	0	edicion oculto
TEXT	\A1;1  	83071.815	95275.039	0	edicion oculto
TEXT	\A1;6 	82910.185	95730.4	0	edicion oculto
TEXT	\A1;8  	83132.192	95748.242	0	edicion oculto
TEXT	\A1;8  	83085.849	95762.266	0	edicion oculto
TEXT	\A1;8  	83019.402	95786.744	0	edicion oculto
TEXT	\A1;8  	83010.19	95833.472	0	edicion oculto
TEXT	\A1;3  	83034.451	95875.876	0	edicion oculto
TEXT	\A1;8  	83065.432	95900.723	0	edicion oculto
TEXT	\A1;8  	83093.847	95939.032	0	edicion oculto
TEXT	\A1;10  	83094.616	95959.103	0	edicion oculto
TEXT	\A1;10  	83093.114	95969.512	0	edicion oculto
TEXT	\A1;10  	83094.956	95986.173	0	edicion oculto
TEXT	\A1;10  	83080.356	96002.137	0	edicion oculto
TEXT	\A1;10  	82998.932	96022.839	0	edicion oculto
TEXT	\A1;10  	82957.864	96031.035	0	edicion oculto
TEXT	\A1;10  	82947.476	96034.156	0	edicion oculto
TEXT	\A1;8  	83500.247	97228.182	0	edicion oculto
TEXT	\A1;8  	83374.677	96853.064	0	edicion oculto
TEXT	\A1;8  	83317.66	96676.426	0	edicion oculto
TEXT	\A1;8  	83259.678	96491.633	0	edicion oculto
TEXT	\A1;8  	83231.785	96420.287	0	edicion oculto
TEXT	\A1;8  	83197.735	96349.626	0	edicion oculto
TEXT	\A1;8  	83009.347	96135.807	0	edicion oculto
TEXT	\A1;8  	82947.622	96040.292	0	edicion oculto
TEXT	\A1;4  	82825.884	95877.12	0	edicion oculto
TEXT	\A1;8  	82927.692	96013.376	0	edicion oculto
TEXT	\A1;8  	82892.677	95957.52	0	edicion oculto
TEXT	\A1;8  	82740.593	95782.579	0	edicion oculto
TEXT	\A1;8  	82707.435	95720.008	0	edicion oculto
TEXT	\A1;8  	82774.291	95690.871	0	edicion oculto
TEXT	\A1;8  	82849.351	95655.883	0	edicion oculto
TEXT	\A1;8  	82878.135	95654.773	0	edicion oculto
TEXT	\A1;8  	82891.609	95604.556	0	edicion oculto
TEXT	\A1;4  	83328.607	95589.754	0	edicion oculto
TEXT	\A1;6  	83385.314	95583.247	0	edicion oculto
TEXT	\A1;6  	83257.345	95580.49	0	edicion oculto
TEXT	\A1;1 {\H0.7x;\S1#2;}   	83179.567	95591.612	0	edicion oculto
TEXT	\A1;6  	83109.096	95582.028	0	edicion oculto
TEXT	\A1;8  	83066.175	95576.231	0	edicion oculto
TEXT	\A1;2  	82962.605	95591.116	0	edicion oculto
TEXT	\A1;8  	82973.512	95575.022	0	edicion oculto
TEXT	\A1;8  	82912.757	95572.846	0	edicion oculto
TEXT	\A1;12  	82886.056	95570.893	0	edicion oculto
TEXT	\A1;12  	83040.386	95529.485	0	edicion oculto
TEXT	\A1;2  	82983.158	95525.505	0	edicion oculto
TEXT	\A1;12  	82946.399	95527.743	0	edicion oculto
TEXT	\A1;12  	82906.275	95527.04	0	edicion oculto
TEXT	\A1;12  	82920.192	95509.169	0	edicion oculto
TEXT	\A1;12  	82926.95	95460.786	0	edicion oculto
TEXT	\A1;4  	82893.987	95419.908	0	edicion oculto
TEXT	\A1;12  	82923.225	95410.901	0	edicion oculto
TEXT	\A1;12  	82922.155	95387.459	0	edicion oculto
TEXT	\A1;12  	82948.428	95362.338	0	edicion oculto
TEXT	\A1;12  	83002.147	95319.575	0	edicion oculto
TEXT	\A1;2{\H0.7x;\S1#2;}   	82980.893	95207.209	0	edicion oculto
TEXT	\A1;2  	83021.397	95169.584	0	edicion oculto
TEXT	\A1;8  	83048.915	95165.154	0	edicion oculto
TEXT	\A1;8  	82999.449	95206.157	0	edicion oculto
TEXT	\A1;8  	83014.023	95271.396	0	edicion oculto
TEXT	\A1;4  	83030.204	95298.862	0	edicion oculto
TEXT	\A1;4  	83094.758	95254.314	0	edicion oculto
TEXT	\A1;4  	83054.402	95288.655	0	edicion oculto
TEXT	\A1;4  	83052.91	95337.285	0	edicion oculto
TEXT	\A1;1{\H0.7x;\S1#4;}  	83076.851	95351.891	0	edicion oculto
TEXT	\A1;4  	83073.753	95371.511	0	edicion oculto
TEXT	\A1;4  	83087.9	95410.247	0	edicion oculto
TEXT	\A1;4  	83213.427	95382.81	0	edicion oculto
TEXT	\A1;1{\H0.7x;\S1#4;}  	83166.234	95405.073	0	edicion oculto
TEXT	\A1;2  	83176.988	95422.057	0	edicion oculto
TEXT	\A1;4  	83146.471	95436.424	0	edicion oculto
TEXT	\A1;4  	83113.04	95456.23	0	edicion oculto
TEXT	\A1;4  	83105.68	95465.9	0	edicion oculto
TEXT	\A1;2  	83091.795	95478.939	0	edicion oculto
TEXT	\A1;1{\H0.7x;\S1#2;}   	83458.746	95531.958	0	edicion oculto
TEXT	\A1;1{\H0.7x;\S1#2;}"   	83249.837	95533.289	0	edicion oculto
TEXT	\A1;1{\H0.7x;\S1#4;}  	83164.847	95527.453	0	edicion oculto
TEXT	12	83201.413	95530.209	0	edicion oculto
TEXT	12	83282.807	95542.81	0	edicion oculto
TEXT	6	83712.579	95606.267	0	edicion oculto
TEXT	6	83504.032	95696.549	0	edicion oculto
TEXT	6	83511.301	95624.578	0	edicion oculto
TEXT	8	83529.123	95600.842	0	edicion oculto
TEXT	8	83534.303	95599.085	0	edicion oculto
TEXT	2	83617.897	95604.221	0	edicion oculto
TEXT	6	83680.707	95605.365	0	edicion oculto
TEXT	6	83637.262	95590.405	0	edicion oculto
TEXT	6	83580.441	95588.924	0	edicion oculto
TEXT	8	83546.112	95570.661	0	edicion oculto
TEXT	12	83524.585	95541.594	0	edicion oculto
TEXT	12	83395.882	95544.776	0	edicion oculto
TEXT	2	83376.082	95531.154	0	edicion oculto
TEXT	12	83339.595	95543.606	0	edicion oculto
TEXT	\A1;2  	83409.705	95415.135	0	edicion oculto
TEXT	4	83333.018	95504.758	0	edicion oculto
TEXT	4	83370.98	95450.007	0	edicion oculto
TEXT	4	83440.466	95380.705	0	edicion oculto
TEXT	\A1;1{\H0.7x;\S1#4;}  	83489.712	95356.231	0	edicion oculto
TEXT	4	83522.185	95319.212	0	edicion oculto
TEXT	2	83546.025	95306.642	0	edicion oculto
TEXT	4	83558.626	95288.683	0	edicion oculto
TEXT	4	83531.748	95203.709	0	edicion oculto
TEXT	2	83763.4	95282.904	0	edicion oculto
TEXT	6	83775.759	95293.562	0	edicion oculto
TEXT	6	83781.4	95302.907	0	edicion oculto
TEXT	6	83791.089	95298.638	0	edicion oculto
TEXT	6	83806.582	95296.517	0	edicion oculto
TEXT	8	83833.348	95317.251	0	edicion oculto
TEXT	\A1;2{\H0.7x;\S1#2;} 	83829.619	95336.702	0	edicion oculto
TEXT	10	83852.314	95375.661	0	edicion oculto
TEXT	10	83840.656	95409.49	0	edicion oculto
TEXT	\A1;2{\H0.7x;\S1#2;} 	83814.315	95459.344	0	edicion oculto
TEXT	12	83807.801	95487.755	0	edicion oculto
TEXT	12	83792.958	95519.986	0	edicion oculto
TEXT	12	83763.065	95548.194	0	edicion oculto
TEXT	2	83702.938	95554.117	0	edicion oculto
TEXT	12	83715.298	95569.219	0	edicion oculto
TEXT	12	83674.57	95552.846	0	edicion oculto
TEXT	12	83645.626	95546.685	0	edicion oculto
TEXT	2	83609.713	95539.655	0	edicion oculto
TEXT	12	83578.861	95545.001	0	edicion oculto
TEXT	8	83563.06	95543.239	0	edicion oculto
TEXT	8	83561.397	95536.777	0	edicion oculto
TEXT	8	83566.862	95529.65	0	edicion oculto
TEXT	8	83634.417	95404.762	0	edicion oculto
TEXT	8	83693.07	95270.273	0	edicion oculto
TEXT	8	83690.127	95135.024	0	edicion oculto
TEXT	8	83662.427	95068.278	0	edicion oculto
TEXT	\A1;2 	83397.14	95228.784	0	edicion oculto
TEXT	\A1;2 	83453.925	95185.986	0	edicion oculto
TEXT	\A1;2 	83535.516	95116.212	0	edicion oculto
TEXT	8	83625.319	95044.172	0	edicion oculto
TEXT	8	83606.368	95055.057	0	edicion oculto
TEXT	8	83568.007	95083.183	0	edicion oculto
TEXT	8	83521.77	95121.91	0	edicion oculto
TEXT	8	83473.439	95162.402	0	edicion oculto
TEXT	8	83429.471	95199.25	0	edicion oculto
TEXT	8	83377.942	95242.435	0	edicion oculto
TEXT	\A1;2 	83338.797	95287.674	0	edicion oculto
TEXT	8	83292.734	95313.845	0	edicion oculto
TEXT	\A1;2 	83277.81	95335.396	0	edicion oculto
TEXT	8	83265.416	95339.239	0	edicion oculto
TEXT	8	83214.944	95305.536	0	edicion oculto
TEXT	\A1;2{\H0.7x;\S1#2;} 	83191.757	95279.266	0	edicion oculto
TEXT	8	83162.936	95242.797	0	edicion oculto
TEXT	8	83126.96	95199.398	0	edicion oculto
TEXT	\A1;2{\H0.7x;\S1#2;} 	83119.636	95183.376	0	edicion oculto
TEXT	8	83097.29	95165.114	0	edicion oculto
TEXT	6	83098.29	95122.993	0	edicion oculto
TEXT	\A1;2{\H0.7x;\S1#2;} 	83097.556	95107.144	0	edicion oculto
TEXT	6	83119.37	95108.232	0	edicion oculto
TEXT	10	83820.706	95445.114	0	edicion oculto
TEXT	\A1;\pxql;{\W0.8;EMPATE 10}  	83394.53	95982.585	0	ACUEDUCTO-DATOS DE LA RED 2500
TEXT	\A1;\pxql;{\W0.8;EMPATE 9}  	82611.198	95723.123	0	ACUEDUCTO-DATOS DE LA RED 2500
TEXT	\A1;\pxql;{\W0.8;EMPATE 7} 	83498.125	95864.537	0	ACUEDUCTO-DATOS DE LA RED 2500
TEXT	\A1;\pxql;{\W0.8;EMPATE 6}  	83348.413	95909.903	0	ACUEDUCTO-DATOS DE LA RED 2500
TEXT	\A1;\pxql;{\W0.8;EMPATE 8}  	82979.978	96079.734	0	ACUEDUCTO-DATOS DE LA RED 2500
TEXT	\A1;\pxql;{\W0.8;EMPATE 5}  	83041.964	95654.119	0	ACUEDUCTO-DATOS DE LA RED 2500
TEXT	\A1;\pxql;{\W0.8;EMPATE 4}  	83123.476	95672.25	0	ACUEDUCTO-DATOS DE LA RED 2500
TEXT	\A1;\pxql;{\W0.8;EMPATE 3}  	83276.416	95671.567	0	ACUEDUCTO-DATOS DE LA RED 2500
TEXT	\A1;\pxql;{\W0.8;EMPATE 2}  	83526.877	95737.644	0	ACUEDUCTO-DATOS DE LA RED 2500
TEXT	\A1;\pxql;{\W0.8;EMPATE 1}  	83145.076	95708.274	0	ACUEDUCTO-DATOS DE LA RED 2500
FIN-DUMP
