ORIGEN	CAPITULO	SUBCAPITULO	CODIGO	NOMBRE	UM	VALOR
Antiguo	EXCAVACIONES	EXC. CONFORMACIÓN DE SUBRASANTE	3007	REPLANTEO GENERAL	M2	1081
Antiguo	EXCAVACIONES	EXC. ESTRUCTURAS Y REDES	3009	EXCAVACION MANUAL PARA REDES PROFUNDIDAD 0M - 2M (INCLUYE CARGUE)	M3	58471
Antiguo	DEMOLICIONES	DEMOLICIONES	3010	DEMOLICION PAVIMENTO ASFALTICO (INCLUYE CARGUE). NO INCLUYE TRANSPORTE Y DISPOSICIÓN FINAL DE SOBRANTES.	M3	43555
Antiguo	DEMOLICIONES	DEMOLICIONES	3011	DEMOLICION MANUAL SARDINEL EXISTENTE (INCLUYE CARGUE). NO INCLUYE TRANSPORTE Y DISPOSICIÓN FINAL DE SOBRANTES.	ML	8176
Antiguo	DEMOLICIONES	DEMOLICIONES	3012	DEMOLICIÓN PISOS DE CONCRETO (ESPESOR VARIABLE HASTA 0.10 M. INCLUYE CARGUE). NO INCLUYE TRANSPORTE Y DISPOSICIÓN FINAL DE SOBRANTES.	M2	9583
Antiguo	REDES ELECTRICAS	RED ELECTRICA CODENSA	3015	RETIRO DE POSTES DE AP/LA (INCLUYE TRASLADO A SITIO DE ACOPIO)	UN	256334
Antiguo	TRANSPORTES Y ACARREOS	TRANSPORTES Y ACARREOS	3017	TRANSPORTE Y DISPOSICIÓN FINAL DE ESCOMBROS EN SITIO AUTORIZADO (DISTANCIA DE TRANSPORTE 21 KM). A DISTANCIA MAYOR DEL ACARREO LIBRE (90 M) EN SITIO AUTORIZADO POR LA ENTIDAD AMBIENTAL COMPETENTE.	M3	45734
Antiguo	RELLENOS Y CAPAS GRANULARES	RELLENOS EN TIERRA	3018	RELLENO EN TIERRA NEGRA PARA EMPRADIZACION (SUMINISTRO Y EXTENDIDO)	M3	111152
Antiguo	DEMOLICIONES	DEMOLICIONES	3021	DEMOLICION PAVIMENTO ASFALTICO (ESPESOR VARIABLE. INCLUYE CARGUE). NO INCLUYE TRANSPORTE Y DISPOSICIÓN FINAL DE SOBRANTES.	M2	8838
Antiguo	DEMOLICIONES	DEMOLICIONES	3022	DEMOLICIÓN PISOS DE CONCRETO (INCLUYE CARGUE). NO INCLUYE TRANSPORTE Y DISPOSICIÓN FINAL DE SOBRANTES.	M3	64547
Antiguo	RELLENOS Y CAPAS GRANULARES	RELLENOS PARA ANDENES Y REDES	3024	RELLENO PARA REDES EN ARENA DE PEÑA (SUMINISTRO, EXTENDIDO, HUMEDECIMIENTO Y COMPACTACIÓN)	M3	182185
Antiguo	ANDENES Y SARDINELES	SARDINELES Y BORDILLOS	3027	SARDINEL TIPO A10 (SUMINISTRO E INSTALACIÓN. INCLUYE 3CM MORTERO 1:5)	ML	90524
Antiguo	REDES ALCANTARILLADO / DRENAJE	REDES ALCANTARILLADO / DRENAJE	3041	TUBERIA PVC U.M. EXT CORRUGADO/INT LISO U.M. NORMA NTC 3722-1 D=4" (INCLUYE SUMINISTRO E INSTALACIÓN)	ML	39297
Antiguo	REDES ALCANTARILLADO / DRENAJE	REDES ALCANTARILLADO / DRENAJE	3042	TUBERIA PVC U.M. EXT CORRUGADO/INT LISO U.M. NORMA NTC 3722-1 D=6" (INCLUYE SUMINISTRO E INSTALACIÓN)	ML	66044
Antiguo	REDES ALCANTARILLADO / DRENAJE	REDES ALCANTARILLADO / DRENAJE	3043	TUBERIA PVC U.M. EXT CORRUGADO/INT LISO U.M. NORMA NTC 3722-1 D=8" (INCLUYE SUMINISTRO E INSTALACIÓN)	ML	91366
Antiguo	REDES ALCANTARILLADO / DRENAJE	REDES ALCANTARILLADO / DRENAJE	3044	TUBERIA PVC U.M. EXT CORRUGADO/INT LISO U.M. NORMA NTC 3722-1 D=10" (INCLUYE SUMINISTRO E INSTALACIÓN)	ML	128594
Antiguo	REDES ALCANTARILLADO / DRENAJE	REDES ALCANTARILLADO / DRENAJE	3045	TUBERIA PVC U.M. EXT CORRUGADO/INT LISO U.M. NORMA NTC 3722-1 D=12" (INCLUYE SUMINISTRO E INSTALACIÓN)	ML	179457
Antiguo	REDES ALCANTARILLADO / DRENAJE	REDES ALCANTARILLADO / DRENAJE	3046	TUBERIA PVC U.M. EXT CORRUGADO/INT LISO U.M. NORMA NTC 3722-1 D=16" (INCLUYE SUMINISTRO E INSTALACIÓN)	ML	317101
Antiguo	REDES ALCANTARILLADO / DRENAJE	REDES ALCANTARILLADO / DRENAJE	3047	TUBERIA PVC U.M. EXT CORRUGADO/INT LISO U.M. NORMA NTC 3722-1 D=18" (INCLUYE SUMINISTRO E INSTALACIÓN)	ML	430046
Antiguo	REDES ALCANTARILLADO / DRENAJE	REDES ALCANTARILLADO / DRENAJE	3048	TUBERIA PVC U.M. EXT CORRUGADO/INT LISO U.M. NORMA NTC 3722-1 D=20" (INCLUYE SUMINISTRO E INSTALACIÓN)	ML	523908
Antiguo	RELLENOS Y CAPAS GRANULARES	RELLENOS PARA ANDENES Y REDES	3050	RELLENO EN MATERIAL SELECCIONADO PROVENIENTE DE LA EXCAVACIÓN (EXTENDIDO MANUAL, HUMEDECIMIENTO Y COMPACTACIÓN)	M3	48122
Antiguo	RELLENOS Y CAPAS GRANULARES	RELLENOS PARA ANDENES Y REDES	3052	RELLENO PARA REDES EN SUBBASE GRANULAR B-200 (SUMINISTRO, EXTENDIDO, HUMEDECIMIENTO Y COMPACTACIÓN)	M3	123218
Antiguo	REDES TELEFONICAS / DATOS	RED TELEFONICA ETB	3055	12 DUCTOS D=4" PVC-TDP (INCLUYE SUMINISTRO E INSTALACIÓN. NO INCLUYE RELLENOS)	ML	360330
Antiguo	REDES TELEFONICAS / DATOS	RED TELEFONICA ETB	3056	16 DUCTOS D=4" PVC-TDP (INCLUYE SUMINISTRO E INSTALACIÓN. NO INCLUYE RELLENOS)	ML	477849
Antiguo	REDES TELEFONICAS / DATOS	RED TELEFONICA ETB	3057	CAMARA DE INSPECCIÓN T-13 ETB (H=2.3M. INCLUYE BASE, MUROS, CUBIERTA, ARO-BASE Y ARO-TAPA)	UN	5496717
Antiguo	REDES TELEFONICAS / DATOS	RED TELEFONICA ETB	3058	CAMARA DE INSPECCIÓN T-13A ETB (H=2.3M. INCLUYE BASE, MUROS, CUBIERTA, ARO-BASE Y ARO-TAPA)	UN	9002389
Antiguo	REDES TELEFONICAS / DATOS	RED TELEFONICA ETB	3059	CAMARA DE INSPECCIÓN T-14 ETB (H=2.3M. INCLUYE BASE, MUROS, CUBIERTA, ARO-BASE Y ARO-TAPA)	UN	5405503
Antiguo	REDES ALCANTARILLADO / DRENAJE	REDES ALCANTARILLADO / DRENAJE	3064	TUBERIA CONCRETO D=8" CL. I SIN REFUERZO (INCLUYE SUMINISTRO E INSTALACIÓN)	ML	103912
Antiguo	REDES ALCANTARILLADO / DRENAJE	REDES ALCANTARILLADO / DRENAJE	3065	TUBERIA CONCRETO D=10" CL. I SIN REFUERZO (INCLUYE SUMINISTRO E INSTALACIÓN)	ML	125262
Antiguo	REDES ALCANTARILLADO / DRENAJE	REDES ALCANTARILLADO / DRENAJE	3066	TUBERIA CONCRETO D=12" CL. I SIN REFUERZO (INCLUYE SUMINISTRO E INSTALACIÓN)	ML	162873
Antiguo	REDES ALCANTARILLADO / DRENAJE	REDES ALCANTARILLADO / DRENAJE	3067	TUBERIA CONCRETO D=14" CL. I SIN REFUERZO (INCLUYE SUMINISTRO E INSTALACIÓN)	ML	194640
Antiguo	REDES ALCANTARILLADO / DRENAJE	REDES ALCANTARILLADO / DRENAJE	3068	TUBERIA CONCRETO D=16" CL. I SIN REFUERZO (INCLUYE SUMINISTRO E INSTALACIÓN)	ML	250158
Antiguo	REDES ALCANTARILLADO / DRENAJE	REDES ALCANTARILLADO / DRENAJE	3069	TUBERIA CONCRETO D=18" CL. I SIN REFUERZO (INCLUYE SUMINISTRO E INSTALACIÓN)	ML	315153
Antiguo	REDES ALCANTARILLADO / DRENAJE	REDES ALCANTARILLADO / DRENAJE	3070	TUBERIA CONCRETO D=20" CL. I SIN REFUERZO (INCLUYE SUMINISTRO E INSTALACIÓN)	ML	403869
Antiguo	REDES ALCANTARILLADO / DRENAJE	REDES ALCANTARILLADO / DRENAJE	3071	TUBERIA CONCRETO D=24" CL. I SIN REFUERZO (INCLUYE SUMINISTRO E INSTALACIÓN)	ML	583226
Antiguo	REDES ALCANTARILLADO / DRENAJE	REDES ALCANTARILLADO / DRENAJE	3151	SUMIDERO LATERAL SL-100, H=1.25M (FUNDIDO EN SITIO, CONCRETO PREMEZCLADO. INCL. SUMIN, FORM, REF. Y CONSTR. INCL. TAPA)	UN	3325537
Antiguo	REDES ALCANTARILLADO / DRENAJE	REDES ALCANTARILLADO / DRENAJE	3155	DEMOLICION SUMIDERO EXISTENTE (INCLUYE CARGUE)	UN	201905
Antiguo	REDES ELECTRICAS	RED ELECTRICA CODENSA	3159	2 DUCTOS D=3" PVC-EB (INCLUYE SUMINISTRO E INSTALACIÓN. NO INCLUYE RELLENOS). NORMA CS207.	ML	41892
Antiguo	ANDENES Y SARDINELES	SARDINELES Y BORDILLOS	3163	SEPARADOR 'NEW JERSEY' BIDIRECCIONAL 1.5M X 0.6M X 1.1M (PREFABRICADO. INCLUYE SUM. E INST. NO INC. MATERIAL DE BASE)	ML	376877
Antiguo	MOBILIARIO URBANO - ARBOLES Y GRAMAS	SIEMBRA DE ARBOLES Y GRAMA	3172	SIEMBRA DE GRAMA (INCLUYE SUMINISTRO E INSTALACIÓN. NO INCLUYE TIERRA NEGRA)	M2	24882
Antiguo	SEÑALIZACIÓN	DEMARCACION DE PAVIMENTOS	3178	DEMARCACION PASO PEATONAL-CEBRA (E=15 MILS, ACRÍLICA BASE AGUA. INC. SUMIN. Y APLIC. CON EQUIPO. INCL. MICROESFERAS)	M2	45802
Antiguo	SEÑALIZACIÓN	DEMARCACION DE PAVIMENTOS	3180	DEMARCACION PASO PEATONAL-LINEA CONT. A=0.15M (E=15 MILS, ACRÍLICA B. AGUA. INC. SUM Y APLIC. CON EQUIPO. INC MICROESF.)	ML	7974
Antiguo	REDES ELECTRICAS	RED ELECTRICA CODENSA	3189	6 DUCTOS D=4" Y 3 DUCTOS D=6" PVC-TDP (INCLUYE SUMINISTRO E INSTALACIÓN. NO INCLUYE RELLENOS). NORMA CS215.	ML	372392
Antiguo	REDES TELEFONICAS / DATOS	RED TELEFONICA ETB	3194	6 DUCTOS D=3" PVC-TDP (INCLUYE SUMINISTRO E INSTALACIÓN. NO INCLUYE RELLENOS)	ML	153527
Antiguo	REDES TELEFONICAS / DATOS	RED TELEFONICA ETB	3195	2 DUCTOS D=4" PVC-TDP (INCLUYE SUMINISTRO E INSTALACIÓN. NO INCLUYE RELLENOS)	ML	63509
Antiguo	REDES ACUEDUCTO	REDES ACUEDUCTO	3196	UNION GIBAULT D=3" (SUMINISTRO E INSTALACIÓN)	UN	204994
Antiguo	REDES ACUEDUCTO	REDES ACUEDUCTO	3197	UNION GIBAULT D=4" (SUMINISTRO E INSTALACIÓN)	UN	256810
Antiguo	REDES ACUEDUCTO	REDES ACUEDUCTO	3198	UNION GIBAULT D=6" (SUMINISTRO E INSTALACIÓN)	UN	346993
Antiguo	REDES ACUEDUCTO	REDES ACUEDUCTO	3199	UNION GIBAULT D=8" (SUMINISTRO E INSTALACIÓN)	UN	371482
Antiguo	REDES ACUEDUCTO	REDES ACUEDUCTO	3200	UNION GIBAULT D=10" (SUMINISTRO E INSTALACIÓN)	UN	694163
Antiguo	REDES ACUEDUCTO	REDES ACUEDUCTO	3201	UNION GIBAULT D=12" (SUMINISTRO E INSTALACIÓN)	UN	1041325
Antiguo	CONCRETO Y ACERO PARA ESTRUCTURAS	CONCRETO PARA ESTRUCTURAS	3202	CONCRETO 3000 PSI HECHO EN OBRA PARA REDES (SUMINISTRO Y COLOCACIÓN)	M3	751398
Antiguo	CONCRETO Y ACERO PARA ESTRUCTURAS	CONCRETO PARA ESTRUCTURAS	3203	CONCRETO 2500 PSI HECHO EN OBRA PARA REDES (SUMINISTRO Y COLOCACIÓN)	M3	669645
Antiguo	PAVIMENTOS	PAVIMENTOS EN CONCRETO HIDRAULICO	3204	LOSA DE CONCRETO MR43 (SUMINISTRO, FORMALETEADO, COLOCACIÓN Y ACABADO. NO INCLUYE ACERO, CURADO, JUNTAS)	M3	977648
Antiguo	ANDENES Y SARDINELES	SARDINELES Y BORDILLOS	3207	SARDINEL ESPECIAL A100 PARA RAMPA TIPO A (SUMINISTRO E INSTALACIÓN. INCLUYE 3CM MORTERO 1:5)	UN	69768
Antiguo	ANDENES Y SARDINELES	SARDINELES Y BORDILLOS	3209	BORDE SEPARADOR VERDE TIPO A170 (SUMINISTRO E INSTALACIÓN. INCLUYE 3CM MORTERO 1:5)	ML	471999
Antiguo	ANDENES Y SARDINELES	SARDINELES Y BORDILLOS	3210	BORDILLO PREFABRICADO A80 (SUMINISTRO E INSTALACIÓN. INCLUYE 3CM MORTERO DE NIVELACIÓN 2000 PSI)	ML	82582
Antiguo	REDES ELECTRICAS	RED ELECTRICA CODENSA	3221	CAJA DE INSPECCIÓN PARA ALUMBRADO PÚBLICO NORMA CODENSA CS 274 (ZVERDE. INCLUYE BASE, MUROS, PAÑETE, MARCO Y TAPA). MEDIDAS EXTERNAS: 0.90 X 0.90M. MEDIDAS INTERNAS: 0.60 X 0.60M. ALTURA: 0.93M.	UN	888282
Antiguo	REDES ACUEDUCTO	REDES ACUEDUCTO	3223	TUBERIA PVC D=2" TIPO U.M. RDE 21 (SUMINISTRO E INSTALACIÓN)	ML	26617
Antiguo	REDES ACUEDUCTO	REDES ACUEDUCTO	3224	TUBERIA PVC D=2 1/2" TIPO U.M. RDE 21 (SUMINISTRO E INSTALACIÓN)	ML	36526
Antiguo	REDES ACUEDUCTO	REDES ACUEDUCTO	3225	TUBERIA PVC D=3" TIPO U.M. RDE 21 (SUMINISTRO E INSTALACIÓN)	ML	59868
Antiguo	REDES ACUEDUCTO	REDES ACUEDUCTO	3226	TUBERIA PVC D=4" TIPO U.M. RDE 21 (SUMINISTRO E INSTALACIÓN)	ML	76083
Antiguo	REDES ACUEDUCTO	REDES ACUEDUCTO	3227	TUBERIA PVC D=6" TIPO U.M. RDE 21 (SUMINISTRO E INSTALACIÓN)	ML	151759
Antiguo	REDES ACUEDUCTO	REDES ACUEDUCTO	3228	TUBERIA PVC D=8" TIPO U.M. RDE 21 (SUMINISTRO E INSTALACIÓN)	ML	250672
Antiguo	REDES ACUEDUCTO	REDES ACUEDUCTO	3229	TUBERIA PVC D=10" TIPO U.M. RDE 21 (SUMINISTRO E INSTALACIÓN)	ML	390190
Antiguo	REDES ACUEDUCTO	REDES ACUEDUCTO	3230	TUBERIA PVC D=12" TIPO U.M. RDE 21 (SUMINISTRO E INSTALACIÓN)	ML	533659
Antiguo	REDES ACUEDUCTO	REDES ACUEDUCTO	3231	TUBERIA PVC D=2" TIPO U.M. RDE 26 (SUMINISTRO E INSTALACIÓN)	ML	23172
Antiguo	REDES ACUEDUCTO	REDES ACUEDUCTO	3232	TUBERIA PVC D=2 1/2" TIPO U.M. RDE 26 (SUMINISTRO E INSTALACIÓN)	ML	31427
Antiguo	REDES ACUEDUCTO	REDES ACUEDUCTO	3233	TUBERIA PVC D=3" TIPO U.M. RDE 26 (SUMINISTRO E INSTALACIÓN)	ML	50824
Antiguo	REDES ACUEDUCTO	REDES ACUEDUCTO	3234	TUBERIA PVC D=4" TIPO U.M. RDE 26 (SUMINISTRO E INSTALACIÓN)	ML	65505
Antiguo	REDES ACUEDUCTO	REDES ACUEDUCTO	3235	TUBERIA PVC D=6" TIPO U.M. RDE 26 (SUMINISTRO E INSTALACIÓN)	ML	126872
Antiguo	REDES ACUEDUCTO	REDES ACUEDUCTO	3236	TUBERIA PVC D=8" TIPO U.M. RDE 26 (SUMINISTRO E INSTALACIÓN)	ML	209349
Antiguo	REDES ACUEDUCTO	REDES ACUEDUCTO	3237	TUBERIA PVC D=10" TIPO U.M. RDE 26 (SUMINISTRO E INSTALACIÓN)	ML	321751
Antiguo	REDES ACUEDUCTO	REDES ACUEDUCTO	3238	TUBERIA PVC D=12" TIPO U.M. RDE 26 (SUMINISTRO E INSTALACIÓN)	ML	460130
Antiguo	REDES ACUEDUCTO	REDES ACUEDUCTO	3239	TUBERIA PVC D=3" TIPO U.M. RDE 32.5 (SUMINISTRO E INSTALACIÓN)	ML	42294
Antiguo	REDES ACUEDUCTO	REDES ACUEDUCTO	3240	TUBERIA PVC D=4" TIPO U.M. RDE 32.5 (SUMINISTRO E INSTALACIÓN)	ML	54140
Antiguo	REDES ACUEDUCTO	REDES ACUEDUCTO	3241	TUBERIA PVC D=6" TIPO U.M. RDE 32.5 (SUMINISTRO E INSTALACIÓN)	ML	106141
Antiguo	REDES ACUEDUCTO	REDES ACUEDUCTO	3242	TUBERIA PVC D=8" TIPO U.M. RDE 32.5 (SUMINISTRO E INSTALACIÓN)	ML	174106
Antiguo	REDES ACUEDUCTO	REDES ACUEDUCTO	3243	TUBERIA PVC D=10" TIPO U.M. RDE 32.5 (SUMINISTRO E INSTALACIÓN)	ML	267933
Antiguo	REDES ACUEDUCTO	REDES ACUEDUCTO	3245	TUBERIA PVC D=12" TIPO U.M. RDE 32.5 (SUMINISTRO E INSTALACIÓN)	ML	380579
Antiguo	REDES ACUEDUCTO	REDES ACUEDUCTO	3246	TUBERIA PVC D=4" TIPO U.M. RDE 41 (SUMINISTRO E INSTALACIÓN)	ML	44088
Antiguo	REDES ACUEDUCTO	REDES ACUEDUCTO	3247	TUBERIA PVC D=6" TIPO U.M. RDE 41 (SUMINISTRO E INSTALACIÓN)	ML	88318
Antiguo	REDES ACUEDUCTO	REDES ACUEDUCTO	3248	TUBERIA PVC D=8" TIPO U.M. RDE 41 (SUMINISTRO E INSTALACIÓN)	ML	142854
Antiguo	REDES ACUEDUCTO	REDES ACUEDUCTO	3249	TUBERIA PVC D=10" TIPO U.M. RDE 41 (SUMINISTRO E INSTALACIÓN)	ML	219157
Antiguo	REDES ACUEDUCTO	REDES ACUEDUCTO	3250	TUBERIA PVC D=12" TIPO U.M. RDE 41 (SUMINISTRO E INSTALACIÓN)	ML	292739
Antiguo	REDES ACUEDUCTO	REDES ACUEDUCTO	3251	TEE HD EXTREMO LISO 6"X2" (SUMINISTRO E INSTALACIÓN)	UN	921117
Antiguo	REDES ACUEDUCTO	REDES ACUEDUCTO	3252	TEE HD EXTREMO LISO 6"X3" (SUMINISTRO E INSTALACIÓN)	UN	838880
Antiguo	REDES ACUEDUCTO	REDES ACUEDUCTO	3253	TEE HD EXTREMO LISO 6"X4" (SUMINISTRO E INSTALACIÓN)	UN	807074
Antiguo	REDES ACUEDUCTO	REDES ACUEDUCTO	3254	TEE HD EXTREMO LISO 6"X6" (SUMINISTRO E INSTALACIÓN)	UN	1001044
Antiguo	REDES ACUEDUCTO	REDES ACUEDUCTO	3255	TEE HD EXTREMO LISO 8"X2" (SUMINISTRO E INSTALACIÓN)	UN	1264786
Antiguo	REDES ACUEDUCTO	REDES ACUEDUCTO	3256	TEE HD EXTREMO LISO 8"X3" (SUMINISTRO E INSTALACIÓN)	UN	1393306
Antiguo	REDES ACUEDUCTO	REDES ACUEDUCTO	3257	TEE HD EXTREMO LISO 8"X4" (SUMINISTRO E INSTALACIÓN)	UN	1575376
Antiguo	REDES ACUEDUCTO	REDES ACUEDUCTO	3258	TEE HD EXTREMO LISO 8"X6" (SUMINISTRO E INSTALACIÓN)	UN	1646776
Antiguo	REDES ACUEDUCTO	REDES ACUEDUCTO	3259	TEE HD EXTREMO LISO 8"X8" (SUMINISTRO E INSTALACIÓN)	UN	1715796
Antiguo	REDES ACUEDUCTO	REDES ACUEDUCTO	3260	TEE HD EXTREMO LISO 10"X2" (SUMINISTRO E INSTALACIÓN)	UN	1890785
Antiguo	REDES ACUEDUCTO	REDES ACUEDUCTO	3261	TEE HD EXTREMO LISO 10"X3" (SUMINISTRO E INSTALACIÓN)	UN	2266825
Antiguo	REDES ACUEDUCTO	REDES ACUEDUCTO	3262	TEE HD EXTREMO LISO 10"X4" (SUMINISTRO E INSTALACIÓN)	UN	2348935
Antiguo	REDES ACUEDUCTO	REDES ACUEDUCTO	3263	TEE HD EXTREMO LISO 10"X6" (SUMINISTRO E INSTALACIÓN)	UN	2565515
Antiguo	REDES ACUEDUCTO	REDES ACUEDUCTO	3264	TEE HD EXTREMO LISO 10"X8" (SUMINISTRO E INSTALACIÓN)	UN	2835645
Antiguo	REDES ACUEDUCTO	REDES ACUEDUCTO	3265	TEE HD EXTREMO LISO 10"X10" (SUMINISTRO E INSTALACIÓN)	UN	3434215
Antiguo	REDES ACUEDUCTO	REDES ACUEDUCTO	3267	TEE HD EXTREMO LISO 12"X3" (SUMINISTRO E INSTALACIÓN)	UN	2306153
Antiguo	REDES ACUEDUCTO	REDES ACUEDUCTO	3268	TEE HD EXTREMO LISO 12"X4" (SUMINISTRO E INSTALACIÓN)	UN	2938043
Antiguo	REDES ACUEDUCTO	REDES ACUEDUCTO	3269	TEE HD EXTREMO LISO 12"X6" (SUMINISTRO E INSTALACIÓN)	UN	2472753
Antiguo	REDES ACUEDUCTO	REDES ACUEDUCTO	3270	TEE HD EXTREMO LISO 12"X8" (SUMINISTRO E INSTALACIÓN)	UN	2942803
Antiguo	REDES ACUEDUCTO	REDES ACUEDUCTO	3271	TEE HD EXTREMO LISO 12"X10" (SUMINISTRO E INSTALACIÓN)	UN	3954303
Antiguo	REDES ACUEDUCTO	REDES ACUEDUCTO	3272	TEE HD EXTREMO LISO 12"X12" (SUMINISTRO E INSTALACIÓN)	UN	4363663
Antiguo	REDES ACUEDUCTO	REDES ACUEDUCTO	3273	TEE HD EXTREMO LISO 24"X8" (SUMINISTRO E INSTALACIÓN)	UN	10847970
Antiguo	REDES ACUEDUCTO	REDES ACUEDUCTO	3274	TEE HD EXTREMO LISO 24"X10" (SUMINISTRO E INSTALACIÓN)	UN	11228770
Antiguo	REDES ACUEDUCTO	REDES ACUEDUCTO	3275	TEE HD EXTREMO LISO 24"X12" (SUMINISTRO E INSTALACIÓN)	UN	13097070
Antiguo	REDES ACUEDUCTO	REDES ACUEDUCTO	3276	TEE HD EXTREMO LISO 24"X14" (SUMINISTRO E INSTALACIÓN)	UN	13727770
Antiguo	REDES ACUEDUCTO	REDES ACUEDUCTO	3277	TEE HD EXTREMO LISO 24"X16" (SUMINISTRO E INSTALACIÓN)	UN	14691670
Antiguo	REDES ACUEDUCTO	REDES ACUEDUCTO	3278	TEE HD EXTREMO LISO 24"X18" (SUMINISTRO E INSTALACIÓN)	UN	15108170
Antiguo	REDES ACUEDUCTO	REDES ACUEDUCTO	3279	TEE HD EXTREMO LISO 24"X20" (SUMINISTRO E INSTALACIÓN)	UN	16060170
Antiguo	REDES ACUEDUCTO	REDES ACUEDUCTO	3280	TEE HD EXTREMO LISO 24"X24" (SUMINISTRO E INSTALACIÓN)	UN	17066910
Antiguo	REDES ACUEDUCTO	REDES ACUEDUCTO	3281	TEE HD EXTREMO LISO 4"X3" (SUMINISTRO E INSTALACIÓN)	UN	535589
Antiguo	REDES ACUEDUCTO	REDES ACUEDUCTO	3282	TEE HD EXTREMO LISO 4"X4" (SUMINISTRO E INSTALACIÓN)	UN	591904
Antiguo	REDES ELECTRICAS	RED ELECTRICA CODENSA	3283	TUBERIA CONDUIT PVC D=1" (INCLUYE SUMINISTRO E INSTALACIÓN)	ML	9728
Antiguo	REDES ELECTRICAS	RED ELECTRICA CODENSA	3284	TUBERIA CONDUIT PVC D=1 1/2" (INCLUYE SUMINISTRO E INSTALACIÓN)	ML	15404
Antiguo	REDES ELECTRICAS	RED ELECTRICA CODENSA	3285	TUBERIA CONDUIT PVC D=1 1/4" (INCLUYE SUMINISTRO E INSTALACIÓN)	ML	12922
Antiguo	REDES ELECTRICAS	RED ELECTRICA CODENSA	3286	TUBERIA CONDUIT PVC D=2" (INCLUYE SUMINISTRO E INSTALACIÓN)	ML	21606
Antiguo	REDES ELECTRICAS	RED ELECTRICA CODENSA	3287	TUBERIA CONDUIT METALICO D=1 1/2" TIPO RMC (INCLUYE SUMINISTRO E INSTALACIÓN)	ML	49798
Antiguo	REDES ELECTRICAS	RED ELECTRICA CODENSA	3288	TUBERIA CONDUIT METALICO D=1" TIPO RMC (INCLUYE SUMINISTRO E INSTALACIÓN)	ML	47031
Antiguo	REDES ACUEDUCTO	REDES ACUEDUCTO	3291	CODO HD 90° EXTREMO LISO PARA PVC D=2" (SUMINISTRO E INSTALACIÓN)	UN	180553
Antiguo	REDES ACUEDUCTO	REDES ACUEDUCTO	3292	CODO HD 90° EXTREMO LISO PARA PVC D=3" (SUMINISTRO E INSTALACIÓN)	UN	244858
Antiguo	REDES ACUEDUCTO	REDES ACUEDUCTO	3293	CODO HD 90° EXTREMO LISO PARA PVC D=4" (SUMINISTRO E INSTALACIÓN)	UN	378509
Antiguo	REDES ACUEDUCTO	REDES ACUEDUCTO	3294	CODO HD 90° EXTREMO LISO PARA PVC D=6" (SUMINISTRO E INSTALACIÓN)	UN	756154
Antiguo	REDES ACUEDUCTO	REDES ACUEDUCTO	3295	CODO HD 90° EXTREMO LISO PARA PVC D=8" (SUMINISTRO E INSTALACIÓN)	UN	1375577
Antiguo	REDES ACUEDUCTO	REDES ACUEDUCTO	3296	CODO HD 90° EXTREMO LISO PARA PVC D=10" (SUMINISTRO E INSTALACIÓN)	UN	2357995
Antiguo	REDES ACUEDUCTO	REDES ACUEDUCTO	3297	CODO HD 90° EXTREMO LISO PARA PVC D=12" (SUMINISTRO E INSTALACIÓN)	UN	3029295
Antiguo	REDES ACUEDUCTO	REDES ACUEDUCTO	3298	CODO HD 90° EXTREMO LISO PARA PVC D=14" (SUMINISTRO E INSTALACIÓN)	UN	6591529
Antiguo	REDES ACUEDUCTO	REDES ACUEDUCTO	3299	CODO HD 90° EXTREMO LISO PARA PVC D=16" (SUMINISTRO E INSTALACIÓN)	UN	8229652
Antiguo	REDES ACUEDUCTO	REDES ACUEDUCTO	3300	CODO HD 90° EXTREMO LISO PARA PVC D=18" (SUMINISTRO E INSTALACIÓN)	UN	9468102
Antiguo	REDES ACUEDUCTO	REDES ACUEDUCTO	3301	CODO HD 90° EXTREMO LISO PARA PVC D=20" (SUMINISTRO E INSTALACIÓN)	UN	13251140
Antiguo	REDES ACUEDUCTO	REDES ACUEDUCTO	3303	CODO HD 45° EXTREMO LISO PARA PVC D=2" (SUMINISTRO E INSTALACIÓN)	UN	204353
Antiguo	REDES ACUEDUCTO	REDES ACUEDUCTO	3304	CODO HD 45° EXTREMO LISO PARA PVC D=3" (SUMINISTRO E INSTALACIÓN)	UN	242478
Antiguo	REDES ACUEDUCTO	REDES ACUEDUCTO	3305	CODO HD 45° EXTREMO LISO PARA PVC D=4" (SUMINISTRO E INSTALACIÓN)	UN	366609
Antiguo	REDES ACUEDUCTO	REDES ACUEDUCTO	3306	CODO HD 45° EXTREMO LISO PARA PVC D=6" (SUMINISTRO E INSTALACIÓN)	UN	644294
Antiguo	REDES ACUEDUCTO	REDES ACUEDUCTO	3307	CODO HD 45° EXTREMO LISO PARA PVC D=8" (SUMINISTRO E INSTALACIÓN)	UN	1302987
Antiguo	REDES ACUEDUCTO	REDES ACUEDUCTO	3308	CODO HD 45° EXTREMO LISO PARA PVC D=10" (SUMINISTRO E INSTALACIÓN)	UN	2188915
Antiguo	REDES ACUEDUCTO	REDES ACUEDUCTO	3309	CODO HD 45° EXTREMO LISO PARA PVC D=12" (SUMINISTRO E INSTALACIÓN)	UN	2787725
Antiguo	REDES ACUEDUCTO	REDES ACUEDUCTO	3310	CODO HD 45° EXTREMO LISO PARA PVC D=14" (SUMINISTRO E INSTALACIÓN)	UN	4276035
Antiguo	REDES ACUEDUCTO	REDES ACUEDUCTO	3311	CODO HD 45° EXTREMO LISO PARA PVC D=16" (SUMINISTRO E INSTALACIÓN)	UN	6182852
Antiguo	REDES ACUEDUCTO	REDES ACUEDUCTO	3312	CODO HD 45° EXTREMO LISO PARA PVC D=18" (SUMINISTRO E INSTALACIÓN)	UN	8159102
Antiguo	REDES ACUEDUCTO	REDES ACUEDUCTO	3313	CODO HD 45° EXTREMO LISO PARA PVC D=20" (SUMINISTRO E INSTALACIÓN)	UN	10335640
Antiguo	REDES ACUEDUCTO	REDES ACUEDUCTO	3315	CODO HD 22.5° EXTREMO LISO PARA PVC D=6" (SUMINISTRO E INSTALACIÓN)	UN	615734
Antiguo	REDES ACUEDUCTO	REDES ACUEDUCTO	3316	CODO HD 22.5° EXTREMO LISO PARA PVC D=12" (SUMINISTRO E INSTALACIÓN)	UN	2473565
Antiguo	REDES ACUEDUCTO	REDES ACUEDUCTO	3317	CODO HD 11.25° EXTREMO LISO PARA PVC D=6" (SUMINISTRO E INSTALACIÓN)	UN	544334
Antiguo	REDES ACUEDUCTO	REDES ACUEDUCTO	3318	CODO HD 11.25° EXTREMO LISO PARA PVC D=12" (SUMINISTRO E INSTALACIÓN)	UN	2116565
Antiguo	REDES ACUEDUCTO	REDES ACUEDUCTO	3320	TAPON HD EXTREMO LISO D=6" (SUMINISTRO E INSTALACIÓN)	UN	463414
Antiguo	REDES ACUEDUCTO	REDES ACUEDUCTO	3322	VALVULA COMPUERTA ELASTICA VASTAGO NO ASCENDENTE EXTREMO LISO D=2" (SUMINISTRO E INSTALACIÓN)	UN	613611
Antiguo	REDES ACUEDUCTO	REDES ACUEDUCTO	3323	VALVULA COMPUERTA ELASTICA VASTAGO NO ASCENDENTE EXTREMO LISO D=3" (SUMINISTRO E INSTALACIÓN)	UN	882155
Antiguo	REDES ACUEDUCTO	REDES ACUEDUCTO	3324	VALVULA COMPUERTA ELASTICA VASTAGO NO ASCENDENTE EXTREMO LISO D=6" (SUMINISTRO E INSTALACIÓN)	UN	2247570
Antiguo	REDES ACUEDUCTO	REDES ACUEDUCTO	3325	VALVULA COMPUERTA ELASTICA VASTAGO NO ASCENDENTE EXTREMO LISO D=8" (SUMINISTRO E INSTALACIÓN)	UN	3785326
Antiguo	REDES ACUEDUCTO	REDES ACUEDUCTO	3327	HIDRANTE EXTREMO BRIDA D=3" (SUMINISTRO E INSTALACIÓN. NO INCLUYE KIT DE NIVELACIÓN)	UN	4503651
Antiguo	REDES ACUEDUCTO	REDES ACUEDUCTO	3328	HIDRANTE EXTREMO BRIDA D=4" TIPO POSTE (SUMINISTRO E INSTALACIÓN. NO INCLUYE KIT DE NIVELACIÓN)	UN	3270874
Antiguo	REDES ACUEDUCTO	REDES ACUEDUCTO	3329	HIDRANTE EXTREMO BRIDA D=6" TIPO POSTE (SUMINISTRO E INSTALACIÓN. NO INCLUYE KIT DE NIVELACIÓN)	UN	3508938
Antiguo	REDES ACUEDUCTO	REDES ACUEDUCTO	3330	HIDRANTE EXTREMO BRIDA D=4" TIPO TRÁFICO (SUMINISTRO E INSTALACIÓN. NO INCLUYE KIT DE NIVELACIÓN)	UN	6261344
Antiguo	REDES ACUEDUCTO	REDES ACUEDUCTO	3331	HIDRANTE EXTREMO BRIDA D=6" TIPO TRAFICO (SUMINISTRO E INSTALACIÓN. NO INCLUYE KIT DE NIVELACIÓN)	UN	8965088
Antiguo	REDES ELECTRICAS	RED ELÉCTRICA CODENSA	3347	POSTE EN CONCRETO AP, H=8M, CR=510 KG (INC. SUMINISTRO, IZAJE, HINCADO, APLOMADO Y CIMENTACIÓN SEGÚN NORMA LA009)	UN	1259538
Antiguo	REDES ELECTRICAS	RED ELÉCTRICA CODENSA	3348	POSTE EN CONCRETO AP, H=8M, CR=750 KG (INC. SUMINISTRO, IZAJE, HINCADO, APLOMADO Y CIMENTACIÓN SEGÚN NORMA LA009)	UN	1456776
Antiguo	REDES ELECTRICAS	RED ELÉCTRICA CODENSA	3350	POSTE EN CONCRETO AP, H=10M, CR=510 KG (INC. SUMINISTRO, IZAJE, HINCADO, APLOMADO Y CIMENTACIÓN SEGÚN NORMA LA009)	UN	1267046
Antiguo	REDES ELECTRICAS	RED ELÉCTRICA CODENSA	3351	POSTE EN CONCRETO AP, H=10M, CR=750 KG (INC. SUMINISTRO, IZAJE, HINCADO, APLOMADO Y CIMENTACIÓN SEGÚN NORMA LA009)	UN	1747040
Antiguo	REDES ELECTRICAS	RED ELÉCTRICA CODENSA	3352	POSTE EN CONCRETO AP, H=10M, CR=1050 KG (INC. SUMINISTRO, IZAJE, HINCADO, APLOMADO Y CIMENTACIÓN SEGÚN NORMA LA009)	UN	1953852
Antiguo	REDES ELECTRICAS	RED ELÉCTRICA CODENSA	3353	POSTE EN CONCRETO AP, H=12M, CR=510 KG (INC. SUMINISTRO, IZAJE, HINCADO, APLOMADO Y CIMENTACIÓN SEGÚN NORMA LA009)	UN	1825170
Antiguo	REDES ELECTRICAS	RED ELÉCTRICA CODENSA	3354	POSTE EN CONCRETO AP, H=12M, CR=1050 KG (INC. SUMINISTRO, IZAJE, HINCADO, APLOMADO Y CIMENTACIÓN SEGÚN NORMA LA009)	UN	2590149
Antiguo	REDES ELECTRICAS	RED ELÉCTRICA CODENSA	3355	POSTE EN CONCRETO AP, H=14M, CR=750 KG (INC. SUMINISTRO, IZAJE, HINCADO, APLOMADO Y CIMENTACIÓN SEGÚN NORMA LA009)	UN	2617689
Antiguo	REDES ELECTRICAS	RED ELÉCTRICA CODENSA	3356	POSTE EN CONCRETO AP, H=14M, CR=1050 KG (INC. SUMINISTRO, IZAJE, HINCADO, APLOMADO Y CIMENTACIÓN SEGÚN NORMA LA009)	UN	3392025
Antiguo	REDES ELECTRICAS	RED ELÉCTRICA CODENSA	3357	POSTE EN CONCRETO AP, H=14M, CR=1350 KG (INC. SUMINISTRO, IZAJE, HINCADO, APLOMADO Y CIMENTACIÓN SEGÚN NORMA LA009)	UN	4139928
Antiguo	REDES ELECTRICAS	RED ELÉCTRICA CODENSA	3358	POSTE METALICO AP, H=6M TIPO M130 SENCILLO (INC. SUMIN., IZAJE, APLOMADO, INST., BASE SEGÚN NORMA AP330 Y LUMINARIA 70W)	UN	2283933
Antiguo	REDES ELECTRICAS	RED ELÉCTRICA CODENSA	3359	POSTE METALICO AP, H=6M TIPO M130 DOBLE (INC. SUMIN., IZAJE, APLOMADO, INST., BASE SEGÚN NORMA AP330 Y LUMINARIAS 70W)	UN	2834415
Antiguo	REDES ELECTRICAS	RED ELÉCTRICA CODENSA	3360	POSTE METALICO AP, H=9M (INC. SUMINISTRO, IZAJE, APLOMADO E INSTALACIÓN. INC. BRAZO SENCILLO Y BASE SEGÚN NORMA AP802)	UN	4434646
Antiguo	REDES ELECTRICAS	RED ELÉCTRICA CODENSA	3361	POSTE METALICO AP, H=10M (INC. SUMINISTRO, IZAJE, APLOMADO E INSTALACIÓN. INCLUYE BRAZO DOBLE Y BASE SEGÚN NORMA AP802)	UN	4864487
Antiguo	REDES ELECTRICAS	RED ELÉCTRICA CODENSA	3363	POSTE METALICO AP, H=12M (INC. SUMINISTRO, IZAJE, APLOMADO E INSTALACIÓN. INC. BRAZO DOBLE Y BASE SEGÚN NORMA AP802)	UN	5593346
Antiguo	REDES ELECTRICAS	RED ELÉCTRICA CODENSA	3364	POSTE EN CONCRETO LA, H=8M, CR=510 KG (INC. SUMINISTRO, IZAJE, HINCADO, APLOMADO Y CIMENTACIÓN SEGÚN NORMA LA009)	UN	1043828
Antiguo	REDES ELECTRICAS	RED ELÉCTRICA CODENSA	3365	POSTE EN CONCRETO LA, H=8M, CR=750 KG (INC. SUMINISTRO, IZAJE, HINCADO, APLOMADO Y CIMENTACIÓN SEGÚN NORMA LA009)	UN	1217348
Antiguo	REDES ELECTRICAS	RED ELÉCTRICA CODENSA	3366	POSTE EN CONCRETO LA, H=8M, CR=1050 KG (INC. SUMINISTRO, IZAJE, HINCADO, APLOMADO Y CIMENTACIÓN SEGÚN NORMA LA009)	UN	1532512
Antiguo	REDES ELECTRICAS	RED ELÉCTRICA CODENSA	3368	POSTE EN CONCRETO LA, H=10M, CR=510 KG (INC. SUMINISTRO, IZAJE, HINCADO, APLOMADO Y CIMENTACIÓN SEGÚN NORMA LA009)	UN	1226151
Antiguo	REDES ELECTRICAS	RED ELÉCTRICA CODENSA	3369	POSTE EN CONCRETO LA, H=10M, CR=750 KG (INC. SUMINISTRO, IZAJE, HINCADO, APLOMADO Y CIMENTACIÓN SEGÚN NORMA LA009)	UN	1416458
Antiguo	REDES ELECTRICAS	RED ELÉCTRICA CODENSA	3370	POSTE EN CONCRETO LA, H=10M, CR=1050 KG (INC. SUMINISTRO, IZAJE, HINCADO, APLOMADO Y CIMENTACIÓN SEGÚN NORMA LA009)	UN	1848490
Antiguo	REDES ELECTRICAS	RED ELÉCTRICA CODENSA	3371	POSTE EN CONCRETO LA, H=12M, CR=510 KG (INC. SUMINISTRO, IZAJE, HINCADO, APLOMADO Y CIMENTACIÓN SEGÚN NORMA LA009)	UN	1467932
Antiguo	REDES ELECTRICAS	RED ELÉCTRICA CODENSA	3372	POSTE EN CONCRETO LA, H=12M, CR=750 KG (INC. SUMINISTRO, IZAJE, HINCADO, APLOMADO Y CIMENTACIÓN SEGÚN NORMA LA009)	UN	1807290
Antiguo	REDES ELECTRICAS	RED ELÉCTRICA CODENSA	3373	POSTE EN CONCRETO LA, H=12M, CR=1050 KG (INC. SUMINISTRO, IZAJE, HINCADO, APLOMADO Y CIMENTACIÓN SEGÚN NORMA LA009)	UN	2590149
Antiguo	REDES ELECTRICAS	RED ELÉCTRICA CODENSA	3374	POSTE EN CONCRETO LA, H=14M, CR=750 KG (INC. SUMINISTRO, IZAJE, HINCADO, APLOMADO Y CIMENTACIÓN SEGÚN NORMA LA009)	UN	2327567
Antiguo	REDES ELECTRICAS	RED ELÉCTRICA CODENSA	3375	POSTE EN CONCRETO LA, H=14M, CR=1050 KG (INC. SUMINISTRO, IZAJE, HINCADO, APLOMADO Y CIMENTACIÓN SEGÚN NORMA LA009)	UN	2900614
Antiguo	REDES ELECTRICAS	RED ELÉCTRICA CODENSA	3376	POSTE EN CONCRETO LA, H=14M, CR=1350 KG (INC. SUMINISTRO, IZAJE, HINCADO, APLOMADO Y CIMENTACIÓN SEGÚN NORMA LA009)	UN	3349530
Antiguo	EXCAVACIONES	EXC. CONFORMACIÓN DE SUBRASANTE	3378	DESCAPOTE A MANO EN MATERIAL COMUN (E=0.1M. INCLUYE CARGUE)	M2	5099
Antiguo	REDES ELECTRICAS	RED ELÉCTRICA CODENSA	3379	4 DUCTOS D=6" PVC-TDP (INCLUYE SUMINISTRO E INSTALACIÓN. NO INCLUYE RELLENOS). NORMA CS217.	ML	259901
Antiguo	REDES ELECTRICAS	RED ELÉCTRICA CODENSA	3380	4 DUCTOS D=4" PVC-TDP (INCLUYE SUMINISTRO E INSTALACIÓN. NO INCLUYE RELLENOS) NORMA CS209.	ML	122268
Antiguo	REDES ELECTRICAS	RED ELÉCTRICA CODENSA	3382	1 DUCTO D=3" PVC-TDP (INCLUYE SUMINISTRO E INSTALACIÓN. NO INCLUYE RELLENOS) NORMA CS220.	ML	29546
Antiguo	REDES TELEFONICAS / DATOS	RED TELEFONICA ETB	3385	6 DUCTOS D=4" PVC-TDP (INCLUYE SUMINISTRO E INSTALACIÓN. NO INCLUYE RELLENOS)	ML	181028
Antiguo	REDES ELECTRICAS	RED ELÉCTRICA CODENSA	3388	9 DUCTOS D=6" PVC-TDP (INCLUYE SUMINISTRO E INSTALACIÓN. NO INCLUYE RELLENOS) NORMA CS213.	ML	578841
Antiguo	REDES ACUEDUCTO	REDES ACUEDUCTO	3391	CODO HD 22.5° EXTREMO LISO PARA PVC D=4" (SUMINISTRO E INSTALACIÓN)	UN	329719
Antiguo	REDES ACUEDUCTO	REDES ACUEDUCTO	3393	UNION DE REPARACION PVC TIPO U.M. D=12" (SUMINISTRO E INSTALACIÓN)	UN	1567046
Antiguo	PAVIMENTOS	PAVIMENTOS EN CONCRETO HIDRAULICO	3394	LOSA DE CONCRETO MR41 (SUMINISTRO, FORMALETEADO, COLOCACIÓN Y ACABADO. NO INCLUYE ACERO, CURADO, JUNTAS)	M3	962345
Antiguo	MOBILIARIO URBANO - ARBOLES Y GRAMAS	MOBILIARIO URBANO	3396	BANCA EN CONCRETO TIPO M30 (SUMINISTRO E INSTALACIÓN. NO INCLUYE MATERIAL DE BASE)	UN	955001
Antiguo	MOBILIARIO URBANO - ARBOLES Y GRAMAS	MOBILIARIO URBANO	3397	CANECA TIPO M120 (EN MALLA METÁLICA. INCLUYE SUMINISTRO E INSTALACIÓN. INCLUYE BASE EN CONCRETO 1500 PSI, HECHO EN OBRA)	UN	488113
Antiguo	MOBILIARIO URBANO - ARBOLES Y GRAMAS	MOBILIARIO URBANO	3400	BANCA EN CONCRETO TIPO M40 (SUMINISTRO E INSTALACIÓN)	UN	276201
Antiguo	MOBILIARIO URBANO - ARBOLES Y GRAMAS	MOBILIARIO URBANO	3401	BANCA EN CONCRETO TIPO M31 (SUMINISTRO E INSTALACIÓN)	UN	573011
Antiguo	MOBILIARIO URBANO - ARBOLES Y GRAMAS	MOBILIARIO URBANO	3403	CONTENEDOR DE RAICES TIPO B20 (TIPO A) (1.2X1.2X1.40M. INC. SUMINISTRO, CONSTRUCCIÓN Y FILTRO EN GRAVILLA. NO INC. TIERRA)	UN	974631
Antiguo	REDES ACUEDUCTO	REDES ACUEDUCTO	3404	TAPON HD EXTREMO LISO D=4" (SUMINISTRO E INSTALACIÓN)	UN	230949
Antiguo	REDES ACUEDUCTO	REDES ACUEDUCTO	3405	UNION DE REPARACION HD EL D=6" (SUMINISTRO E INSTALACIÓN)	UN	316388
Antiguo	REDES ELECTRICAS	RED ELÉCTRICA CODENSA	3408	6 DUCTOS D=6" PVC-TDP (INCLUYE SUMINISTRO E INSTALACIÓN. NO INCLUYE RELLENOS). NORMA CS212.	ML	387477
Antiguo	REDES TELEFONICAS / DATOS	RED TELEFONICA ETB	3410	CAMARA DE INSPECCIÓN T-14A ETB (H=2.3M. INCLUYE BASE, MUROS, CUBIERTA, ARO-BASE Y ARO-TAPA)	UN	9213439
Antiguo	REDES TELEFONICAS / DATOS	RED TELEFONICA ETB	3411	CAMARA DE INSPECCIÓN T-18A ETB (H=2.3M. INCLUYE BASE, MUROS, CUBIERTA, ARO-BASE Y ARO-TAPA)	UN	9517073
Antiguo	REDES ACUEDUCTO	REDES ACUEDUCTO	3412	UNION DE REPARACION PVC TIPO U.M. D=8" (SUMINISTRO E INSTALACIÓN)	UN	510703
Antiguo	REDES ACUEDUCTO	REDES ACUEDUCTO	3413	ADAPTADOR TERMINAL CAMPANA PVC D=3" (SUMINISTRO E INSTALACIÓN)	UN	12884
Antiguo	REDES ACUEDUCTO	REDES ACUEDUCTO	3414	ADAPTADOR TERMINAL CAMPANA PVC D=4" (SUMINISTRO E INSTALACIÓN)	UN	22079
Antiguo	REDES TELEFONICAS / DATOS	RED TELEFONICA ETB	3415	2 DUCTOS D=3" PVC-TDP (INCLUYE SUMINISTRO E INSTALACIÓN. NO INCLUYE RELLENOS)	ML	53507
Antiguo	ANDENES Y SARDINELES	ANDENES EN CONCRETO	3425	ANDEN CONCRETO GRAVA COMÚN DE 3000 PSI (210 KG/CM2) PREMEZCLADO E=0.10M (INCLUYE SUMINISTRO, FORMALETEO, FUNDIDA Y CURADO)	M2	92879
Antiguo	ANDENES Y SARDINELES	SARDINELES Y BORDILLOS	3426	SARDINEL H=0.40M, E=0.15M CONCRETO 3000 PSI (FUNDIDO EN SITIO, CONCRETO HECHO EN OBRA. INC. SUMIN, FORMALET. Y CONST.)	ML	52567
Antiguo	SEÑALIZACIÓN	SEÑALES DE TRANSITO	3429	SEÑAL DOBLE DE CICLORUTA (INCLUYE SUMINISTRO E INSTALACIÓN)	UN	654099
Antiguo	SEÑALIZACIÓN	SEÑALES DE TRANSITO	3430	SEÑAL VERTICAL GRUPO I (60X60CM) (INCLUYE SUMINISTRO E INSTALACIÓN)	UN	479154
Antiguo	SEÑALIZACIÓN	SEÑALES DE TRANSITO	3431	SEÑAL VERTICAL GRUPO I (75X75CM) (INCLUYE SUMINISTRO E INSTALACIÓN)	UN	599694
Antiguo	SEÑALIZACIÓN	SEÑALES DE TRANSITO	3432	SEÑAL VERTICAL GRUPO I (90X90CM) (INCLUYE SUMINISTRO E INSTALACIÓN)	UN	780528
Antiguo	SEÑALIZACIÓN	DEMARCACION DE PAVIMENTOS	3433	TACHA REFLECTIVA UNIDIRECCIONAL (INCLUYE SUMINISTRO E INSTALACIÓN)	UN	9410
Antiguo	SEÑALIZACIÓN	DEMARCACION DE PAVIMENTOS	3434	TACHÓN EN CONCRETO L=0.40M HI=0.15M, HS=0.08M (INCLUYE SUMINISTRO E INSTALACIÓN) INCLUYE PINTURA PARA INSTALAR	UN	82983
Antiguo	RELLENOS Y CAPAS GRANULARES	RELLENOS PARA ANDENES Y REDES	3436	RELLENO PARA REDES EN SUBBASE GRANULAR B-400 (SUMINISTRO, EXTENDIDO, HUMEDECIMIENTO Y COMPACTACIÓN)	M3	134047
Antiguo	CONCRETO Y ACERO PARA ESTRUCTURAS	CONCRETO PARA ESTRUCTURAS	3442	CONCRETO 2000 PSI PARA REDES (Hecho en Obra 1:3:3 con arena de río y triturado de 3/4")  (Suministro y Colocación)	M3	681443
Antiguo	RELLENOS Y CAPAS GRANULARES	CAPAS GRANULARES	3443	SUBBASE GRANULAR B-200 (SUMINISTRO, EXTENDIDO, NIVELACIÓN, HUMEDECIMIENTO Y COMPACTACIÓN CON VIBROCOMPACTADOR)	M3	100624
Antiguo	REDES ELECTRICAS	RED ELÉCTRICA CODENSA	3450	LUMINARIA DE SODIO 70W PARA AP (INC. SUMINISTRO E INSTALACIÓN. INC. BOMBILLO Y FOTOCELDA CON BASE. NO INC BRAZO SOPORTE)	UN	421069
Antiguo	RELLENOS Y CAPAS GRANULARES	CAPAS GRANULARES	3454	ESTABILIZACIÓN DE SUBRASANTE CON RAJÓN (SUMINISTRO, EXTENDIDO, NIVELACIÓN Y COMPACTACIÓN MANUAL. NO INCLUYE MATERIAL DE SELLO)	M3	121047
Antiguo	REDES ACUEDUCTO	REDES ACUEDUCTO	3463	UNION DE REPARACION PVC TIPO U.M. D=6" (SUMINISTRO E INSTALACIÓN)	UN	282680
Antiguo	EXCAVACIONES	EXC. CONFORMACIÓN DE SUBRASANTE	3464	EXCAVACION MANUAL EN MATERIAL COMUN. INCLUYE CARGUE.	M3	58471
Antiguo	CONCRETO Y ACERO PARA ESTRUCTURAS	CONCRETOS Y MORTEROS HECHOS EN OBRA	3465	CONCRETO 3000 PSI (HECHO EN OBRA 1:2:2 CON ARENA DE RÍO Y TRITURADO DE 3/4")	M3	572505
Antiguo	CONCRETO Y ACERO PARA ESTRUCTURAS	CONCRETOS Y MORTEROS HECHOS EN OBRA	3466	CONCRETO 4000 PSI (HECHO EN OBRA CON ARENA DE RÍO Y TRITURADO DE 3/4")	M3	588749
Antiguo	CONCRETO Y ACERO PARA ESTRUCTURAS	CONCRETOS Y MORTEROS HECHOS EN OBRA	3467	CONCRETO 3500 PSI (HECHO EN OBRA CON ARENA DE RÍO Y TRITURADO DE 3/4")	M3	571889
Antiguo	CONCRETO Y ACERO PARA ESTRUCTURAS	CONCRETOS Y MORTEROS HECHOS EN OBRA	3468	CONCRETO 2000 PSI (HECHO EN OBRA 1:3:3 CON ARENA DE RÍO Y TRITURADO DE 3/4")	M3	503160
Antiguo	REDES ALCANTARILLADO / DRENAJE	REDES ALCANTARILLADO / DRENAJE	3470	CILINDRO POZO INSP. EN MAMPOSTERIA E=0.37M (INC. SUMIN. Y CONST, ACERO PARA ESCALERAS, GEOTEXTIL NO TEJIDO CON RESISTENCIA A LA TENSION GRAB: ENTRE 450 N Y 500 N Y PAÑETE IMPERMEAB.)	ML	1320452
Antiguo	REDES ALCANTARILLADO / DRENAJE	REDES ALCANTARILLADO / DRENAJE	3471	CILINDRO POZO INSP. EN MAMPOSTERIA E=0.25M (INC. SUMIN. Y CONST, ACERO PARA ESCALERAS, GEOTEXTIL NO TEJIDO CON RESISTENCIA A LA TENSION GRAB: ENTRE 450 N Y 500 N Y PAÑETE IMPERMEAB.)	ML	907310
Antiguo	REDES ALCANTARILLADO / DRENAJE	REDES ALCANTARILLADO / DRENAJE	3472	PLACA CUBIERTA D=1.70M POZO INSPEC. (FUNDIDA EN SITIO. INC. SUMINISTRO, FORMALETEO, REFUERZO E INSTALACIÓN. NO INC.TAPA)	UN	688570
Antiguo	REDES ALCANTARILLADO / DRENAJE	REDES ALCANTARILLADO / DRENAJE	3473	PLACA FONDO D=1.70M POZO INSPEC. (FUNDIDA EN SITIO. INCL. SUMIN, FORMALET, REF, INST. INCL. CONCRETO 2000 PSI DE BASE)	UN	918136
Antiguo	REDES ALCANTARILLADO / DRENAJE	REDES ALCANTARILLADO / DRENAJE	3474	PLACA FONDO D=1.95M POZO INSPEC. (FUNDIDA EN SITIO. INCL. SUMIN, FORMALET, REF, INST. INCL. CONCRETO 2000 PSI DE BASE)	UN	1129034
Antiguo	CONCRETO Y ACERO PARA ESTRUCTURAS	CONCRETOS Y MORTEROS HECHOS EN OBRA	3475	MORTERO 1:4 (HECHO EN OBRA)	M3	436180
Antiguo	CONCRETO Y ACERO PARA ESTRUCTURAS	CONCRETOS Y MORTEROS HECHOS EN OBRA	3476	MORTERO 1:3 (HECHO EN OBRA)	M3	486011
Antiguo	CONCRETO Y ACERO PARA ESTRUCTURAS	CONCRETOS Y MORTEROS HECHOS EN OBRA	3477	MORTERO 1:2 (HECHO EN OBRA)	M3	587767
Antiguo	RELLENOS Y CAPAS GRANULARES	RELLENOS PARA ANDENES Y REDES	3478	RELLENO PARA REDES EN GRAVILLA 1/2" (SUMINISTRO, DISPOSICIÓN Y EXTENDIDO MANUAL)	M3	164514
Antiguo	DEMOLICIONES	DEMOLICIONES	3486	DEMOLICIÓN CONCRETO ESTRUCTURAL (INCLUYE CARGUE MANUAL). NO INCLUYE TRANSPORTE Y DISPOSICIÓN FINAL DE SOBRANTES.	M3	197648
Antiguo	SEÑALIZACIÓN	DEMARCACION DE PAVIMENTOS	3490	FLECHA DIRECCIONAL "A LA DERECHA" (E=15 MILS, ACRÍLICA BASE AGUA. INC. SUMIN. Y APLIC. CON EQUIPO. INCL. MICROESFERAS)	UN	69162
Antiguo	SEÑALIZACIÓN	DEMARCACION DE PAVIMENTOS	3491	FLECHA DIRECCIONAL "DE FRENTE" (E=15 MILS, ACRÍLICA BASE AGUA. INC. SUMIN. Y APLIC. CON EQUIPO. INCL. MICROESFERAS)	UN	54963
Antiguo	SEÑALIZACIÓN	DEMARCACION DE PAVIMENTOS	3492	FLECHA DIRECCIONAL "DE FRENTE A LA DERECHA" (E=15 MILS, ACRÍLICA BASE AGUA. INC. SUMIN. Y APLIC. CON EQUIPO. INCL. MICR	UN	99849
Antiguo	REDES ACUEDUCTO	REDES ACUEDUCTO	3499	UNION DE REPARACION HD EL D=8" (SUMINISTRO E INSTALACIÓN)	UN	490707
Antiguo	REDES ACUEDUCTO	REDES ACUEDUCTO	3500	UNION DE REPARACION HD EL D=10" (SUMINISTRO E INSTALACIÓN)	UN	1029305
Antiguo	REDES ACUEDUCTO	REDES ACUEDUCTO	3501	UNION DE REPARACION HD EL D=12" (SUMINISTRO E INSTALACIÓN)	UN	1285631
Antiguo	REDES ACUEDUCTO	REDES ACUEDUCTO	3502	UNION DE REPARACION HD EL D=14" (SUMINISTRO E INSTALACIÓN)	UN	1517185
Antiguo	REDES ACUEDUCTO	REDES ACUEDUCTO	3503	UNION DE REPARACION HD EL D=16" (SUMINISTRO E INSTALACIÓN)	UN	1659655
Antiguo	REDES ALCANTARILLADO / DRENAJE	REDES ALCANTARILLADO / DRENAJE	3504	YEE EN CONCRETO 8" X 6" X 0.60M (INCLUYE SUMINISTRO E INSTALACIÓN)	UN	160255
Antiguo	REDES ALCANTARILLADO / DRENAJE	REDES ALCANTARILLADO / DRENAJE	3505	YEE EN CONCRETO 10" X 6" X 1.25M (INCLUYE SUMINISTRO E INSTALACIÓN)	UN	310421
Antiguo	REDES ALCANTARILLADO / DRENAJE	REDES ALCANTARILLADO / DRENAJE	3506	YEE EN CONCRETO 12" X 6" X 1.25 M (INCLUYE SUMINISTRO E INSTALACIÓN)	UN	397705
Antiguo	REDES ALCANTARILLADO / DRENAJE	REDES ALCANTARILLADO / DRENAJE	3507	YEE EN CONCRETO 14" X 6" X 1.25M (INCLUYE SUMINISTRO E INSTALACIÓN)	UN	474323
Antiguo	REDES ALCANTARILLADO / DRENAJE	REDES ALCANTARILLADO / DRENAJE	3508	YEE EN CONCRETO 16" X 6" X 1.25 M (INCLUYE SUMINISTRO E INSTALACIÓN)	UN	599750
Antiguo	REDES ALCANTARILLADO / DRENAJE	REDES ALCANTARILLADO / DRENAJE	3509	YEE EN CONCRETO 18" X 6" X 1.25M (INCLUYE SUMINISTRO E INSTALACIÓN)	UN	694428
Antiguo	REDES ALCANTARILLADO / DRENAJE	REDES ALCANTARILLADO / DRENAJE	3510	YEE EN CONCRETO 20" X 6" X 1.25M (INCLUYE SUMINISTRO E INSTALACIÓN)	UN	820691
Antiguo	REDES ALCANTARILLADO / DRENAJE	REDES ALCANTARILLADO / DRENAJE	3511	YEE EN CONCRETO 24" X 6" X 1.25M (INCLUYE SUMINISTRO E INSTALACIÓN)	UN	1173575
Antiguo	REDES ACUEDUCTO	REDES ACUEDUCTO	3512	CODO G.RAD. PVC 90º TIPO U.M. D=2" (SUMINISTRO E INSTALACIÓN)	UN	50308
Antiguo	REDES ACUEDUCTO	REDES ACUEDUCTO	3513	CODO G.RAD. PVC 90º TIPO U.M. D=2 1/2" (SUMINISTRO E INSTALACIÓN)	UN	102799
Antiguo	REDES ACUEDUCTO	REDES ACUEDUCTO	3514	CODO G.RAD. PVC 90º TIPO U.M. D=3" (SUMINISTRO E INSTALACIÓN)	UN	140775
Antiguo	REDES ACUEDUCTO	REDES ACUEDUCTO	3515	CODO G.RAD. PVC 90º TIPO U.M. D=4" (SUMINISTRO E INSTALACIÓN)	UN	186528
Antiguo	REDES ACUEDUCTO	REDES ACUEDUCTO	3516	CODO G.RAD. PVC 90º TIPO U.M. D=6" (SUMINISTRO E INSTALACIÓN)	UN	376664
Antiguo	REDES ACUEDUCTO	REDES ACUEDUCTO	3517	CODO G.RAD. PVC 90º TIPO U.M. D=8" (SUMINISTRO E INSTALACIÓN)	UN	1342870
Antiguo	REDES ACUEDUCTO	REDES ACUEDUCTO	3518	CODO G.RAD. PVC 90º TIPO U.M. D=10" (SUMINISTRO E INSTALACIÓN)	UN	2904516
Antiguo	REDES ACUEDUCTO	REDES ACUEDUCTO	3519	CODO G.RAD. PVC 90º TIPO U.M. D=12" (SUMINISTRO E INSTALACIÓN)	UN	3937485
Antiguo	REDES ACUEDUCTO	REDES ACUEDUCTO	3520	CODO G.RAD. PVC 45º TIPO U.M. D=2" (SUMINISTRO E INSTALACIÓN)	UN	91828
Antiguo	REDES ACUEDUCTO	REDES ACUEDUCTO	3521	CODO G.RAD. PVC 45º TIPO U.M. D=2 1/2" (SUMINISTRO E INSTALACIÓN)	UN	116889
Antiguo	REDES ACUEDUCTO	REDES ACUEDUCTO	3522	CODO G.RAD. PVC 45º TIPO U.M. D=3" (SUMINISTRO E INSTALACIÓN)	UN	133978
Antiguo	REDES ACUEDUCTO	REDES ACUEDUCTO	3523	CODO G.RAD. PVC 45º TIPO U.M. D=4" (SUMINISTRO E INSTALACIÓN)	UN	176892
Antiguo	REDES ACUEDUCTO	REDES ACUEDUCTO	3524	CODO G.RAD. PVC 45º TIPO U.M. D=6" (SUMINISTRO E INSTALACIÓN)	UN	328958
Antiguo	REDES ACUEDUCTO	REDES ACUEDUCTO	3525	CODO G.RAD. PVC 45º TIPO U.M. D=8" (SUMINISTRO E INSTALACIÓN)	UN	898567
Antiguo	REDES ACUEDUCTO	REDES ACUEDUCTO	3526	CODO G.RAD. PVC 45º TIPO U.M. D=10" (SUMINISTRO E INSTALACIÓN)	UN	1908843
Antiguo	REDES ACUEDUCTO	REDES ACUEDUCTO	3527	CODO G.RAD. PVC 45º TIPO U.M. D=12" (SUMINISTRO E INSTALACIÓN)	UN	2673808
Antiguo	REDES ACUEDUCTO	REDES ACUEDUCTO	3528	CODO G.RAD. PVC 22.5° TIPO U.M. D=2" (SUMINISTRO E INSTALACIÓN)	UN	47973
Antiguo	REDES ACUEDUCTO	REDES ACUEDUCTO	3529	CODO G.RAD. PVC 22.5° TIPO U.M. D=2 1/2" (SUMINISTRO E INSTALACIÓN)	UN	64995
Antiguo	REDES ACUEDUCTO	REDES ACUEDUCTO	3530	CODO G.RAD. PVC 22.5° TIPO U.M. D=3" (SUMINISTRO E INSTALACIÓN)	UN	87512
Antiguo	REDES ACUEDUCTO	REDES ACUEDUCTO	3531	CODO G.RAD. PVC 22.5° TIPO U.M. D=4" (SUMINISTRO E INSTALACIÓN)	UN	141449
Antiguo	REDES ACUEDUCTO	REDES ACUEDUCTO	3532	CODO G.RAD. PVC 22.5° TIPO U.M D=6" (SUMINISTRO E INSTALACIÓN)	UN	338771
Antiguo	REDES ACUEDUCTO	REDES ACUEDUCTO	3533	CODO G.RAD. PVC 22.5° TIPO U.M. D=8" (SUMINISTRO E INSTALACIÓN)	UN	703493
Antiguo	REDES ACUEDUCTO	REDES ACUEDUCTO	3534	CODO G.RAD. PVC 22.5° TIPO U.M. D=10" (SUMINISTRO E INSTALACIÓN)	UN	1558950
Antiguo	REDES ACUEDUCTO	REDES ACUEDUCTO	3535	CODO G.RAD. PVC 22.5° TIPO U.M. D=12" (SUMINISTRO E INSTALACIÓN)	UN	2095131
Antiguo	REDES ACUEDUCTO	REDES ACUEDUCTO	3536	CODO G.RAD. PVC 11.25° TIPO U.M. D=2" (SUMINISTRO E INSTALACIÓN)	UN	54400
Antiguo	REDES ACUEDUCTO	REDES ACUEDUCTO	3537	CODO G.RAD. PVC 11.25° TIPO U.M. D=2 1/2" (SUMINISTRO E INSTALACIÓN)	UN	61829
Antiguo	REDES ACUEDUCTO	REDES ACUEDUCTO	3538	CODO G.RAD. PVC 11.25° TIPO U.M. D=3" (SUMINISTRO E INSTALACIÓN)	UN	80411
Antiguo	REDES ACUEDUCTO	REDES ACUEDUCTO	3539	CODO G.RAD. PVC 11.25° TIPO U.M. D=4" RDE 21 (SUMINISTRO E INSTALACIÓN)	UN	134877
Antiguo	REDES ACUEDUCTO	REDES ACUEDUCTO	3540	CODO G.RAD. PVC 11.25° TIPO U.M. D=6" (SUMINISTRO E INSTALACIÓN)	UN	304534
Antiguo	REDES ACUEDUCTO	REDES ACUEDUCTO	3541	CODO G.RAD. PVC 11.25° TIPO U.M. D=8" (SUMINISTRO E INSTALACIÓN)	UN	606781
Antiguo	REDES ACUEDUCTO	REDES ACUEDUCTO	3542	CODO G.RAD. PVC 11.25° TIPO U.M. D=10" (SUMINISTRO E INSTALACIÓN)	UN	1279948
Antiguo	REDES ACUEDUCTO	REDES ACUEDUCTO	3543	CODO G.RAD. PVC 11.25° TIPO U.M. D=12" (SUMINISTRO E INSTALACIÓN)	UN	1690591
Antiguo	REDES ACUEDUCTO	REDES ACUEDUCTO	3544	ADAPTADOR AC-PVC TIPO U.S. D=3" (SUMINISTRO E INSTALACIÓN) REVISAR LIMPIADOR SOLDADURA	UN	43937
Antiguo	REDES ACUEDUCTO	REDES ACUEDUCTO	3545	ADAPTADOR AC-PVC TIPO U.S. D=4" (SUMINISTRO E INSTALACIÓN) REVISAR SOLDADURA LIMPIADOR	UN	74585
Antiguo	REDES ACUEDUCTO	REDES ACUEDUCTO	3546	ADAPTADOR AC-PVC TIPO U.S. D=2" (SUMINISTRO E INSTALACIÓN) REVISAR SOLDADURA LIMPIADOR	UN	17634
Antiguo	MOBILIARIO URBANO - ARBOLES Y GRAMAS	MOBILIARIO URBANO	3548	BOLARDO EN HIERRO TIPO M63 (SUMINISTRO E INSTALACIÓN. INCLUYE BASE EN CONCRETO 1500 PSI, HECHO EN OBRA)	UN	294870
Antiguo	MOBILIARIO URBANO - ARBOLES Y GRAMAS	MOBILIARIO URBANO	3549	BOLARDO EN CONCRETO TIPO M60 (SUMINISTRO E INSTALACIÓN. INCLUYE BASE EN CONCRETO 1500 PSI, PREMEZCLADO)	UN	248201
Antiguo	MOBILIARIO URBANO - ARBOLES Y GRAMAS	MOBILIARIO URBANO	3550	BANCA EN MADERA TIPO M50 (SUMINISTRO E INSTALACIÓN)	UN	887664
Antiguo	MOBILIARIO URBANO - ARBOLES Y GRAMAS	MOBILIARIO URBANO	3551	PROTECTOR DE ARBOL TIPO M90 (INCLUYE SUMINISTRO E INSTALACIÓN. NO INCLUYE BASES)	UN	1048451
Antiguo	MOBILIARIO URBANO - ARBOLES Y GRAMAS	MOBILIARIO URBANO	3552	PROTECTOR DE ARBOL DE DOS TUBOS TIPO M91 (INCLUYE SUMINISTRO E INSTALACIÓN. NO INCLUYE BASES)	UN	286851
Antiguo	MOBILIARIO URBANO - ARBOLES Y GRAMAS	MOBILIARIO URBANO	3554	CICLO-PARQUEADERO TIPO M100 (TIPO 1) (H=1M, L=2M. INCLUYE SUMINISTRO E INSTALACIÓN. NO INCLUYE BASES)	UN	749234
Antiguo	MOBILIARIO URBANO - ARBOLES Y GRAMAS	MOBILIARIO URBANO	3555	CICLO-PARQUEADERO TIPO M101 (TIPO 2) (H=0.6M, L=2M, A=0.6M. INCLUYE SUMINISTRO E INSTALACIÓN. NO INCLUYE BASES)	UN	1098051
Antiguo	MOBILIARIO URBANO - ARBOLES Y GRAMAS	MOBILIARIO URBANO	3556	TELEFONO PUBLICO DE PEDESTAL TIPO M20 (INCLUYE SUMINISTRO E INSTALACIÓN. NO INCLUYE BASE)	UN	10902965
Antiguo	MOBILIARIO URBANO - ARBOLES Y GRAMAS	MOBILIARIO URBANO	3557	PARADERO TIPO M10 (INC. SUM. E INST. INC. BASES EN CONCRETO 3000 PSI, HECHO EN OBRA. NO INCLUYE LOSAS DE CONCRETO)	UN	11738102
Antiguo	MOBILIARIO URBANO - ARBOLES Y GRAMAS	MOBILIARIO URBANO	3559	POSTE LUMINARIA HISTÓRICA TIPO M131 H=5M (INC. SUMINISTRO E INSTALACIÓN. NO INC.: LUMINARIAS, CABLEADO Y BASE PEDESTAL)	UN	4946364
Antiguo	MOBILIARIO URBANO - ARBOLES Y GRAMAS	MOBILIARIO URBANO	3560	BOLARDO EN CONCRETO TIPO M61 (SUMINISTRO E INSTALACIÓN. INCLUYE BASE EN CONCRETO 1500 PSI, PREMEZCLADO)	UN	211090
Antiguo	MOBILIARIO URBANO - ARBOLES Y GRAMAS	MOBILIARIO URBANO	3561	BOLARDO EN HIERRO TIPO M62 (SUMINISTRO E INSTALACIÓN. INCLUYE BASE EN CONCRETO 1500 PSI, PREMEZCLADO)	UN	295449
Antiguo	REDES ELECTRICAS	RED ELÉCTRICA CODENSA	3562	9 DUCTOS D=4" PVC-TDP (INCLUYE SUMINISTRO E INSTALACION. NORMA CS211.	ML	269167
Antiguo	CONCRETO Y ACERO PARA ESTRUCTURAS	CONCRETO PARA ESTRUCTURAS	3567	MURO EN BLOQUE ESTRUCTURAL TIPO PIEDRA GRIS (REFERENCIA: PI-16. INCLUYE SUMINISTRO Y CONSTRUCCIÓN)	M2	116794
Antiguo	REDES ELECTRICAS	RED ELÉCTRICA CODENSA	3569	POSTE METALICO AP, H=10M (INC. SUMINISTRO, IZAJE, APLOMADO E INSTALACIÓN. INC. BRAZO SENCILLO Y BASE SEGÚN NORMA AP802)	UN	4702528
Antiguo	REDES ACUEDUCTO	REDES ACUEDUCTO	3589	TAPON HD EXTREMO LISO D=8" (SUMINISTRO E INSTALACIÓN)	UN	897197
Antiguo	REDES ELECTRICAS	RED ELÉCTRICA CODENSA	3591	2 DUCTOS D=4" PVC-TDP (INCLUYE SUMINISTRO E INSTALACIÓN. NO INCLUYE RELLENOS). NORMA CS208.	ML	63509
Antiguo	REDES TELEFONICAS / DATOS	RED TELEFONICA ETB	3599	36 DUCTOS D=4" PVC-TDP (INCLUYE SUMINISTRO E INSTALACIÓN. NO INCLUYE RELLENOS). SUMINISTRO Y COLOCACION SIN EXCAVACION.	ML	1081246
Antiguo	REDES ACUEDUCTO	REDES ACUEDUCTO	3600	UNION PVC TIPO U.M. D= 2" (SUMINISTRO E INSTALACIÓN)	UN	48800
Antiguo	REDES ACUEDUCTO	REDES ACUEDUCTO	3601	UNION PVC TIPO U.M. D= 3" (SUMINISTRO E INSTALACIÓN)	UN	76538
Antiguo	REDES ACUEDUCTO	REDES ACUEDUCTO	3602	UNION PVC TIPO U.M. D= 4" (SUMINISTRO E INSTALACIÓN)	UN	109960
Antiguo	REDES ACUEDUCTO	REDES ACUEDUCTO	3603	UNION PVC TIPO U.M. D= 6" (SUMINISTRO E INSTALACIÓN)	UN	247416
Antiguo	REDES ACUEDUCTO	REDES ACUEDUCTO	3604	UNION PVC TIPO U.M. D= 8" (SUMINISTRO E INSTALACIÓN)	UN	450174
Antiguo	REDES ACUEDUCTO	REDES ACUEDUCTO	3605	UNION PVC TIPO U.M. D= 10" (SUMINISTRO E INSTALACIÓN)	UN	812081
Antiguo	REDES ACUEDUCTO	REDES ACUEDUCTO	3606	UNION PVC TIPO U.M. D= 12" (SUMINISTRO E INSTALACIÓN)	UN	1249210
Antiguo	REDES ACUEDUCTO	REDES ACUEDUCTO	3607	UNION PVC TIPO U.M. D= 2 1/2" (SUMINISTRO E INSTALACIÓN)	UN	32223
Antiguo	CONCRETO Y ACERO PARA ESTRUCTURAS	CONCRETO PARA ESTRUCTURAS	3611	ANCLAJE PARA TUBERIA EN CONCRETO PREMEZCLADO DE 2500 PSI GRAVA COMUN (Incluye, suministro, formaleteo, curado y colocacion. No incluye refuerzo)	M3	707473
Antiguo	REDES ACUEDUCTO	REDES ACUEDUCTO	3618	CODO HD 11.25° EXTREMO LISO PARA PVC D=3" (SUMINISTRO E INSTALACIÓN)	UN	229388
Antiguo	REDES ACUEDUCTO	REDES ACUEDUCTO	3619	CODO HD 11.25° EXTREMO LISO PARA PVC D=2" (SUMINISTRO E INSTALACIÓN)	UN	165083
Antiguo	REDES ACUEDUCTO	REDES ACUEDUCTO	3620	CODO HD 11.25° EXTREMO LISO PARA PVC D=4" (SUMINISTRO E INSTALACIÓN)	UN	308299
Antiguo	ANDENES Y SARDINELES	PISOS EN ADOQUINES Y EN LOSETAS	3621	RAMPA TIPO A B10 INCLUYE BASE EN MORTERO 1:5, DESARROLLO: 1M.	UN	1108408
Antiguo	CONCRETO Y ACERO PARA ESTRUCTURAS	CONCRETO PARA ESTRUCTURAS	3636	SUPER ESTRUCTURA EN CONCRETO DE 5000 PSI PREMEZCLADO, GRAVA COMÚN (Incluye Sumin, bombeo, Formaleteo, Colocación y Curado. No incl. Refuerzo).	M3	1257454
Antiguo	CONCRETO Y ACERO PARA ESTRUCTURAS	CONCRETO PARA ESTRUCTURAS	3639	VIGA EN CONCRETO PREMEZCLADO DE 3500 PSI (24 Mpa) GRAVA COMUN (Incluye Sumin., bombeo con autobomba, Formaleteo en madera, Colocación y Curado. No incl. Refuerzo)	M3	988158
Antiguo	CONCRETO Y ACERO PARA ESTRUCTURAS	CONCRETO PARA ESTRUCTURAS	3641	ESTRUCTURA DE TRANSICIÓN EN CONCRETO 3000 PSI GRAVA FINA (PREMEZCLADO. INCL. SUMIN, FORMALETA, BOMBEO CON AUTOBOMBA Y COLOCACIÓN. NO INCL. REFUERZO, CURADO)	M3	1073769
Antiguo	CONCRETO Y ACERO PARA ESTRUCTURAS	CONCRETO PARA ESTRUCTURAS	3642	ESTRIBOS EN CONCRETO 3000 PSI GRAVA FINA (PREMEZCLADO. INCLUYE SUMINISTRO, BOMBEO CON AUTOBOMBA, FORMALETEO Y COLOCACIÓN. NO INCL. REFUERZO, CURADO)	M3	1073769
Antiguo	CONCRETO Y ACERO PARA ESTRUCTURAS	CONCRETO PARA ESTRUCTURAS	3643	PUENTE CAJÓN EN CONCRETO 3000 PSI GRAVA FINA (PREMEZCLADO. INCLUYE SUMIN., BOMBEO CON AUTOBOMBA, FORMALETEO Y COLOCACIÓN. NO INCL. REFUERZO, CURADO)	M3	1071176
Antiguo	CONCRETO Y ACERO PARA ESTRUCTURAS	CONCRETO PARA ESTRUCTURAS	3644	MURO DE CONTENCIÓN EN CONCRETO 3000 PSI PREMEZCLADO, GRAVA FINA. (Incluye suministro, formaleteo, bombeo, colocación y curado. No incl. Refuerzo)	M3	1227233
Antiguo	CONCRETO Y ACERO PARA ESTRUCTURAS	CONCRETO PARA ESTRUCTURAS	3645	BOX CULVERT EN CONCRETO 3000 PSI GRAVA FINA (PREMEZCLADO. INCLUYE SUMIN, FORMALETEO, BOMBEO CON AUTOBOMBA Y COLOCACIÓN. NO INCL. REFUERZO, CURADO)	M3	1155572
Antiguo	CONCRETO Y ACERO PARA ESTRUCTURAS	CONCRETO PARA ESTRUCTURAS	3646	ALETA VIGA SOLERA EN CONCRETO PREMEZCLADO DE 3000 PSI (21Mpa) GRAVA FINA (Incl. Sumin., bombeo con autobomba, Formaleteo madera, Colocación y Curado. No incl. Refuerzo)	M3	1022705
Antiguo	CONCRETO Y ACERO PARA ESTRUCTURAS	CONCRETO PARA ESTRUCTURAS	3647	SUB-BASE PUENTE EN CONCRETO 2000 PSI GRAVA COMÚN (PREMEZCLADO. INCLUYE SUMIN., FORMALETEO Y COLOCACIÓN. NO INCL. REFUERZO, CURADO)	M3	842682
Antiguo	CONCRETO Y ACERO PARA ESTRUCTURAS	CONCRETOS Y MORTEROS HECHOS EN OBRA	3649	CONCRETO 2500 PSI (HECHO EN OBRA CON ARENA DE RÍO Y TRITURADO DE 3/4")	M3	494644
Antiguo	CONCRETO Y ACERO PARA ESTRUCTURAS	CONCRETOS Y MORTEROS HECHOS EN OBRA	3650	CONCRETO 1500 PSI (HECHO EN OBRA) 1:3:5 CON ARENA DE RÍO Y TRITURADO DE 3/4")	M3	455726
Antiguo	REDES ELECTRICAS	RED ELÉCTRICA CODENSA	3652	CAJA DE INSPECCIÓN TIPO VEHICULAR NORMA CODENSA CS 280 (INCLUYE BASE, MUROS, PASOS, PAÑETE, CUBIERTA, ARO Y TAPA)	UN	5413182
Antiguo	REDES TELEFONICAS / DATOS	RED TELEFONICA ETB	3653	CAMARA DE INSPECCIÓN T-16 ETB (H=2.3M. INCLUYE BASE, MUROS, CUBIERTA, ARO-BASE Y ARO-TAPA)	UN	7006726
Antiguo	REDES TELEFONICAS / DATOS	RED TELEFONICA ETB	3654	CAMARA DE INSPECCIÓN T-18 ETB (H=2.3M. INCLUYE BASE, MUROS, CUBIERTA, ARO-BASE Y ARO-TAPA)	UN	4805208
Antiguo	REDES TELEFONICAS / DATOS	RED TELEFONICA ETB	3655	CAMARA DE INSPECCIÓN T-16A ETB (H=2.3M. INCLUYE BASE, MUROS, CUBIERTA, ARO-BASE Y ARO-TAPA)	UN	8537279
Antiguo	CONCRETO Y ACERO PARA ESTRUCTURAS	CONCRETO PARA ESTRUCTURAS	3665	CONCRETO CICLOPEO (60%-40%) (CONCRETO PREMEZCLADO. INCLUYE SUMINISTRO Y COLOCACIÓN)	M3	442258
Antiguo	REDES ACUEDUCTO	REDES ACUEDUCTO	3684	CODO HD 22.5° EXTREMO LISO PARA PVC D=3" (SUMINISTRO E INSTALACIÓN)	UN	242478
Antiguo	REDES ACUEDUCTO	REDES ACUEDUCTO	3685	CODO HD 11.25° EXTREMO LISO PARA PVC D=8" (SUMINISTRO E INSTALACIÓN)	UN	997157
Antiguo	REDES ACUEDUCTO	REDES ACUEDUCTO	3687	CAJA PARA VALVULA 0.4X0.4M H=0.8M (INCLUYE MARCO Y TAPA)	UN	326458
Antiguo	SEÑALIZACIÓN	SEÑALES DE TRANSITO	3688	DESMONTE Y REINSTALACION DE SEÑALES VIALES (INCLUYE DADO DE ANCLAJE)	UN	72171
Antiguo	RELLENOS Y CAPAS GRANULARES	CAPAS GRANULARES	3689	BASE GRANULAR B-600 (SUMINISTRO, TRANSPORTE, EXTENDIDO, NIVELACIÓN, HUMEDECIMIENTO Y COMPACTACIÓN CON VIBROCOMPACTADOR)	M3	147034
Antiguo	ANDENES Y SARDINELES	PISOS EN ADOQUINES Y EN LOSETAS	3696	PISO EN ADOQUIN DE ARCILLA 26X6X6CM (SUMINISTRO E INSTALACIÓN. INCLUYE BASE 4CM ARENA NIVELACIÓN Y ARENA DE SELLO)	M2	114489
Antiguo	REDES ALCANTARILLADO / DRENAJE	REDES ALCANTARILLADO / DRENAJE	3704	SUBDREN EN GRAVILLA 3/4", 0.5X1M. (INC. SUMIN. Y EXTENDIDO MANUAL. INC. GEOTEXTIL NO TEJIDO CON RESISTENCIA A LA TENSION GRAB: ENTRE 720 N Y 780 N Y TUBERIA PVC CORRUG.-FILTRO D=6").	ML	318151
Antiguo	ACERO DE REFUERZO	ACERO DE REFUERZO	3708	ACERO DE REFUERZO FY=60000 PSI. SUMINISTRO E INSTALACIÓN.  DE ACUERDO A LO ESTIPULADO POR LA NSR-10, NORMA ASTM A-706, ICONTEC 2289 PARA EL ACERO PDR-60. INCLUYE TODOS LOS COSTOS DE SUMINISTRO DE MATERIALES (REFUERZO (G60) FIGURADO, CORRUGADO, INCLUYE EL ALAMBRE DE AMARRE), EQUIPOS, TRANSPORTES, MANEJO, ALMACENAMIENTO, DESPERDICIOS Y MANO DE OBRA. 	KG	5794
Antiguo	EXCAVACIONES	EXC. CONFORMACIÓN DE SUBRASANTE	3710	EXCAVACIÓN MECÁNICA EN MATERIAL COMÚN (INCLUYE CARGUE)	M3	5998
Antiguo	REDES ALCANTARILLADO / DRENAJE	REDES ALCANTARILLADO / DRENAJE	3712	SUMIDERO LATERAL SL-100, H=0.85M (PREFABRICADO. INCLUYE SUMINISTRO E INSTALACIÓN. INCLUYE SOBRETAPA Y TAPA)	UN	4673967
Antiguo	REDES ALCANTARILLADO / DRENAJE	REDES ALCANTARILLADO / DRENAJE	3716	CILINDRO POZO INSPECCION PREFABRICADO D=1.2M, H=1M, E=0.10M (INCLUYE SUMINISTRO E INSTALACIÓN. NO INC. ARO DE AJUSTE)	UN	1817370
Antiguo	MOBILIARIO URBANO - ARBOLES Y GRAMAS	SIEMBRA DE ARBOLES Y GRAMA	3721	SIEMBRA DE GRAMA (INCLUYE SUMINISTRO E INSTALACIÓN. INCLUYE 10CM DE TIERRA NEGRA)	M2	35923
Antiguo	REDES ALCANTARILLADO / DRENAJE	REDES ALCANTARILLADO / DRENAJE	3722	NIVELACIÓN DE POZO (HASTA RASANTE EN CONCRETO 3000 PSI HECHO EN OBRA, H=0.15M. INCLUYE SUMINISTRO Y CONSTRUCCIÓN)	UN	146651
Antiguo	REDES ALCANTARILLADO / DRENAJE	REDES ALCANTARILLADO / DRENAJE	3723	LIMPIEZA DE POZOS (INCLUYE CARGUE, RETIRO Y DISPOSICIÓN FINAL DE SOBRANTES)	UN	121246
Antiguo	REDES ALCANTARILLADO / DRENAJE	REDES ALCANTARILLADO / DRENAJE	3724	LIMPIEZA DE SUMIDEROS (INCLUYE CARGUE, RETIRO Y DISPOSICIÓN FINAL DE SOBRANTES)	UN	121246
Antiguo	ANDENES Y SARDINELES	PISOS EN ADOQUINES Y EN LOSETAS	3727	CENEFA EN ADOQUIN DE ARCILLA A=6CM (SUMINISTRO E INSTALACIÓN. NO INCLUYE MATERIAL DE BASE)	ML	8624
Antiguo	CONCRETO Y ACERO PARA ESTRUCTURAS	CONCRETO PARA ESTRUCTURAS	3729	CONCRETO 1500 PSI GRAVA COMÚN PARA SOLADOS (PREMEZCLADO. INCLUYE SUMINISTRO Y COLOCACIÓN)	M3	652040
Antiguo	CONCRETO Y ACERO PARA ESTRUCTURAS	CONCRETO PARA ESTRUCTURAS	3730	GROUTING 1500 PSI (INCLUYE SUMINISTRO Y COLOCACIÓN)	M3	662260
Antiguo	REDES ALCANTARILLADO / DRENAJE	REDES ALCANTARILLADO / DRENAJE	3733	SUMIDERO TRANSVERSAL ST-1, H=1.9M (FUNDIDO EN SITIO, CONCRETO HECHO EN OBRA. INCL. SUM, FORM, REF. Y CONST. INCL. REJA)	ML	2343442
Antiguo	REDES ACUEDUCTO	REDES ACUEDUCTO	3735	TUBERIA PF D=1/2" PARA ACOMETIDA DOMICILIARIA (SUMINISTRO E INSTALACIÓN)	ML	2682
Antiguo	ANDENES Y SARDINELES	PISOS EN ADOQUINES Y EN LOSETAS	3745	PISO EN ADOQUIN DE CONCRETO A25 20X10X6CM (SUMINISTRO E INSTALACIÓN. INCLUYE BASE 3CM ARENA NIVELACIÓN Y ARENA DE SELLO)	M2	124049
Antiguo	PAVIMENTOS	PAVIMENTOS EN CONCRETO HIDRAULICO	3748	LOSA DE CONCRETO MR45 (SUMINISTRO, FORMALETEADO, COLOCACIÓN Y ACABADO. NO INCLUYE ACERO, CURADO, JUNTAS)	M3	995023
Antiguo	ACTIVIDADES CONSERVACIÓN	ACTIVIDADES CONSERVACIÓN	3749	LOSA DE CONCRETO MR50 (SUMINISTRO, FORMALETEADO, COLOCACIÓN Y ACABADO. NO INCLUYE ACERO, CURADO, JUNTAS)	M3	1033560
Antiguo	ANDENES Y SARDINELES	SARDINELES Y BORDILLOS	3751	CAÑUELA TIPO A120 (SUMINISTRO E INSTALACIÓN. INCLUYE 3CM MORTERO 1:5)	ML	87944
Antiguo	ANDENES Y SARDINELES	SARDINELES Y BORDILLOS	3753	SARDINEL H=0.20M, E=0.15M CONCRETO 3000 PSI (FUNDIDO EN SITIO, CONCRETO HECHO EN OBRA. INC. SUMIN, FORMALET. Y CONST.)	ML	34533
Antiguo	CONCRETO Y ACERO PARA ESTRUCTURAS	CONCRETO PARA ESTRUCTURAS	3758	PILOTE D=40 CM CONCRETO TREMIE DE 3000 PSI. (INCLUYE EXCAVACIÓN, TRANSPORTE Y DISPOSICIÓN FINAL DE ESCOMBROS EN SITIO AUTORIZADO A 21 KM, CARGUE Y RETIRO DE SOBRANTES, MOVILIZACIÓN, MONTAJE Y DESMONTAJE DE EQUIPO ENTRE PERFORACIONES DENTRO DE LA OBRA. SUMINISTRO Y COLOCACIÓN DEL CONCRETO CON BOMBA. MOVILIZACIÓN, MONTAJE Y DESMONTAJE EQUIPO, Y CONCRETO). INCLUYE MOVILIZACIÓN HACIA Y DESDE LA OBRA Y ENTRE PERFORACIONES, MONTAJE Y DESMONTAJE, REGISTRO DE MUESTRAS CORRESPONDIENTES AL PERFIL ESTRATIGRÁFICO. TAMBIÉN INCLUYE EL CARGUE, RETIRO Y DISPOSICIÓN FINAL DE ESCOMBROS, SUMINISTRO Y COLOCACIÓN DEL CONCRETO.	ML	497431
Antiguo	CONCRETO Y ACERO PARA ESTRUCTURAS	CONCRETO PARA ESTRUCTURAS	3760	PILOTE D=50 CM CONCRETO TREMIE DE 3000 PSI.(INCLUYE EXCAVACIÓN, TRANSPORTE Y DISPOSICIÓN FINAL DE ESCOMBROS EN SITIO AUTORIZADO A 21 KM, CARGUE Y RETIRO DE SOBRANTES, MOVILIZACIÓN, MONTAJE Y DESMONTAJE DE EQUIPO ENTRE PERFORACIONES DENTRO DE LA OBRA. SUMINISTRO Y COLOCACIÓN DEL CONCRETO CON BOMBA.	ML	601086
Antiguo	CONCRETO Y ACERO PARA ESTRUCTURAS	CONCRETO PARA ESTRUCTURAS	3761	PILOTE D=60 CM CONCRETO TREMIE DE 3000 PSI. (INCLUYE EXCAVACIÓN, TRANSPORTE Y DISPOSICIÓN FINAL DE ESCOMBROS EN SITIO AUTORIZADO A 21 KM, CARGUE Y RETIRO DE SOBRANTES, MOVILIZACIÓN, MONTAJE Y DESMONTAJE DE EQUIPO ENTRE PERFORACIONES DENTRO DE LA OBRA. SUMINISTRO Y COLOCACIÓN DEL CONCRETO CON BOMBA.	ML	725334
Antiguo	ANÁLISIS AUXILIARES	CUADRILLAS (INCLUYE FACTOR PRESTACIONAL)	3770	CUADRILLA (OFICIAL + 6 AYUDANTES). INCLUYE FACTOR DE PRESTACIONES.	JR	705692
Antiguo	REDES ALCANTARILLADO / DRENAJE	REDES ALCANTARILLADO / DRENAJE	3776	ENTIBADO TIPO ED1, DISCONTINUO EN MADERA (INCLUYE SUMINISTRO E INSTALACIÓN)	M2	53418
Antiguo	REDES ELECTRICAS	RED ELÉCTRICA CODENSA	3777	CIMENTACION DE POSTES H=8M, CR=510KG (INCLUYE IZAJE, APLOMADO E HINCADO. INCLUYE RELLENOS). NORMA LA009.	UN	401206
Antiguo	REDES ALCANTARILLADO / DRENAJE	REDES ALCANTARILLADO / DRENAJE	3779	CAJA DE INSPECCIÓN DE 0.6X0.6M (H=0.6M. INCLUYE SUMINISTRO Y CONSTRUCCIÓN. INCLUYE MARCO Y TAPA. NO INC. BASE Y CAÑUELA)	UN	622929
Antiguo	REDES TELEFONICAS / DATOS	RED TELEFONICA ETB	3780	3 DUCTOS D=4" PVC-TDP (INCLUYE SUMINISTRO E INSTALACIÓN. NO INCLUYE RELLENOS)	ML	92889
Antiguo	ANDENES Y SARDINELES	SARDINELES Y BORDILLOS	3784	SARDINEL H=0.25M, E=0.15M CONCRETO 3000 PSI (FUNDIDO EN SITIO, CONCRETO HECHO EN OBRA. INC. SUMIN, FORMALET. Y CONST.)	ML	39056
Antiguo	REDES ALCANTARILLADO / DRENAJE	REDES ALCANTARILLADO / DRENAJE	3787	TUBERIA PVC PARA DRENAJE D=2 1/2" CON FILTRO (INCLUYE SUMINISTRO E INSTALACIÓN)	ML	30485
Antiguo	REDES TELEFONICAS / DATOS	RED TELEFONICA ETB	3795	8 DUCTOS D=4" PVC-EB (INCLUYE SUMINISTRO E INSTALACIÓN. NO INCLUYE RELLENOS)	ML	244855
Antiguo	REDES TELEFONICAS / DATOS	RED TELEFONICA ETB	3796	12 DUCTOS D=4" PVC-EB (LIVIANO) (INCLUYE SUMINISTRO E INSTAL	ML	367932
Antiguo	REDES TELEFONICAS / DATOS	RED TELEFONICA ETB	3797	16 DUCTOS D=4" PVC-EB (LIVIANO) (INCLUYE SUMINISTRO E INSTALACIÓN. NO INCLUYE RELLENOS)	ML	487984
Antiguo	REDES TELEFONICAS / DATOS	RED TELEFONICA ETB	3798	24 DUCTOS D=4" PVC-EB (LIVIANO) (INCLUYE SUMINISTRO E INSTALACIÓN. NO INCLUYE RELLENOS)	ML	730348
Antiguo	RELLENOS Y CAPAS GRANULARES	CAPAS GRANULARES	3800	NIVELACION Y COMPACTACIÓN DE SUBRASANTE	M2	1919
Antiguo	PAVIMENTOS	PAVIMENTOS EN CONCRETO HIDRAULICO	3806	CURADO DE LOSAS DE CONCRETO (SUMINISTRO Y APLICACIÓN)	M2	3405
Antiguo	PAVIMENTOS	JUNTAS PARA PAVIMENTOS	3811	CORTE DE PAVIMENTO - INCLUYE EQUIPO: CORTADORA DE CONCRETO INCLUYE OPERARIO Y COMBUSTIBLE. INCLUYE DISCO DIAMANTADO ASFALTO-CONCRETO 350 MM, AGUA Y MANO DE OBRA	ML	3156
Antiguo	CONCRETO Y ACERO PARA ESTRUCTURAS	PINTURA PARA ESTRUCTURAS	3819	PINTURA EN ESMALTE URETANO GRIS (E=1MIL. INC. SUMIN. Y APLIC. NO INC. IMPRIMANTE, BARRERA, ESMALTE EPÓXICO O SIMILARES)	ML	6953
Antiguo	PAVIMENTOS	JUNTAS PARA PAVIMENTOS	3837	SELLADO DE JUNTAS EN PAVIMENTO DE CONCRETO HIDRAULICO (INCLUYE LIMPIEZA, SUMINISTRO E INSTALACIÓN DE FONDO Y SELLANTE)	ML	15321
Antiguo	PAVIMENTOS	PAVIMENTOS EN CONCRETO ASFALTICO	3841	MEZCLA DENSA EN CALIENTE MD20 ASFALTO 80-100 (SUMINISTRO, EXTENDIDO, NIVELACIÓN Y COMPACTACIÓN MECANICA)	M3	1411155
Antiguo	RELLENOS Y CAPAS GRANULARES	RELLENOS PARA ANDENES Y REDES	3847	RELLENO PARA REDES EN BASE GRANULAR B-600 (SUMINISTRO, TRANSPORTE, EXTENDIDO, HUMEDECIMIENTO Y COMPACTACIÓN)	M3	169628
Antiguo	RELLENOS Y CAPAS GRANULARES	RELLENOS PARA ANDENES Y REDES	3851	RELLENO PARA ANDENES EN SUBBASE GRANULAR B-400 (SUMINISTRO, EXTENDIDO, HUMEDECIMIENTO Y COMPACTACIÓN)	M3	122327
Antiguo	PAVIMENTOS	PAVIMENTOS EN CONCRETO ASFALTICO	3864	IMPRIMACION CON EMULSION ASFALTICA CRL-0 (SUMINISTRO, BARRIDO SUPERFICIE Y RIEGO MECANICO)	M2	3384
Antiguo	PAVIMENTOS	PAVIMENTOS EN CONCRETO ASFALTICO	3866	RIEGO DE LIGA CON EMULSION ASFALTICA CRR-1 (SUMINISTRO, BARRIDO SUPERFICIE Y RIEGO MECANICO)	M2	3820
Antiguo	PAVIMENTOS	PAVIMENTOS EN CONCRETO ASFALTICO	3867	RIEGO DE LIGA CON EMULSION ASFALTICA CRR-2 (SUMINISTRO, BARRIDO SUPERFICIE Y RIEGO MECANICO)	M2	4114
Antiguo	SEÑALIZACIÓN	DEMARCACION DE PAVIMENTOS	3872	DEMARCACION LINEA DISCONTINUA A=0.12M (E=15 MILS, ACRÍLICA BASE AGUA. INC. SUMIN. Y APLIC. CON EQUIPO. INC MICROESFERAS)	ML	2711
Antiguo	CONCRETO Y ACERO PARA ESTRUCTURAS	CONCRETO PARA ESTRUCTURAS	3873	CONCRETO CICLOPEO (60%-40%) (CONCRETO HECHO EN OBRA. INCLUYE SUMINISTRO Y COLOCACIÓN)	M3	379465
Antiguo	CONCRETO Y ACERO PARA ESTRUCTURAS	CONCRETOS Y MORTEROS HECHOS EN OBRA	3874	MORTERO 1:5 (HECHO EN OBRA)	M3	399387
Antiguo	CONCRETO Y ACERO PARA ESTRUCTURAS	CONCRETO PARA ESTRUCTURAS	3875	ANCLAJE PARA TUBERIA EN CONCRETO DE 2500 PSI HECHO EN OBRA (Incluye suministro, formaleteo y colocacion)	M3	597586
Antiguo	REDES ALCANTARILLADO / DRENAJE	REDES ALCANTARILLADO / DRENAJE	3876	SUBDREN EN GRAVILLA 1/2", 0.4X0.8M. (INC. SUMIN. Y COMPACT. INC. GEOTEXTIL NO TEJIDO CON RESISTENCIA A LA TENSION GRAB: ENTRE 720 N Y 780 N Y TUBERIA PVC CORRUG.-FILTRO D=4").	ML	211894
Antiguo	REDES ALCANTARILLADO / DRENAJE	REDES ALCANTARILLADO / DRENAJE	3877	SUBDREN EN GRAVILLA 1/2", 0.5X1M. (INC. SUMIN. Y COMPACT. INC. GEOTEXTIL NO TEJIDO CON RESISTENCIA A LA TENSION GRAB: ENTRE 720 N Y 780 N Y TUBERÍA PVC CORRUG.-FILTRO D=6").	ML	318151
Antiguo	REDES ALCANTARILLADO / DRENAJE	REDES ALCANTARILLADO / DRENAJE	3878	PLACA CUBIERTA D=1.70M POZO INSPEC. (PREFABRICADA. INCLUYE SUMINISTRO E INSTALACIÓN. INCLUYE TAPA)	UN	2025781
Antiguo	REDES ALCANTARILLADO / DRENAJE	REDES ALCANTARILLADO / DRENAJE	3879	PLACA FONDO D=1.70M POZO INSPEC. (PREFABRICADA. INCL. SUMIN, INST.)	UN	1195280
Antiguo	REDES ALCANTARILLADO / DRENAJE	REDES ALCANTARILLADO / DRENAJE	3880	CILINDRO POZO INSPECCION PREFABRICADO D=1.2M, H=0.5M, E=0.10M (INCLUYE SUMINISTRO E INSTALACIÓN. NO INC. ARO DE AJUSTE)	UN	1021599
Antiguo	REDES ALCANTARILLADO / DRENAJE	REDES ALCANTARILLADO / DRENAJE	3881	CILINDRO POZO INSPECCION PREFABRICADO D=1.2M, H=0.25M, E=0.10M (INCLUYE SUMINISTRO E INSTALACIÓN. NO INC. ARO DE AJUSTE)	UN	755319
Antiguo	REDES ALCANTARILLADO / DRENAJE	REDES ALCANTARILLADO / DRENAJE	3882	SUMIDERO LATERAL SL-100, H=1.25M (FUNDIDO EN SITIO, CONCRETO HECHO EN OBRA. INCL. SUMIN, FORM, REF. Y CONST. INCL. TAPA)	UN	3265843
Antiguo	REDES ALCANTARILLADO / DRENAJE	REDES ALCANTARILLADO / DRENAJE	3883	SUMIDERO LATERAL SL-150A, H=1.7M (FUNDIDO EN SITIO, CONCRETO PREMEZCLADO. INCL. SUMIN, FORM, REF. Y CONSTR. INCL. TAPA)	UN	4476132
Antiguo	REDES ALCANTARILLADO / DRENAJE	REDES ALCANTARILLADO / DRENAJE	3884	SUMIDERO LATERAL SL-150, H=1.25M (FUNDIDO EN SITIO, CONCRETO HECHO EN OBRA. INCL. SUMIN, FORM, REF. Y CONST. INCL. TAPA)	UN	4047234
Antiguo	REDES ALCANTARILLADO / DRENAJE	REDES ALCANTARILLADO / DRENAJE	3885	SUMIDERO LATERAL SL-200, H=1.25M (FUNDIDO EN SITIO, CONCRETO PREMEZCLADO. INCL. SUMIN, FORM, REF. Y CONSTR. INCL. TAPA)	UN	5074178
Antiguo	REDES ALCANTARILLADO / DRENAJE	REDES ALCANTARILLADO / DRENAJE	3886	SUMIDERO LATERAL SL-200, H=1.25M (FUNDIDO EN SITIO, CONCRETO HECHO EN OBRA. INCL. SUMIN, FORM, REF. Y CONST. INCL. TAPA)	UN	4971321
Antiguo	REDES ALCANTARILLADO / DRENAJE	REDES ALCANTARILLADO / DRENAJE	3887	SUMIDERO LATERAL SL-250, H=1.25M (FUNDIDO EN SITIO, CONCRETO HECHO EN OBRA. INCL. SUMIN, FORM, REF. Y CONST. INCL. TAPA)	UN	5411503
Antiguo	REDES ALCANTARILLADO / DRENAJE	REDES ALCANTARILLADO / DRENAJE	3888	SUMIDERO LATERAL SL-250, H=1.25M (FUNDIDO EN SITIO, CONCRETO PREMEZCLADO. INCL. SUMIN, FORM, REF. Y CONSTR. INCL. TAPA)	UN	5529665
Antiguo	REDES ALCANTARILLADO / DRENAJE	REDES ALCANTARILLADO / DRENAJE	3889	SUMIDERO LATERAL SL-100A, H=1.7M (FUNDIDO EN SITIO, CONCRETO HECHO EN OBRA. INCL. SUM, FORM, REF. Y CONST. INCL. TAPA)	UN	3380153
Antiguo	REDES ALCANTARILLADO / DRENAJE	REDES ALCANTARILLADO / DRENAJE	3890	SUMIDERO LATERAL SL-100A, H=1.7M (FUNDIDO EN SITIO, CONCRETO PREMEZCLADO. INCL. SUMIN, FORM, REF. Y CONSTR. INCL. TAPA)	UN	3442907
Antiguo	REDES ALCANTARILLADO / DRENAJE	REDES ALCANTARILLADO / DRENAJE	3891	SUMIDERO LATERAL SL-150A, H=1.7M (FUNDIDO EN SITIO, CONCRETO HECHO EN OBRA. INCL. SUM, FORM, REF. Y CONST. INCL. TAPA)	UN	4377562
Antiguo	REDES ALCANTARILLADO / DRENAJE	REDES ALCANTARILLADO / DRENAJE	3892	SUMIDERO LATERAL SL-200A, H=1.7M (FUNDIDO EN SITIO, CONCRETO HECHO EN OBRA. INCL. SUM, FORM, REF. Y CONST. INCL. TAPA)	UN	5344171
Antiguo	REDES ALCANTARILLADO / DRENAJE	REDES ALCANTARILLADO / DRENAJE	3893	SUMIDERO LATERAL SL-200A, H=1.7M (FUNDIDO EN SITIO, CONCRETO PREMEZCLADO. INCL. SUMIN, FORM, REF. Y CONSTR. INCL. TAPA)	UN	5462333
Antiguo	REDES ALCANTARILLADO / DRENAJE	REDES ALCANTARILLADO / DRENAJE	3894	SUMIDERO LATERAL SL-250A, H=1.7M (FUNDIDO EN SITIO, CONCRETO HECHO EN OBRA. INCL. SUM, FORM, REF. Y CONST. INCL. TAPA)	UN	5866692
Antiguo	REDES ALCANTARILLADO / DRENAJE	REDES ALCANTARILLADO / DRENAJE	3895	SUMIDERO LATERAL SL-250A, H=1.7M (FUNDIDO EN SITIO, CONCRETO PREMEZCLADO. INCL. SUMIN, FORM, REF. Y CONSTR. INCL. TAPA)	UN	6000154
Antiguo	REDES ALCANTARILLADO / DRENAJE	REDES ALCANTARILLADO / DRENAJE	3896	SUMIDERO LATERAL SL-150, H=1.25M (FUNDIDO EN SITIO, CONCRETO PREMEZCLADO. INCL. SUMIN, FORM, REF. Y CONSTR. INCL. TAPA)	UN	4130499
Antiguo	REDES ALCANTARILLADO / DRENAJE	REDES ALCANTARILLADO / DRENAJE	3897	SUMIDERO LATERAL SL-150, H=0.85M (PREFABRICADO. INCLUYE SUMINISTRO E INSTALACIÓN. INCLUYE SOBRETAPA Y TAPA)	UN	6186409
Antiguo	REDES ALCANTARILLADO / DRENAJE	REDES ALCANTARILLADO / DRENAJE	3898	SUMIDERO LATERAL SL-200, H=0.85M (PREFABRICADO. INCLUYE SUMINISTRO E INSTALACIÓN. INCLUYE SOBRETAPA Y TAPA)	UN	7360452
Antiguo	REDES ALCANTARILLADO / DRENAJE	REDES ALCANTARILLADO / DRENAJE	3899	SUMIDERO LATERAL SL-250, H=0.85M (PREFABRICADO. INCLUYE SUMINISTRO E INSTALACIÓN. INCLUYE SOBRETAPA Y TAPA)	UN	8485894
Antiguo	REDES ALCANTARILLADO / DRENAJE	REDES ALCANTARILLADO / DRENAJE	3900	SUMIDERO TRANSVERSAL ST-1, H=1.9M (FUNDIDO EN SITIO, CONCRETO PREMEZCLADO. INCL. SUMIN, FORM, REF. Y CONST. INCL. REJA)	ML	2391644
Antiguo	REDES ALCANTARILLADO / DRENAJE	REDES ALCANTARILLADO / DRENAJE	3901	TUBERIA PVC PARA DRENAJE D=2 1/2" SIN FILTRO (INCLUYE SUMINISTRO E INSTALACIÓN)	ML	24758
Antiguo	REDES ALCANTARILLADO / DRENAJE	REDES ALCANTARILLADO / DRENAJE	3902	TUBERIA PVC PARA DRENAJE D=4" CON FILTRO (INCLUYE SUMINISTRO E INSTALACIÓN)	ML	46154
Antiguo	REDES ALCANTARILLADO / DRENAJE	REDES ALCANTARILLADO / DRENAJE	3903	TUBERIA PVC PARA DRENAJE D=6" SIN FILTRO (INCLUYE SUMINISTRO E INSTALACIÓN)	ML	75230
Antiguo	REDES ALCANTARILLADO / DRENAJE	REDES ALCANTARILLADO / DRENAJE	3904	TUBERIA PVC PARA DRENAJE D=4" SIN FILTRO (INCLUYE SUMINISTRO E INSTALACIÓN)	ML	36636
Antiguo	REDES ALCANTARILLADO / DRENAJE	REDES ALCANTARILLADO / DRENAJE	3905	TUBERIA PVC PARA DRENAJE D=6" CON FILTRO (INCLUYE SUMINISTRO E INSTALACIÓN)	ML	98731
Antiguo	REDES ALCANTARILLADO / DRENAJE	REDES ALCANTARILLADO / DRENAJE	3906	SUMIDERO TRANSVERSAL ST-2, H=1.77M (FUNDIDO EN SITIO, CONCRETO HECHO EN OBRA. INCL. SUM, FORM, REF. Y CONST. INCL. REJA)	ML	1939728
Antiguo	REDES ALCANTARILLADO / DRENAJE	REDES ALCANTARILLADO / DRENAJE	3907	SUMIDERO TRANSVERSAL ST-2, H=1.77M (FUNDIDO EN SITIO, CONCRETO PREMEZCLADO. INCL. SUMIN, FORM, REF. Y CONST. INCL. REJA)	ML	1975538
Antiguo	REDES ALCANTARILLADO / DRENAJE	REDES ALCANTARILLADO / DRENAJE	3908	SUMIDERO ESPECIAL TIPO 1, H=1.65M (FUNDIDO EN SITIO, CONCRETO HECHO EN OBRA. INCL. SUM, FORM, REF. Y CONST. INCL. REJA)	UN	4003972
Antiguo	REDES ALCANTARILLADO / DRENAJE	REDES ALCANTARILLADO / DRENAJE	3909	SUMIDERO ESPECIAL TIPO 1, H=1.65M (FUNDIDO EN SITIO, CONCRETO PREMEZCLADO. INCL. SUM, FORM, REF. Y CONST. INCL. REJA)	UN	3971316
Antiguo	CONCRETO Y ACERO PARA ESTRUCTURAS	CONCRETOS Y MORTEROS HECHOS EN OBRA	3910	CONCRETO 4000 PSI IMPERMEABILIZADO (HECHO EN OBRA)	M3	795461
Antiguo	REDES ALCANTARILLADO / DRENAJE	REDES ALCANTARILLADO / DRENAJE	3919	TUBERIA PVC U.M. EXT/INT LISO NORMA NTC 5070 D=24" (INCLUYE SUMINISTRO E INSTALACIÓN)	ML	732840
Antiguo	REDES ALCANTARILLADO / DRENAJE	REDES ALCANTARILLADO / DRENAJE	3920	TUBERIA PVC U.M. EXT/INT LISO NORMA NTC 5070 D=27" (INCLUYE SUMINISTRO E INSTALACIÓN)	ML	874450
Antiguo	REDES ALCANTARILLADO / DRENAJE	REDES ALCANTARILLADO / DRENAJE	3921	TUBERIA PVC U.M. EXT/INT LISO NORMA NTC 5070 D=30" (INCLUYE SUMINISTRO E INSTALACIÓN)	ML	1070516
Antiguo	REDES ALCANTARILLADO / DRENAJE	REDES ALCANTARILLADO / DRENAJE	3922	TUBERIA PVC U.M. EXT/INT LISO NORMA NTC 5070 D=33" (INCLUYE SUMINISTRO E INSTALACIÓN)	ML	1464015
Antiguo	REDES ALCANTARILLADO / DRENAJE	REDES ALCANTARILLADO / DRENAJE	3923	TUBERIA PVC U.M. EXT/INT LISO NORMA NTC 5070 D=36" (INCLUYE SUMINISTRO E INSTALACIÓN)	ML	1951205
Antiguo	REDES ALCANTARILLADO / DRENAJE	REDES ALCANTARILLADO / DRENAJE	3924	TUBERIA PVC U.M. EXT/INT LISO NORMA NTC 5070 D=39" (INCLUYE SUMINISTRO E INSTALACIÓN)	ML	2590882
Antiguo	REDES ALCANTARILLADO / DRENAJE	REDES ALCANTARILLADO / DRENAJE	3925	TUBERIA PVC U.M. EXT/INT LISO NORMA NTC 5070 D=42" (INCLUYE SUMINISTRO E INSTALACIÓN)	ML	3024036
Antiguo	REDES ALCANTARILLADO / DRENAJE	REDES ALCANTARILLADO / DRENAJE	3932	TUBERIA CONCRETO D=6" CL. II SIN REFUERZO (INCLUYE SUMINISTRO E INSTALACIÓN)	ML	80737
Antiguo	REDES ALCANTARILLADO / DRENAJE	REDES ALCANTARILLADO / DRENAJE	3933	TUBERIA CONCRETO D=8" CL. II SIN REFUERZO (INCLUYE SUMINISTRO E INSTALACIÓN)	ML	123237
Antiguo	REDES ALCANTARILLADO / DRENAJE	REDES ALCANTARILLADO / DRENAJE	3934	TUBERIA CONCRETO D=12" CL. II SIN REFUERZO (INCLUYE SUMINISTRO E INSTALACIÓN)	ML	209263
Antiguo	REDES ALCANTARILLADO / DRENAJE	REDES ALCANTARILLADO / DRENAJE	3935	TUBERIA CONCRETO D=14" CL. II SIN REFUERZO (INCLUYE SUMINISTRO E INSTALACIÓN)	ML	264640
Antiguo	REDES ALCANTARILLADO / DRENAJE	REDES ALCANTARILLADO / DRENAJE	3936	TUBERIA CONCRETO D=16" CL. II SIN REFUERZO (INCLUYE SUMINISTRO E INSTALACIÓN)	ML	338622
Antiguo	REDES ALCANTARILLADO / DRENAJE	REDES ALCANTARILLADO / DRENAJE	3937	TUBERIA CONCRETO D=18" CL. II SIN REFUERZO (INCLUYE SUMINISTRO E INSTALACIÓN)	ML	444300
Antiguo	REDES ALCANTARILLADO / DRENAJE	REDES ALCANTARILLADO / DRENAJE	3938	TUBERIA CONCRETO D=20" CL. II SIN REFUERZO (INCLUYE SUMINISTRO E INSTALACIÓN)	ML	532858
Antiguo	REDES ALCANTARILLADO / DRENAJE	REDES ALCANTARILLADO / DRENAJE	3939	TUBERIA CONCRETO D=24" CL. II SIN REFUERZO (INCLUYE SUMINISTRO E INSTALACIÓN)	ML	756671
Antiguo	REDES ALCANTARILLADO / DRENAJE	REDES ALCANTARILLADO / DRENAJE	3944	TUBERIA CONCRETO D=24" CL. I REFORZADO (INCLUYE SUMINISTRO E INSTALACIÓN)	ML	817846
Antiguo	REDES ALCANTARILLADO / DRENAJE	REDES ALCANTARILLADO / DRENAJE	3945	TUBERIA CONCRETO D=27" CL. I REFORZADO (INCLUYE SUMINISTRO E INSTALACIÓN)	ML	991864
Antiguo	REDES ALCANTARILLADO / DRENAJE	REDES ALCANTARILLADO / DRENAJE	3946	TUBERIA CONCRETO D=32" CL. I REFORZADO (INCLUYE SUMINISTRO E INSTALACIÓN)	ML	1203427
Antiguo	REDES ALCANTARILLADO / DRENAJE	REDES ALCANTARILLADO / DRENAJE	3947	TUBERIA CONCRETO D=36" CL. I REFORZADO (INCLUYE SUMINISTRO E INSTALACIÓN)	ML	1512469
Antiguo	REDES ALCANTARILLADO / DRENAJE	REDES ALCANTARILLADO / DRENAJE	3948	TUBERIA CONCRETO D=40" CL. I REFORZADO (INCLUYE SUMINISTRO E INSTALACIÓN)	ML	1874457
Antiguo	REDES ALCANTARILLADO / DRENAJE	REDES ALCANTARILLADO / DRENAJE	3949	TUBERIA CONCRETO D=44" CL. I REFORZADO (INCLUYE SUMINISTRO E INSTALACIÓN)	ML	2121420
Antiguo	REDES ALCANTARILLADO / DRENAJE	REDES ALCANTARILLADO / DRENAJE	3950	TUBERIA CONCRETO D=48" CL. I REFORZADO (INCLUYE SUMINISTRO E INSTALACIÓN)	ML	2515311
Antiguo	REDES ALCANTARILLADO / DRENAJE	REDES ALCANTARILLADO / DRENAJE	3951	TUBERIA CONCRETO D=52" CL. I REFORZADO (INCLUYE SUMINISTRO E INSTALACIÓN)	ML	2826050
Antiguo	REDES ALCANTARILLADO / DRENAJE	REDES ALCANTARILLADO / DRENAJE	3952	TUBERIA CONCRETO D=56" CL. I REFORZADO (INCLUYE SUMINISTRO E INSTALACIÓN)	ML	3199492
Antiguo	REDES ALCANTARILLADO / DRENAJE	REDES ALCANTARILLADO / DRENAJE	3953	TUBERIA CONCRETO D=60" CL. I REFORZADO (INCLUYE SUMINISTRO E INSTALACIÓN)	ML	3580389
Antiguo	REDES ALCANTARILLADO / DRENAJE	REDES ALCANTARILLADO / DRENAJE	3954	TUBERIA CONCRETO D=64" CL. I REFORZADO (INCLUYE SUMINISTRO E INSTALACIÓN)	ML	4007114
Antiguo	REDES ALCANTARILLADO / DRENAJE	REDES ALCANTARILLADO / DRENAJE	3955	TUBERIA CONCRETO D=68" CL. I REFORZADO (INCLUYE SUMINISTRO E INSTALACIÓN)	ML	4483069
Antiguo	REDES ALCANTARILLADO / DRENAJE	REDES ALCANTARILLADO / DRENAJE	3956	TUBERIA CONCRETO D=72" CL. I REFORZADO (INCLUYE SUMINISTRO E INSTALACIÓN)	ML	5014211
Antiguo	REDES ALCANTARILLADO / DRENAJE	REDES ALCANTARILLADO / DRENAJE	3957	TUBERIA CONCRETO D=80" CL. I REFORZADO (INCLUYE SUMINISTRO E INSTALACIÓN)	ML	6210364
Antiguo	REDES ALCANTARILLADO / DRENAJE	REDES ALCANTARILLADO / DRENAJE	3958	TUBERIA CONCRETO D=86" CL. I REFORZADO (INCLUYE SUMINISTRO E INSTALACIÓN)	ML	6969979
Antiguo	REDES ALCANTARILLADO / DRENAJE	REDES ALCANTARILLADO / DRENAJE	3959	TUBERIA CONCRETO D=92" CL. I REFORZADO (INCLUYE SUMINISTRO E INSTALACIÓN)	ML	7803527
Antiguo	REDES ALCANTARILLADO / DRENAJE	REDES ALCANTARILLADO / DRENAJE	3960	TUBERIA CONCRETO D=24" CL. II REFORZADO (INCLUYE SUMINISTRO E INSTALACIÓN)	ML	817846
Antiguo	REDES ALCANTARILLADO / DRENAJE	REDES ALCANTARILLADO / DRENAJE	3961	TUBERIA CONCRETO D=27" CL. II REFORZADO (INCLUYE SUMINISTRO E INSTALACIÓN)	ML	1018091
Antiguo	REDES ALCANTARILLADO / DRENAJE	REDES ALCANTARILLADO / DRENAJE	3963	TUBERIA CONCRETO D=36" CL. II REFORZADO (INCLUYE SUMINISTRO E INSTALACIÓN)	ML	1548931
Antiguo	REDES ALCANTARILLADO / DRENAJE	REDES ALCANTARILLADO / DRENAJE	3964	TUBERIA CONCRETO D=40" CL. II REFORZADO (INCLUYE SUMINISTRO E INSTALACIÓN)	ML	1920914
Antiguo	REDES ALCANTARILLADO / DRENAJE	REDES ALCANTARILLADO / DRENAJE	3965	TUBERIA CONCRETO D=44" CL. II REFORZADO (INCLUYE SUMINISTRO E INSTALACIÓN)	ML	2163974
Antiguo	REDES ALCANTARILLADO / DRENAJE	REDES ALCANTARILLADO / DRENAJE	3966	TUBERIA CONCRETO D=48" CL. II REFORZADO (INCLUYE SUMINISTRO E INSTALACIÓN)	ML	2576001
Antiguo	REDES ALCANTARILLADO / DRENAJE	REDES ALCANTARILLADO / DRENAJE	3967	TUBERIA CONCRETO D=52" CL. II REFORZADO (INCLUYE SUMINISTRO E INSTALACIÓN)	ML	2898831
Antiguo	REDES ALCANTARILLADO / DRENAJE	REDES ALCANTARILLADO / DRENAJE	3968	TUBERIA CONCRETO D=56" CL. II REFORZADO (INCLUYE SUMINISTRO E INSTALACIÓN)	ML	3242094
Antiguo	REDES ALCANTARILLADO / DRENAJE	REDES ALCANTARILLADO / DRENAJE	3969	TUBERIA CONCRETO D=60" CL. III REFORZADO (INCLUYE SUMINISTRO E INSTALACIÓN)	ML	4065956
Antiguo	REDES ALCANTARILLADO / DRENAJE	REDES ALCANTARILLADO / DRENAJE	3970	TUBERIA CONCRETO D=64" CL. II REFORZADO (INCLUYE SUMINISTRO E INSTALACIÓN)	ML	4100077
Antiguo	REDES ALCANTARILLADO / DRENAJE	REDES ALCANTARILLADO / DRENAJE	3971	TUBERIA CONCRETO D=68" CL. III REFORZADO (INCLUYE SUMINISTRO E INSTALACIÓN)	ML	4780378
Antiguo	REDES ALCANTARILLADO / DRENAJE	REDES ALCANTARILLADO / DRENAJE	3972	TUBERIA CONCRETO D=72" CL. II REFORZADO (INCLUYE SUMINISTRO E INSTALACIÓN)	ML	5036345
Antiguo	REDES ALCANTARILLADO / DRENAJE	REDES ALCANTARILLADO / DRENAJE	3973	TUBERIA CONCRETO D=80" CL. II REFORZADO (INCLUYE SUMINISTRO E INSTALACIÓN)	ML	6238639
Antiguo	REDES ALCANTARILLADO / DRENAJE	REDES ALCANTARILLADO / DRENAJE	3974	TUBERIA CONCRETO D=86" CL. II REFORZADO (INCLUYE SUMINISTRO E INSTALACIÓN)	ML	7079221
Antiguo	REDES ALCANTARILLADO / DRENAJE	REDES ALCANTARILLADO / DRENAJE	3975	TUBERIA CONCRETO D=24" CL. III REFORZADO (INCLUYE SUMINISTRO E INSTALACIÓN)	ML	817846
Antiguo	REDES ALCANTARILLADO / DRENAJE	REDES ALCANTARILLADO / DRENAJE	3976	TUBERIA CONCRETO D=27" CL. III REFORZADO (INCLUYE SUMINISTRO E INSTALACIÓN)	ML	1072926
Antiguo	REDES ALCANTARILLADO / DRENAJE	REDES ALCANTARILLADO / DRENAJE	3978	TUBERIA CONCRETO D=36" CL. III REFORZADO (INCLUYE SUMINISTRO E INSTALACIÓN)	ML	1631898
Antiguo	REDES ALCANTARILLADO / DRENAJE	REDES ALCANTARILLADO / DRENAJE	3979	TUBERIA CONCRETO D=40" CL. III REFORZADO (INCLUYE SUMINISTRO E INSTALACIÓN)	ML	2028062
Antiguo	REDES ALCANTARILLADO / DRENAJE	REDES ALCANTARILLADO / DRENAJE	3980	TUBERIA CONCRETO D=44" CL. III REFORZADO (INCLUYE SUMINISTRO E INSTALACIÓN)	ML	2281023
Antiguo	REDES ALCANTARILLADO / DRENAJE	REDES ALCANTARILLADO / DRENAJE	3981	TUBERIA CONCRETO D=48" CL. III REFORZADO (INCLUYE SUMINISTRO E INSTALACIÓN)	ML	2715707
Antiguo	REDES ALCANTARILLADO / DRENAJE	REDES ALCANTARILLADO / DRENAJE	3982	TUBERIA CONCRETO D=52" CL. III REFORZADO (INCLUYE SUMINISTRO E INSTALACIÓN)	ML	3052674
Antiguo	REDES ALCANTARILLADO / DRENAJE	REDES ALCANTARILLADO / DRENAJE	3983	TUBERIA CONCRETO D=56" CL. III REFORZADO (INCLUYE SUMINISTRO E INSTALACIÓN)	ML	3407980
Antiguo	REDES ALCANTARILLADO / DRENAJE	REDES ALCANTARILLADO / DRENAJE	3984	TUBERIA CONCRETO D=60" CL. II REFORZADO (INCLUYE SUMINISTRO E INSTALACIÓN)	ML	3647219
Antiguo	REDES ALCANTARILLADO / DRENAJE	REDES ALCANTARILLADO / DRENAJE	3985	TUBERIA CONCRETO D=64" CL. III REFORZADO (INCLUYE SUMINISTRO E INSTALACIÓN)	ML	4267962
Antiguo	REDES ALCANTARILLADO / DRENAJE	REDES ALCANTARILLADO / DRENAJE	3986	TUBERIA CONCRETO D=72" CL. III REFORZADO (INCLUYE SUMINISTRO E INSTALACIÓN)	ML	5523959
Antiguo	REDES ALCANTARILLADO / DRENAJE	REDES ALCANTARILLADO / DRENAJE	3987	TUBERIA CONCRETO D=68" CL. II REFORZADO (INCLUYE SUMINISTRO E INSTALACIÓN)	ML	4588169
Antiguo	REDES ALCANTARILLADO / DRENAJE	REDES ALCANTARILLADO / DRENAJE	3988	TUBERIA CONCRETO D=80" CL. III REFORZADO (INCLUYE SUMINISTRO E INSTALACIÓN)	ML	6495536
Antiguo	REDES ALCANTARILLADO / DRENAJE	REDES ALCANTARILLADO / DRENAJE	3989	TUBERIA CONCRETO D=86" CL. III REFORZADO (INCLUYE SUMINISTRO E INSTALACIÓN)	ML	7255199
Antiguo	REDES ALCANTARILLADO / DRENAJE	REDES ALCANTARILLADO / DRENAJE	3990	TUBERIA CONCRETO D=92" CL. II REFORZADO (INCLUYE SUMINISTRO E INSTALACIÓN)	ML	7925003
Antiguo	REDES ALCANTARILLADO / DRENAJE	REDES ALCANTARILLADO / DRENAJE	3991	TUBERIA CONCRETO D=92" CL. III REFORZADO (INCLUYE SUMINISTRO E INSTALACIÓN)	ML	8056426
Antiguo	REDES ALCANTARILLADO / DRENAJE	REDES ALCANTARILLADO / DRENAJE	3992	TUBERIA CONCRETO D=24" CL. IV REFORZADO (INCLUYE SUMINISTRO E INSTALACIÓN)	ML	916949
Antiguo	REDES ALCANTARILLADO / DRENAJE	REDES ALCANTARILLADO / DRENAJE	3993	TUBERIA CONCRETO D=27" CL. IV REFORZADO (INCLUYE SUMINISTRO E INSTALACIÓN)	ML	1208253
Antiguo	REDES ALCANTARILLADO / DRENAJE	REDES ALCANTARILLADO / DRENAJE	3994	TUBERIA CONCRETO D=30" CL. IV REFORZADO (INCLUYE SUMINISTRO E INSTALACIÓN)	ML	1478460
Antiguo	REDES ALCANTARILLADO / DRENAJE	REDES ALCANTARILLADO / DRENAJE	3995	TUBERIA CONCRETO D=36" CL. IV REFORZADO (INCLUYE SUMINISTRO E INSTALACIÓN)	ML	1852143
Antiguo	REDES ALCANTARILLADO / DRENAJE	REDES ALCANTARILLADO / DRENAJE	3996	TUBERIA CONCRETO D=40" CL. IV REFORZADO (INCLUYE SUMINISTRO E INSTALACIÓN)	ML	2301238
Antiguo	REDES ALCANTARILLADO / DRENAJE	REDES ALCANTARILLADO / DRENAJE	3997	TUBERIA CONCRETO D=44" CL. IV REFORZADO (INCLUYE SUMINISTRO E INSTALACIÓN)	ML	2588614
Antiguo	REDES ALCANTARILLADO / DRENAJE	REDES ALCANTARILLADO / DRENAJE	3998	TUBERIA CONCRETO D=48" CL. IV REFORZADO (INCLUYE SUMINISTRO E INSTALACIÓN)	ML	3075991
Antiguo	REDES ALCANTARILLADO / DRENAJE	REDES ALCANTARILLADO / DRENAJE	3999	TUBERIA CONCRETO D=52" CL. IV REFORZADO (INCLUYE SUMINISTRO E INSTALACIÓN)	ML	3477409
Antiguo	REDES ALCANTARILLADO / DRENAJE	REDES ALCANTARILLADO / DRENAJE	4000	TUBERIA CONCRETO D=56" CL. IV REFORZADO (INCLUYE SUMINISTRO E INSTALACIÓN)	ML	3727519
Antiguo	REDES ALCANTARILLADO / DRENAJE	REDES ALCANTARILLADO / DRENAJE	4001	TUBERIA CONCRETO D=60" CL. IV REFORZADO (INCLUYE SUMINISTRO E INSTALACIÓN)	ML	4286344
Antiguo	REDES ALCANTARILLADO / DRENAJE	REDES ALCANTARILLADO / DRENAJE	4002	TUBERIA CONCRETO D=64" CL. IV REFORZADO (INCLUYE SUMINISTRO E INSTALACIÓN)	ML	4828309
Antiguo	REDES ALCANTARILLADO / DRENAJE	REDES ALCANTARILLADO / DRENAJE	4004	TUBERIA CONCRETO D=68" CL. IV REFORZADO (INCLUYE SUMINISTRO E INSTALACIÓN)	ML	5417599
Antiguo	REDES ALCANTARILLADO / DRENAJE	REDES ALCANTARILLADO / DRENAJE	4005	TUBERIA CONCRETO D=72" CL. IV REFORZADO (INCLUYE SUMINISTRO E INSTALACIÓN)	ML	6017714
Antiguo	REDES ALCANTARILLADO / DRENAJE	REDES ALCANTARILLADO / DRENAJE	4006	TUBERIA CONCRETO D=80" CL. IV REFORZADO (INCLUYE SUMINISTRO E INSTALACIÓN)	ML	7373613
Antiguo	REDES ALCANTARILLADO / DRENAJE	REDES ALCANTARILLADO / DRENAJE	4007	TUBERIA CONCRETO D=86" CL. IV REFORZADO (INCLUYE SUMINISTRO E INSTALACIÓN)	ML	8776352
Antiguo	REDES ALCANTARILLADO / DRENAJE	REDES ALCANTARILLADO / DRENAJE	4008	TUBERIA CONCRETO D=92" CL. IV REFORZADO (INCLUYE SUMINISTRO E INSTALACIÓN)	ML	9561395
Antiguo	GEOSINTETICOS	GEOTEXTILES	4009	GEOTEXTIL NO TEJIDO CON RESISTENCIA A LA TENSION GRAB: ENTRE 720 N Y 780 N. PARA SUBDRENES/FILTROS. (INCLUYE SUMINISTRO E INSTALACION).	M2	14037
Antiguo	GEOSINTETICOS	GEOTEXTILES	4010	GEOTEXTIL NO TEJIDO CON RESISTENCIA A LA TENSION GRAB: ENTRE 850 N Y 980 N. PARA SUBDRENES/FILTROS. (INCLUYE SUMINISTRO E INSTALACION).	M2	22923
Antiguo	GEOSINTETICOS	GEOTEXTILES	4011	GEOTEXTIL NO TEJIDO CON RESISTENCIA A LA TENSION GRAB: ENTRE 1070 N Y 1165 N. PARA SUBDRENES/FILTROS. (INCLUYE SUMINISTRO E INSTALACION).	M2	27834
Antiguo	GEOSINTETICOS	GEOTEXTILES	4012	GEOTEXTIL NO TEJIDO CON RESISTENCIA A LA TENSION GRAB DE 1310 N. PARA SUBDRENES/FILTROS. (INCLUYE SUMINISTRO E INSTALACION).	M2	31461
Antiguo	GEOSINTETICOS	GEOTEXTILES	4013	GEOTEXTIL NO TEJIDO CON RESISTENCIA A LA TENSION GRAB DE 1530 N. PARA SEPARACION SUBRASANTE/CAPAS GRANULARES. (INCLUYE SUMINISTRO E INSTALACION).	M2	38654
Antiguo	GEOSINTETICOS	GEOTEXTILES	4014	GEOTEXTIL NO TEJIDO CON RESISTENCIA A LA TENSION GRAB: ENTRE 720 N Y 780 N. PARA SEPARACION SUBRASANTE/CAPAS GRANULARES. (INCLUYE SUMINISTRO E INSTALACION).	M2	14037
Antiguo	GEOSINTETICOS	GEOTEXTILES	4015	GEOTEXTIL NO TEJIDO CON RESISTENCIA A LA TENSION GRAB: ENTRE 850 N Y 980 N. PARA SEPARACION SUBRASANTE/CAPAS GRANULARES. (INCLUYE SUMINISTRO E INSTALACION).	M2	22923
Antiguo	GEOSINTETICOS	GEOTEXTILES	4016	GEOTEXTIL NO TEJIDO CON RESISTENCIA A LA TENSION GRAB: ENTRE 1070 N Y 1165 N. PARA SEPARACION SUBRASANTE/CAPAS GRANULARES. (INCLUYE SUMINISTRO E INSTALACION).	M2	27834
Antiguo	GEOSINTETICOS	GEOTEXTILES	4017	GEOTEXTIL NO TEJIDO CON RESISTENCIA A LA TENSION GRAB DE 1310 N. PARA SEPARACION SUBRASANTE/CAPAS GRANULARES. (INCLUYE SUMINISTRO E INSTALACION).	M2	31461
Antiguo	GEOSINTETICOS	GEOTEXTILES	4018	GEOTEXTIL NO TEJIDO CON RESISTENCIA A LA TENSION GRAB DE 1530 N. PARA SUBDRENES/FILTROS. (INCLUYE SUMINISTRO E INSTALACION).	M2	38654
Antiguo	GEOSINTETICOS	GEOTEXTILES	4019	GEOTEXTIL NO TEJIDO PARA REPAVIMENTACION CON RESISTENCIA A LA TENSION GRAB: ENTRE 400 N Y 470 N, Y PUNTO DE FUSION: ENTRE 150°C Y 160°C. (INCLUYE SUMINISTRO E INSTALACION).	M2	11212
Antiguo	GEOSINTETICOS	GEOTEXTILES	4020	GEOTEXTIL NO TEJIDO PARA REPAVIMENTACION CON RESISTENCIA A LA TENSION GRAB: ENTRE 530 N Y 550 N, Y PUNTO DE FUSION: ENTRE 150°C Y 160°C. (INCLUYE SUMINISTRO E INSTALACION).	M2	12838
Antiguo	GEOSINTETICOS	GEOTEXTILES	4021	GEOTEXTIL NO TEJIDO CON RESISTENCIA A LA TENSION GRAB: ENTRE 850 N Y 980 N. PARA ESTABILIZACION SUBRASANTE/CAPAS GRANULARES. (INCLUYE SUMINISTRO E INSTALACION).	M2	22923
Antiguo	GEOSINTETICOS	GEOTEXTILES	4022	GEOTEXTIL NO TEJIDO CON RESISTENCIA A LA TENSION GRAB: ENTRE 1070 N Y 1165 N. PARA ESTABILIZACION SUBRASANTE/CAPAS GRANULARES. (INCLUYE SUMINISTRO E INSTALACION).	M2	27834
Antiguo	GEOSINTETICOS	GEOTEXTILES	4023	GEOTEXTIL NO TEJIDO CON RESISTENCIA A LA TENSION GRAB DE 1310 N. PARA ESTABILIZACION SUBRASANTE/CAPAS GRANULARES. (INCLUYE SUMINISTRO E INSTALACION).	M2	31461
Antiguo	GEOSINTETICOS	GEOTEXTILES	4024	GEOTEXTIL NO TEJIDO CON RESISTENCIA A LA TENSION GRAB DE 1530 N. PARA ESTABILIZACION SUBRASANTE/CAPAS GRANULARES. (INCLUYE SUMINISTRO E INSTALACION).	M2	38654
Antiguo	GEOSINTETICOS	GEOTEXTILES	4026	GEOTEXTIL TEJIDO CON RESISTENCIA A LA TENSION METODO TIRA ANCHA SENTIDO LONGITUDINAL: ENTRE 30 KN/M Y 39 KN/M. PARA SUBDRENES/FILTROS. (INCLUYE SUMINISTRO E INSTALACION).	M2	12302
Antiguo	GEOSINTETICOS	GEOTEXTILES	4027	GEOTEXTIL TEJIDO CON RESISTENCIA A LA TENSION METODO TIRA ANCHA SENTIDO LONGITUDINAL: ENTRE 40 KN/M Y 43 KN/M. PARA SUBDRENES/FILTROS. (INCLUYE SUMINISTRO E INSTALACION).	M2	15400
Antiguo	GEOSINTETICOS	GEOTEXTILES	4028	GEOTEXTIL TEJIDO CON RESISTENCIA A LA TENSION METODO TIRA ANCHA SENTIDO LONGITUDINAL DE 60 KN/M. PARA SUBDRENES/FILTROS. (INCLUYE SUMINISTRO E INSTALACION).	M2	25167
Antiguo	GEOSINTETICOS	GEOTEXTILES	4029	GEOTEXTIL TEJIDO CON RESISTENCIA A LA TENSION METODO TIRA ANCHA SENTIDO LONGITUDINAL: ENTRE 90 KN/M Y 110 KN/M. PARA SUBDRENES/FILTROS. (INCLUYE SUMINISTRO E INSTALACION).	M2	33278
Antiguo	GEOSINTETICOS	GEOTEXTILES	4030	GEOTEXTIL TEJIDO CON RESISTENCIA A LA TENSION METODO TIRA ANCHA SENTIDO LONGITUDINAL: ENTRE 30 KN/M Y 39 KN/M. PARA SEPARACION SUBRASANTE/CAPAS GRANULARES. (INCLUYE SUMINISTRO E INSTALACION).	M2	12302
Antiguo	GEOSINTETICOS	GEOTEXTILES	4032	GEOTEXTIL TEJIDO CON RESISTENCIA A LA TENSION METODO TIRA ANCHA SENTIDO LONGITUDINAL: ENTRE 40 KN/M Y 43 KN/M. PARA SEPARACION SUBRASANTE/CAPAS GRANULARES. (INCLUYE SUMINISTRO E INSTALACION).	M2	15400
Antiguo	GEOSINTETICOS	GEOTEXTILES	4033	GEOTEXTIL TEJIDO CON RESISTENCIA A LA TENSION METODO TIRA ANCHA SENTIDO LONGITUDINAL DE 60 KN/M. PARA SEPARACION SUBRASANTE/CAPAS GRANULARES. (INCLUYE SUMINISTRO E INSTALACION).	M2	25167
Antiguo	GEOSINTETICOS	GEOTEXTILES	4034	GEOTEXTIL TEJIDO CON RESISTENCIA A LA TENSION METODO TIRA ANCHA SENTIDO LONGITUDINAL: ENTRE 90 KN/M Y 110 KN/M. PARA SEPARACION SUBRASANTE/CAPAS GRANULARES. (INCLUYE SUMINISTRO E INSTALACION).	M2	33278
Antiguo	GEOSINTETICOS	GEOTEXTILES	4036	GEOTEXTIL TEJIDO CON RESISTENCIA A LA TENSION METODO TIRA ANCHA SENTIDO LONGITUDINAL: ENTRE 40 KN/M Y 43 KN/M. PARA ESTABILIZACION SUBRASANTE/CAPAS. (INCLUYE SUMINISTRO E INSTALACION).	M2	15400
Antiguo	GEOSINTETICOS	GEOTEXTILES	4037	GEOTEXTIL TEJIDO CON RESISTENCIA A LA TENSION METODO TIRA ANCHA SENTIDO LONGITUDINAL DE 60 KN/M. PARA ESTABILIZACION SUBRASANTE/CAPAS GRANULARES. (INCLUYE SUMINISTRO E INSTALACION).	M2	25167
Antiguo	GEOSINTETICOS	GEOTEXTILES	4038	GEOTEXTIL TEJIDO CON RESISTENCIA A LA TENSION METODO TIRA ANCHA SENTIDO LONGITUDINAL: ENTRE 90 KN/M Y 110 KN/M. ESTABILIZACION SUBRASANTE/CAPAS GRANULARES. (INCLUYE SUMINISTRO E INSTALACION).	M2	33278
Antiguo	ANDENES Y SARDINELES	SARDINELES Y BORDILLOS	4039	SARDINEL H=0.20M, E=0.15M CONCRETO 3000 PSI (FUNDIDO EN SITIO, CONCRETO PREMEZCLADO. INC. SUMIN, FORMALET. Y CONST.)	ML	35498
Antiguo	ANDENES Y SARDINELES	SARDINELES Y BORDILLOS	4040	SARDINEL H=0.25M, E=0.15M CONCRETO 3000 PSI (FUNDIDO EN SITIO, CONCRETO PREMEZCLADO. INC. SUMIN, FORMALET. Y CONST.)	ML	40262
Antiguo	ANDENES Y SARDINELES	SARDINELES Y BORDILLOS	4041	SARDINEL H=0.40M, E=0.15M CONCRETO 3000 PSI (FUNDIDO EN SITIO, CONCRETO PREMEZCLADO. INC. SUMIN, FORMALET. Y CONST.)	ML	54496
Antiguo	ANDENES Y SARDINELES	SARDINELES Y BORDILLOS	4042	SARDINEL H=0.30M, E=0.15M CONCRETO 3000 PSI (FUNDIDO EN SITIO, CONCRETO HECHO EN OBRA. INC. SUMIN, FORMALET. Y CONST.)	ML	43579
Antiguo	ANDENES Y SARDINELES	SARDINELES Y BORDILLOS	4043	SARDINEL H=0.30M, E=0.15M CONCRETO 3000 PSI (FUNDIDO EN SITIO, CONCRETO PREMEZCLADO. INC. SUMIN, FORMALET. Y CONST.)	ML	45027
Antiguo	ANDENES Y SARDINELES	SARDINELES Y BORDILLOS	4044	BORDE SEPARADOR VERDE TIPO A170 (SUMINISTRO E INSTALACIÓN. INCLUYE 3CM MORTERO 2000 PSI)	ML	475801
Antiguo	ANDENES Y SARDINELES	SARDINELES Y BORDILLOS	4045	SEPARADOR 'NEW JERSEY' MONODIRECCIONAL 1.5M X 0.6M X 1.1M (PREFABRICADO. INCLUYE SUM. E INST. NO INC. MATERIAL DE BASE)	ML	368487
Antiguo	ANDENES Y SARDINELES	SARDINELES Y BORDILLOS	4046	BORDE SEPARADOR VERDE TIPO A170 (SUMINISTRO E INSTALACIÓN. NO INCLUYE MATERIAL DE BASE)	ML	467326
Antiguo	ANDENES Y SARDINELES	SARDINELES Y BORDILLOS	4047	BORDILLO PREFABRICADO A80 (SUMINISTRO E INSTALACIÓN. INCLUYE 3CM MORTERO DE NIVELACIÓN 1:5)	ML	80437
Antiguo	ANDENES Y SARDINELES	SARDINELES Y BORDILLOS	4048	BORDILLO PREFABRICADO A80 (SUMINISTRO E INSTALACIÓN. NO INCLUYE MATERIAL DE BASE)	ML	77801
Antiguo	ANDENES Y SARDINELES	SARDINELES Y BORDILLOS	4049	CAÑUELA TIPO A120 (SUMINISTRO E INSTALACIÓN. INCLUYE 3CM MORTERO 2000 PSI)	ML	91162
Antiguo	ANDENES Y SARDINELES	SARDINELES Y BORDILLOS	4050	CAÑUELA TIPO A120 (SUMINISTRO E INSTALACIÓN. NO INCLUYE MATERIAL DE BASE)	ML	83990
Antiguo	ANDENES Y SARDINELES	ANDENES EN CONCRETO	4051	ANDEN CONCRETO 3000 PSI (210 KG/CM2) HECHO EN OBRA E=0.10M (INCLUYE MEZCLA, FORMALETEO, FUNDIDA Y CURADO)	M2	89665
Antiguo	ANDENES Y SARDINELES	SARDINELES Y BORDILLOS	4052	SARDINEL ESPECIAL A100 PARA RAMPA TIPO A (SUMINISTRO E INSTALACIÓN. INCLUYE 3CM MORTERO 2000 PSI)	UN	71068
Antiguo	ANDENES Y SARDINELES	SARDINELES Y BORDILLOS	4053	SARDINEL ESPECIAL A100 PARA RAMPA TIPO A (SUMINISTRO E INSTALACIÓN. NO INCLUYE MATERIAL DE BASE)	UN	68170
Antiguo	ANDENES Y SARDINELES	SARDINELES Y BORDILLOS	4054	SARDINEL TIPO A10 (SUMINISTRO E INSTALACIÓN. INCLUYE 3CM MORTERO 2000 PSI)	ML	92669
Antiguo	ANDENES Y SARDINELES	SARDINELES Y BORDILLOS	4055	SARDINEL TIPO A10 (SUMINISTRO E INSTALACIÓN. NO INCLUYE MATERIAL DE BASE)	ML	87888
Antiguo	PAVIMENTOS	PAVIMENTOS ARTICULADOS	4061	ADOQUIN DE ARCILLA TR. PESADO 20X10X8CM (SUMINISTRO E INSTALACIÓN. INCLUYE BASE 4CM ARENA NIVELACIÓN Y ARENA DE SELLO)	M2	101492
Antiguo	ANDENES Y SARDINELES	PISOS EN ADOQUINES Y EN LOSETAS	4064	PISO EN ADOQUIN DE ARCILLA 20X10X6CM (SUMINISTRO E INSTALACIÓN. INCLUYE BASE 3CM ARENA NIVELACION Y ARENA DE SELLO)	M2	85309
Antiguo	ANDENES Y SARDINELES	PISOS EN ADOQUINES Y EN LOSETAS	4073	PISO EN LOSETA PREFABRICADA A50 (SUMINISTRO E INSTALACIÓN. INCLUYE BASE 4CM MORTERO 2000 PSI Y ARENA DE SELLO)	M2	146792
Antiguo	ANDENES Y SARDINELES	PISOS EN ADOQUINES Y EN LOSETAS	4074	PISO EN LOSETA PREFABRICADA A50 (SUMINISTRO E INSTALACIÓN. INCLUYE BASE 4CM ARENA NIVELACION Y ARENA DE SELLO)	M2	122018
Antiguo	ANDENES Y SARDINELES	PISOS EN ADOQUINES Y EN LOSETAS	4075	PISO EN LOSETA PREFABRICADA A50 (SUMINISTRO E INSTALACIÓN. INCLUYE BASE 4CM MORTERO 1:5 Y ARENA DE SELLO)	M2	133943
Antiguo	ANDENES Y SARDINELES	PISOS EN ADOQUINES Y EN LOSETAS	4077	PISO EN LOSETA PREFABRICADA A60 (SUMINISTRO E INSTALACIÓN. INCLUYE BASE 4CM ARENA NIVELACION Y ARENA DE SELLO)	M2	137446
Antiguo	ANDENES Y SARDINELES	PISOS EN ADOQUINES Y EN LOSETAS	4078	PISO EN LOSETA PREFABRICADA A60 (SUMINISTRO E INSTALACIÓN. INCLUYE BASE 4CM MORTERO 1:5 Y ARENA DE SELLO)	M2	148997
Antiguo	ANDENES Y SARDINELES	PISOS EN ADOQUINES Y EN LOSETAS	4079	PISO EN LOSETA PREFABRICADA A60 (SUMINISTRO E INSTALACIÓN. INCLUYE BASE 4CM MORTERO 2000 PSI Y ARENA DE SELLO)	M2	163295
Antiguo	MOBILIARIO URBANO - ARBOLES Y GRAMAS	MOBILIARIO URBANO	4080	BOLARDO EN CONCRETO TIPO M60 (SUMINISTRO E INSTALACIÓN. INCLUYE BASE EN CONCRETO 1500 PSI, HECHO EN OBRA)	UN	241285
Antiguo	MOBILIARIO URBANO - ARBOLES Y GRAMAS	MOBILIARIO URBANO	4081	BOLARDO EN CONCRETO TIPO M61 (SUMINISTRO E INSTALACIÓN. INCLUYE BASE EN CONCRETO 1500 PSI, HECHO EN OBRA)	UN	211090
Antiguo	MOBILIARIO URBANO - ARBOLES Y GRAMAS	MOBILIARIO URBANO	4082	BOLARDO EN HIERRO TIPO M62 (SUMINISTRO E INSTALACIÓN. INCLUYE BASE EN CONCRETO 1500 PSI, HECHO EN OBRA)	UN	293913
Antiguo	MOBILIARIO URBANO - ARBOLES Y GRAMAS	MOBILIARIO URBANO	4083	BOLARDO EN HIERRO TIPO M63 (SUMINISTRO E INSTALACIÓN. INCLUYE BASE EN CONCRETO 1500 PSI PREMEZCLADO)	UN	296599
Antiguo	ANDENES Y SARDINELES	SARDINELES Y BORDILLOS	4085	PIEZA REMATE A105 PARA RAMPA TIPO A (SUMINISTRO E INSTALACIÓN. INCLUYE 3CM MORTERO 2000 PSI)	UN	110450
Antiguo	ANDENES Y SARDINELES	SARDINELES Y BORDILLOS	4086	PIEZA REMATE A105 PARA RAMPA TIPO A (SUMINISTRO E INSTALACIÓN. NO INCLUYE MATERIAL DE BASE)	UN	102699
Antiguo	ANDENES Y SARDINELES	SARDINELES Y BORDILLOS	4087	PIEZA REMATE A105 PARA RAMPA TIPO A (SUMINISTRO E INSTALACIÓN. INCLUYE 3CM MORTERO 1:5)	UN	106973
Antiguo	ANDENES Y SARDINELES	SARDINELES Y BORDILLOS	4088	SARDINEL BAJO A85 PARA RAMPAS (SUMINISTRO E INSTALACIÓN. INCLUYE 3CM MORTERO 2000 PSI)	ML	74246
Antiguo	ANDENES Y SARDINELES	SARDINELES Y BORDILLOS	4089	SARDINEL BAJO A85 PARA RAMPAS (SUMINISTRO E INSTALACIÓN. INCLUYE 3CM MORTERO 1:5)	ML	72101
Antiguo	ANDENES Y SARDINELES	SARDINELES Y BORDILLOS	4090	SARDINEL BAJO A85 PARA RAMPAS (SUMINISTRO E INSTALACIÓN. NO INCLUYE MATERIAL DE BASE)	ML	69465
Antiguo	MOBILIARIO URBANO - ARBOLES Y GRAMAS	MOBILIARIO URBANO	4091	RAMPA TIPO A (B10) (BASE EN MORTERO 2000 PSI, DESARROLLO: 1 M.	UN	1021794
Antiguo	REDES ELECTRICAS	RED ELÉCTRICA CODENSA	4102	3 DUCTOS D=4" Y 3 DUCTOS D=3" PVC-TDP (INCLUYE SUMINISTRO E INSTALACIÓN. NO INCLUYE RELLENOS) NORMA CS214	ML	167278
Antiguo	REDES ELECTRICAS	RED ELÉCTRICA CODENSA	4103	6 DUCTOS D=4" PVC-TDP (INCLUYE SUMINISTRO E INSTALACIÓN. NO INCLUYE RELLENOS) NORMA CS210.	ML	181028
Antiguo	REDES ELECTRICAS	RED ELÉCTRICA CODENSA	4104	CAJA DE INSPECCIÓN PARA ALUMBRADO PÚBLICO NORMA CODENSA CS 274 (ANDEN. INCLUYE BASE, MUROS, PAÑETE, MARCO Y TAPA). MEDIDAS EXTERNAS: 0.90 X 0.90M. MEDIDAS INTERNAS: 0.60 X 0.60M. ALTURA: 0.93M.	UN	876144
Antiguo	REDES ELECTRICAS	RED ELÉCTRICA CODENSA	4105	CAJA DE INSPECCIÓN SENCILLA PARA CANALIZACIÓN NORMA CODENSA CS 275 (ZVERDE. INCLUYE BASE, MUROS, PAÑETE, MARCO Y TAPA). MEDIDAS EXTERNAS: 1.49 X 0.99M. MEDIDAS INTERNAS: 1.19 X 0.69M. ALTURA: 1.37M.	UN	1342768
Antiguo	REDES ELECTRICAS	RED ELÉCTRICA CODENSA	4106	CAJA DE INSPECCIÓN SENCILLA PARA CANALIZACIÓN NORMA CODENSA CS 275 (ANDEN. INCLUYE BASE, MUROS, PAÑETE, MARCO Y TAPA). MEDIDAS EXTERNAS: 1.49 X 0.99M. MEDIDAS INTERNAS: 1.19 X 0.69M. ALTURA: 1.37M.	UN	1307054
Antiguo	REDES ELECTRICAS	RED ELÉCTRICA CODENSA	4107	CAJA DE INSPECCIÓN DOBLE PARA CANALIZACIÓN NORMA CODENSA CS 276 (ZVERDE. INCLUYE BASE, MUROS, PAÑETE, MARCO Y TAPAS). MEDIDAS EXTERNAS: 1.79 X 1.49M. MEDIDAS INTERNAS: 1.49 X 1.19M. ALTURA: 1.22M.	UN	1857165
Antiguo	REDES ELECTRICAS	RED ELÉCTRICA CODENSA	4108	CAJA DE INSPECCIÓN DOBLE PARA CANALIZACIÓN NORMA CODENSA CS 276 (ANDEN. INCLUYE BASE, MUROS, PAÑETE, MARCO Y TAPAS). MEDIDAS EXTERNAS: 1.79 X 1.49M. MEDIDAS INTERNAS: 1.49 X 1.19M. ALTURA: 1.22M.	UN	1747734
Antiguo	REDES ELECTRICAS	RED ELÉCTRICA CODENSA	4110	CAJA DE INSPECCIÓN TRIPLE PARA CANALIZACIÓN NORMA CODENSA CS 277 (INCLUYE BASE, MUROS, PAÑETE, MARCOS Y TAPAS). MEDIDAS EXTERNAS: 2.59 X 1.69M. MEDIDAS INTERNAS: 2.29 X 1.19M. ALTURA: 1.37M.	UN	3309961
Antiguo	CONCRETO Y ACERO PARA ESTRUCTURAS	CONCRETOS Y MORTEROS HECHOS EN OBRA	4111	MORTERO 1:4 IMPERMEABILIZADO (HECHO EN OBRA)	M3	725577
Antiguo	REDES ELECTRICAS	RED ELÉCTRICA CODENSA	4113	CIMENTACION DE POSTES H=10M, CR=1050KG (INCLUYE IZAJE, APLOMADO E HINCADO. INCLUYE RELLENOS) NORMA LA009.	UN	513335
Antiguo	REDES ELECTRICAS	RED ELÉCTRICA CODENSA	4114	CIMENTACION DE POSTES H=12M, CR=510KG (INCLUYE IZAJE, APLOMADO E HINCADO. INCLUYE RELLENOS) NORMA LA009.	UN	414760
Antiguo	REDES ELECTRICAS	RED ELÉCTRICA CODENSA	4115	CIMENTACION DE POSTES H=12M, CR=750KG (INCLUYE IZAJE, APLOMADO E HINCADO. INCLUYE RELLENOS) NORMA LA009.	UN	452958
Antiguo	REDES ELECTRICAS	RED ELÉCTRICA CODENSA	4116	CIMENTACION DE POSTES H=12M, CR=1050KG (INCLUYE IZAJE, APLOMADO E HINCADO. INCLUYE RELLENOS) NORMA LA009.	UN	531817
Antiguo	REDES ELECTRICAS	RED ELÉCTRICA CODENSA	4117	CIMENTACION DE POSTES H=12M, CR=1350KG (INCLUYE IZAJE, APLOMADO E HINCADO. INCLUYE RELLENOS) NORMA LA009.	UN	571247
Antiguo	REDES ELECTRICAS	RED ELÉCTRICA CODENSA	4118	CIMENTACION DE POSTES H=14M, CR=750KG (INCLUYE IZAJE, APLOMADO E HINCADO. INCLUYE RELLENOS) NORMA LA009.	UN	462815
Antiguo	REDES ELECTRICAS	RED ELÉCTRICA CODENSA	4119	CIMENTACION DE POSTES H=14M, CR=1050KG (INCLUYE IZAJE, APLOMADO E HINCADO. INCLUYE RELLENOS) NORMA LA009.	UN	551532
Antiguo	REDES ELECTRICAS	RED ELÉCTRICA CODENSA	4120	CIMENTACION DE POSTES H=14M, CR=1350KG (INCLUYE IZAJE, APLOMADO E HINCADO. INCLUYE RELLENOS) NORMA LA009.	UN	594658
Antiguo	REDES ELECTRICAS	RED ELÉCTRICA CODENSA	4121	CIMENTACION DE POSTES H=10M, CR=750KG (INCLUYE IZAJE, APLOMADO E HINCADO. INCLUYE RELLENOS) NORMA LA009.	UN	440636
Antiguo	REDES ELECTRICAS	RED ELÉCTRICA CODENSA	4122	CIMENTACION DE POSTES H=10M, CR=510KG (INCLUYE IZAJE, APLOMADO E HINCADO. INCLUYE RELLENOS) NORMA LA009.	UN	408599
Antiguo	REDES ELECTRICAS	RED ELÉCTRICA CODENSA	4123	CIMENTACION DE POSTES H=8M, CR=750KG (INCLUYE IZAJE, APLOMADO E HINCADO. INCLUYE RELLENOS) NORMA LA009.	UN	429546
Antiguo	REDES ELECTRICAS	RED ELÉCTRICA CODENSA	4124	CIMENTACION DE POSTES H=8M, CR=1050KG (INCLUYE IZAJE, APLOMADO E HINCADO. INCLUYE RELLENOS) NORMA LA009.	UN	493620
Antiguo	REDES ELECTRICAS	RED ELÉCTRICA CODENSA	4125	BASE EN CONCRETO 3000 PSI HECHO EN OBRA PARA POSTE METÁLICO H=12M (INCLUYE SUMINISTRO Y CONSTRUCCIÓN. INCLUYE REFUERZO) NORMA AP802.	UN	374257
Antiguo	REDES ELECTRICAS	RED ELÉCTRICA CODENSA	4126	BASE EN CONCRETO 3000 PSI HECHO EN OBRA PARA POSTE METÁLICO H=8, 9 Y 10M (INC. SUMINISTRO Y CONSTRUCCIÓN. INC. REFUERZO) NORMA AP802.	UN	336907
Antiguo	REDES ELECTRICAS	RED ELÉCTRICA CODENSA	4127	BASE EN CONCRETO 3000 PSI HECHO EN OBRA PARA POSTE METÁLICO H=14M (INCLUYE SUMINISTRO Y CONSTRUCCIÓN. INCLUYE REFUERZO) NORMA AP802.	UN	492165
Antiguo	REDES TELEFONICAS / DATOS	RED TELEFONICA ETB	4128	4 DUCTOS D=4" PVC-TDP (INCLUYE SUMINISTRO E INSTALACIÓN. NO INCLUYE RELLENOS)	ML	122268
Antiguo	REDES TELEFONICAS / DATOS	RED TELEFONICA ETB	4129	8 DUCTOS D=4" PVC-TDP (INCLUYE SUMINISTRO E INSTALACIÓN)	ML	248532
Antiguo	REDES TELEFONICAS / DATOS	RED TELEFONICA ETB	4130	CAJA DE PASO SENCILLA ANDEN CONCRETO ETB (INCLUYE BASE, MUROS, PAÑETE, BORDILLO PERIMETRAL, MARCO Y TAPA). MEDIDAS EXTERNAS: 0.90 X 0.79M. MEDIDAS INTERNAS 0.60X0.50M. ALTURA: 0.96M.	UN	889376
Antiguo	REDES TELEFONICAS / DATOS	RED TELEFONICA ETB	4131	CAJA DE PASO DOBLE ANDEN CONCRETO ETB (INCLUYE BASE, MUROS, PAÑETE, BORDILLO PERIMETRAL, MARCO Y TAPA). MEDIDAS EXTERNAS 1.36 X 0.89M. MEDIDAS INTERNAS: 1.06 X 0.60M. ALTURA: 0.96M.	UN	1403821
Antiguo	REDES TELEFONICAS / DATOS	RED TELEFONICA ETB	4132	CAJA DE PASO SENCILLA EN CALZADA ETB (INCLUYE BASE, MUROS, PAÑETE, BORDILLO PERIMETRAL, MARCO Y TAPA). MEDIDAS EXTERNAS: 1.10 X 1.00M. MEDIDAS INTERNAS 0.60X0.50M. ALTURA: 1.33M.	UN	2291728
Antiguo	REDES TELEFONICAS / DATOS	RED TELEFONICA ETB	4133	CAJA DE PASO DOBLE EN CALZADA ETB (INCLUYE BASE, MUROS, PAÑETE, BORDILLO PERIMETRAL, MARCO Y TAPA). MEDIDAS EXTERNAS: 1.80 X 1.01M. MEDIDAS INTERNAS: 1.30 X 0.50M. ALTURA: 1.33M.	UN	3347324
Antiguo	CONCRETO Y ACERO PARA ESTRUCTURAS	CONCRETO PARA ESTRUCTURAS	4134	GROUTING 2000 PSI (INCLUYE SUMINISTRO Y COLOCACIÓN)	M3	695765
Antiguo	CONCRETO Y ACERO PARA ESTRUCTURAS	CONCRETO PARA ESTRUCTURAS	4135	GROUTING 2500 PSI (INCLUYE SUMINISTRO Y COLOCACIÓN)	M3	705345
Antiguo	REDES ACUEDUCTO	REDES ACUEDUCTO	4136	UNION PVC D=1/2" TIPO U.S. (SUMINISTRO E INSTALACIÓN)	UN	7440
Antiguo	PAVIMENTOS	PAVIMENTOS ARTICULADOS	4137	ADOQUIN DE CONCRETO COLOR 20X10X8CM (SUMINISTRO E INSTALACIÓN. INCLUYE BASE 4CM ARENA NIVELACIÓN Y ARENA DE SELLO)	M2	155936
Antiguo	REDES ACUEDUCTO	REDES ACUEDUCTO	4138	UNION DE REPARACION HD EL D=3" (SUMINISTRO E INSTALACIÓN)	UN	199666
Antiguo	RELLENOS Y CAPAS GRANULARES	CAPAS GRANULARES	4140	BASE GRANULAR BG-A.  (SUMINISTRO, EXTENDIDO, NIVELACIÓN Y HUMEDECIMIENTO MECÁNICO,  COMPACTACIÓN MECÁNICA CON VIBROCOMPACTADOR TÁNDEM PEQUEÑO, INCLUYE OPERARIO  Y COMBUSTIBLE).	M3	262698
Antiguo	RELLENOS Y CAPAS GRANULARES	CAPAS GRANULARES	4142	SUBBASE GRANULAR SBG-A (SUMINISTRO, EXTENDIDO, NIVELACIÓN, HUMEDECIMIENTO Y COMPACTACIÓN CON VIBROCOMPACTADOR)	M3	221997
Antiguo	REDES ALCANTARILLADO / DRENAJE	REDES ALCANTARILLADO / DRENAJE	4143	TUBERIA PVC SANITARIA D=4" TIPO U.S. (INCLUYE SUMINISTRO E INSTALACIÓN)	ML	46152
Antiguo	REDES ALCANTARILLADO / DRENAJE	REDES ALCANTARILLADO / DRENAJE	4144	TUBERIA PVC SANITARIA D=6" TIPO U.S. (INCLUYE SUMINISTRO E INSTALACIÓN)	ML	93174
Antiguo	EXCAVACIONES	EXC. CONFORMACIÓN DE SUBRASANTE	4154	DESCAPOTE A MAQUINA EN MATERIAL COMUN (E=0.1M. INCLUYE CARGUE)	M2	1021
Antiguo	EXCAVACIONES	EXC. CONFORMACIÓN DE SUBRASANTE	4155	EXCAVACION MECANICA EN ROCA (INCLUYE CARGUE)	M3	94540
Antiguo	RELLENOS Y CAPAS GRANULARES	CAPAS GRANULARES	4156	BASE GRANULAR CLASE C (BG_C) (SUMINISTRO, EXTENDIDO, NIVELACIÓN, HUMEDECIMIENTO Y COMPACTACIÓN CON VIBROCOMPACTADOR)	M3	216652
Antiguo	RELLENOS Y CAPAS GRANULARES	CAPAS GRANULARES	4157	BASE GRANULAR CLASE B (BG_B) (SUMINISTRO, EXTENDIDO, NIVELACIÓN, HUMEDECIMIENTO Y COMPACTACIÓN CON VIBROCOMPACTADOR)	M3	233666
Antiguo	RELLENOS Y CAPAS GRANULARES	CAPAS GRANULARES	4158	BASE GRANULAR CLASE A (BG_A) (SUMINISTRO, EXTENDIDO, NIVELACIÓN, HUMEDECIMIENTO Y COMPACTACIÓN CON VIBROCOMPACTADOR)	M3	244495
Antiguo	RELLENOS Y CAPAS GRANULARES	CAPAS GRANULARES	4159	SUBBASE GRANULAR CLASE C (SBG_C) (SUMINISTRO, EXTENDIDO, NIVELACIÓN, HUMEDECIMIENTO Y COMPACTACIÓN CON VIBROCOMPACTADOR)	M3	193444
Antiguo	RELLENOS Y CAPAS GRANULARES	CAPAS GRANULARES	4160	SUBBASE GRANULAR CLASE B (SBG_B) (SUMINISTRO, EXTENDIDO, NIVELACIÓN, HUMEDECIMIENTO Y COMPACTACIÓN CON VIBROCOMPACTADOR)	M3	205820
Antiguo	RELLENOS Y CAPAS GRANULARES	CAPAS GRANULARES	4161	SUBBASE GRANULAR CLASE A (SBG_A) (SUMINISTRO, EXTENDIDO, NIVELACIÓN, HUMEDECIMIENTO Y COMPACTACIÓN CON VIBROCOMPACTADOR)	M3	208914
Antiguo	PAVIMENTOS	PAVIMENTOS EN CONCRETO ASFALTICO	4195	AGREGADO PÉTREO DE PROTECCIÓN. (SUMINISTRO Y EXTENDIDO MANUAL)	M2	599
Antiguo	PAVIMENTOS	PAVIMENTOS EN CONCRETO ASFALTICO	4197	RIEGO DE LIGA CON EMULSION MODIFICADA CON POLIMEROS CRR-1M (SUMINISTRO, BARRIDO SUPERFICIE Y RIEGO MECANICO)	M2	4910
Antiguo	PAVIMENTOS	PAVIMENTOS EN CONCRETO ASFALTICO	4198	RIEGO DE LIGA CON EMULSION MODIFICADA CON POLIMEROS CRR-2M (SUMINISTRO, BARRIDO SUPERFICIE Y RIEGO MECANICO)	M2	5144
Antiguo	PAVIMENTOS	PAVIMENTOS EN CONCRETO ASFALTICO	4200	MEZCLA ASFÁLTICA EN CALIENTE TIPO DENSO MD20 ASFALTO 60-70 (INCLUYE SUMINISTRO, EXTENDIDO, NIVELACIÓN, COMPACTACIÓN  MECANICA CON VIBROCOMPACTADOR Y COMPACTADOR DE LLANTAS, FACTOR DE COMPACTACION Y TRANSPORTE DE MATERIAL A 21 KMS)	M3	1189120
Antiguo	PAVIMENTOS	PAVIMENTOS EN CONCRETO ASFALTICO	4203	MEZCLA ASFÁLTICA EN CALIENTE TIPO DENSO MD12 ASFALTO 80-100 (INCLUYE SUMINISTRO, EXTENDIDO, NIVELACIÓN, COMPACTACIÓN MECANICA CON VIBROCOMPACTADOR Y COMPACTADOR DE LLANTAS, FACTOR DE COMPACTACION Y TRANSPORTE DE MATERIAL A 21 KMS)	M3	1422675
Antiguo	PAVIMENTOS	PAVIMENTOS EN CONCRETO ASFALTICO	4207	MEZCLA ASFÁLTICA EN CALIENTE TIPO DENSO MD10 ASFALTO 80-100 (INCLUYE SUMINISTRO, EXTENDIDO, NIVELACIÓN, COMPACTACIÓN MECANICA CON VIBROCOMPACTADOR Y COMPACTADOR DE LLANTAS, FACTOR DE COMPACTACION Y TRANSPORTE DE MATERIAL A 21 KMS)	M3	1552868
Antiguo	PAVIMENTOS	PAVIMENTOS EN CONCRETO HIDRAULICO	4229	LOSA DE CONCRETO MR39 (SUMINISTRO, FORMALETEADO, COLOCACIÓN Y ACABADO. NO INCLUYE ACERO, CURADO, JUNTAS)	M3	835414
Antiguo	PAVIMENTOS	PAVIMENTOS EN CONCRETO HIDRAULICO	4230	LOSA DE CONCRETO MR36 (SUMINISTRO, FORMALETEADO, COLOCACIÓN Y ACABADO. NO INCLUYE ACERO, CURADO, JUNTAS)	M3	803891
Antiguo	ACERO DE REFUERZO	ACERO DE REFUERZO	4232	MALLA ELECTROSOLDADA 0.15X0.15M, D=5MM, 5MM (INCLUYE SUMINISTRO, FIJACIÓN E INSTALACIÓN)	KG	7569
Antiguo	ACERO DE REFUERZO	ACERO DE REFUERZO	4233	MALLA ELECTROSOLDADA 0.15X0.15M, D=6MM, 6MM (INCLUYE SUMINISTRO, FIJACIÓN E INSTALACIÓN)	KG	7569
Antiguo	ACERO DE REFUERZO	ACERO DE REFUERZO	4234	MALLA ELECTROSOLDADA 0.15X0.15M, D=7MM, 7MM (INCLUYE SUMINISTRO, FIJACIÓN E INSTALACIÓN)	KG	7569
Antiguo	ACERO DE REFUERZO	ACERO DE REFUERZO	4235	MALLA ELECTROSOLDADA 0.15X0.15M, D=8MM, 8MM (INCLUYE SUMINISTRO, FIJACIÓN E INSTALACIÓN)	KG	7569
Antiguo	ACERO DE REFUERZO	ACERO DE REFUERZO	4236	MALLA ELECTROSOLDADA 0.15X0.15M, D=4MM, 4MM (INCLUYE SUMINISTRO, FIJACIÓN E INSTALACIÓN)	KG	7569
Antiguo	ACERO DE REFUERZO	ACERO DE REFUERZO	4237	MALLA ELECTROSOLDADA 0.20X0.20M, D=4MM, 4MM (INCLUYE SUMINISTRO, FIJACIÓN E INSTALACIÓN)	KG	7569
Antiguo	ACERO DE REFUERZO	ACERO DE REFUERZO	4238	MALLA ELECTROSOLDADA 0.25X0.25M, D=4MM, 4MM (INCLUYE SUMINISTRO, FIJACIÓN E INSTALACIÓN)	KG	7569
Antiguo	PAVIMENTOS	JUNTAS PARA PAVIMENTOS	4239	CORTE Y AMPLIACIÓN DE JUNTA EN PAVIMENTO DE CONCRETO HIDRAULICO	ML	7983
Antiguo	SEÑALIZACIÓN	DEMARCACION DE PAVIMENTOS	4240	DEMARCACION LINEA CONTINUA A=0.12M (E=2.3MM,TERMOPLÁSTICA. INC. SUMINISTRO Y APLICACIÓN CON EQUIPO. INCL. MICROESFERAS)	ML	20621
Antiguo	SEÑALIZACIÓN	DEMARCACION DE PAVIMENTOS	4241	DEMARCACION LINEA DISCONTINUA A=0.12M (E=2.3MM,TERMOPLÁSTICA. INC. SUMINISTRO Y APLICACIÓN CON EQUIPO. INCL. MICROESFERA	ML	20621
Antiguo	SEÑALIZACIÓN	DEMARCACION DE PAVIMENTOS	4242	DEMARCACION LINEA CONTINUA A=0.15M (E=2.3MM,TERMOPLÁSTICA. INC. SUMINISTRO Y APLICACIÓN CON EQUIPO. INCL. MICROESFERAS)	ML	25776
Antiguo	SEÑALIZACIÓN	DEMARCACION DE PAVIMENTOS	4243	DEMARCACION LINEA DISCONTINUA A=0.15M (E=2.3MM,TERMOPLÁSTICA. INC. SUMINISTRO Y APLICACIÓN CON EQUIPO. INC MICROESFERAS)	ML	25776
Antiguo	SEÑALIZACIÓN	DEMARCACION DE PAVIMENTOS	4244	FLECHA DIRECCIONAL "A LA DERECHA" (E=2.3MM,TERMOPLÁSTICA. INC. SUMINISTRO Y APLICACIÓN CON EQUIPO. INC MICROESFERAS). MARCA VIAL PARA VELOCIDADES MENORES O IGUALES A 60 KM/H AREA DE LA MARCA: 1.51M2	UN	259474
Antiguo	SEÑALIZACIÓN	DEMARCACION DE PAVIMENTOS	4245	FLECHA DIRECCIONAL "DE FRENTE A LA DERECHA" (E=2.3MM,TERMOPLÁSTICA. INC. SUMIN. Y APLIC. CON EQUIPO. INC. MICROESFERAS). MARCA VIAL PARA VELOCIDADES MENORES O IGUALES A 60 KM/H AREA DE LA MARCA: 2.18M2	UN	374605
Antiguo	SEÑALIZACIÓN	DEMARCACION DE PAVIMENTOS	4246	FLECHA DIRECCIONAL "DE FRENTE" (E=2.3MM,TERMOPLÁSTICA. INC. SUMINISTRO Y APLICACIÓN CON EQUIPO. INC MICROESFERAS). MARCA VIAL PARA VELOCIDADES MENORES O IGUALES A 60 KM/H AREA DE LA MARCA: 1.20 M2.	UN	206205
Antiguo	SEÑALIZACIÓN	DEMARCACION DE PAVIMENTOS	4247	PINTURA TERMOPLASTICA (E=2.3MM. INCLUYE SUMINISTRO Y APLICACIÓN CON EQUIPO. INCLUYE MICROESFERAS)	M2	171837
Antiguo	SEÑALIZACIÓN	DEMARCACION DE PAVIMENTOS	4248	DEMARCACION PASO PEATONAL-CEBRA (E=2.3MM,TERMOPLÁSTICA. INC. SUMINISTRO Y APLICACIÓN CON EQUIPO. INC MICROESFERAS)	M2	171837
Antiguo	SEÑALIZACIÓN	DEMARCACION DE PAVIMENTOS	4249	DEMARCACION PASO PEATONAL-LINEA CONT. A=0.15M (E=2.3MM,TERMOPLÁSTICA. INC. SUMIN. Y APLIC. CON EQUIPO. INC MICROESFERAS)	ML	25776
Antiguo	REDES ALCANTARILLADO / DRENAJE	REDES ALCANTARILLADO / DRENAJE	4252	PLACA CUBIERTA D=1.70M POZO INSPEC. (FUNDIDA EN SITIO. INC. SUM, FORMALET., REFUERZO E INST. INCL.TAPA EN POLIPROPILENO)	UN	2482674
Antiguo	REDES ALCANTARILLADO / DRENAJE	REDES ALCANTARILLADO / DRENAJE	4253	PLACA CUBIERTA D=1.70M POZO INSPEC. (FUNDIDA EN SITIO. INC. SUMIN, FORMALET., REFUERZO E INST. INC. TAPA EN CONCRETO)	UN	971671
Antiguo	CONCRETO Y ACERO PARA ESTRUCTURAS	CONCRETOS Y MORTEROS HECHOS EN OBRA	4261	MORTERO 1:3 IMPERMEABILIZADO (HECHO EN OBRA)	M3	844312
Antiguo	EXCAVACIONES	EXC. ESTRUCTURAS Y REDES	4262	EXCAVACION MECANICA PARA REDES PROFUNDIDAD 0M - 3.5M (INCLUYE CARGUE)	M3	5998
Antiguo	REDES ALCANTARILLADO / DRENAJE	REDES ALCANTARILLADO / DRENAJE	4264	TUBERIA CONCRETO D=6" CL.I SIN REFUERZO (INCLUYE SUMINISTRO E INSTALACIÓN)	ML	69980
Antiguo	REDES ALCANTARILLADO / DRENAJE	REDES ALCANTARILLADO / DRENAJE	4265	TUBERIA CONCRETO D=10" CL. II SIN REFUERZO (INCLUYE SUMINISTRO E INSTALACIÓN)	ML	154949
Antiguo	EXCAVACIONES	EXC. ESTRUCTURAS Y REDES	4266	EXCAVACION MANUAL PARA REDES PROFUNDIDAD 2M - 3.50M (INCLUYE CARGUE)	M3	75962
Antiguo	ANÁLISIS AUXILIARES	CUADRILLAS (INCLUYE FACTOR PRESTACIONAL)	4273	CUADRILLA (OFICIAL + AYUDANTE).	JR	218626
Antiguo	ANÁLISIS AUXILIARES	CUADRILLAS (INCLUYE FACTOR PRESTACIONAL)	4274	CUADRILLA (OFICIAL + 2 AYUDANTES).	JR	316040
Antiguo	ANÁLISIS AUXILIARES	CUADRILLAS (INCLUYE FACTOR PRESTACIONAL)	4275	CUADRILLA (TUBERO + AYUDANTE)	JR	236676
Antiguo	ANÁLISIS AUXILIARES	CUADRILLAS (INCLUYE FACTOR PRESTACIONAL)	4276	CUADRILLA (TUBERO + 2 AYUDANTES).	JR	334090
Antiguo	ANÁLISIS AUXILIARES	CUADRILLAS (INCLUYE FACTOR PRESTACIONAL)	4277	CUADRILLA (TECNICO ELECTRICO + AYUDANTE).	JR	236676
Antiguo	ANÁLISIS AUXILIARES	CUADRILLAS (INCLUYE FACTOR PRESTACIONAL)	4278	CUADRILLA (OFICIAL + AYUDANTE)	HR	31234
Antiguo	ANÁLISIS AUXILIARES	CUADRILLAS (INCLUYE FACTOR PRESTACIONAL)	4279	CUADRILLA (OFICIAL + 2 AYUDANTES)	HR	45151
Antiguo	ANÁLISIS AUXILIARES	CUADRILLAS (INCLUYE FACTOR PRESTACIONAL)	4280	CUADRILLA (TUBERO + AYUDANTE).	HR	33812
Antiguo	ANÁLISIS AUXILIARES	CUADRILLAS (INCLUYE FACTOR PRESTACIONAL)	4281	CUADRILLA (TUBERO + 2 AYUDANTES)	HR	47729
Antiguo	ANÁLISIS AUXILIARES	CUADRILLAS (INCLUYE FACTOR PRESTACIONAL)	4282	CUADRILLA (TECNICO ELECTRICO + AYUDANTE)	HR	33812
Antiguo	ANÁLISIS AUXILIARES	CUADRILLAS (INCLUYE FACTOR PRESTACIONAL)	4283	CUADRILLA (TECNICO ELECTRICO + 2 AYUDANTES)	JR	334090
Antiguo	ANÁLISIS AUXILIARES	CUADRILLAS (INCLUYE FACTOR PRESTACIONAL)	4284	CUADRILLA (OFICIAL + 4 AYUDANTES).	HR	72981
Antiguo	ANÁLISIS AUXILIARES	CUADRILLAS (INCLUYE FACTOR PRESTACIONAL)	4285	CUADRILLA (OFICIAL + 4 AYUDANTES)	JR	510868
Antiguo	ANÁLISIS AUXILIARES	CUADRILLAS (INCLUYE FACTOR PRESTACIONAL)	4286	CUADRILLA (3 OFICIALES + 6 AYUDANTES).	JR	948117
Antiguo	ANÁLISIS AUXILIARES	CUADRILLAS (INCLUYE FACTOR PRESTACIONAL)	4287	CUADRILLA (OFICIAL + 3 AYUDANTES)	HR	59068
Antiguo	ANÁLISIS AUXILIARES	CUADRILLAS (INCLUYE FACTOR PRESTACIONAL)	4288	CUADRILLA (OFICIAL + 3 AYUDANTES).	JR	413454
Antiguo	DEMOLICIONES	DEMOLICIONES	4289	DEMOLICIÓN MUROS E=0.15M (INCLUYE CARGUE)	M2	36963
Antiguo	DEMOLICIONES	DEMOLICIONES	4290	DEMOLICIÓN MUROS E=0.25M (INCLUYE CARGUE)	M2	52391
Antiguo	REDES TELEFONICAS / DATOS	RED TELEFONICA COLOMBIA TELECOMUNICACIONES	4305	CAMARA DOBLE TIPO "FS" COLOMBIA TELECOMUNICACIONES ESQUEMA CT-018	UN	498834
Antiguo	REDES TELEFONICAS / DATOS	RED TELEFONICA COLOMBIA TELECOMUNICACIONES	4306	CAMARA TIPO "2FR" COLOMBIA TELECOMUNICACIONES DIBUJO CT-019	UN	1122033
Antiguo	REDES TELEFONICAS / DATOS	RED TELEFONICA COLOMBIA TELECOMUNICACIONES	4307	CAMARA TIPO "FR" COLOMBIA TELECOMUNICACIONES ESQUEMA CT-021	UN	689537
Antiguo	REDES TELEFONICAS / DATOS	RED TELEFONICA COLOMBIA TELECOMUNICACIONES	4308	CAMARA TIPO "A" COLOMBIA TELECOMUNICACIONES DIBUJO CT-022	UN	6296870
Antiguo	REDES TELEFONICAS / DATOS	RED TELEFONICA COLOMBIA TELECOMUNICACIONES	4309	CAMARA TIPO "LA" COLOMBIA TELECOMUNICACIONES DIBUJO CT-023	UN	6296870
Antiguo	REDES TELEFONICAS / DATOS	RED TELEFONICA COLOMBIA TELECOMUNICACIONES	4310	CAMARA TIPO "ZA" COLOMBIA TELECOMUNICACIONES DIBUJO CT-024	UN	6954860
Antiguo	REDES TELEFONICAS / DATOS	RED TELEFONICA COLOMBIA TELECOMUNICACIONES	4311	CAMARA TIPO "JA" COLOMBIA TELECOMUNICACIONES DIBUJO CT-025	UN	6292902
Antiguo	REDES TELEFONICAS / DATOS	RED TELEFONICA COLOMBIA TELECOMUNICACIONES	4312	CAMARA TIPO "TA" COLOMBIA TELECOMUNICACIONES DIBUJO CT-026	UN	6292902
Antiguo	REDES TELEFONICAS / DATOS	RED TELEFONICA COLOMBIA TELECOMUNICACIONES	4313	CAMARA TIPO "XA" COLOMBIA TELECOMUNICACIONES DIBUJO CT-027	UN	6288934
Antiguo	REDES TELEFONICAS / DATOS	RED TELEFONICA COLOMBIA TELECOMUNICACIONES	4314	CAMARA TIPO "B" COLOMBIA TELECOMUNICACIONES DIBUJO CT-028	UN	5743238
Antiguo	REDES TELEFONICAS / DATOS	RED TELEFONICA COLOMBIA TELECOMUNICACIONES	4315	CAMARA TIPO "LB" COLOMBIA TELECOMUNICACIONES DIBUJO CT-029	UN	5743238
Antiguo	REDES TELEFONICAS / DATOS	RED TELEFONICA COLOMBIA TELECOMUNICACIONES	4316	CAMARA TIPO "ZB" COLOMBIA TELECOMUNICACIONES DIBUJO CT-030	UN	6443308
Antiguo	REDES TELEFONICAS / DATOS	RED TELEFONICA COLOMBIA TELECOMUNICACIONES	4317	CAMARA TIPO "JB" COLOMBIA TELECOMUNICACIONES DIBUJO CT-031	UN	5726459
Antiguo	REDES TELEFONICAS / DATOS	RED TELEFONICA COLOMBIA TELECOMUNICACIONES	4318	CAMARA TIPO "TB" COLOMBIA TELECOMUNICACIONES DIBUJO CT-032	UN	5726459
Antiguo	REDES TELEFONICAS / DATOS	RED TELEFONICA COLOMBIA TELECOMUNICACIONES	4319	CAMARA TIPO "XB" COLOMBIA TELECOMUNICACIONES DIBUJO CT-033	UN	5720377
Antiguo	REDES TELEFONICAS / DATOS	RED TELEFONICA COLOMBIA TELECOMUNICACIONES	4320	CAMARA TIPO "C" COLOMBIA TELECOMUNICACIONES DIBUJO CT-034	UN	4858391
Antiguo	REDES TELEFONICAS / DATOS	RED TELEFONICA COLOMBIA TELECOMUNICACIONES	4321	CAMARA TIPO "LC" COLOMBIA TELECOMUNICACIONES DIBUJO CT-035	UN	4858391
Antiguo	REDES TELEFONICAS / DATOS	RED TELEFONICA COLOMBIA TELECOMUNICACIONES	4322	CAMARA TIPO "ZC" COLOMBIA TELECOMUNICACIONES DIBUJO CT-036	UN	4858391
Antiguo	REDES TELEFONICAS / DATOS	RED TELEFONICA COLOMBIA TELECOMUNICACIONES	4323	CAMARA TIPO "JC" COLOMBIA TELECOMUNICACIONES DIBUJO CT-037	UN	4835581
Antiguo	REDES TELEFONICAS / DATOS	RED TELEFONICA COLOMBIA TELECOMUNICACIONES	4324	CAMARA TIPO "TC" COLOMBIA TELECOMUNICACIONES DIBUJO CT-038	UN	4835581
Antiguo	REDES TELEFONICAS / DATOS	RED TELEFONICA COLOMBIA TELECOMUNICACIONES	4325	CAMARA TIPO "XC" COLOMBIA TELECOMUNICACIONES DIBUJO CT-039	UN	4829498
Antiguo	REDES TELEFONICAS / DATOS	RED TELEFONICA COLOMBIA TELECOMUNICACIONES	4326	CAMARA TIPO "2XA" COLOMBIA TELECOMUNICACIONES DIBUJO CT-040	UN	7938339
Antiguo	REDES TELEFONICAS / DATOS	RED TELEFONICA COLOMBIA TELECOMUNICACIONES	4327	CAMARA TIPO "2TA" COLOMBIA TELECOMUNICACIONES DIBUJO CT-041	UN	7883367
Antiguo	REDES TELEFONICAS / DATOS	RED TELEFONICA COLOMBIA TELECOMUNICACIONES	4328	CAMARA TIPO "D" COLOMBIA TELECOMUNICACIONES DIBUJO CT-042	UN	4447483
Antiguo	REDES TELEFONICAS / DATOS	RED TELEFONICA COLOMBIA TELECOMUNICACIONES	4329	CAMARA TIPO "F1" COLOMBIA TELECOMUNICACIONES DIBUJO CT-050	UN	906054
Antiguo	REDES TELEFONICAS / DATOS	RED TELEFONICA COLOMBIA TELECOMUNICACIONES	4330	CAMARA DOBLE TIPO "F1" COLOMBIA TELECOMUNICACIONES ESQUEMA CT-049	UN	1187961
Antiguo	REDES TELEFONICAS / DATOS	RED TELEFONICA COLOMBIA TELECOMUNICACIONES	4331	CAMARA DOBLE TIPO "2FS" COLOMBIA TELECOMUNICACIONES ESQUEMA CT-055	UN	1234620
Antiguo	REDES TELEFONICAS / DATOS	RED TELEFONICA COLOMBIA TELECOMUNICACIONES	4332	CAMARA TIPO "JD" COLOMBIA TELECOMUNICACIONES DIBUJO CT-045	UN	4215545
Antiguo	REDES TELEFONICAS / DATOS	RED TELEFONICA COLOMBIA TELECOMUNICACIONES	4333	CAMARA TIPO "LD" COLOMBIA TELECOMUNICACIONES DIBUJO CT-043	UN	4196885
Antiguo	REDES TELEFONICAS / DATOS	RED TELEFONICA COLOMBIA TELECOMUNICACIONES	4334	CAMARA TIPO "XD" COLOMBIA TELECOMUNICACIONES ESQUEMA CT-047	UN	4216242
Antiguo	REDES TELEFONICAS / DATOS	RED TELEFONICA COLOMBIA TELECOMUNICACIONES	4335	CAMARA TIPO "TD" COLOMBIA TELECOMUNICACIONES DIBUJO CT-046	UN	4204231
Antiguo	REDES TELEFONICAS / DATOS	RED TELEFONICA COLOMBIA TELECOMUNICACIONES	4336	CAMARA TIPO "D/2" COLOMBIA TELECOMUNICACIONES DIBUJO CT-048	UN	2753380
Antiguo	REDES TELEFONICAS / DATOS	RED TELEFONICA COLOMBIA TELECOMUNICACIONES	4337	CAMARA TIPO "F2" COLOMBIA TELECOMUNICACIONES DIBUJO CT-051	UN	474410
Antiguo	REDES TELEFONICAS / DATOS	RED TELEFONICA COLOMBIA TELECOMUNICACIONES	4338	CAMARA TIPO "ZD" COLOMBIA TELECOMUNICACIONES DIBUJO CT-044	UN	4196885
Antiguo	REDES TELEFONICAS / DATOS	RED TELEFONICA ETB	4340	INSTALACIÓN DUCTO DE PVC TIPOS DB O TDP Ø 4" A Ø 6"	ML	4992
Antiguo	REDES ELECTRICAS	RED ELECTRICA EPM	4341	CANALIZACION VIA PUBLICA UN (1) DUCTO PVC TIPO DB-60 Ø6" EPM NORMA RS1-001. INCLUYE: EXCAVACIÓN, RELLENOS EN ARENA DE PEÑA Y EN SUB-BASE GRANULAR TIPO B-400 Y TRANSPORTE Y DISPOSICIÓN FINAL DE ESCOMBROS. NO INCLUYE: DEMOLICIÓN NI RECONSTRUCCIÓN DE ANDEN O PAVIMENTO, ENTIBADOS.	ML	275793
Antiguo	REDES ELECTRICAS	RED ELECTRICA EPM	4342	CANALIZACION VIA PUBLICA DOS (2) DUCTOS PVC TIPO DB-60 Ø6" EPM NORMA RS1-002. INCLUYE: EXCAVACIÓN, RELLENOS EN ARENA DE PEÑA Y EN SUB-BASE GRANULAR TIPO B-400 Y TRANSPORTE Y DISPOSICIÓN FINAL DE ESCOMBROS. NO INCLUYE: DEMOLICIÓN NI RECONSTRUCCIÓN DE ANDEN O PAVIMENTO, ENTIBADOS.	ML	359510
Antiguo	REDES ELECTRICAS	RED ELECTRICA EPM	4343	CANALIZACION VIA PUBLICA TRES (3) DUCTOS PVC TIPO DB-60 Ø6" EPM NORMA RS1-003. INCLUYE: EXCAVACIÓN, RELLENOS EN ARENA DE PEÑA Y EN SUB-BASE GRANULAR TIPO B-400 Y TRANSPORTE Y DISPOSICIÓN FINAL DE ESCOMBROS. NO INCLUYE: DEMOLICIÓN NI RECONSTRUCCIÓN DE ANDEN O PAVIMENTO, ENTIBADOS.	ML	594498
Antiguo	REDES ELECTRICAS	RED ELECTRICA EPM	4344	CANALIZACION VIA PUBLICA CUATRO (4) DUCTOS PVC TIPO DB-60 Ø6" DISPOSICIÓN CUADRADA EPM NORMA RS1-004. DISPOSICIÓN CUADRADA. INCLUYE: EXCAVACIÓN, RELLENOS EN ARENA DE PEÑA Y EN SUB-BASE GRANULAR TIPO B-400 Y TRANSPORTE Y DISPOSICIÓN FINAL DE ESCOMBROS. NO INCLUYE: DEMOLICIÓN NI RECONSTRUCCIÓN DE ANDEN O PAVIMENTO, ENTIBADOS.	ML	662195
Antiguo	REDES ELECTRICAS	RED ELECTRICA EPM	4345	CANALIZACION VIA PUBLICA CUATRO (4) DUCTOS PVC TIPO DB-60 Ø6" DISPOSICIÓN LINEAL EPM NORMA RS1-005. DISPOSICIÓN LINEAL. INCLUYE: EXCAVACIÓN, RELLENOS EN ARENA DE PEÑA Y EN SUB-BASE GRANULAR TIPO B-400 Y TRANSPORTE Y DISPOSICIÓN FINAL DE ESCOMBROS. NO INCLUYE: DEMOLICIÓN NI RECONSTRUCCIÓN DE ANDEN O PAVIMENTO, ENTIBADOS.	ML	689139
Antiguo	REDES ELECTRICAS	RED ELECTRICA EPM	4346	CANALIZACION VIA PUBLICA SEIS (6) DUCTOS PVC TIPO DB-60 Ø6" EPM NORMA RS1-006. INCLUYE: EXCAVACIÓN, RELLENOS EN ARENA DE PEÑA Y EN SUB-BASE GRANULAR TIPO B-400 Y TRANSPORTE Y DISPOSICIÓN FINAL DE ESCOMBROS. NO INCLUYE: DEMOLICIÓN NI RECONSTRUCCIÓN DE ANDEN O PAVIMENTO, ENTIBADOS.	ML	936610
Antiguo	REDES ELECTRICAS	RED ELECTRICA EPM	4347	CANALIZACION VIA PUBLICA OCHO (8) DUCTOS PVC TIPO DB-60 Ø6" EPM NORMA RS1-007. INCLUYE: EXCAVACIÓN, RELLENOS EN ARENA DE PEÑA Y EN SUB-BASE GRANULAR TIPO B-400 Y TRANSPORTE Y DISPOSICIÓN FINAL DE ESCOMBROS. NO INCLUYE: DEMOLICIÓN NI RECONSTRUCCIÓN DE ANDEN O PAVIMENTO, ENTIBADOS.	ML	1222265
Antiguo	REDES ELECTRICAS	RED ELECTRICA EPM	4348	CANALIZACION VIA PUBLICA NUEVE (9) DUCTOS PVC TIPO DB-60 Ø6" EPM NORMA RS1-008. INCLUYE: EXCAVACIÓN, RELLENOS EN ARENA DE PEÑA Y EN SUB-BASE GRANULAR TIPO B-400 Y TRANSPORTE Y DISPOSICIÓN FINAL DE ESCOMBROS. NO INCLUYE: DEMOLICIÓN NI RECONSTRUCCIÓN DE ANDEN O PAVIMENTO, ENTIBADOS.	ML	1291820
Antiguo	REDES ELECTRICAS	RED ELECTRICA EPM	4349	CANALIZACION VIA PUBLICA DOCE (12) DUCTOS PVC TIPO DB-60 Ø6" EPM NORMA RS1-009. INCLUYE: EXCAVACIÓN, RELLENOS EN ARENA DE PEÑA Y EN SUB-BASE GRANULAR TIPO B-400 Y TRANSPORTE Y DISPOSICIÓN FINAL DE ESCOMBROS. NO INCLUYE: DEMOLICIÓN NI RECONSTRUCCIÓN DE ANDEN O PAVIMENTO, ENTIBADOS.	ML	1500221
Antiguo	REDES ELECTRICAS	RED ELECTRICA EPM	4350	CANALIZACION VIA PUBLICA DIECISEIS (16) DUCTOS PVC TIPO DB-60 Ø6" EPM NORMA RS1-010. INCLUYE: EXCAVACIÓN, RELLENOS EN ARENA DE PEÑA Y EN SUB-BASE GRANULAR TIPO B-400 Y TRANSPORTE Y DISPOSICIÓN FINAL DE ESCOMBROS. NO INCLUYE: DEMOLICIÓN NI RECONSTRUCCIÓN DE ANDEN O PAVIMENTO, ENTIBADOS.	ML	2158765
Antiguo	REDES ELECTRICAS	RED ELECTRICA EPM	4351	CANALIZACION VIA PUBLICA TRES (3) DUCTOS PVC TIPO DB-60 Ø4" EPM NORMA RS1-011. INCLUYE: EXCAVACIÓN, RELLENOS EN ARENA DE PEÑA Y EN SUB-BASE GRANULAR TIPO B-400 Y TRANSPORTE Y DISPOSICIÓN FINAL DE ESCOMBROS. NO INCLUYE: DEMOLICIÓN NI RECONSTRUCCIÓN DE ANDEN O PAVIMENTO, ENTIBADOS.	ML	388762
Antiguo	REDES ELECTRICAS	RED ELECTRICA EPM	4352	CANALIZACION VIA PUBLICA CUATRO (4) DUCTOS PVC TIPO DB-60 Ø4" EPM NORMA RS1-012. INCLUYE: EXCAVACIÓN, RELLENOS EN ARENA DE PEÑA Y EN SUB-BASE GRANULAR TIPO B-400 Y TRANSPORTE Y DISPOSICIÓN FINAL DE ESCOMBROS. NO INCLUYE: DEMOLICIÓN NI RECONSTRUCCIÓN DE ANDEN O PAVIMENTO, ENTIBADOS.	ML	415259
Antiguo	REDES ELECTRICAS	RED ELECTRICA EPM	4353	CANALIZACION VIA PUBLICA SEIS (6) DUCTOS PVC TIPO DB-60 Ø4" EPM NORMA RS1-013. INCLUYE: EXCAVACIÓN, RELLENOS EN ARENA DE PEÑA Y EN SUB-BASE GRANULAR TIPO B-400 Y TRANSPORTE Y DISPOSICIÓN FINAL DE ESCOMBROS. NO INCLUYE: DEMOLICIÓN NI RECONSTRUCCIÓN DE ANDEN O PAVIMENTO, ENTIBADOS.	ML	572942
Antiguo	REDES ELECTRICAS	RED ELECTRICA EPM	4354	CANALIZACION VIA PUBLICA NUEVE (9) DUCTOS PVC TIPO DB-60 Ø4" EPM NORMA RS1-014. INCLUYE: EXCAVACIÓN, RELLENOS EN ARENA DE PEÑA Y EN SUB-BASE GRANULAR TIPO B-400 Y TRANSPORTE Y DISPOSICIÓN FINAL DE ESCOMBROS. NO INCLUYE: DEMOLICIÓN NI RECONSTRUCCIÓN DE ANDEN O PAVIMENTO, ENTIBADOS.	ML	758408
Antiguo	REDES ELECTRICAS	RED ELECTRICA EPM	4355	CANALIZACION VIA PUBLICA OCHO (8) DUCTOS PVC TIPO DB-60 Ø4" EPM NORMA RS1-015. INCLUYE: EXCAVACIÓN, RELLENOS EN ARENA DE PEÑA Y EN SUB-BASE GRANULAR TIPO B-400 Y TRANSPORTE Y DISPOSICIÓN FINAL DE ESCOMBROS. NO INCLUYE: DEMOLICIÓN NI RECONSTRUCCIÓN DE ANDEN O PAVIMENTO, ENTIBADOS.	ML	727698
Antiguo	REDES ELECTRICAS	RED ELECTRICA EPM	4356	CANALIZACION VIA PUBLICA DOCE (12) DUCTOS PVC TIPO DB-60 Ø4" EPM NORMA RS1-016. INCLUYE: EXCAVACIÓN, RELLENOS EN ARENA DE PEÑA Y EN SUB-BASE GRANULAR TIPO B-400 Y TRANSPORTE Y DISPOSICIÓN FINAL DE ESCOMBROS. NO INCLUYE: DEMOLICIÓN NI RECONSTRUCCIÓN DE ANDEN O PAVIMENTO, ENTIBADOS.	ML	955917
Antiguo	REDES ELECTRICAS	RED ELECTRICA EPM	4357	CANALIZACION VIA PUBLICA TRES (3) DUCTOS PVC TIPO DB-60 Ø4" MAS UN (1) DUCTO PVC TIPO DB-60 Ø6" EPM NORMA RS1-017. INCLUYE: EXCAVACIÓN, RELLENOS EN ARENA DE PEÑA Y EN SUB-BASE GRANULAR TIPO B-400 Y TRANSPORTE Y DISPOSICIÓN FINAL DE ESCOMBROS. NO INCLUYE: DEMOLICIÓN NI RECONSTRUCCIÓN DE ANDEN O PAVIMENTO, ENTIBADOS.	ML	545529
Antiguo	REDES ELECTRICAS	RED ELECTRICA EPM	4358	CANALIZACION VIA PUBLICA SEIS (6) DUCTOS PVC TIPO DB-60 Ø4" MAS UN (1) DUCTO PVC TIPO DB-60 Ø6" EPM NORMA RS1-018. INCLUYE: EXCAVACIÓN, RELLENOS EN ARENA DE PEÑA Y EN SUB-BASE GRANULAR TIPO B-400 Y TRANSPORTE Y DISPOSICIÓN FINAL DE ESCOMBROS. NO INCLUYE: DEMOLICIÓN NI RECONSTRUCCIÓN DE ANDEN O PAVIMENTO, ENTIBADOS.	ML	730868
Antiguo	REDES ELECTRICAS	RED ELECTRICA EPM	4359	CANALIZACION VIA PUBLICA TRES (3) DUCTOS PVC TIPO DB-60 Ø4" MAS DOS (2) DUCTOS PVC TIPO DB-60 Ø6" EPM NORMA RS1-019. INCLUYE: EXCAVACIÓN, RELLENOS EN ARENA DE PEÑA Y EN SUB-BASE GRANULAR TIPO B-400 Y TRANSPORTE Y DISPOSICIÓN FINAL DE ESCOMBROS. NO INCLUYE: DEMOLICIÓN NI RECONSTRUCCIÓN DE ANDEN O PAVIMENTO, ENTIBADOS.	ML	566710
Antiguo	REDES ELECTRICAS	RED ELECTRICA EPM	4360	CANALIZACION VIA PUBLICA SEIS (6) DUCTOS PVC TIPO DB-60 Ø4" MAS DOS (2) DUCTOS PVC TIPO DB-60 Ø6" EPM NORMA RS1-020. INCLUYE: EXCAVACIÓN, RELLENOS EN ARENA DE PEÑA Y EN SUB-BASE GRANULAR TIPO B-400 Y TRANSPORTE Y DISPOSICIÓN FINAL DE ESCOMBROS. NO INCLUYE: DEMOLICIÓN NI RECONSTRUCCIÓN DE ANDEN O PAVIMENTO, ENTIBADOS.	ML	826096
Antiguo	REDES ELECTRICAS	RED ELECTRICA EPM	4361	CANALIZACION VIA PUBLICA CUATRO (4) DUCTOS PVC TIPO DB-60 Ø4" MAS TRES (3) DUCTOS PVC TIPO DB-60 Ø6" EPM NORMA RS1-021. INCLUYE: EXCAVACIÓN, RELLENOS EN ARENA DE PEÑA Y EN SUB-BASE GRANULAR TIPO B-400 Y TRANSPORTE Y DISPOSICIÓN FINAL DE ESCOMBROS. NO INCLUYE: DEMOLICIÓN NI RECONSTRUCCIÓN DE ANDEN O PAVIMENTO, ENTIBADOS.	ML	852621
Antiguo	REDES ELECTRICAS	RED ELECTRICA EPM	4362	CANALIZACION VIA PUBLICA OCHO (8) DUCTOS PVC TIPO DB-60 Ø4" MAS TRES (3) DUCTOS PVC TIPO DB-60 Ø6" EPM NORMA RS1-022. INCLUYE: EXCAVACIÓN, RELLENOS EN ARENA DE PEÑA Y EN SUB-BASE GRANULAR TIPO B-400 Y TRANSPORTE Y DISPOSICIÓN FINAL DE ESCOMBROS. NO INCLUYE: DEMOLICIÓN NI RECONSTRUCCIÓN DE ANDEN O PAVIMENTO, ENTIBADOS.	ML	1095120
Antiguo	REDES ELECTRICAS	RED ELECTRICA EPM	4363	CANALIZACION VIA PUBLICA TRES (3) DUCTOS PVC TIPO DB-60 Ø4" MAS CUATRO (4) DUCTOS PVC TIPO DB-60 Ø6" EPM NORMA RS1-023. INCLUYE: EXCAVACIÓN, RELLENOS EN ARENA DE PEÑA Y EN SUB-BASE GRANULAR TIPO B-400 Y TRANSPORTE Y DISPOSICIÓN FINAL DE ESCOMBROS. NO INCLUYE: DEMOLICIÓN NI RECONSTRUCCIÓN DE ANDEN O PAVIMENTO, ENTIBADOS.	ML	884007
Antiguo	REDES ACUEDUCTO	REDES ACUEDUCTO	4384	UNION DRESSER D=3" (SUMINISTRO E INSTALACIÓN)	UN	239492
Antiguo	REDES ACUEDUCTO	REDES ACUEDUCTO	4385	UNION DRESSER D=4" (SUMINISTRO E INSTALACIÓN)	UN	254962
Antiguo	REDES ACUEDUCTO	REDES ACUEDUCTO	4386	UNION DRESSER D=6" (SUMINISTRO E INSTALACIÓN)	UN	469408
Antiguo	REDES ACUEDUCTO	REDES ACUEDUCTO	4387	UNION DRESSER D=8" (SUMINISTRO E INSTALACIÓN)	UN	662434
Antiguo	REDES ACUEDUCTO	REDES ACUEDUCTO	4388	UNION DRESSER D=10" (SUMINISTRO E INSTALACIÓN)	UN	928074
Antiguo	REDES ACUEDUCTO	REDES ACUEDUCTO	4389	UNION DRESSER D=12" (SUMINISTRO E INSTALACIÓN)	UN	1338695
Antiguo	EXCAVACIONES	EXC. CONFORMACIÓN DE SUBRASANTE	4390	EXCAVACIÓN MANUAL EN MATERIAL COMÚN (INCL CARGUE, TRANSPORTE Y DISPOSICION FINAL)	M3	117926
Antiguo	RELLENOS Y CAPAS GRANULARES	CAPAS GRANULARES	4391	ARENA LAVADA DE PEÑA PARA EMBOQUILLADO (INCLUYE SUMINISTRO, BARRIDO PARA SELLADO DE JUNTAS Y COMPACTACIÓN)	M3	161195
Antiguo	ANÁLISIS AUXILIARES	CUADRILLAS (INCLUYE FACTOR PRESTACIONAL)	4392	CUADRILLA (OFICIAL + 6 AYUDANTES)	HR	100813
Antiguo	ANÁLISIS AUXILIARES	CUADRILLAS (INCLUYE FACTOR PRESTACIONAL)	4393	CUADRILLA (3 OFICIALES + 6 AYUDANTES)	HR	135449
Antiguo	PAVIMENTOS	PAVIMENTOS ARTICULADOS	4394	ADOQUIN DE CONCRETO TR. PESADO 20X10X8CM (SUMINISTRO E INSTALACIÓN. INCLUYE BASE 4CM ARENA NIVELACIÓN Y ARENA DE SELLO)	M2	151672
Antiguo	PAVIMENTOS	PAVIMENTOS ARTICULADOS	4395	ADOQUIN DE CONCRETO TR. LIVIANO 20X10X6CM (SUMINISTRO E INSTALACIÓN. INCLUYE BASE 4CM ARENA NIVELACIÓN Y ARENA DE SELLO)	M2	125152
Antiguo	PAVIMENTOS	PAVIMENTOS ARTICULADOS	4396	ADOQUIN DE ARCILLA TR. LIVIANO 20X10X6CM (SUMINISTRO E INSTALACIÓN. INCLUYE BASE 4CM ARENA NIVELACION Y ARENA DE SELLO)	M2	86412
Antiguo	REDES ACUEDUCTO	REDES ACUEDUCTO	4402	VALVULA COMPUERTA ELASTICA VASTAGO NO ASCENDENTE EXTREMO LISO D=4" (SUMINISTRO E INSTALACIÓN)	UN	1190850
Antiguo	REDES ACUEDUCTO	REDES ACUEDUCTO	4403	VALVULA COMPUERTA ELASTICA VASTAGO NO ASCENDENTE EXTREMO LISO D=12" (SUMINISTRO E INSTALACIÓN)	UN	7593696
Antiguo	REDES ACUEDUCTO	REDES ACUEDUCTO	4404	CODO HD 11.25° JUNTA HIDRAULICA PARA PVC D=2" (SUMINISTRO E INSTALACIÓN)	UN	165083
Antiguo	REDES ACUEDUCTO	REDES ACUEDUCTO	4405	CODO HD 11.25° JUNTA HIDRAULICA PARA PVC D=3" (SUMINISTRO E INSTALACIÓN)	UN	259138
Antiguo	REDES ACUEDUCTO	REDES ACUEDUCTO	4406	CODO HD 11.25° JUNTA HIDRAULICA PARA PVC D=6" (SUMINISTRO E INSTALACIÓN)	UN	669284
Antiguo	REDES ACUEDUCTO	REDES ACUEDUCTO	4407	CODO HD 11.25° JUNTA HIDRAULICA PARA PVC D=4" (SUMINISTRO E INSTALACIÓN)	UN	353519
Antiguo	REDES ACUEDUCTO	REDES ACUEDUCTO	4408	CODO HD 11.25° JUNTA HIDRAULICA PARA PVC D=8" (SUMINISTRO E INSTALACIÓN)	UN	988827
Antiguo	REDES ACUEDUCTO	REDES ACUEDUCTO	4409	REDUCCION PVC TIPO U.M. 4"X2" (SUMINISTRO E INSTALACIÓN)	UN	140883
Antiguo	REDES ACUEDUCTO	REDES ACUEDUCTO	4410	REDUCCION PVC TIPO U.M. 4"X3" (SUMINISTRO E INSTALACIÓN)	UN	148144
Antiguo	REDES ACUEDUCTO	REDES ACUEDUCTO	4412	REDUCCION CONCENTRICA HD 6"X3" (SUMINISTRO E INSTALACIÓN)	UN	536004
Antiguo	REDES ACUEDUCTO	REDES ACUEDUCTO	4413	REDUCCION CONCENTRICA HD 12"X6" (SUMINISTRO E INSTALACIÓN)	UN	1748855
Antiguo	REDES ACUEDUCTO	REDES ACUEDUCTO	4414	REDUCCION CONCENTRICA HD 12"X8" (SUMINISTRO E INSTALACIÓN)	UN	2084435
Antiguo	REDES ACUEDUCTO	REDES ACUEDUCTO	4415	TAPON PVC TIPO U.M. D=3" (SUMINISTRO E INSTALACIÓN)	UN	85764
Antiguo	REDES ACUEDUCTO	REDES ACUEDUCTO	4416	TAPON PVC TIPO U.M. D=4" (SUMINISTRO E INSTALACIÓN)	UN	109473
Antiguo	REDES ACUEDUCTO	REDES ACUEDUCTO	4417	TAPON PVC TIPO U.M. D=6" (SUMINISTRO E INSTALACIÓN)	UN	243337
Antiguo	REDES ACUEDUCTO	REDES ACUEDUCTO	4418	UNION DE REPARACION PVC TIPO U.M. D=2" (SUMINISTRO E INSTALACIÓN)	UN	53993
Antiguo	REDES ACUEDUCTO	REDES ACUEDUCTO	4419	UNION DE REPARACION PVC TIPO U.M. D=3" (SUMINISTRO E INSTALACIÓN)	UN	82521
Antiguo	REDES ACUEDUCTO	REDES ACUEDUCTO	4420	UNION DE REPARACION PVC TIPO U.M. D=4" (SUMINISTRO E INSTALACIÓN)	UN	125267
Antiguo	REDES ACUEDUCTO	REDES ACUEDUCTO	4421	ACOPLE UNIVERSAL, UNION ALFA O MULTIUSOS D=3" (SUMINISTRO E INSTALACIÓN)	UN	216077
Antiguo	REDES ACUEDUCTO	REDES ACUEDUCTO	4422	ACOPLE UNIVERSAL, UNION ALFA O MULTIUSOS D=4" (SUMINISTRO E INSTALACIÓN)	UN	239813
Antiguo	REDES ACUEDUCTO	REDES ACUEDUCTO	4423	ACOPLE UNIVERSAL, UNION ALFA O MULTIUSOS D=6" (SUMINISTRO E INSTALACIÓN)	UN	489023
Antiguo	REDES ACUEDUCTO	REDES ACUEDUCTO	4424	ACOPLE UNIVERSAL, UNION ALFA O MULTIUSOS D=8" (SUMINISTRO E INSTALACIÓN)	UN	722700
Antiguo	REDES ACUEDUCTO	REDES ACUEDUCTO	4425	ACOPLE UNIVERSAL, UNION ALFA O MULTIUSOS D=10" (SUMINISTRO E INSTALACIÓN)	UN	1180354
Antiguo	REDES ACUEDUCTO	REDES ACUEDUCTO	4426	ACOPLE UNIVERSAL, UNION ALFA O MULTIUSOS D=12" (SUMINISTRO E INSTALACIÓN)	UN	1363400
Antiguo	CONCRETO Y ACERO PARA ESTRUCTURAS	CONCRETO PARA ESTRUCTURAS	4428	VIGA DE AMARRE EN CONCRETO DE 3000 PSI GRAVA COMÚN SECCIÓN 20X20 (Para cerramiento de predios lotes IDU)	ML	54645
Antiguo	CONCRETO Y ACERO PARA ESTRUCTURAS	CONCRETO PARA ESTRUCTURAS	4429	COLUMNA EN CONCRETO DE 3000 PSI GRAVA COMÚN SECCIÓN 20X20 (Para cerramiento de predios lotes IDU)	ML	65123
Antiguo	CONCRETO Y ACERO PARA ESTRUCTURAS	CONCRETOS Y MORTEROS HECHOS EN OBRA	4431	PAÑETE LISO MURO 1:3 (NO INCLUYE ANDAMIO)	M2	35842
Antiguo	REDES ELECTRICAS	RED ELECTRICA EPM	4433	CANALIZACION VIA PUBLICA SEIS (6) DUCTOS PVC TIPO DB-60 Ø4" MAS CUATRO (4) DUCTOS PVC TIPO DB-60 Ø6" EPM NORMA RS1-024. INCLUYE: EXCAVACIÓN, RELLENOS EN ARENA DE PEÑA Y EN SUB-BASE GRANULAR TIPO B-400 Y TRANSPORTE Y DISPOSICIÓN FINAL DE ESCOMBROS. NO INCLUYE: DEMOLICIÓN NI RECONSTRUCCIÓN DE ANDEN O PAVIMENTO, ENTIBADOS.	ML	1079970
Antiguo	REDES ELECTRICAS	RED ELECTRICA EPM	4434	CANALIZACION VIA PUBLICA CINCO (5) DUCTOS PVC TIPO DB-60 Ø4" MAS CUATRO (4) DUCTOS PVC TIPO DB-60 Ø6" EPM NORMA RS1-025. INCLUYE: EXCAVACIÓN, RELLENOS EN ARENA DE PEÑA Y EN SUB-BASE GRANULAR TIPO B-400 Y TRANSPORTE Y DISPOSICIÓN FINAL DE ESCOMBROS. NO INCLUYE: DEMOLICIÓN NI RECONSTRUCCIÓN DE ANDEN O PAVIMENTO, ENTIBADOS.	ML	1083732
Antiguo	REDES ELECTRICAS	RED ELECTRICA EPM	4435	CANALIZACION VIA PUBLICA DIEZ (10) DUCTOS PVC TIPO DB-60 Ø4" MAS CUATRO (4) DUCTOS PVC TIPO DB-60 Ø6" EPM NORMA RS1-026. INCLUYE: EXCAVACIÓN, RELLENOS EN ARENA DE PEÑA Y EN SUB-BASE GRANULAR TIPO B-400 Y TRANSPORTE Y DISPOSICIÓN FINAL DE ESCOMBROS. NO INCLUYE: DEMOLICIÓN NI RECONSTRUCCIÓN DE ANDEN O PAVIMENTO, ENTIBADOS.	ML	1385370
Antiguo	REDES ELECTRICAS	RED ELECTRICA EPM	4436	CANALIZACION VIA PUBLICA CUATRO (4) DUCTOS PVC TIPO DB-60 Ø4" MAS SEIS (6) DUCTOS PVC TIPO DB-60 Ø6" EPM NORMA RS1-027. INCLUYE: EXCAVACIÓN, RELLENOS EN ARENA DE PEÑA Y EN SUB-BASE GRANULAR TIPO B-400 Y TRANSPORTE Y DISPOSICIÓN FINAL DE ESCOMBROS. NO INCLUYE: DEMOLICIÓN NI RECONSTRUCCIÓN DE ANDEN O PAVIMENTO, ENTIBADOS.	ML	1202862
Antiguo	REDES ELECTRICAS	RED ELECTRICA EPM	4437	CANALIZACION VIA PUBLICA OCHO (8) DUCTOS PVC TIPO DB-60 Ø4" MAS SEIS (6) DUCTOS PVC TIPO DB-60 Ø6" EPM NORMA RS1-028. INCLUYE: EXCAVACIÓN, RELLENOS EN ARENA DE PEÑA Y EN SUB-BASE GRANULAR TIPO B-400 Y TRANSPORTE Y DISPOSICIÓN FINAL DE ESCOMBROS. NO INCLUYE: DEMOLICIÓN NI RECONSTRUCCIÓN DE ANDEN O PAVIMENTO, ENTIBADOS.	ML	1458018
Antiguo	REDES ELECTRICAS	RED ELECTRICA EPM	4438	CANALIZACION VIA PUBLICA CINCO (5) DUCTOS PVC TIPO DB-60 Ø4" MAS OCHO (8) DUCTOS PVC TIPO DB-60 Ø6" EPM NORMA RS1-029. INCLUYE: EXCAVACIÓN, RELLENOS EN ARENA DE PEÑA Y EN SUB-BASE GRANULAR TIPO B-400 Y TRANSPORTE Y DISPOSICIÓN FINAL DE ESCOMBROS. NO INCLUYE: DEMOLICIÓN NI RECONSTRUCCIÓN DE ANDEN O PAVIMENTO, ENTIBADOS.	ML	1544292
Antiguo	REDES ELECTRICAS	RED ELECTRICA EPM	4439	CANALIZACION VIA PUBLICA DIEZ (10) DUCTOS PVC TIPO DB-60 Ø4" MAS OCHO (8) DUCTOS PVC TIPO DB-60 Ø6" EPM NORMA RS1-030. INCLUYE: EXCAVACIÓN, RELLENOS EN ARENA DE PEÑA Y EN SUB-BASE GRANULAR TIPO B-400 Y TRANSPORTE Y DISPOSICIÓN FINAL DE ESCOMBROS. NO INCLUYE: DEMOLICIÓN NI RECONSTRUCCIÓN DE ANDEN O PAVIMENTO, ENTIBADOS.	ML	1862323
Antiguo	REDES ELECTRICAS	RED ELECTRICA EPM	4440	CANALIZACION VIA PUBLICA CUATRO (4) DUCTOS PVC TIPO DB-60 Ø4" MAS NUEVE (9) DUCTOS PVC TIPO DB-60 Ø6" EPM NORMA RS1-031. INCLUYE: EXCAVACIÓN, RELLENOS EN ARENA DE PEÑA Y EN SUB-BASE GRANULAR TIPO B-400 Y TRANSPORTE Y DISPOSICIÓN FINAL DE ESCOMBROS. NO INCLUYE: DEMOLICIÓN NI RECONSTRUCCIÓN DE ANDEN O PAVIMENTO, ENTIBADOS.	ML	1551813
Antiguo	REDES ELECTRICAS	RED ELECTRICA EPM	4441	CANALIZACION VIA PUBLICA CINCO (5) DUCTOS PVC TIPO DB-60 Ø4" MAS DOCE (12) DUCTOS PVC TIPO DB-60 Ø6" EPM NORMA RS1-032. INCLUYE: EXCAVACIÓN, RELLENOS EN ARENA DE PEÑA Y EN SUB-BASE GRANULAR TIPO B-400 Y TRANSPORTE Y DISPOSICIÓN FINAL DE ESCOMBROS. NO INCLUYE: DEMOLICIÓN NI RECONSTRUCCIÓN DE ANDEN O PAVIMENTO, ENTIBADOS.	ML	2003130
Antiguo	REDES ELECTRICAS	RED ELECTRICA EPM	4442	CANALIZACION VIA PUBLICA CUATRO (4) DUCTOS PVC TIPO DB-60 Ø4" EPM NORMA RS1-033. INCLUYE: EXCAVACIÓN, RELLENOS EN ARENA DE PEÑA Y EN SUB-BASE GRANULAR TIPO B-400 Y TRANSPORTE Y DISPOSICIÓN FINAL DE ESCOMBROS. NO INCLUYE: DEMOLICIÓN NI RECONSTRUCCIÓN DE ANDEN O PAVIMENTO, ENTIBADOS.	ML	488491
Antiguo	REDES ELECTRICAS	RED ELECTRICA EPM	4447	CANALIZACION ZONA VERDE CUATRO (4) DUCTOS PVC TIPO DB-60 Ø6" DISPOSICIÓN LINEAL EPM NORMA RS1-005. DISPOSICIÓN LINEAL. INCLUYE: EXCAVACIÓN, RELLENOS, SIEMBRA DE GRAMA Y TRANSPORTE Y DISPOSICIÓN FINAL DE ESCOMBROS. NO INCLUYE: ENTIBADOS.	ML	688932
Antiguo	REDES ELECTRICAS	RED ELECTRICA EPM	4461	CANALIZACION ZONA VERDE TRES (3) DUCTOS PVC TIPO DB-60 Ø4" MAS DOS (2) DUCTOS PVC TIPO DB-60 Ø6" EPM NORMA RS1-019. INCLUYE: EXCAVACIÓN, RELLENOS, SIEMBRA DE GRAMA Y TRANSPORTE Y DISPOSICIÓN FINAL DE ESCOMBROS. NO INCLUYE: ENTIBADOS.	ML	578328
Antiguo	RELLENOS Y CAPAS GRANULARES	CAPAS GRANULARES	4477	SUBBASE GRANULAR B-400 (SUMINISTRO, EXTENDIDO, NIVELACIÓN, HUMEDECIMIENTO Y COMPACTACIÓN CON VIBROCOMPACTADOR)	M3	111453
Antiguo	ANÁLISIS AUXILIARES	CUADRILLAS (INCLUYE FACTOR PRESTACIONAL)	4478	CUADRILLA (2 AYUDANTES).	JR	194828
Antiguo	ANÁLISIS AUXILIARES	CUADRILLAS (INCLUYE FACTOR PRESTACIONAL)	4479	CUADRILLA (2 AYUDANTES)	HR	27834
Antiguo	PAVIMENTOS	PAVIMENTOS EN CONCRETO ASFALTICO	4485	MEZCLA ASFÁLTICA EN CALIENTE TIPO DENSO MD20 ASFALTO 80-100. (INCLUYE SUMINISTRO, EXTENDIDO, NIVELACIÓN MANUAL Y COMPACTACIÓN MECÁNICA CON VIBROCOMPACTADOR TÁNDEM PEQUEÑO CON OPERARIO Y COMBUSTIBLE, FACTOR DE COMPACTACION Y TRANSPORTE DE MATERIAL A 21 KMS).	M3	1479217
Antiguo	PAVIMENTOS	PAVIMENTOS EN CONCRETO ASFALTICO	4486	MEZCLA ASFÁLTICA EN CALIENTE TIPO DENSO MD10 ASFALTO 80-100. (INCLUYE SUMINISTRO, EXTENDIDO, NIVELACIÓN MANUAL Y COMPACTACIÓN MECÁNICA CON VIBROCOMPACTADOR TÁNDEM PEQUEÑO CON OPERARIO Y COMBUSTIBLE, FACTOR DE COMPACTACION Y TRANSPORTE DE MATERIAL A 21 KMS).	M3	1581435
Antiguo	RELLENOS Y CAPAS GRANULARES	CAPAS GRANULARES	4487	BASE GRANULAR CLASE A (BG_A) (SUMINISTRO, EXTENDIDO MANUAL, HUMEDECIMIENTO Y COMPACTACIÓN)	M3	255369
Antiguo	RELLENOS Y CAPAS GRANULARES	CAPAS GRANULARES	4488	BASE GRANULAR CLASE B (BG_B) (SUMINISTRO, EXTENDIDO MANUAL, HUMEDECIMIENTO Y COMPACTACIÓN)	M3	244540
Antiguo	RELLENOS Y CAPAS GRANULARES	CAPAS GRANULARES	4489	SUBBASE GRANULAR CLASE B (SBG_B) (SUMINISTRO, EXTENDIDO MANUAL, HUMEDECIMIENTO Y COMPACTACIÓN)	M3	216694
Antiguo	ACTIVIDADES CONSERVACIÓN	ACTIVIDADES CONSERVACIÓN	4490	BACHEO EN PAVIMENTO FLEXIBLE E= 0.12M. (INCLUYE DEMOLICIÓN MANUAL Y CARGUE DE PAVIMENTO FLEXIBLE DE E=0.12M, TRANSPORTE Y DISPOSICIÓN FINAL DE ESCOMBROS, EXCAVACIÓN Y REPOSICIÓN BASE GRANULAR CLASE B (BG_B) E=0.25M, BASE ASFALTICA MD10)	M2	290929
Demanda	ACTIVIDADES CONSERVACIÓN	ACTIVIDADES CONSERVACIÓN	4491	REHABILITACIÓN DE PAVIMENTO FLEXIBLE E= 0.12M	M2	351451
Antiguo	ACTIVIDADES CONSERVACIÓN	ACTIVIDADES CONSERVACIÓN	4501	FRESADO Y REPOSICIÓN DE PAVIMENTO FLEXIBLE E=0.12M	M2	188913
Antiguo	ACTIVIDADES CONSERVACIÓN	ACTIVIDADES CONSERVACIÓN	4502	DEMOLICIÓN Y RECONSTRUCCIÓN DE LOSAS EN CONCRETO HIDRÁULICO MR45 E=0.18M	M2	321984
Demanda	ACTIVIDADES CONSERVACIÓN	ACTIVIDADES CONSERVACIÓN	4503	REHABILITACIÓN DE PAVIMENTO RÍGIDO: LOSAS EN CONCRETO HIDRÁULICO MR45 E=0.18M	M2	357264
Demanda	ACTIVIDADES CONSERVACIÓN	ACTIVIDADES CONSERVACIÓN	4504	CONSTRUCCIÓN DE PAVIMENTO RÍGIDO: LOSAS EN CONCRETO HIDRÁULICO MR45 E=0.18M	M2	413824
Antiguo	ACTIVIDADES CONSERVACIÓN	ACTIVIDADES CONSERVACIÓN	4505	PARCHEO EN PAVIMENTO FLEXIBLE E=10CM. (INCLUYE DEMOLICIÓN MANUAL Y CARGUE DE PAVIMENTO FLEXIBLE DE E=0.10M, TRANSPORTE Y DISPOSICIÓN FINAL DE ESCOMBROS, IMPRIMACIÓN, COLOCACIÓN Y COMPACTACIÓN MD20 E=6CM Y MD12 E=4CM , RIEGO CRR-1, IMPRIMA CLR-0)	M2	184077
Antiguo	ACTIVIDADES CONSERVACIÓN	ACTIVIDADES CONSERVACIÓN	4506	BACHEO EN PAVIMENTO FLEXIBLE E= 0.10M. (INCLUYE DEMOLICIÓN MANUAL Y CARGUE DE PAVIMENTO FLEXIBLE DE E=0.10M, TRANSPORTE Y DISPOSICIÓN FINAL DE ESCOMBROS, EXCAVACIÓN Y REPOSICIÓN BASE GRANULAR CLASE C (BG_C) E=0.25M, BASE ASFALTICA MD10)	M2	271095
Demanda	ACTIVIDADES CONSERVACIÓN	ACTIVIDADES CONSERVACIÓN	4507	DEMOLICIÓN Y RECONSTRUCCIÓN DE LOSAS EN CONCRETO HIDRÁULICO MR41 E=0.18M	M2	313937
Demanda	ACTIVIDADES CONSERVACIÓN	ACTIVIDADES CONSERVACIÓN	4508	REHABILITACIÓN DE PAVIMENTO FLEXIBLE E= 0.10M B= 0.20M SBG= 0.20M	M2	305652
Demanda	ACTIVIDADES CONSERVACIÓN	ACTIVIDADES CONSERVACIÓN	4509	REHABILITACIÓN DE PAVIMENTO RÍGIDO: LOSAS EN CONCRETO HIDRÁULICO MR41 E=0.18M. INCLUYE SARDINEL, GEOTEXTIL Y EXCAVACIÓN EN BASE E=30CM., BASE BG_A E=30CM	M2	372091
Antiguo	ACTIVIDADES CONSERVACIÓN	ACTIVIDADES CONSERVACIÓN	4510	FRESADO Y REPOSICIÓN DE PAVIMENTO FLEXIBLE E=0.10M	M2	161235
Demanda	ACTIVIDADES CONSERVACIÓN	ACTIVIDADES CONSERVACIÓN	4511	CONSTRUCCIÓN DE PAVIMENTO FLEXIBLE E= 0.10M INCLUYE SARDINEL	M2	377397
Demanda	ACTIVIDADES CONSERVACIÓN	ACTIVIDADES CONSERVACIÓN	4512	CONSTRUCCIÓN DE PAVIMENTO RÍGIDO: LOSAS EN CONCRETO HIDRÁULICO MR41 E=0.18M	M2	416572
Antiguo	RELLENOS Y CAPAS GRANULARES	CAPAS GRANULARES	4513	BASE GRANULAR CLASE C (BG_C) (SUMINISTRO, EXTENDIDO MANUAL, HUMEDECIMIENTO Y COMPACTACIÓN)	M3	227523
Antiguo	ACTIVIDADES CONSERVACIÓN	ACTIVIDADES CONSERVACIÓN	4514	PARCHEO EN PAVIMENTO FLEXIBLE E=0.14M. (INCLUYE DEMOLICIÓN MANUAL Y CARGUE DE PAVIMENTO FLEXIBLE DE E=0.14M, TRANSPORTE Y DISPOSICIÓN FINAL DE ESCOMBROS, IMPRIMACIÓN, COLOCACIÓN Y COMPACTACIÓN MD20 E=10CM Y MD12 E=4CM , RIEGO CRR-1, IMPRIMA CLR-0)	M2	245623
Antiguo	ACTIVIDADES CONSERVACIÓN	ACTIVIDADES CONSERVACIÓN	4515	BACHEO EN PAVIMENTO FLEXIBLE E= 0.14M. (INCLUYE DEMOLICIÓN MANUAL Y CARGUE DE PAVIMENTO FLEXIBLE DE E=0.14M, TRANSPORTE Y DISPOSICIÓN FINAL DE ESCOMBROS, EXCAVACIÓN Y REPOSICIÓN BASE GRANULAR CLASE A (BG_A) E=0.20M, BASE ASFALTICA MD10)	M2	323911
Antiguo	ACTIVIDADES CONSERVACIÓN	ACTIVIDADES CONSERVACIÓN	4516	FRESADO Y REPOSICIÓN DE PAVIMENTO FLEXIBLE E=0.14M	M2	216594
Demanda	ACTIVIDADES CONSERVACIÓN	ACTIVIDADES CONSERVACIÓN	4517	DEMOLICIÓN Y RECONSTRUCCIÓN DE LOSAS EN CONCRETO HIDRÁULICO MR45 E=0.20M	M2	347026
Antiguo	ACTIVIDADES CONSERVACIÓN	ACTIVIDADES CONSERVACIÓN	4518	SOBRECARPETA: RODADURA ASFÁLTICA E=0.04M	M2	67016
Antiguo	ACTIVIDADES CONSERVACIÓN	ACTIVIDADES CONSERVACIÓN	4519	SOBRECARPETA: RODADURA ASFÁLTICA E=0.06M	M2	90262
Antiguo	ACTIVIDADES CONSERVACIÓN	ACTIVIDADES CONSERVACIÓN	4520	SOBRECARPETA: RODADURA ASFÁLTICA e=0.08M	M2	100031
Antiguo	ACTIVIDADES CONSERVACIÓN	ACTIVIDADES CONSERVACIÓN	4522	BACHEO EN PAVIMENTO FLEXIBLE E= 0.12M (ESTABILIZACIÓN DE BASE GRANULAR CON EMULSIÓN + CEMENTO 5% E=0.10M. INCLUYE DEMOLICIÓN Y CARGUE DE PAVIMENTO FLEXIBLE DE E=0.12M, TRANSPORTE Y DISPOSICIÓN ESCOMBROS, EXCAVACIÓN Y BASE (BG-B) E=0.10, MD 10)	M2	293410
Demanda	ACTIVIDADES CONSERVACIÓN	ACTIVIDADES CONSERVACIÓN	4523	CONSTRUCCIÓN PAVIMENTO ARTICULADO EN ADOQUIN DE ARCILLA - TRAFICO LIVIANO	M2	283147
Demanda	ACTIVIDADES CONSERVACIÓN	ACTIVIDADES CONSERVACIÓN	4524	CONSTRUCCIÓN PAVIMENTO ARTICULADO EN ADOQUIN DE ARCILLA - TRAFICO PESADO	M2	298347
Antiguo	PAVIMENTOS	JUNTAS PARA PAVIMENTOS	4525	SELLADO DE JUNTAS EN PAVIMENTO FLEXIBLE (INCLUYE LIMPIEZA, SUMINISTRO E INSTALACIÓN DE FONDO Y EMULSIÓN ASFÁLTICA CRR-1)	ML	7477
Antiguo	ACTIVIDADES CONSERVACIÓN	ACTIVIDADES CONSERVACIÓN	4541	PARCHEO EN PAVIMENTO FLEXIBLE CON MD12. (INCLUYE DEMOLICIÓN MANUAL Y CARGUE DE PAVIMENTO FLEXIBLE, TRANSPORTE Y DISPOSICIÓN FINAL DE ESCOMBROS, IMPRIMACIÓN, COLOCACIÓN Y COMPACTACIÓN BASE ASFÁLTICA MD12, RIEGO CRR-1)	M3	1672459
Antiguo	ACTIVIDADES CONSERVACIÓN	ACTIVIDADES CONSERVACIÓN	4542	PARCHEO EN PAVIMENTO FLEXIBLE CON MD-12. (INCLUYE DEMOLICIÓN MANUAL Y CARGUE DE PAVIMENTO FLEXIBLE, TRANSPORTE Y DISPOSICIÓN FINAL DE ESCOMBROS, IMPRIMACIÓN, COLOCACIÓN Y COMPACTACIÓN BASE ASFÁLTICA MD-12, RIEGO CRR-1)	M3	1672445
Antiguo	ANDENES Y SARDINELES	SARDINELES Y BORDILLOS	4543	SARDINEL PREFABRICADO ALTO RAMPAS A86 (SUMINISTRO E INSTALACIÓN. INCLUYE 3CM MORTERO DE NIVELACIÓN 1:5)	ML	68580
Antiguo	ANDENES Y SARDINELES	SARDINELES Y BORDILLOS	4544	SARDINEL PREFABRICADO ALTO RAMPAS A86 (SUMINISTRO E INSTALACIÓN. INCLUYE 3CM MORTERO DE NIVELACIÓN 2000 PSI)	ML	70725
Antiguo	ANDENES Y SARDINELES	SARDINELES Y BORDILLOS	4545	SARDINEL PREFABRICADO ALTO RAMPAS A86 (SUMINISTRO E INSTALACIÓN. SIN MATERIAL DE BASE)	ML	65944
Antiguo	REDES ALCANTARILLADO / DRENAJE	REDES ALCANTARILLADO / DRENAJE	4549	SUMIDERO ALCANTARILLADO COMBINADO EN ANDEN NS-047-1V4 EAAB	UN	8078382
Antiguo	REDES ALCANTARILLADO / DRENAJE	REDES ALCANTARILLADO / DRENAJE	4550	SUMIDERO ALCANTARILLADO COMBINADO EN VIA NS-047-1V4 EAAB	UN	5786100
Antiguo	REDES ALCANTARILLADO / DRENAJE	REDES ALCANTARILLADO / DRENAJE	4551	SUMIDERO ALCANTARILLADO PLUVIAL EN ANDEN NS-047-1V4 EAAB	UN	6369371
Antiguo	REDES ALCANTARILLADO / DRENAJE	REDES ALCANTARILLADO / DRENAJE	4553	POZO DE INSPECCION D=1.7 M (INCL. SUMINISTRO E INSTALACION). INCLUYE CILINDRO POZO DE INSPECCION EN MAMPOSTERIA, CONO PREFABRICADO, PLACA FONDO.	UN	4518654
Antiguo	PAVIMENTOS	PAVIMENTOS EN CONCRETO HIDRAULICO	4555	LOSA DE PAVIMENTO EN CONCRETO HIDRAULICO MR50 CON FORMALETA FIJA, HIERROS DE TRANSFERENCIA, HIERROS DE AMARRE, ADITIVOS	M3	1107899
Antiguo	RELLENOS Y CAPAS GRANULARES	CAPAS GRANULARES	4556	SUBBASE GRANULAR CLASE A (SBG_A) (SUMINISTRO, EXTENDIDO MANUAL, HUMEDECIMIENTO Y COMPACTACIÓN)	M3	219788
Antiguo	RELLENOS Y CAPAS GRANULARES	CAPAS GRANULARES	4557	SUBBASE GRANULAR CLASE C (SBG_C) (SUMINISTRO, EXTENDIDO MANUAL, HUMEDECIMIENTO Y COMPACTACIÓN)	M3	204318
Antiguo	REDES ALCANTARILLADO / DRENAJE	REDES ALCANTARILLADO / DRENAJE	4558	SUMIDERO ALCANTARILLADO PLUVIAL EN VIA NS-047-1V4 EAAB	UN	8015596
Antiguo	CONCRETO Y ACERO PARA ESTRUCTURAS	CONCRETOS Y MORTEROS HECHOS EN OBRA	4559	CONCRETO 1500 PSI (HECHO EN OBRA 1:3:5 CON ARENA Y GRAVILLA DE RÍO)	M3	455726
Antiguo	CONCRETO Y ACERO PARA ESTRUCTURAS	CONCRETOS Y MORTEROS HECHOS EN OBRA	4560	CONCRETO 2500 PSI (HECHO EN OBRA CON MATERIAL DE RÍO)	M3	494643
Antiguo	CONCRETO Y ACERO PARA ESTRUCTURAS	CONCRETOS Y MORTEROS HECHOS EN OBRA	4561	CONCRETO 3000 PSI (HECHO EN OBRA 1:2:2 CON MATERIAL DE RÍO)	M3	572505
Antiguo	RELLENOS Y CAPAS GRANULARES	RELLENOS PARA ANDENES Y REDES	4562	RELLENO PARA ANDENES EN SUBBASE GRANULAR B-600 (SUMINISTRO, TRANSPORTE, EXTENDIDO, HUMEDECIMIENTO Y COMPACTACIÓN)	M3	157908
Antiguo	RELLENOS Y CAPAS GRANULARES	RELLENOS PARA ANDENES Y REDES	4563	RELLENO PARA ANDENES EN SUBBASE GRANULAR B-200 (SUMINISTRO, EXTENDIDO, HUMEDECIMIENTO Y COMPACTACIÓN)	M3	111498
Antiguo	CONCRETO Y ACERO PARA ESTRUCTURAS	CONCRETOS Y MORTEROS HECHOS EN OBRA	4564	CONCRETO 2000 PSI (HECHO EN OBRA 1:3:3 CON MATERIAL DE RÍO)	M3	503160
Antiguo	CONCRETO Y ACERO PARA ESTRUCTURAS	CONCRETOS Y MORTEROS HECHOS EN OBRA	4565	CONCRETO 3500 PSI (HECHO EN OBRA CON MATERIAL DE RÍO)	M3	572208
Antiguo	CONCRETO Y ACERO PARA ESTRUCTURAS	CONCRETOS Y MORTEROS HECHOS EN OBRA	4566	CONCRETO 4000 PSI (HECHO EN OBRA CON MATERIAL DE RÍO)	M3	588749
Antiguo	PAVIMENTOS	PAVIMENTOS EN CONCRETO ASFALTICO	4567	MEZCLA ASFÁLTICA EN CALIENTE TIPO DENSO MD12 ASFALTO 80-100. (INCLUYE SUMINISTRO, EXTENDIDO, NIVELACIÓN MANUAL, COMPACTACIÓN MECÁNICA CON VIBROCOMPACTADOR TÁNDEM PEQUEÑO CON OPERARIO Y COMBUSTIBLE, FACTOR DE COMPACTACION Y TRANSPORTE DE MATERIAL A 21 KMS).	M3	1490737
Antiguo	PAVIMENTOS	PAVIMENTOS EN CONCRETO ASFALTICO	4568	MEZCLA DENSA EN CALIENTE MD-12 ASFALTO 80-100. (SUMINISTRO, EXTENDIDO, NIVELACIÓN MANUAL Y COMPACTACIÓN MECÁNICA CON VIBROCOMPACTADOR TÁNDEM PEQUEÑO, INCLUYE OPERARIO Y COMBUSTIBLE).	M3	1490737
Antiguo	SEÑALIZACIÓN	DEMARCACION DE PAVIMENTOS	4569	ESTOPEROLES DE 10 CM X 2.5 CM. SUMINISTRO E INSTALACION.	UN	13435
Demanda	ACTIVIDADES CONSERVACIÓN	ACTIVIDADES CONSERVACIÓN	4577	CONSTRUCCION DE CICLORUTA. NO INCLUYE REDES.	M2	211613
Antiguo	ANDENES Y SARDINELES	SARDINELES Y BORDILLOS	4578	CONSTRUCCION DE BORDILLO PREFABRICADO A80. NO INCLUYE REDES	ML	113491
Antiguo	ANDENES Y SARDINELES	PISOS EN ADOQUINES Y EN LOSETAS	4581	RETIRO DE ADOQUIN SOBRE MORTERO	M2	3613
Demanda	ACTIVIDADES CONSERVACIÓN	ACTIVIDADES CONSERVACIÓN	4585	REHABILITACIÓN DE PAVIMENTO RÍGIDO: LOSAS EN CONCRETO HIDRÁULICO MR41 E=0.18M. EXCAVACIÓN EN BASE E=15CM., BASE BG_B E=15CM. NO INCLUYE SARDINEL, GEOTEXTIL.	M2	286310
Demanda	ACTIVIDADES CONSERVACIÓN	ACTIVIDADES CONSERVACIÓN	4586	REHABILITACION PAVIMENTO ARTICULADO EN ADOQUIN DE ARCILLA - TRAFICO PESADO	M2	149444
Antiguo	CONCRETO Y ACERO PARA ESTRUCTURAS	CONCRETO Y ACERO PARA ESTRUCTURAS	4588	CONSTRUCCIÓN DE ESCALERAS EN CONCRETO 3000 PSI GRAVA COMÚN. INCLUYE EXCAVACIÓN MANUAL, SUBBASE GRANULAR CLASE B, ACERO DE REFUERZO Y TRANSPORTE Y DISPOSICIÓN FINAL DE ESCOMBROS.	M2	481892
Antiguo	ANDENES Y SARDINELES	PISOS EN ADOQUINES Y EN LOSETAS	4592	RETIRO DE ADOQUIN SOBRE ARENA	M2	2105
Antiguo	PAVIMENTOS	PAVIMENTOS ARTICULADOS	4593	ADOQUIN DE ARCILLA TR. LIVIANO 20X10X6CM (SUMINISTRO E INSTALACIÓN. INCLUYE BASE 4CM MORTERO 2000 Y ARENA DE SELLO)	M2	118101
Antiguo	ACTIVIDADES CONSERVACIÓN	ACTIVIDADES CONSERVACIÓN	4598	SELLO DE GRIETAS	ML	12196
Antiguo	ACTIVIDADES CONSERVACIÓN	ACTIVIDADES CONSERVACIÓN	4599	TRATAMIENTO SUPERFICIAL SIMPLE	M2	64088
Antiguo	ACTIVIDADES CONSERVACIÓN	ACTIVIDADES CONSERVACIÓN	4600	TRATAMIENTO SUPERFICIAL DOBLE	M2	137906
Antiguo	ACTIVIDADES CONSERVACIÓN	ACTIVIDADES CONSERVACIÓN	4601	SOBRECARPETA: RODADURA ASFÁLTICA E=0.05M	M2	76035
Antiguo	ACTIVIDADES CONSERVACIÓN	ACTIVIDADES CONSERVACIÓN	4602	RECONSTRUCCION TRATAMIENTO SUPERFICIAL DOBLE	M2	162662
Demanda	ACTIVIDADES CONSERVACIÓN	ACTIVIDADES CONSERVACIÓN	4603	CONSTRUCCION DE CAMINO EN GRAVA	M2	1919
Antiguo	EXCAVACIONES	EXC. CONFORMACIÓN DE SUBRASANTE	4604	DESCAPOTE A MAQUINA EN MATERIAL COMUN (E=0.1M. INCLUYE CARGUE). INCLUYE DISPOSICION FINAL DE ESCOMBROS	M2	6967
Demanda	ACTIVIDADES CONSERVACIÓN	ACTIVIDADES CONSERVACIÓN	4605	CONSTRUCCIÓN DE PAVIMENTO FLEXIBLE E= 0.10M (NO INCLUYE SARDINEL)	M2	334514
Antiguo	RELLENOS Y CAPAS GRANULARES	RELLENOS PARA ANDENES Y REDES	4606	TRITURADO 3/4" E=0.1M. SUMINISTRO E INSTALACION.	M2	31842
Demanda	ACTIVIDADES CONSERVACIÓN	ACTIVIDADES CONSERVACIÓN	4607	CONSTRUCCION DE CAMINO CON SUBBASE GRANULAR TIPO C SBG-C E=0.30MT	M2	77671
Demanda	ACTIVIDADES CONSERVACIÓN	ACTIVIDADES CONSERVACIÓN	4608	REHABILITACION DE CAMINO CON SUBBASE GRANULAR TIPO C SBG-C E=0.30MT	M2	38836
Demanda	ACTIVIDADES CONSERVACIÓN	ACTIVIDADES CONSERVACIÓN	4609	CONSTRUCCIÓN DE CAMINO CON SUBBASE GRANULAR TIPO C SBG-C E=0.30MT INCLUYE TRANSPORTE Y DISPOSICIÓN DE ESCOMBRO Y TRATAMIENTO SUPERFICIAL SIMPLE	M2	143068
Demanda	ACTIVIDADES CONSERVACIÓN	ACTIVIDADES CONSERVACIÓN	4610	MANTENIMIENTO CORRECTIVO DE CICLORUTAS (SOBRECARPETA: RODADURA ASFÁLTICA E=0.04M)	M2	78233
Antiguo	REDES ACUEDUCTO	REDES ACUEDUCTO	4611	CARCAMO PROTECCIÓN DE TUBERÍA Ø 8" (TIPO PLACA) NORMA EAAB NS-090	ML	254780
Antiguo	REDES ACUEDUCTO	REDES ACUEDUCTO	4612	CARCAMO PROTECCIÓN DE TUBERÍA Ø 10" (TIPO PLACA) NORMA EAAB NS-090	ML	254780
Antiguo	TRANSPORTES Y ACARREOS	TRANSPORTES Y ACARREOS	4613	TRANSPORTE Y DISPOSICIÓN FINAL DE ESCOMBROS EN SITIO AUTORIZADO (DISTANCIA DE TRANSPORTE 28 KM). A DISTANCIA MAYOR DEL ACARREO LIBRE (90 M) EN SITIO AUTORIZADO POR LA ENTIDAD AMBIENTAL COMPETENTE.	M3	58334
Antiguo	REDES ACUEDUCTO	REDES ACUEDUCTO	4614	CARCAMO PROTECCIÓN DE TUBERÍA Ø 12" (TIPO PLACA) NORMA EAAB NS-090	ML	257166
Antiguo	REDES ACUEDUCTO	REDES ACUEDUCTO	4615	CARCAMO PROTECCIÓN DE TUBERÍA Ø 16" (TIPO PLACA) NORMA EAAB NS-090	ML	322170
Antiguo	REDES ACUEDUCTO	REDES ACUEDUCTO	4616	CARCAMO PROTECCIÓN DE TUBERÍA Ø 18" (TIPO PLACA) NORMA EAAB NS-090	ML	322170
Antiguo	REDES ACUEDUCTO	REDES ACUEDUCTO	4617	CARCAMO PROTECCIÓN DE TUBERÍA Ø 20" (TIPO PLACA) NORMA EAAB NS-090	ML	334008
Antiguo	REDES ACUEDUCTO	REDES ACUEDUCTO	4618	CARCAMO PROTECCIÓN DE TUBERÍA Ø 24" (TIPO PLACA) NORMA EAAB NS-090	ML	397082
Antiguo	REDES ACUEDUCTO	REDES ACUEDUCTO	4619	CARCAMO PROTECCIÓN DE TUBERÍA Ø 27" (TIPO PLACA) NORMA EAAB NS-090	ML	440397
Antiguo	REDES ACUEDUCTO	REDES ACUEDUCTO	4620	CARCAMO PROTECCIÓN DE TUBERÍA Ø 30" (TIPO PLACA) NORMA EAAB NS-090	ML	508251
Antiguo	REDES ACUEDUCTO	REDES ACUEDUCTO	4621	CARCAMO TIPO PLACA DE PROTECCIÓN PARA TUBERÍA Ø 32" NORMA EAAB NS-090 . 3V.2. INCLUYE: DESPERDICIOS, COMPACTACIÓN Y DESPUNTES.	ML	449017
Antiguo	REDES ACUEDUCTO	REDES ACUEDUCTO	4622	CARCAMO PROTECCIÓN DE TUBERÍA Ø 36" (TIPO PLACA) NORMA EAAB NS-090	ML	564306
Antiguo	REDES ACUEDUCTO	REDES ACUEDUCTO	4624	TUBERIA GRP 300MM (INCLUYE TRANSPORTE). SUMINISTRO E INSTALACION.	ML	438466
Antiguo	REDES ACUEDUCTO	REDES ACUEDUCTO	4625	TUBERIA GRP 400MM (INCLUYE TRANSPORTE). SUMINISTRO E INSTALACION.	ML	549031
Antiguo	REDES ACUEDUCTO	REDES ACUEDUCTO	4626	TUBERIA GRP 500MM (INCLUYE TRANSPORTE). SUMINISTRO E INSTALACION.	ML	687098
Antiguo	REDES ACUEDUCTO	REDES ACUEDUCTO	4627	TUBERIA GRP 600MM (INCLUYE TRANSPORTE). SUMINISTRO E INSTALACION.	ML	741878
Antiguo	REDES ACUEDUCTO	REDES ACUEDUCTO	4628	TUBERIA GRP 700MM (INCLUYE TRANSPORTE). SUMINISTRO E INSTALACION.	ML	923854
Antiguo	REDES ACUEDUCTO	REDES ACUEDUCTO	4629	TUBERIA GRP 800MM (INCLUYE TRANSPORTE). SUMINISTRO E INSTALACION.	ML	1076775
Antiguo	REDES ACUEDUCTO	REDES ACUEDUCTO	4630	TUBERIA GRP 900MM (INCLUYE TRANSPORTE). SUMINISTRO E INSTALACION.	ML	1336143
Antiguo	REDES ACUEDUCTO	REDES ACUEDUCTO	4631	TUBERIA GRP 1000MM (INCLUYE TRANSPORTE). SUMINISTRO E INSTALACION.	ML	1666503
Antiguo	REDES ACUEDUCTO	REDES ACUEDUCTO	4632	TUBERIA GRP 1100MM (INCLUYE TRANSPORTE). SUMINISTRO E INSTALACION.	ML	1887483
Antiguo	REDES ACUEDUCTO	REDES ACUEDUCTO	4633	TUBERIA GRP 1200MM (INCLUYE TRANSPORTE). SUMINISTRO E INSTALACION.	ML	2070876
Antiguo	REDES ACUEDUCTO	REDES ACUEDUCTO	4634	TUBERIA GRP 1300MM (INCLUYE TRANSPORTE). SUMINISTRO E INSTALACION.	ML	2324943
Antiguo	REDES ACUEDUCTO	REDES ACUEDUCTO	4635	TUBERIA GRP 1400MM (INCLUYE TRANSPORTE). SUMINISTRO E INSTALACION.	ML	2941613
Antiguo	REDES ACUEDUCTO	REDES ACUEDUCTO	4636	TUBERIA GRP 1500MM (INCLUYE TRANSPORTE). SUMINISTRO E INSTALACION.	ML	3260289
Antiguo	REDES ACUEDUCTO	REDES ACUEDUCTO	4637	TUBERIA GRP 1600MM (INCLUYE TRANSPORTE). SUMINISTRO E INSTALACION.	ML	3594076
Antiguo	REDES ACUEDUCTO	REDES ACUEDUCTO	4638	TUBERIA GRP 1700MM (INCLUYE TRANSPORTE). SUMINISTRO E INSTALACION.	ML	3941436
Antiguo	ACTIVIDADES CONSERVACIÓN	ACTIVIDADES CONSERVACIÓN	4639	CONSTRUCCIÓN DE PAVIMENTO FLEXIBLE MD10 E=0.08M Y MD20 E= 0.18M (NO INCLUYE SARDINEL)	M2	520211
Antiguo	ACTIVIDADES CONSERVACIÓN	ACTIVIDADES CONSERVACIÓN	4640	CONSTRUCCIÓN DE PAVIMENTO FLEXIBLE MD10 E=0.06M Y MD20 E= 0.18M (NO INCLUYE SARDINEL)	M2	487400
Antiguo	REDES ACUEDUCTO	REDES ACUEDUCTO	4641	ACOPLE GRP 300MM. INCLUYE TRANSPORTE, SUMINISTRO E INSTALACION.	UN	630112
Antiguo	REDES ACUEDUCTO	REDES ACUEDUCTO	4642	ACOPLE GRP 350MM. INCLUYE TRANSPORTE, SUMINISTRO E INSTALACION.	UN	654113
Antiguo	REDES ACUEDUCTO	REDES ACUEDUCTO	4643	ACOPLE GRP 400MM. INCLUYE TTRANSPORTE, SUMINISTRO E INSTALACION.	UN	677126
Antiguo	REDES ACUEDUCTO	REDES ACUEDUCTO	4644	ACOPLE GRP 500MM. INCLUYE TRANSPORTE, SUMINISTRO E INSTALACION.	UN	714480
Antiguo	REDES ACUEDUCTO	REDES ACUEDUCTO	4645	ACOPLE GRP 600MM. INCLUYE TRANSPORTE, SUMINISTRO E INSTALACION.	UN	916265
Antiguo	REDES ACUEDUCTO	REDES ACUEDUCTO	4646	ACOPLE GRP 700MM. INCLUYE TRANSPORTE, SUMINISTRO E INSTALACION.	UN	979339
Antiguo	REDES ACUEDUCTO	REDES ACUEDUCTO	4647	ACOPLE GRP 800MM. INCLUYE TRANSPORTE, SUMINISTRO E INSTALACION.	UN	1057497
Antiguo	REDES ACUEDUCTO	REDES ACUEDUCTO	4648	ACOPLE GRP 900MM. INCLUYE TRANSPORTE, SUMINISTRO E INSTALACION.	UN	1137588
Antiguo	REDES ACUEDUCTO	REDES ACUEDUCTO	4649	ACOPLE GRP 1000MM. INCLUYE TRANSPORTE, SUMINISTRO E INSTALACION.	UN	1194312
Antiguo	REDES ACUEDUCTO	REDES ACUEDUCTO	4650	ACOPLE GRP 1100MM. INCLUYE TRANSPORTE, SUMINISTRO E INSTALACION.	UN	1254232
Antiguo	REDES ACUEDUCTO	REDES ACUEDUCTO	4651	ACOPLE GRP 1200MM. INCLUYE TRANSPORTE, SUMINISTRO E INSTALACION.	UN	1317871
Antiguo	REDES ACUEDUCTO	REDES ACUEDUCTO	4652	ACOPLE GRP 1300MM. INCLUYE TRANSPORTE, SUMINISTRO E INSTALACION.	UN	1383855
Antiguo	REDES ACUEDUCTO	REDES ACUEDUCTO	4653	ACOPLE GRP 1400MM. INCLUYE TRANSPORTE, SUMINISTRO E INSTALACION.	UN	1453479
Antiguo	REDES ACUEDUCTO	REDES ACUEDUCTO	4654	ACOPLE GRP 1500MM. INCLUYE TRANSPORTE, SUMINISTRO E INSTALACION.	UN	1527290
Antiguo	REDES ACUEDUCTO	REDES ACUEDUCTO	4655	ACOPLE GRP 1600MM. INCLUYE TRANSPORTE, SUMINISTRO E INSTALACION.	UN	1661862
Antiguo	REDES ACUEDUCTO	REDES ACUEDUCTO	4656	ACOPLE GRP 1700MM. INCLUYE TRANSPORTE, SUMINISTRO E INSTALACION.	UN	1722968
Antiguo	REDES ACUEDUCTO	REDES ACUEDUCTO	4657	ACOPLE GRP 1800MM. INCLUYE TRANSPORTE, SUMINISTRO E INSTALACION.	UN	1997374
Antiguo	REDES ACUEDUCTO	REDES ACUEDUCTO	4658	ACOPLE GRP 2000MM. INCLUYE TRANSPORTE, SUMINISTRO E INSTALACION.	UN	2125405
Antiguo	REDES ACUEDUCTO	REDES ACUEDUCTO	4659	TUBERIA GRP 1800MM (INCLUYE TRANSPORTE). SUMINISTRO E INSTALACION.	ML	4331802
Antiguo	REDES ACUEDUCTO	REDES ACUEDUCTO	4660	TUBERIA GRP 2000MM (INCLUYE TRANSPORTE). SUMINISTRO E INSTALACION.	ML	5099808
Antiguo	REDES ACUEDUCTO	REDES ACUEDUCTO	4661	TUBERIA GRP 2400MM (INCLUYE TRANSPORTE). SUMINISTRO E INSTALACION.	ML	6887268
Antiguo	REDES ACUEDUCTO	REDES ACUEDUCTO	4662	ACOPLE GRP 2400MM. INCLUYE TRANSPORTE, SUMINISTRO E INSTALACION.	UN	2447258
Antiguo	ACTIVIDADES CONSERVACIÓN	ACTIVIDADES CONSERVACIÓN	4663	PARCHEO EN PAVIMENTO FLEXIBLE E=0.12M. (INCLUYE DEMOLICIÓN MANUAL Y CARGUE DE PAVIMENTO FLEXIBLE DE E=0.12M, TRANSPORTE Y DISPOSICIÓN FINAL DE ESCOMBROS, IMPRIMACIÓN, COLOCACIÓN Y COMPACTACIÓN MD20 E=8CM Y MD12 E=4CM , RIEGO CRR-1, IMPRIMA CLR-0)	M2	214850
Demanda	ACTIVIDADES CONSERVACIÓN	ACTIVIDADES CONSERVACIÓN	4664	CONSTRUCCIÓN DE PAVIMENTO FLEXIBLE E= 0.15M (NO INCLUYE SARDINEL)	M2	420925
Demanda	ACTIVIDADES CONSERVACIÓN	ACTIVIDADES CONSERVACIÓN	4665	REHABILITACIÓN DE PAVIMENTO FLEXIBLE E= 0.18M BG=25CM, SBG=30CM	M2	469123
Demanda	ACTIVIDADES CONSERVACIÓN	ACTIVIDADES CONSERVACIÓN	4666	REHABILITACIÓN DE PAVIMENTO RÍGIDO: LOSAS EN CONCRETO HIDRÁULICO MR45 E=0.20M	M2	365346
Demanda	ACTIVIDADES CONSERVACIÓN	ACTIVIDADES CONSERVACIÓN	4667	CONSTRUCCIÓN DE PAVIMENTO RÍGIDO: LOSAS EN CONCRETO HIDRÁULICO MR45 E=0.20M (NO INCLUYE SARDINEL)	M2	434307
Antiguo	GEOSINTETICOS	GEOTEXTILES	4671	GEOTEXTIL NO TEJIDO CON RESISTENCIA A LA TENSION GRAB: ENTRE 600 N Y 700 N. PARA SEPARACION SUBRASANTE/CAPAS GRANULARES. (INCLUYE SUMINISTRO E INSTALACION).	M2	12267
Antiguo	GEOSINTETICOS	GEOTEXTILES	4672	GEOTEXTIL NO TEJIDO CON RESISTENCIA A LA TENSION GRAB DE 400 N. PARA SUBDRENES/FILTROS. (INCLUYE SUMINISTRO E INSTALACION).	M2	8700
Antiguo	GEOSINTETICOS	GEOTEXTILES	4674	GEOTEXTIL NO TEJIDO CON RESISTENCIA A LA TENSION GRAB: ENTRE 450 N Y 500 N. PARA SUBDRENES/FILTROS. (INCLUYE SUMINISTRO E INSTALACION).	M2	11270
Antiguo	MOBILIARIO URBANO - ARBOLES Y GRAMAS	MOBILIARIO URBANO	4675	CANECA TIPO M120 (EN MALLA METÁLICA. INCLUYE SUMINISTRO E INSTALACIÓN. INCLUYE BASE EN CONCRETO 3000 PSI, PREMEZCLADO	UN	489749
Antiguo	GEOSINTETICOS	GEOTEXTILES	4676	GEOTEXTIL NO TEJIDO CON RESISTENCIA A LA TENSION GRAB: ENTRE 600 N Y 700 N. PARA SUBDRENES/FILTROS. (INCLUYE SUMINISTRO E INSTALACION).	M2	12267
Antiguo	PAVIMENTOS	PAVIMENTOS ARTICULADOS	4678	ADOQUIN DE ARCILLA TR.PESADO 0.20X10X8CM (SUMINISTRO E INSTALACIÓN. INCLUYE BASE 4CM MORTERO 2000 Y ARENA DE SELLO)	M2	133181
Antiguo	MOBILIARIO URBANO - ARBOLES Y GRAMAS	MOBILIARIO URBANO	4686	REPOSICION BOLARDO M63 INCLUYE EXCAVACION CARGUE Y DISPOSICION FINAL DE ESCOMBROS Y BASE EN CONCRETO DE 1500PSI	UN	317995
Antiguo	MOBILIARIO URBANO - ARBOLES Y GRAMAS	MOBILIARIO URBANO	4687	REPOSICION BOLARDO M61 INCLUYE EXCAVACION CARGUE Y DISPOSICION FINAL DE ESCOMBROS Y BASE EN CONCRETO DE 1500PSI	UN	172402
Antiguo	MOBILIARIO URBANO - ARBOLES Y GRAMAS	MOBILIARIO URBANO	4688	REPOSICION DE PROTECTOR DE ARBOL DE UN TUBO M91. INCLUYE EXCAVACION. TRANSPORTE Y DISPOSICION FINAL, INSTALA. NUEVO PROT	UN	279234
Antiguo	MOBILIARIO URBANO - ARBOLES Y GRAMAS	MOBILIARIO URBANO	4689	BOLARDO EN CONCRETO TIPO M60 (SUMINISTRO E INSTALACIÓN. INCLUYE BASE EN CONCRETO 3000 PSI, HECHO EN OBRA)	UN	250114
Antiguo	MOBILIARIO URBANO - ARBOLES Y GRAMAS	MOBILIARIO URBANO	4690	BOLARDO EN CONCRETO TIPO M60 (SUMINISTRO E INSTALACIÓN. INCLUYE BASE EN CONCRETO 3000 PSI, PREMEZCLADO)	UN	252428
Antiguo	MOBILIARIO URBANO - ARBOLES Y GRAMAS	MOBILIARIO URBANO	4691	BOLARDO EN CONCRETO TIPO M60 (SUMINISTRO E INSTALACIÓN. NO INCLUYE BASE EN CONCRETO)	UN	197462
Antiguo	MOBILIARIO URBANO - ARBOLES Y GRAMAS	MOBILIARIO URBANO	4692	BOLARDO EN CONCRETO TIPO M61 (SUMINISTRO E INSTALACIÓN. INCLUYE BASE EN CONCRETO 3000 PSI, HECHO EN OBRA)	UN	219919
Antiguo	MOBILIARIO URBANO - ARBOLES Y GRAMAS	MOBILIARIO URBANO	4693	BOLARDO EN CONCRETO TIPO M61 (SUMINISTRO E INSTALACIÓN. INCLUYE BASE EN CONCRETO 3000 PSI, PREMEZCLADO)	UN	222233
Antiguo	MOBILIARIO URBANO - ARBOLES Y GRAMAS	MOBILIARIO URBANO	4694	BOLARDO EN CONCRETO TIPO M61 (SUMINISTRO E INSTALACIÓN. NO INCLUYE BASE EN CONCRETO 3000)	UN	176637
Antiguo	CONCRETO Y ACERO PARA ESTRUCTURAS	PINTURA PARA ESTRUCTURAS	4695	PINTURA SOBRE ESTRUCTURA METÁLICA GALVANIZADA. INCLUYE LIMPIEZA SSPC-SP3, BARRERA EPOXICA e=3mils, ACABADO URETANO e=3mils	KG	3587
Antiguo	CONCRETO Y ACERO PARA ESTRUCTURAS	PINTURA PARA ESTRUCTURAS	4696	PINTURA SOBRE ESTRUCTURA METÁLICA . INCLUYE LIMPIEZA SSPC-SP5, IMPRIMANTE EPOXICO RICO ZINC Y BARRERA EPOXICA, ACABADO URETANO e=3mils POR CAPA	KG	3986
Antiguo	MOBILIARIO URBANO - ARBOLES Y GRAMAS	MOBILIARIO URBANO	4697	BOLARDO EN HIERRO TIPO M62 (SUMINISTRO E INSTALACIÓN. INCLUYE BASE EN CONCRETO 3000 PSI, PREMEZCLADO)	UN	296389
Antiguo	MOBILIARIO URBANO - ARBOLES Y GRAMAS	MOBILIARIO URBANO	4698	BOLARDO EN HIERRO TIPO M62 (SUMINISTRO E INSTALACIÓN. INCLUYE BASE EN CONCRETO 3000 PSI, HECHO EN OBRA)	UN	295875
Antiguo	MOBILIARIO URBANO - ARBOLES Y GRAMAS	MOBILIARIO URBANO	4699	BOLARDO EN HIERRO TIPO M63 (SUMINISTRO E INSTALACIÓN. INCLUYE BASE EN CONCRETO 3000 PSI PREMEZCLADO)	UN	303807
Antiguo	MOBILIARIO URBANO - ARBOLES Y GRAMAS	MOBILIARIO URBANO	4700	BOLARDO EN HIERRO TIPO M63 (SUMINISTRO E INSTALACIÓN. INCLUYE BASE EN CONCRETO 3000 PSI, HECHO EN OBRA)	UN	297077
Demanda	ACTIVIDADES CONSERVACIÓN	ACTIVIDADES CONSERVACIÓN	4702	MANTENIMIENTO PREVENTIVO ESPACIO PUBLICO. INCLUYE LIMPIEZA E INSTALACION DE SELLO DE ARENA	M2	3671
Antiguo	ANDENES Y SARDINELES	PISOS EN ADOQUINES Y EN LOSETAS	4703	RETIRO DE LOSETA A-50 SOBRE ARENA	M2	2646
Antiguo	ANDENES Y SARDINELES	PISOS EN ADOQUINES Y EN LOSETAS	4704	RETIRO DE LOSETA A-50 SOBRE MORTERO	M2	2904
Demanda	ACTIVIDADES CONSERVACIÓN	ACTIVIDADES CONSERVACIÓN	4708	REHABILITACIÓN DE PAVIMENTO RÍGIDO: LOSAS EN CONCRETO HIDRÁULICO MR45 E=0.27M PARA TRONCAL	M2	579699
Antiguo	ACTIVIDADES CONSERVACIÓN	ACTIVIDADES CONSERVACIÓN	4709	PARCHEO EN PAVIMENTO FLEXIBLE E=0.10M CON MD12. (INCLUYE DEMOLICIÓN MANUAL Y CARGUE DE PAVIMENTO FLEXIBLE DE E=0.10M, TRANSPORTE Y DISPOSICIÓN FINAL DE ESCOMBROS, IMPRIMACIÓN, COLOCACIÓN Y COMPACTACIÓN BASE ASFÁLTICA MD20, IMPRIMA CLR-0)	M2	180947
Antiguo	SEÑALIZACIÓN	DEMARCACION DE PAVIMENTOS	4710	DEMARCACION CON PINTURA TERMOPLASTICA PARA CICLORUTAS (INCLUYE SUMINISTRO, APLICACION CON MICROESFERA) A=10 CM	ML	17184
Antiguo	SEÑALIZACIÓN	DEMARCACION DE PAVIMENTOS	4711	FLECHA DE FRENTE PARA CICLORRUTA EN PINTURA TERMOPLASTICA. (INCLUYE SUMINISTRO, APLICACION CON MICROESFERA)	UN	50521
Antiguo	PAVIMENTOS	PAVIMENTOS EN CONCRETO ASFALTICO	4712	MEZCLA ASFALTICA CON ASFALTO CAUCHO (SUMINISTRO, EXTENDIDO, NIVELACIÓN Y COMPACTACIÓN MECANICA)	M3	1658667
Antiguo	CONCRETO Y ACERO PARA ESTRUCTURAS	CONCRETO PARA ESTRUCTURAS	4737	PILOTE D=80 CM CMCONCRETO TREMIE DE 3000 PSI. (INCLUYE EXCAVACIÓN, TRANSPORTE Y DISPOSICIÓN FINAL DE ESCOMBROS EN SITIO AUTORIZADO A 21 KM, CARGUE Y RETIRO DE SOBRANTES, MOVILIZACIÓN, MONTAJE Y DESMONTAJE DE EQUIPO ENTRE PERFORACIONES DENTRO DE LA OBRA. SUMINISTRO Y COLOCACIÓN DEL CONCRETO CON BOMBA.	ML	1098979
Antiguo	CONCRETO Y ACERO PARA ESTRUCTURAS	CONCRETO PARA ESTRUCTURAS	4738	PILOTE D=70 CM CONCRETO TREMIE DE 3000 PSI. (INCLUYE EXCAVACIÓN, TRANSPORTE Y DISPOSICIÓN FINAL DE ESCOMBROS EN SITIO AUTORIZADO A 21 KM, CARGUE Y RETIRO DE SOBRANTES, MOVILIZACIÓN, MONTAJE Y DESMONTAJE DE EQUIPO ENTRE PERFORACIONES DENTRO DE LA OBRA. SUMINISTRO Y COLOCACIÓN DEL CONCRETO CON BOMBA.	ML	915729
Antiguo	CONCRETO Y ACERO PARA ESTRUCTURAS	CONCRETO PARA ESTRUCTURAS	4739	PILOTE D=90 CM CONCRETO TREMIE DE 3000 PSI. (INCLUYE EXCAVACIÓN, TRANSPORTE Y DISPOSICIÓN FINAL DE ESCOMBROS EN SITIO AUTORIZADO A 21 KM, CARGUE Y RETIRO DE SOBRANTES, MOVILIZACIÓN, MONTAJE Y DESMONTAJE DE EQUIPO ENTRE PERFORACIONES DENTRO DE LA OBRA. SUMINISTRO Y COLOCACIÓN DEL CONCRETO CON BOMBA.	ML	1409785
Antiguo	CONCRETO Y ACERO PARA ESTRUCTURAS	CONCRETO PARA ESTRUCTURAS	4740	PILOTE D=100 CM CONCRETO TREMIE DE 3000 PSI.(INCLUYE EXCAVACIÓN, TRANSPORTE Y DISPOSICIÓN FINAL DE ESCOMBROS EN SITIO AUTORIZADO A 21 KM, CARGUE Y RETIRO DE SOBRANTES, MOVILIZACIÓN, MONTAJE Y DESMONTAJE DE EQUIPO ENTRE PERFORACIONES DENTRO DE LA OBRA. SUMINISTRO Y COLOCACIÓN DEL CONCRETO CON BOMBA.	ML	1504460
Antiguo	CONCRETO Y ACERO PARA ESTRUCTURAS	CONCRETO PARA ESTRUCTURAS	4741	PILOTE D=110 CM CONCRETO TREMIE DE 3000 PSI.(INCLUYE EXCAVACIÓN, TRANSPORTE Y DISPOSICIÓN FINAL DE ESCOMBROS EN SITIO AUTORIZADO A 21 KM, CARGUE Y RETIRO DE SOBRANTES, MOVILIZACIÓN, MONTAJE Y DESMONTAJE DE EQUIPO ENTRE PERFORACIONES DENTRO DE LA OBRA. SUMINISTRO Y COLOCACIÓN DEL CONCRETO CON BOMBA.	ML	1726690
Antiguo	CONCRETO Y ACERO PARA ESTRUCTURAS	CONCRETO PARA ESTRUCTURAS	4742	PILOTE D=120 CM CONCRETO TREMIE DE 3000 PSI. (INCLUYE EXCAVACIÓN, TRANSPORTE Y DISPOSICIÓN FINAL DE ESCOMBROS EN SITIO AUTORIZADO A 21 KM, CARGUE Y RETIRO DE SOBRANTES, MOVILIZACIÓN, MONTAJE Y DESMONTAJE DE EQUIPO ENTRE PERFORACIONES DENTRO DE LA OBRA. SUMINISTRO Y COLOCACIÓN DEL CONCRETO CON BOMBA.	ML	1961913
Antiguo	RELLENOS Y CAPAS GRANULARES	CAPAS GRANULARES	4743	BASE GRANULAR CLASE B (BG_B) CON RECICLADO DE CONCRETO (SUMINISTRO, EXTENDIDO, NIVELACIÓN, HUMEDECIMIENTO Y COMPACTACIÓN CON VIBROCOMPACTADOR)	M3	179874
Antiguo	RELLENOS Y CAPAS GRANULARES	CAPAS GRANULARES	4744	BASE GRANULAR CLASE A (BG_A) CON RECICLADO DE CONCRETO HIDRAULICO (SUMINISTRO, EXTENDIDO, NIVELACIÓN, HUMEDECIMIENTO Y COMPACTACIÓN CON VIBROCOMPACTADOR)	M3	197073
Antiguo	RELLENOS Y CAPAS GRANULARES	CAPAS GRANULARES	4745	BASE GRANULAR CLASE C (BG_C) CON RECICLADO DE CONCRETO (SUMINISTRO, EXTENDIDO, NIVELACIÓN, HUMEDECIMIENTO Y COMPACTACIÓN CON VIBROCOMPACTADOR)	M3	171734
Antiguo	RELLENOS Y CAPAS GRANULARES	CAPAS GRANULARES	4746	SUBBASE GRANULAR CLASE A (SBG_A) CON RECICLADO DE CONCRETO HIDRAULICO (SUMINISTRO, EXTENDIDO, NIVELACIÓN, HUMEDECIMIENTO Y COMPACTACIÓN CON VIBROCOMPACTADOR)	M3	170083
Antiguo	RELLENOS Y CAPAS GRANULARES	CAPAS GRANULARES	4747	SUBBASE GRANULAR CLASE B (SBG_B) CON RECICLADO DE CONCRETO (SUMINISTRO, EXTENDIDO, NIVELACIÓN, HUMEDECIMIENTO Y COMPACTACIÓN CON VIBROCOMPACTADOR)	M3	167179
Antiguo	RELLENOS Y CAPAS GRANULARES	CAPAS GRANULARES	4748	SUBBASE GRANULAR CLASE C (SBG_C) CON RECICLADO DE CONCRETO HIDRAULICO (SUMINISTRO, EXTENDIDO, NIVELACIÓN, HUMEDECIMIENTO Y COMPACTACIÓN CON VIBROCOMPACTADOR)	M3	159313
Antiguo	RELLENOS Y CAPAS GRANULARES	CAPAS GRANULARES	4749	SUBBASE GRANULAR CON RECICLADO DE CONCRETO ASFALTICO (SUMINISTRO, EXTENDIDO, NIVELACIÓN, HUMEDECIMIENTO Y COMPACTACIÓN CON VIBROCOMPACTADOR)	M3	198443
Demanda	ACTIVIDADES CONSERVACIÓN	ACTIVIDADES CONSERVACIÓN	4750	REHABILITACION CON MATERIAL RECICLADO CON EMULSION Y SOBRECARPETA DE 5CM	M3	585799
Antiguo	ANDENES Y SARDINELES	ANDENES EN CONCRETO	4751	FRANJA DE AJUSTE EN CONCRETO 3000 PSI E= 10 CM ANCHO ENTRE 12-20CM	ML	16528
Antiguo	RELLENOS Y CAPAS GRANULARES	CAPAS GRANULARES	4753	SUBBASE GRANULAR CLASE A (SBG_A) CON RECICLADO DE CONCRETO HIDRAULICO (SUMINISTRO, EXTENDIDO MANUAL, HUMEDECIMIENTO Y COMPACTACIÓN CON VIBROCOMPACTADOR)	M3	180957
Antiguo	RELLENOS Y CAPAS GRANULARES	CAPAS GRANULARES	4754	SUBBASE GRANULAR CLASE B (SBG_B) CON RECICLADO DE CONCRETO HIDRAULICO (SUMINISTRO, EXTENDIDO MANUAL, HUMEDECIMIENTO Y COMPACTACIÓN)	M3	178053
Antiguo	RELLENOS Y CAPAS GRANULARES	CAPAS GRANULARES	4755	SUBBASE GRANULAR CLASE C (SBG_C) CON RECICLADO DE CONCRETO HIDRAULICO (SUMINISTRO, EXTENDIDO MANUAL, HUMEDECIMIENTO Y COMPACTACIÓN)	M3	170187
Antiguo	ACTIVIDADES CONSERVACIÓN	ACTIVIDADES CONSERVACIÓN	4758	SELLO DE FISURAS	ML	10600
Antiguo	PUENTES	PUENTES PEATONALES	4759	RETIRO DE PISO EN ALUMINIO EN PUENTE PEATONAL TIPO TRANSMILENIO PARA TABLERO Y ESCALERA	ML	65459
Antiguo	PUENTES	PUENTES PEATONALES	4762	RETIRO DE PISOS EN PANELES PREFABRICADOS EN CONCRETO REFORZADO PARA ESTACIONES TRANSMILENIO	ML	60133
Antiguo	PUENTES	PUENTES PEATONALES	4764	AJUSTE DE TORNILLO EN PISO DE PUENTES PEATONALES METALICOS TIPO TRANSMILENIO	UN	2489
Antiguo	PUENTES	PUENTES PEATONALES	4765	TORNILLO EN PISO DE PUENTES PEATONALES METALICOS TIPO TRANSMILENIO. SUMINISTRO E INSTALACION.	UN	2957
Antiguo	MALLA VIAL RURAL	VIAS RURALES	4776	LIMPIEZA DE CUNETAS (INCLUYE CARGUE DE MATERIAL)	M2	3227
Antiguo	MALLA VIAL RURAL	VIAS RURALES	4777	LIMPIEZA DE VALLADOS (INCLUYE CARGUE DE MATERIAL)	M2	11577
Antiguo	MALLA VIAL RURAL	VIAS RURALES	4778	LIMPIEZA DE ALCANTARILLAS (INCLUYE LIMPIEZA DE TUBERIA DE 24", BOX, RECTIFICACION DE DESCOLES PARA UN ANCHO DE VIA PROMEDIO DE 10MT. (INCLUYE CARGUE DE MATERIAL)	UN	98413
Antiguo	MALLA VIAL RURAL	VIAS RURALES	4779	LIMPIEZA DE ALCANTARILLAS (INCLUYE LIMPIEZA DE TUBERIA DE 36", BOX, RECTIFICACION DE DESCOLES PARA UN ANCHO DE VIA PROMEDIO DE 10MT. (INCLUYE CARGUE DE MATERIAL)	UN	222697
Antiguo	MALLA VIAL RURAL	VIAS RURALES	4780	LIMPIEZA DE DERECHOS DE VIA (INCLUYE CARGUE)	KM	520053
Antiguo	MALLA VIAL RURAL	VIAS RURALES	4781	REMOCION DE DERRUMBES MENORES (INCLUYE CARGUE DE MATERIAL)	M3	21874
Antiguo	MALLA VIAL RURAL	VIAS RURALES	4782	CONFORMACION DE LA CALZADA EXISTENTE	M2	1319
Antiguo	MALLA VIAL RURAL	VIAS RURALES	4783	CONSTRUCCIÓN DE CUNETA EN CONCRETO 3000 PSI HECHO EN OBRA.	M3	812877
Antiguo	ACTIVIDADES CONSERVACIÓN	ACTIVIDADES CONSERVACIÓN	4784	PROCESO DE INSTALACION DE RECICLADO DE MATERIAL DE PAVIMENTO ASFALTICO (INCLUYE EXTENDIDO, NIVELACION Y COMPACTACION)	M3	25457
Antiguo	REDES ALCANTARILLADO / DRENAJE	REDES ALCANTARILLADO / DRENAJE	4786	CONSTRUCCIÓN CANALETA DE AGUAS LLUVIAS DE 0.4 X 0.4 MT EN CONCRETO DE 3000 PSI GRAVA COMÚN INCLUYE REJILLA PREFABRICADA.	ML	372429
Antiguo	REDES ACUEDUCTO	REDES ACUEDUCTO	4787	CODO PVC 45° D=1 1/2" (SUMINISTRO E INSTALACIÓN)	UN	19997
Antiguo	GEOSINTETICOS	GEOTEXTILES	4788	GEODREN (RED DRENANTE DE POLIETILENO DE ALTA DENSIDAD PEAD-HDPE Y GEOTEXTIL NO TEJIDO) CON ALTURA DE 1.0 M. (SUMINISTRO E INSTALACION).	ML	57098
Antiguo	REDES TELEFONICAS / DATOS	RED TELEFONICA ETB	4789	1 DUCTO D=1 1/2" CONDUIT PVC (NO INCLUYE RELLENOS). SUMINISTRO E INSTALACION.	ML	14255
Antiguo	REDES ELECTRICAS	RED ELÉCTRICA CODENSA	4790	1 DUCTO D= 2" PVC PESADO DB (NO INCLUYE RELLENOS). SUMINISTRO E INSTALACION.	ML	14367
Antiguo	REDES ELECTRICAS	RED ELÉCTRICA CODENSA	4791	1 DUCTO D= 4" PVC TDP (NO INCLUYE RELLENOS). SUMINISTRO E INSTALACION.	ML	33496
Antiguo	RELLENOS Y CAPAS GRANULARES	RELLENOS PARA ANDENES Y REDES	4792	RELLENO EN RECEBO COMUN (SUMINISTRO E INSTALACIÓN EXTENDIDO MANUAL, HUMEDECIMIENTO Y COMPACTACIÓN TRANSPORTE A 28 KM).	M3	112980
Antiguo	MOBILIARIO URBANO - ARBOLES Y GRAMAS	SIEMBRA DE ARBOLES Y GRAMA	4794	PLANTACION DE LLAMA AMARILLA (INCLUYE SUMINISTRO AL SITIO DE OBRA, PLANTACION, TIERRA NEGRA, ABONO, TUTOR Y TRANSPORTE Y DISPOSICIÓN FINAL DE ESCOMBROS A 28 KM).	M2	76507
Antiguo	MOBILIARIO URBANO - ARBOLES Y GRAMAS	SIEMBRA DE ARBOLES Y GRAMA	4795	PLANTACION DE COLA DE ZORRO (INCLUYE SUMINISTRO AL SITIO DE OBRA, PLANTACION, TIERRA NEGRA Y TRANSPORTE Y DISPOSICIÓN FINAL DE ESCOMBROS A 28 KM).	M2	67883
Antiguo	MOBILIARIO URBANO - ARBOLES Y GRAMAS	SIEMBRA DE ARBOLES Y GRAMA	4797	PLANTACION DE EUCALIPTO POMARROSO H=1.5 M. (INCLUYE SUMINISTRO AL SITIO DE OBRA, PLANTACION, CAJA, TIERRA, ABONO, TUTOR Y TRANSPORTE Y DISPOSICIÓN FINAL DE ESCOMBROS A 21 KM).	UN	254267
Antiguo	MOBILIARIO URBANO - ARBOLES Y GRAMAS	SIEMBRA DE ARBOLES Y GRAMA	4798	PLANTACION DE CHICALA H=1.5 M. (INCLUYE SUMINISTRO AL SITIO DE OBRA, PLANTACION, CAJA, TIERRA, ABONO, TUTOR Y TRANSPORTE Y DISPOSICIÓN FINAL DE ESCOMBROS 28 KM).	UN	189037
Antiguo	MOBILIARIO URBANO - ARBOLES Y GRAMAS	SIEMBRA DE ARBOLES Y GRAMA	4800	PLANTACION DE JAZMIN CHINO H=1.5 M. (INCLUYE SUMINISTRO AL SITIO DE OBRA, PLANTACION, CAJA, TIERRA, ABONO, TUTOR Y TRANSPORTE Y DISPOSICIÓN FINAL DE ESCOMBROS 28KM).	UN	253376
Antiguo	REDES ACUEDUCTO	REDES ACUEDUCTO	4801	TUBERIA PVC PRESION E.L. D=1 1/2" RDE 21 PSI 200 (INCLUYE LIMPIEZA Y SOLDADURA). SUMINISTRO E INSTALACION.	ML	20615
Antiguo	MOBILIARIO URBANO - ARBOLES Y GRAMAS	SIEMBRA DE ARBOLES Y GRAMA	4802	BLOQUEO Y TRANSPLANTE DE ARBOLES 1 - 5MT (INCLUYE TRANSPORTE, RECOLECCIÓN).	UN	1104913
Antiguo	MOBILIARIO URBANO - ARBOLES Y GRAMAS	SIEMBRA DE ARBOLES Y GRAMA	4803	BLOQUEO Y TRANSPLANTE DE ARBOLES 5 - 10 MT (INCLUYE TRANSPORTE, RECOLECCIÓN).	UN	1657370
Antiguo	MOBILIARIO URBANO - ARBOLES Y GRAMAS	SIEMBRA DE ARBOLES Y GRAMA	4804	BLOQUEO Y TRANSPLANTE DE ARBOLES 10 - 15 MT (INCLUYE TRANSPORTE, RECOLECCIÓN).	UN	2209827
Antiguo	REDES ACUEDUCTO	REDES ACUEDUCTO	4805	TUBERIA DE ACERO AL CARBON SIN COSTURA SCH40 D=3". SUMINISTRO E INSTALACION.	ML	158835
Antiguo	ANÁLISIS AUXILIARES	CUADRILLAS (INCLUYE FACTOR PRESTACIONAL)	4806	CUADRILLA (TUBERO + 4 AYUDANTES).	JR	528918
Antiguo	ANÁLISIS AUXILIARES	CUADRILLAS (INCLUYE FACTOR PRESTACIONAL)	4807	CUADRILLA (TUBERO + 4 AYUDANTES)	HR	75559
Antiguo	REDES ACUEDUCTO	REDES ACUEDUCTO	4809	TUBERIA DE ACERO AL CARBON SIN COSTURA SCH40 D=6". SUMINISTRO E INSTALACION.	ML	386134
Antiguo	REDES ACUEDUCTO	REDES ACUEDUCTO	4810	TUBERIA DE ACERO AL CARBON SIN COSTURA SCH40 D=8". SUMINISTRO E INSTALACION.	ML	647713
Antiguo	ANDENES Y SARDINELES	SARDINELES Y BORDILLOS	4812	SARDINEL ESPECIAL A 110 PARA RAMPA TIPO B (SUMINISTRO E INSTALACION. INCLUYE 3CM MORTERO 1:5 HECHO EN OBRA).	ML	157694
Antiguo	MOBILIARIO URBANO - ARBOLES Y GRAMAS	MOBILIARIO URBANO	4813	RETIRO DE BOLARDO EN CONCRETO TIPO M-60. INCLUYE REPARACION DEL SITIO CON CONCRETO DE 1500PSI HECHO EN OBRA (40X40X10CM) Y SUBBASE GRANULAR SBG_200 E=0.35. NO INCLUYE RETIRO DE ESCOMBROS. INCLUYE DEMOLICION Y EXCAVACION.	UN	37826
Antiguo	ANDENES Y SARDINELES	ANDENES EN CONCRETO	4814	FRANJA DE AJUSTE DE ANCHO VARIABLE ENTRE 0.10 A 0.18MT Y PROFUNDIDAD VARIABLE ENTRE 0.06 Y 0.15MT EN CONCRETO DE 2500 PSI PREMEZCLADO.	ML	13877
Antiguo	SEÑALIZACIÓN	DEMARCACION DE PAVIMENTOS	4826	RESINA TERMOPLASTICA COLOR BLANCO PARA PICTOGRAMA BICICLETA (0.8X1.2MT) EN CICLORRUTAS. SUMINISTRO Y APLICACION.	UN	164964
Antiguo	SEÑALIZACIÓN	DEMARCACION DE PAVIMENTOS	4827	PINTURA ACRILICA DE TRAFICO COLOR BLANCA PARA CUADROS CRUCE CICLORRUTA DE 0.4MT X 0.4MT. SUMINISTRO Y APLICACION.	UN	7329
Antiguo	CONCRETO Y ACERO PARA ESTRUCTURAS	PINTURA PARA ESTRUCTURAS	4828	PINTURA EN ESMALTE ALQUÍDICO DE 3 MILS ESP. DE PINTURA SECA PARA BARANDAS EXISTENTES, INCL. SUM. DE MATERIALES, ESMALTE, PREPAR. DE SUPERFICIE MEDIANTE LIMPIEZA MANUAL O MECÁNICA, EQUIPO DE PINTURA, M DE O HERRAMIENTA MENOR.	ML	38881
Antiguo	CONCRETO Y ACERO PARA ESTRUCTURAS	CONCRETO PARA ESTRUCTURAS	4829	PLACA EN CONCRETO MR41 ACELERADO A TRES DIAS PARA LOSAS REFORZADAS PARA PUENTES PEATONALES EN CONCRETO. SUMINISTRO E INSTALACION. INCLUYE CORTE Y SELLO DE JUNTAS.	M3	1248162
Demanda	PUENTES	PUENTES	4830	MANTENIMIENTO RUTINARIO PARA PUENTE PEATONAL, INCLUYE LAVADO DE ESTRUCTURAS EN CONCRETO Y/O METALICAS A PRESION, INCLUYE ALQUILER DE HIDROLAVADORA 1300W..	M2	12082
Demanda	PUENTES	PUENTES	4831	MANTENIMIENTO CORRECTIVO PARA PUENTE PEATONAL EN CONCRETO, INCLUYE REEMPLAZO DE PELDAÑOS DE ESCALERAS Y PISO DE PUENTE, SELLO DE JUNTAS AJUSTE Y PINTURA DE BARANDAS Y PINTURA DEL PUENTE.	M2	204662
Antiguo	SEÑALIZACIÓN	DEMARCACION DE PAVIMENTOS	4832	SEGREGADOR BICICLETA (TACHON PLASTICO O CAUCHO ALTA RESISTENCIA COMO POLIPROPILENO DE ALTO IMPACTO, CON ESTRUCTURA DE REFUERZO, ELEMENTOS REFLECTIVOS DE ALTA EFICIENCIA. TIPO TRANSMILENIO 40.5CMX15CMX8.5CM). SUMIN. E INSTAL.	UN	76282
Antiguo	MOBILIARIO URBANO - ARBOLES Y GRAMAS	MOBILIARIO URBANO	4833	RETIRO DE CANECAS, SEÑALES DE TRANSITO PROTECTORES DE ARBOLES. INCLUYE REPARACION DEL SITIO EN CONCRETO DE 1500 PSI HECHO EN OBRA Y SUBBASE GRANULAR B-200 E=0.35M DISTANCIA DE TRANSPORTE 21KM.	UN	17254
Antiguo	ANDENES Y SARDINELES	SARDINELES Y BORDILLOS	4834	PIEZA DE REMATE PARA RAMPA PEATONAL, LONGITUD 1,40MTS FUNDIDO EN SITIO EN CONCRETO PREMEZCLADO DE 3000 PSI (GRAVA COMUN) INCLUYE FORMALETA EN MADERA. SUMINISTRO Y CONSTRUCCION.	UN	167920
Antiguo	RELLENOS Y CAPAS GRANULARES	CAPAS GRANULARES	4835	BASE GRANULAR BG-A ESTABILIZADA CON CEMENTO AL 5% (INCLUYE SUMINISTRO TRANSPORTE, COLOCACIÓN Y COMPACTACION).	M3	368074
Antiguo	RELLENOS Y CAPAS GRANULARES	CAPAS GRANULARES	4836	BASE GRANULAR CLASE A (BG_A) ESTABILIZADA AL 4% CON EMULSIÓN ASFÁLTICA CRL-1 (INCLUYE SUMINISTRO TRANSPORTE, COLOCACION Y COMPACTACION).	M3	537059
Antiguo	RELLENOS Y CAPAS GRANULARES	RELLENOS PARA ANDENES Y REDES	4837	RELLENO CON MEZCLA DE GRAVILLA DE 3/4" Y ARENA DE RIO (RELACIÓN 1:1) SUMINISTRO Y COLOCACIÓN. (INCLUYE TRANSPORTE, SUMINISTRO, EXTENDIDO MANUAL Y COLOCACIÓN).	M3	223097
Antiguo	RELLENOS Y CAPAS GRANULARES	CAPAS GRANULARES	4838	RELLENO CON GRAVA ENTRE 3/4" Y 1/2" PARA FILTROS (RELACIÓN 1:1) SUMINISTRO Y COLOCACIÓN. (INCLUYE TRANSPORTE, SUMINISTRO, EXTENDIDO MANUAL Y COLOCACIÓN).	M3	199390
Antiguo	REDES ACUEDUCTO	REDES ACUEDUCTO	4839	EMPATES DE TUBERÍA EN PVC A PVC 6" LINEAL SEGÚN NORMA NS-023. SUMINISTRO E INSTALACIÓN. (INCLUYE ACCESORIOS).	UN	661603
Antiguo	REDES ACUEDUCTO	REDES ACUEDUCTO	4840	EMPATES DE TUBERÍA EN PVC A PVC 3" LINEAL SEGÚN NORMA NS-023 (INCLUYE ACCESORIOS). SUMINISTRO E INSTALACIÓN.	UN	205126
Antiguo	REDES ACUEDUCTO	REDES ACUEDUCTO	4841	EMPATES DE TUBERÍA EN PVC A PVC 4" LINEAL SEGÚN NORMA NS-023 (INCLUYE ACCESORIOS). SUMINISTRO E INSTALACIÓN.	UN	291489
Antiguo	REDES ACUEDUCTO	REDES ACUEDUCTO	4842	EMPATES DE TUBERÍA EN PVC A AC 4" LINEAL SEGÚN NORMA NS-023 SUMINISTRO E INSTALACIÓN. (INCLUYE ACCESORIOS).	UN	456149
Antiguo	REDES ACUEDUCTO	REDES ACUEDUCTO	4843	EMPATES DE TUBERÍA EN PVC A AC 3" LINEAL SEGÚN NORMA NS-023. SUMINISTRO E INSTALACIÓN. (INCLUYE ACCESORIOS).	UN	340103
Antiguo	REDES ACUEDUCTO	REDES ACUEDUCTO	4844	EMPATES DE TUBERÍA EN PVC A PVC 12" LINEAL SEGÚN NORMA NS-023 (INCLUYE ACCESORIOS). SUMINISTRO E INSTALACIÓN.	UN	3381445
Antiguo	REDES ACUEDUCTO	REDES ACUEDUCTO	4845	EMPATES DE TUBERÍA EN PVC A PVC 8" LINEAL SEGÚN NORMA NS-023. SUMINISTRO E INSTALACIÓN. (INCLUYE ACCESORIOS).	UN	1202254
Antiguo	DEMOLICIONES	DEMOLICIONES	4846	DEMOLICIÓN MANUAL DE CAJA DOBLE CS 276 (INCLUYE DEMOLICIÓN DE PLACA PISO, TAPA, MUROS Y CAÑUELAS Y CARGUE).	UN	225099
Antiguo	DEMOLICIONES	DEMOLICIONES	4848	DEMOLICION DE TUBERIAS DE ACUEDUCTO Y ALCANTARILLADO Ø < 36" (INCLUYE MARTILLO NEUMÁTICO DE 60 LB Y CARGUE).	ML	13637
Antiguo	DEMOLICIONES	DEMOLICIONES	4849	DEMOLICION O RETIRO MANUAL DE TUBERIAS DE AC Ø < 12" (INCLUYE CARGUE).	ML	4503
Antiguo	DEMOLICIONES	DEMOLICIONES	4850	DEMOLICION DE POZOS, CAJAS Y CAMARAS DE EMPRESAS DE SERVICIOS PÚBLICOS (INCLUYE MARTILLO NEUMÁTICO DE 60 LB, COMPRESOR Y CARGUE).	M3	358279
Antiguo	REDES ACUEDUCTO	REDES ACUEDUCTO	4851	REPARACIÓN DE ACOMETIDA HIDRÁULICA DE LA CAJILLA HACIA EL PREDIO (INCLUYE EL RETIRO DE LA TUBERÍA EXISTENTE E INSTALACIÓN DE TUBERÍA NUEVA).	UN	36270
Antiguo	CONCRETO Y ACERO PARA ESTRUCTURAS	CONCRETO PARA ESTRUCTURAS	4853	ESTRIBOS Y SUPERESTRUCTURA EN CONCRETO GRAVA COMÚN 3500 PSI (245 KG/CM2), SUMINISTRO Y COLOCACIÓN. (INCLUYE FORMALETA. NO INCLUYE REFUERZO NI CURADO).	M3	776088
Antiguo	CONCRETO Y ACERO PARA ESTRUCTURAS	CONCRETO PARA ESTRUCTURAS	4854	ESTRIBOS Y SUPERESTRUCTURA EN CONCRETO GRAVA COMÚN 4000 PSI (280 KG/CM2), SUMINISTRO Y COLOCACIÓN. (INCLUYE FORMALETA. NO INCLUYE REFUERZO NI CURADO).	M3	794478
Antiguo	ANDENES Y SARDINELES	ANDENES EN CONCRETO	4855	CONSTRUCCIÓN DE FRANJA DE AJUSTE EN CONCRETO PREMEZCLADO GRAVA COMÚN 3000 PSI, ESPESOR PROMEDIO 10 CM..	M2	64652
Antiguo	ANDENES Y SARDINELES	PISOS EN ADOQUINES Y EN LOSETAS	4856	PISOS EN LOSETA PREFABRICADA A55 TÁCTIL ALERTA O A56 GUIA 40X40X6 CM. SUMINISTRO E INSTALACIÓN. (INCLUYE 4CM DE MORTERO 1:5 HECHO EN OBRA PARA BASE Y ARENA LAVADA DE PEÑA PARA SELLO).	M2	134748
Antiguo	PAVIMENTOS	PAVIMENTOS EN CONCRETO ASFALTICO	4857	IMPRIMACIÓN CON EMULSIÓN ASFÁLTICA CRL-1 (INCLUYE SUMINISTRO, BARRIDO DE SUPERFICIE Y RIEGO MECANICO).	M2	3721
Antiguo	REDES ACUEDUCTO	REDES ACUEDUCTO	4858	KIT DE NIVELACIÓN PARA HIDRANTE DE DIÁMETRO DE 6", LONGITUD 400MM. SUMINISTRO E INSTALACIÓN. (INCLUYE TRANSPORTE Y TODOS LOS ELEMENTOS NECESARIOS PARA SU INSTALACIÓN).	UN	1441596
Antiguo	ANDENES Y SARDINELES	SARDINELES Y BORDILLOS	4859	BORDE CONTENEDOR DE RAICES A 70 (INCLUYE SUMINISTRO E INSTALACIÓN, INCLUYE BASE DE 3CM EN MORTERO 1:3 HECHO EN OBRA)	ML	53964
Antiguo	SEÑALIZACIÓN	DEMARCACION DE PAVIMENTOS	4860	DEMARCACIÓN PICTOGRAMA TRIÁNGULOS CEDA EL PASO EN PINTURA TERMOPLÁSTICA. (E=2.3MM. INCLUYE SUMINISTRO Y APLICACIÓN CON EQUIPO. INCLUYE MICROESFERAS( (A= 1.434M2). INCLUYE PICTOGRAMA.	UN	246415
Antiguo	CONCRETO Y ACERO PARA ESTRUCTURAS	CONCRETOS Y MORTEROS HECHOS EN OBRA	4861	GRAVILLA DE 3/4" PEGADA CON MORTERO 1:3, E= 0.20M PARA ENTREGA A CANAL (INCLUYE SUMINISTRO E INSTALACIÓN).	M2	157009
Antiguo	REDES ALCANTARILLADO / DRENAJE	REDES ALCANTARILLADO / DRENAJE	4862	TUBERÍA CONCRETO D= 32" CL. III REFORZADA. SUMINISTRO E INSTALACIÓN.	ML	1353756
Antiguo	SEÑALIZACIÓN	DEMARCACION DE PAVIMENTOS	4863	DEMARCACIÓN DE LINEA DE PASO PEATONAL CONTINUA A= 0.3MT, E= 2.3MM TERMOPLÁSTICA. INCLUYE SUMINISTRO Y APLICACIÓN CON EQUIPO. INCLUYE MICROESFERAS.	ML	51552
Antiguo	SEÑALIZACIÓN	DEMARCACION DE PAVIMENTOS	4864	DEMARCACIÓN DE LINEA SENDERO PEATONAL CONTINUA A= 0.4MT, E= 2.3MM TERMOPLÁSTICA. INCLUYE SUMINISTRO Y APLICACIÓN CON EQUIPO. INCLUYE MICROESFERAS.	ML	68735
Antiguo	SEÑALIZACIÓN	DEMARCACION DE PAVIMENTOS	4865	DEMARCACIÓN LINEA DE CANALIZACIÓN A= 0.2MT, E= 2.3MM TERMOPLÁSTICA. INCLUYE SUMINISTRO Y APLICACIÓN CON EQUIPO. INCLUYE MICROESFERAS.	ML	34368
Antiguo	SEÑALIZACIÓN	DEMARCACION DE PAVIMENTOS	4866	DEMARCACIÓN ZONA ANTIBLOQUEO A= 0.4MT, E= 2.3MM TERMOPLÁSTICA. INCLUYE SUMINISTRO Y APLICACIÓN CON EQUIPO. INCLUYE MICROESFERAS.	ML	68735
Antiguo	SEÑALIZACIÓN	DEMARCACION DE PAVIMENTOS	4867	DEMARCACIÓN LINEA DE PARE A= 0.6MT, E= 2.3MM TERMOPLÁSTICA. INCLUYE SUMINISTRO Y APLICACIÓN CON EQUIPO. INCLUYE MICROESFERAS.	ML	103103
Antiguo	DEMOLICIONES	DEMOLICIONES	4869	DEMOLICIÓN MANUAL DE CAJA SENCILLA CS 275 (INCLUYE DEMOLICIÓN DE PLACA PISO, TAPA, MUROS Y CAÑUELAS Y CARGUE).	UN	112551
Antiguo	DEMOLICIONES	DEMOLICIONES	4870	DEMOLICIÓN MANUAL DE CÁMARA T-14 (INCLUYE DEMOLICIÓN DE PLACA PISO, TAPA, MUROS Y CAÑUELAS Y CARGUE).	UN	112551
Antiguo	DEMOLICIONES	DEMOLICIONES	4871	DEMOLICIÓN MANUAL DE CÁMARA DE PASO SENCILLA ETB (INCLUYE DEMOLICIÓN DE PLACA PISO, TAPA, MUROS Y CAÑUELAS Y CARGUE).	UN	56276
Antiguo	REDES ACUEDUCTO	REDES ACUEDUCTO	4872	REDUCCIÓN CONCENTRICA HD EL 4" X 3". SUMINISTRO E INSTALACIÓN.	UN	282870
Antiguo	REDES ACUEDUCTO	REDES ACUEDUCTO	4873	REDUCCIÓN CONCENTRICA HD EL 8" X 6". SUMINISTRO E INSTALACIÓN.	UN	803555
Antiguo	REDES ACUEDUCTO	REDES ACUEDUCTO	4874	REDUCCIÓN HD 6" X 4" J.H. SUMINISTRO E INSTALACIÓN.	UN	609236
Antiguo	REDES ACUEDUCTO	REDES ACUEDUCTO	4875	REDUCCIÓN HD 4" X 2" J.H. SUMINISTRO E INSTALACIÓN.	UN	226080
Antiguo	REDES ACUEDUCTO	REDES ACUEDUCTO	4876	RELOCALIZACIÓN DE MEDIDOR DE ACUEDUCTO D= 3/4" (INCLUYE: 1MT TUBERÍA GALVANIZADA D= 3/4", SOLDADURA, CINTA DE TEFLON, REPOSICIÓN DE CAJILLA EN POLIPROPILENO DE ALTA RESISTENCIA CON TAPA. NO INCLUYE MEDIDOR).	UN	462400
Antiguo	REDES ACUEDUCTO	REDES ACUEDUCTO	4877	RELOCALIZACIÓN DE MEDIDOR DE ACUEDUCTO D= 1" (INCLUYE: 1MT TUBERÍA GALVANIZADA D= 1", SOLDADURA, CINTA DE TEFLON, REPOSICIÓN DE CAJILLA EN POLIPROPILENO DE ALTA RESISTENCIA CON TAPA. NO INCLUYE MEDIDOR).	UN	415110
Antiguo	REDES ACUEDUCTO	REDES ACUEDUCTO	4878	CONEXIONES KIT SILLA YEE 200 X 160 PVC. SUMINISTRO E INSTALACIÓN.	UN	222961
Antiguo	REDES ACUEDUCTO	REDES ACUEDUCTO	4879	CONEXIONES KIT SILLA YEE 315 X 160 PVC. SUMINISTRO E INSTALACIÓN.	UN	375450
Antiguo	REDES ACUEDUCTO	REDES ACUEDUCTO	4880	26 DUCTOS D= 4" DE PVC TDP. SUMINISTRO E INSTALACIÓN. (NO INCLUYE RELLENO).	ML	812020
Antiguo	MOBILIARIO URBANO - ARBOLES Y GRAMAS	SIEMBRA DE ARBOLES Y GRAMA	4882	PLANTACIÓN DE EUCALIPTO POMARROSO H= 1.5M. (INCLUYE SUMINISTRO AL SITIO DE OBRA, PLANTACION, CAJA, TIERRA, ABONO, TUTOR, Y TRANSPORTE Y DISPOSICIÓN FINAL DE ESCOMBROS 28 KM).	UN	270647
Antiguo	MOBILIARIO URBANO - ARBOLES Y GRAMAS	SIEMBRA DE ARBOLES Y GRAMA	4883	PASTO KYKUYO CORTADO A MÁQUINA (INCLUYE SUMINISTRO Y RIEGO DE TIERRA FÉRTIL DE 10CM DE ESPESOR E INSTALACIÓN Y SIEMBRA DE PASTO Y SALADO Y NIVELACIÓN. SUMINISTRO Y PLANTACION.	M2	12191
Antiguo	MOBILIARIO URBANO - ARBOLES Y GRAMAS	SIEMBRA DE ARBOLES Y GRAMA	4884	PLANTACION DE NOGAL H= 1.5 M. (INCLUYE SUMINISTRO AL SITIO DE OBRA, PLANTACION, CAJA, TIERRA NEGRA, ABONO, TUTOR Y TRANSPORTE Y DISPOSICIÓN FINAL DE ESCOMBROS EN SITIO AUTORIZADO 28 KM).	UN	225493
Antiguo	MOBILIARIO URBANO - ARBOLES Y GRAMAS	SIEMBRA DE ARBOLES Y GRAMA	4885	PLANTACION DE ROBLE H= 1.5 M. (INCLUYE SUMINISTRO AL SITIO DE OBRA, PLANTACION, CAJA, TIERRA, ABONO, TUTOR Y TRANSPORTE Y DISPOSICIÓN FINAL DE ESCOMBROS EN SITIO AUTORIZADO28 KM).	UN	233156
Antiguo	MOBILIARIO URBANO - ARBOLES Y GRAMAS	SIEMBRA DE ARBOLES Y GRAMA	4886	PLANTACION DE CAUCHO SABANERO H= 1.5 M. (INCLUYE SUMINISTRO AL SITIO DE OBRA, PLANTACION, CAJA, TIERRA, ABONO, TUTOR Y TRANSPORTE Y DISPOSICIÓN FINAL DE ESCOMBROS EN SITIO AUTORIZADO A 28 KM).	UN	266502
Antiguo	MOBILIARIO URBANO - ARBOLES Y GRAMAS	SIEMBRA DE ARBOLES Y GRAMA	4887	PLANTACION DE MAGNÓLIO H= 1.5 M. (INCLUYE SUMINISTRO AL SITIO DE OBRA, PLANTACION, CAJA, TIERRA, ABONO, TUTOR Y TRANSPORTE Y DISPOSICIÓN FINAL DE ESCOMBROS EN SITIO AUTORIZADO A 28 KM).	UN	569279
Antiguo	MOBILIARIO URBANO - ARBOLES Y GRAMAS	SIEMBRA DE ARBOLES Y GRAMA	4888	PLANTACION DE YARUMO H= 1.5 M. (INCLUYE SUMINISTRO AL SITIO DE OBRA, PLANTACION, CAJA, TIERRA, ABONO, TUTOR Y TRANSPORTE Y DISPOSICIÓN FINAL DE ESCOMBROS EN SITIO AUTORIZADO A 28 KM).	UN	256139
Antiguo	REDES ELECTRICAS	RED ELÉCTRICA CODENSA	4889	CONSTRUCCIÓN DE CAJA DE INSPECCIÓN CS 285. INCLUYE TAPA PREFABRICADA Y MARCO.	UN	1731672
Antiguo	REDES ELECTRICAS	RED ELÉCTRICA CODENSA	4890	NIVELACIÓN DE CAJA CS 274 EN ANDEN H= 0.40M (INCLUYE CONCRETO 2500 PSI HECHO EN OBRA, LADRILLO TOLETE RECOCIDO 24X12X6. MORTERO 1:5 HECHO EN OBRA. INCLUYE REPOSICIÓN DE MARCO Y TAPA PREFABRICADA).	UN	670474
Antiguo	REDES ELECTRICAS	RED ELÉCTRICA CODENSA	4891	NIVELACIÓN DE CAJA CS 275 EN ANDEN H= 0.40M (INCLUYE CONCRETO 2500 PSI HECHO EN OBRA, LADRILLO TOLETE RECOCIDO 24X12X6. MORTERO 1:5 HECHO EN OBRA. INCLUYE REPOSICIÓN DE MARCO Y TAPA PREFABRICADA).	UN	869303
Antiguo	REDES ALCANTARILLADO / DRENAJE	REDES ALCANTARILLADO / DRENAJE	4892	TUBERIA CONCRETO ALTA RESISTENCIA D= 10" (INCLUYE SUMINISTRO, INSTALACIÓN Y MORTERO 2000 PSI PARA RECUBRIMIENTO DE JUNTA).	ML	382449
Antiguo	ANÁLISIS AUXILIARES	CUADRILLAS (INCLUYE FACTOR PRESTACIONAL)	4894	CUADRILLA (TUBERO + 3 AYUDANTES).	JR	431504
Antiguo	ANÁLISIS AUXILIARES	CUADRILLAS (INCLUYE FACTOR PRESTACIONAL)	4895	CUADRILLA (TUBERO + 3 AYUDANTES)	HR	61646
Antiguo	REDES ALCANTARILLADO / DRENAJE	REDES ALCANTARILLADO / DRENAJE	4896	TUBERIA CONCRETO ALTA RESISTENCIA D= 12" (INCLUYE SUMINISTRO, INSTALACIÓN Y MORTERO 2000 PSI PARA RECUBRIMIENTO DE JUNTA).	ML	477318
Antiguo	REDES ACUEDUCTO	REDES ACUEDUCTO	4898	REDUCCION HD 4"X2" J.H. (SUMINISTRO E INSTALACIÓN).	UN	217038
Antiguo	REDES ACUEDUCTO	REDES ACUEDUCTO	4899	REDUCCION HD 4"X 3" J.H. (SUMINISTRO E INSTALACIÓN).	UN	247978
Antiguo	REDES ACUEDUCTO	REDES ACUEDUCTO	4900	REDUCCION HD 8"X 6" J.H. (SUMINISTRO E INSTALACIÓN).	UN	766818
Antiguo	REDES ACUEDUCTO	REDES ACUEDUCTO	4901	KIT DE NIVELACIÓN PARA HIDRANTE TRÁFICO DE DIÁMETRO DE 4", LONGITUD 400MM. SUMINISTRO E INSTALACIÓN (INCLUYE TRANSPORTE Y TODOS LOS ELEMENTOS NECESARIOS PARA SU INSTALACIÓN).	UN	1293252
Antiguo	ANDENES Y SARDINELES	PISOS EN ADOQUINES Y EN LOSETAS	4902	RAMPA TIPO A (B5) (BASE EN MORTERO 2000 PSI, DESARROLLO DE 1.40M).	UN	1428928
Antiguo	ANDENES Y SARDINELES	SARDINELES Y BORDILLOS	4903	PIEZA DE REMATE PARA RAMPA PEATONAL, SUMINISTRO Y CONSTRUCCION. LONGITUD 1,20MTS FUNDIDO EN SITIO EN CONCRETO PREMEZCLADO DE 3000 PSI (GRAVA COMUN) INCLUYE FORMALETA EN MADERA	UN	150447
Antiguo	GEOSINTETICOS	GEOTEXTILES	4905	GEOCOMPUESTO PARA DRENAJE, CONFORMADO POR GEODREN (RED DRENANTE DE POLIETILENO DE ALTA DENSIDAD PEAD-HDPE Y GEOTEXTIL NO TEJIDO) CON ALTURA DE 1.0 M Y TUBERIA FLEXIBLE CORRUGADA DE DRENAJE CON DIAMETRO DE 100 MM. (INCLUYE EXCAVACION MANUAL DE 30CM DE ANCHO Y RELLENO EN MATERIAL SELECCIONADO PROVENIENTE DE EXCAVACION).	ML	144336
Antiguo	RELLENOS Y CAPAS GRANULARES	CAPAS GRANULARES	4907	SUBBASE GRANULAR PEATONAL SBG_PEA. SUMINISTRO, EXTENDIDO MANUAL, NIVELACIÓN, HUMEDECIMIENTO Y COMPACTACIÓN	M3	174907
Antiguo	RELLENOS Y CAPAS GRANULARES	CAPAS GRANULARES	4908	MATERIAL SELECCIONADO. (INCLUYE SUMINISTRO, EXTENDIDO MANUAL, NIVELACIÓN, HUMEDECIMIENTO, COMPACTACIÓN Y TRANSPORTE A 21Km).	M3	133633
Antiguo	MOBILIARIO URBANO - ARBOLES Y GRAMAS	MOBILIARIO URBANO	4909	RAMPA VEHICULAR FUNDIDA EN EL SITIO EN CONCRETO PREMEZCLADO DE 3000 PSI (GRAVA COMUN) SUM, CONSTR. E INSTALACIÓN. INCLUYE ACABADO EN ADOQUIN DE ARCILLA TIPO TRÁFICO PESADO O SIMILAR, BASE DE 4CM EN MORTERO DE 2000 PSI.	M2	215223
Antiguo	PAVIMENTOS	PAVIMENTOS EN CONCRETO HIDRAULICO	4910	RAMPAS DE EMPALME E= 0.20M PROMEDIO EN CONCRETO GRAVA COMUN DE 3000 PSI (210 KG/CM2), SUMINISTRO Y COLOCACIÓN (INCLUYE EQUIPOS, SUMINISTRO E INSTALACIÓN DE FORMALETA, CURADO DE CONCRETO, MANO DE OBRA).	M2	178556
Antiguo	ANDENES Y SARDINELES	SARDINELES Y BORDILLOS	4911	SARDINEL CHAFLANADO DE H-MAX 0.50M Y A- PROM 0.15M PARA SEPARADORES. SUM. Y CONST. FUNDIDO EN SITIO EN CONCRETO PREMEZCLADO DE 3000 PSI (GRAVA COMUN) INCLUYE FORMALETA METÁLICA PARA SARDINEL. NO INCLUYE REFUERZO.	ML	72651
Antiguo	REDES TELEFONICAS / DATOS	RED TELEFONICA ETB	4912	NIVELACIÓN DE CAJA ETB T-14 H= 0.30M INCLUYE PLACA SUPERIOR EN CONCRETO DE 3000 PSI HECHO EN OBRA 1:2:2, ACERO DE REFUERZO, BLOQUE PARA CÁMARA TELEFÓNICA.	UN	2739993
Antiguo	REDES TELEFONICAS / DATOS	RED TELEFONICA ETB	4914	NIVELACIÓN DE CAJA DOBLE DE PASO ETB H= 0.30M (INCLUYE REPOSICIÓN DE MARCO Y TAPA Y BORDILLO PERIMETRAL EN CONCRETO DE 3000 PSI HECHO EN OBRA 1:2:2 CON ARENA DE RIO Y TRITURADO DE 3/4", ACERO DE REFUERZO DE 3/8" Y 1/2".	UN	1273541
Antiguo	ANDENES Y SARDINELES	SARDINELES Y BORDILLOS	4915	SARDINEL CURVO FUNDIDO EN SITIO EN CONCRETO PREMEZCLADO DE 3000 PSI (GRAVA COMUN) E= 0.20M H= 0.35M SUMINISTRO Y CONSTRUCCIÓN (INCLUYE FORMALETA METÁLICA, ACERO DE REFUERZO Y ALAMBRE NEGRO.	ML	65645
Antiguo	ANDENES Y SARDINELES	PISOS EN ADOQUINES Y EN LOSETAS	4919	ADOQUIN EN CONCRETO 200X100X60MM A25 (SUMINISTRO E INSTALACIÓN. INCLUYE BASE 4CM MORTERO 2000 PSI Y ARENA DE SELLO).	M2	147839
Antiguo	MOBILIARIO URBANO - ARBOLES Y GRAMAS	MOBILIARIO URBANO	4920	CANECA DE ACERO INOXIDABLE M121 TIPO BARCELONA (SUMINISTRO E INSTALACIÓN. INCLUYE CONCRETO PARA ANCLAJE DE 3000 PSI PREMEZCLADO GRAVA COMÚN.	UN	913129
Antiguo	SEÑALIZACIÓN	SEÑALES DE TRANSITO	4921	POSTE DE REFERENCIA TIPO INVIAS. INCLUYE SUMINISTRO E INSTALACIÓN. (INCLUYE CONCRETO 2000 PSI PARA ANCLAJE , CONCRETO 2500 PSI PARA POSTE, CONCRETOS HECHOS EN OBRA, INCLUYE REFUERZO, FORMALETA Y PINTURA REFLECTIVA.	UN	158524
Antiguo	ANÁLISIS AUXILIARES	CUADRILLAS (INCLUYE FACTOR PRESTACIONAL)	4922	CUADRILLA (3 AYUDANTES)	JR	292242
Antiguo	ANÁLISIS AUXILIARES	CUADRILLAS (INCLUYE FACTOR PRESTACIONAL)	4923	CUADRILLA (3 AYUDANTES).	HR	41751
Antiguo	PAVIMENTOS	PAVIMENTOS EN CONCRETO ASFALTICO	4925	FRESADO ESTABILIZADO AL 5% CON EMULSIÓN CRL-1 (INCLUYE TRANSPORTE DE MATERIAL FRESADO AL FRENTE DE OBRA DE 40 KM, SUMINISTRO DE EMULSIÓN, INSTALACIÓN MECANICA DE MATERIAL ESTABILIZADO).	M3	339445
Antiguo	PAVIMENTOS	PAVIMENTOS EN CONCRETO ASFALTICO	4926	FRESADO ESTABILIZADO AL 5% CON EMULSIÓN CRL-1 (INCLUYE TRANSPORTE DE MATERIAL FRESADO AL FRENTE DE OBRA DE 10 KM, SUMINISTRO DE EMULSIÓN, INSTALACIÓN MECANICO DE MATERIAL ESTABILIZADO).	M3	285445
Antiguo	GESTION SOCIAL	GESTION SOCIAL	4928	CANALIZACIÓN DE TRÁFICO (INSTALACIÓN, MANTENIMIENTO Y DESINSTALACIÓN MENSUAL) CON SEÑALIZADORES TUBULARES COLOMBINA PLÁSTICA Y TRIPLE CINTA DE SEÑALIZACIÓN (INCLUYE ALQUILER DE SEÑALIZADORES TUBULARES). LONGITUD 3 METROS.	UN/MES	9617
Antiguo	SEÑALIZACIÓN	SEÑALES DE TRANSITO	4930	BANDERERO (INCLUYE ALQUILER DE PALETA PARE-SIGA EN POLIETILENO).	H/ME	3325747
Antiguo	GESTION SOCIAL	GESTION SOCIAL	4931	ALQUILER KIT DE EMERGENCIAS (INCLUYE EXTINTOR DE 5 LBS, CAMILLA FÉRULA ESPINAL LARGA - FEL PARA ADULTO (POLIETILENO), CONO DE H= 1.0M Y BOTIQUÍN TIPO A)	UN/MES	35390
Antiguo	GESTIÓN AMBIENTAL	GESTIÓN AMBIENTAL	4934	ALQUILER CARPA VESTIER 2.0M X 2.0M CON ESTRUCTURA, TECHO Y LATERALES EN LONA.	UN/MES	170207
Antiguo	GESTIÓN AMBIENTAL	GESTIÓN AMBIENTAL	4936	ACCESO TEMPORAL A VIVIENDA EN MADERA. SUMINISTRO Y CONSTRUCCIÓN.	UN	44881
Antiguo	GESTIÓN AMBIENTAL	GESTIÓN AMBIENTAL	4937	BARRERA DE CONTENCIÓN MATERIAL DE ARRASTRE (INCLUYE SUMINISTRO Y COLOCACIÓN DE MALLA DE GALLINERO 1 1/4" Y POLISOMBRA 47%).	M2	13182
Antiguo	GESTIÓN AMBIENTAL	GESTIÓN AMBIENTAL	4945	ALQUILER DE CERRAMIENTO TIPO 1: CONSTA DE SEÑALIZADORES TUBULARES PLÁSTICOS, TRIPLE CINTA PELIGRO CAL. 4, POLISOMBRA 65% PARA CERRAMIENTO. (INCLUYE INSTALACIÓN, MANTENIMIENTO Y DESINSTALACIÓN).	ML/MES	12780
Antiguo	GESTIÓN AMBIENTAL	GESTIÓN AMBIENTAL	4946	ALQUILER DE CERRAMIENTO TIPO 2: CONSTA DE POSTES ROLLIZOS DE 1.90MT DE ALTURA LIBRE CON BASE EN CONCRETO 1500 PSI DE 30CM X 30CM, DOBLE CINTA PELIGRO CAL. 4, TELA PARA CERRAMIENTO.(INCL INSTALACION, MANTENIMIENTO Y DESINSTALACIÓN).	ML/MES	34693
Antiguo	MOBILIARIO URBANO - ARBOLES Y GRAMAS	MOBILIARIO URBANO	4949	CONTENEDOR DE RAÍCES TIPO B21 (TIPO B) (1.40M X 1.40M X 1.40M)INCLUYE MUROS EN CONCRETO GRAVA COMÚN 3000 PSI (210 KG/CM2), SUMINISTRO CONSTRUCCIÓN Y FILTRO EN GRAVILLA 1/2", FORMALETA Y REFUERZO. NO INCLUYE TIERRA NEGRA.	UN	1117833
Antiguo	REDES TELEFONICAS / DATOS	RED TELEFONICA ETB	4951	SEMÁFORO PEATONAL DE POLICARBONATO (2X200), LENTES DE POLICARBONATO DE 8", DOS LUCES, SISTEMA DE ILUMINACIÓN A LEDS. SUMINISTRO E INSTALACIÓN.	UN	3163370
Antiguo	REDES TELEFONICAS / DATOS	RED TELEFONICA ETB	4952	POSTE TIPO MASTIL T1 (3.60M) EN TUBO SCH 40 GALVANIZADO Y PINTADO. SUMINISTRO E INSTALACIÓN.	UN	3646568
Antiguo	REDES TELEFONICAS / DATOS	RED TELEFONICA ETB	4953	POSTE TIPO MENSULA T2 (5.50M) EN TUBO SCH 40 GALVANIZADO Y PINTADO. SUMINISTRO E INSTALACIÓN.	UN	8105972
Antiguo	ACERO DE REFUERZO	ACERO DE REFUERZO	4959	ACERO LISO PARA TRANSFERENCIA DE LOSAS D= 1 1/4" (NO INCLUYE CANASTILLA). SUMINISTRO E INSTALACIÓN.	KG	8684
Antiguo	SEÑALIZACIÓN	DEMARCACION DE PAVIMENTOS	4960	FLECHA DIRECCIONAL "DE FRENTE A LA IZQUIERDA" (E=2.3MM,TERMOPLÁSTICA. INC. SUMIN. Y APLIC. CON EQUIPO. INC. MICROESFERAS).	UN	374605
Antiguo	SEÑALIZACIÓN	DEMARCACION DE PAVIMENTOS	4961	DEMARCACIÓN LINEA DE CRUCE DE BICICLETA A= 0.4MT, E= 2.3MM TERMOPLÁSTICA. INCLUYE SUMINISTRO Y APLICACIÓN CON EQUIPO. INCLUYE MICROESFERAS..	ML	68735
Antiguo	SEÑALIZACIÓN	DEMARCACION DE PAVIMENTOS	4962	DEMARCACIÓN LINEAL CARRIL CICLORRUTA A= 0.1MT, L= 1.20MT E= 2.3MM EN PINTURA TERMOPLÁSTICA. INCLUYE SUMINISTRO Y APLICACIÓN CON EQUIPO. INCLUYE MICROESFERAS..	ML	17184
Antiguo	SEÑALIZACIÓN	DEMARCACION DE PAVIMENTOS	4963	DEMARCACIÓN LINEAL BORDE CICLORRUTA A= 0.1MT, E= 2.3MM EN PINTURA TERMOPLÁSTICA. INCLUYE SUMINISTRO Y APLICACIÓN CON EQUIPO. INCLUYE MICROESFERAS..	ML	17184
Antiguo	SEÑALIZACIÓN	DEMARCACION DE PAVIMENTOS	4964	DEMARCACIÓN LINEAL PARADA CICLORRUTA A= 0.1MT, E= 2.3MM EN PINTURA TERMOPLÁSTICA. INCLUYE SUMINISTRO Y APLICACIÓN CON EQUIPO. INCLUYE MICROESFERAS..	ML	17184
Antiguo	SEÑALIZACIÓN	SEÑALES DE TRANSITO	4966	DESMONTE SEÑAL VERTICAL.	UN	6844
Antiguo	REDES ALCANTARILLADO / DRENAJE	REDES ALCANTARILLADO / DRENAJE	4967	EMPATE EN LÍNEA DE TUBERÍA DE ACERO (HA) A TUBERÍA PVC 8". SUMINISTRO E INSTALACIÓN. (INCLUYE ACOPLE UNIVERSAL D= 8" R1, UNIÓN DE REPARACIÓN D=8" Y 1MT DE TUBERÍA PVC D= 8" RDE 21).	UN	1318011
Antiguo	REDES ALCANTARILLADO / DRENAJE	REDES ALCANTARILLADO / DRENAJE	4968	EMPATE EN LÍNEA DE TUBERÍA DE ACERO (HA) A TUBERÍA PVC 4". SUMINISTRO E INSTALACIÓN. (INCLUYE ACOPLE UNIVERSAL D= 4", UNIÓN DE REPARACIÓN D=4" Y 1MT DE TUBERÍA PVC D= 4" RDE 21).	UN	435534
Antiguo	REDES ALCANTARILLADO / DRENAJE	REDES ALCANTARILLADO / DRENAJE	4969	EMPATE EN LÍNEA DE TUBERÍA DE ACERO (HA) A TUBERÍA PVC 3". SUMINISTRO E INSTALACIÓN. (INCLUYE ACOPLE UNIVERSAL D= 3", UNIÓN DE REPARACIÓN D=3" Y 1MT DE TUBERÍA PVC D= 3" RDE 21).	UN	357032
Antiguo	REDES ALCANTARILLADO / DRENAJE	REDES ALCANTARILLADO / DRENAJE	4970	EMPATE EN LÍNEA DE TUBERÍA DE ACERO (HA) A ASBESTO CEMENTO (AC) 8".SUMINISTRO E INSTALACIÓN. (INCLUYE DOS ACOPLES UNIVERSAL D= 8" R1 Y 1MT DE TUBERÍA PVC D= 8" RDE 21).	UN	812342
Antiguo	REDES ALCANTARILLADO / DRENAJE	REDES ALCANTARILLADO / DRENAJE	4971	EMPATES EN LÍNEA DE TUBERÍA EN PVC A HD 12". SUMINISTRO E INSTALACIÓN. (INCLUYE ADAPTADOR BRIDA 12" R2, UNIÓN DE REPARACIÓN 12" Y 1MT DE TUBERÍA PVC D= 12" RDE 21).	UN	3258471
Antiguo	REDES ALCANTARILLADO / DRENAJE	REDES ALCANTARILLADO / DRENAJE	4972	EMPATES EN LÍNEA DE TUBERÍA EN PVC A AC 6". SUM E INST. (INCL ACOPLE UNIVERSAL R1 - R2 D= 6", UNIÓN PVC U.M. D= 6", UNIÓN GIBAULT HD PARA AC CL. 25 D= 6", UNION DE REPARACIÓN D= 6 Y 1 METRO DE TUBERÍA PVC D= 6" RDE 21).	UN	1450148
Antiguo	REDES ALCANTARILLADO / DRENAJE	REDES ALCANTARILLADO / DRENAJE	4973	EMPATES EN LÍNEA DE TUBERÍA EN PVC A AC 8". SUM E INST. (INCL ACOPLE UNIVERSAL R1- R2 D= 8", UNIÓN PVC U.M. D= 8", UNIÓN GIBAULT HD PARA AC CL. 25 D= 8", UNION DE REPARACIÓN D= 8 Y 1 METRO DE TUBERÍA PVC D= 8" RDE 21).	UN	2222649
Antiguo	REDES ALCANTARILLADO / DRENAJE	REDES ALCANTARILLADO / DRENAJE	4974	EMPATES EN LÍNEA DE TUBERÍA EN PVC A AC 12". SUM E INST. (INCL ACOPLE UNIVERSAL R1- R2 D= 12", UNIÓN PVC U.M. D= 12", UNIÓN GIBAULT HD PARA AC CL. 25 D= 12", UNION DE REPARACIÓN D= 12 Y 1 METRO DE TUB PVC D= 12" RDE 21).	UN	5586125
Antiguo	REDES ALCANTARILLADO / DRENAJE	REDES ALCANTARILLADO / DRENAJE	4975	EMPATE EN LÍNEA DE TUBERÍA EN PVC A HF 4". SUM E INST. (INCL UNIÓN DE REPARACIÓN PVC U.M. D=4", ADAPTADOR MACHO PVC US D=4", UNIÓN GIBAULT HD CL. 25 D= 4" Y 1MT DE TUBERÍA PVC D= 4" RDE 21).	UN	473791
Antiguo	REDES ALCANTARILLADO / DRENAJE	REDES ALCANTARILLADO / DRENAJE	4976	EMPATES EN LÍNEA DE TUBERÍA EN PVC A HF 6". SUM E INST. (INCL UNIÓN GIBAULT D=6", UNIÓN PVC U.M. D= 6", UNIÓN, UNION DE REPARACIÓN D= 6 Y 1 METRO DE TUBERÍA PVC D= 6" RDE 21).	UN	973076
Antiguo	REDES ALCANTARILLADO / DRENAJE	REDES ALCANTARILLADO / DRENAJE	4977	EMPATE EN LÍNEA DE TUBERÍA EN PVC A HG 4". SUM E INST. (INCL UNIÓN DE REPARACIÓN PVC U.M. D=4", ADAPTADOR MACHO PVC US D=4", UNIÓN GIBAULT HD CL. 25 D= 4" Y 1MT DE TUBERÍA PVC D= 4" RDE 21).	UN	473791
Antiguo	REDES ACUEDUCTO	REDES ACUEDUCTO	4978	CONSTRUCCIÓN DE CAJA PARA VALVULA D= 3", D= 4", D= 6" Y D= 8" (NORMA EAAB NS-027) DE 0.4M X0.5M H=2.0M (INCLUYE MARCO Y TAPA).	UN	841061
Antiguo	REDES ACUEDUCTO	REDES ACUEDUCTO	4979	CONSTRUCCIÓN DE CAJA PARA VALVULA D= 10", D= 12" DE 0.5M X0.6M H=2.0M (INCLUYE TAPA VÁLVULA DE SEGURIDAD).	UN	1116245
Antiguo	REDES ELECTRICAS	RED ELÉCTRICA CODENSA	4980	2 DUCTOS D=3" Y 9 DUCTOS D=6" PVC A TDP. SUMINISTRO E INSTALACIÓN. (NO INCLUYE RELLENOS).	ML	672468
Antiguo	EXCAVACIONES	FORMALETAS, ENTIBADOS, ANDAMIOS Y ACCESORIOS	4981	ENTIBADO EC-2 CONTÍNUO MADERA CON PERFILES METÁLICOS Y PARALES TELESCÓPICOS. SUMINISTRO E INSTALACIÓN.	M2	97065
Antiguo	REDES ACUEDUCTO	REDES ACUEDUCTO	4982	ACOMETIDA DOMICILIARIA DE 1/2". SUMINISTRO E INSTALACIÓN. (INCLUYE TUBERIA PF D=1/2", REGISTROS Y ACCESORIOS, LOG. PROM. = 6.50M).	UN	196267
Antiguo	MOBILIARIO URBANO - ARBOLES Y GRAMAS	MOBILIARIO URBANO	4983	PROTECTOR DE RAMPA EN TUBO CERRAMIENTO NEGRO 2" 1.9mm. SUMINISTRO E INSTALACIÓN. INCLUYE ANCLAJES EN CONCRETO PREMEZCLADO DE 3000 PSI (GRAVA COMUN).	UN	70339
Antiguo	REDES ACUEDUCTO	REDES ACUEDUCTO	4984	RELOCALIZACIÓN DE MEDIDOR DE ACUEDUCTO D= 1/2" (INCLUYE 1.0M TUBERÍA GALVANIZADA D= 1/2", SOLDADURA, CINTA DE TEFLON, Y REPOSICIÓN DE CAJILLA EN POLIPROPILENO DE ALTA RESISTENCIA CON TAPA, NO INCLUYE MEDIDOR.).	UN	402145
Antiguo	PAVIMENTOS	PAVIMENTOS EN CONCRETO HIDRAULICO	4985	PLACAS DE ACCESO EN CONCRETO GRAVA COMÚN 4000 PSI (280 KG/CM2). SUMINISTRO Y COLOCACIÓN. (INCLUYE EQUIPOS, SUMINISTRO E INSTALACIÓN DE FORMALETA, CURADO DEL CONCRETO, MANO DE OBRA).	M3	852394
Antiguo	REDES TELEFONICAS / DATOS	RED TELEFONICA ETB	4987	PEDESTAL PARA EQUIPO DE CONTROL EN CONCRETO DE 3000 PSI (1.0M X 1.0M X 1.0M).	UN	1938043
Antiguo	TRANSPORTES Y ACARREOS	TRANSPORTES Y ACARREOS	4988	MOVILIZACIÓN DE EQUIPO DESDE LA OBRA HASTA SITIO AUTORIZADO EN CUMPLIMIENTO DEL PMT DENTRO DEL AREA DE INFLUENCIA DE LA OBRA (INCLUYE CARGUE, DESCARGUE Y CARROS ESCOLTA). EL VIAJE ES IDA Y VUELTA.	VIAJE	1840000
Antiguo	ANDENES Y SARDINELES	SARDINELES Y BORDILLOS	4989	SARDINEL ESPECIAL A 110 PARA RAMPA TIPO B (SUMINISTRO E INSTALACION. INCLUYE 3CM MORTERO 2000 PSI)	ML	161984
Antiguo	MOBILIARIO URBANO - ARBOLES Y GRAMAS	MOBILIARIO URBANO	4990	RAMPA TIPO B (B12) LONGITUD=3.00M, DESARROLLO=0.40MT (INCLUYE MATERIAL DE BASE MORTERO 2000 PSI)	UN	485952
Antiguo	ANDENES Y SARDINELES	SARDINELES Y BORDILLOS	4991	SARDINEL ESPECIAL A 110 PARA RAMPA TIPO B (SUMINISTRO E INSTALACION. NO INCLUYE MATERIAL DE BASE)	ML	152422
Antiguo	ANDENES Y SARDINELES	SARDINELES Y BORDILLOS	4992	RAMPA TIPO B (B12) LONGITUD=3.00M, DESARROLLO=0.40MT (INCLUYE MATERIAL DE BASE MORTERO 1:5 HECHO EN OBRA)	UN	473082
Antiguo	ANDENES Y SARDINELES	SARDINELES Y BORDILLOS	4993	RAMPA TIPO B (B12) LONGITUD=3.00M, DESARROLLO=0.40MT (NO INCLUYE MATERIAL DE BASE)	UN	457266
Antiguo	RELLENOS Y CAPAS GRANULARES	CAPAS GRANULARES	4994	SUBBASE GRANULAR CLASE A (SBG_A) ESTABILIZADA CON CEMENTO AL 4% (SUMINISTRO, EXTENDIDO, NIVELACIÓN, HUMEDECIMIENTO Y COMPACTACIÓN CON VIBROCOMPACTADOR)	M3	208914
Antiguo	RELLENOS Y CAPAS GRANULARES	CAPAS GRANULARES	4995	SUBBASE GRANULAR CLASE A (SBG_A) ESTABILIZADA CON CEMENTO AL 4% (SUMINISTRO, EXTENDIDO, NIVELACIÓN, HUMEDECIMIENTO Y COMPACTACIÓN CON VIBROCOMPACTADOR) DISTANCIA DE TRANSPORTE 28 KM	M3	291904
Antiguo	REDES ACUEDUCTO	REDES ACUEDUCTO	4996	CODO HD 22,5° EXTREMO LISO PARA PVC D=8" (SUMINISTRO E INSTALACIÓN)	UN	1007774
Antiguo	MOBILIARIO URBANO - ARBOLES Y GRAMAS	SIEMBRA DE ARBOLES Y GRAMA	4997	ELIMINACIÓN DE SETO (H> 2M) INCLUYE DESENRAIZAMIENTO, TRANSPORTE Y DISPOSICIÓN FINAL DE ESCOMBROS EN SITIO AUTORIZADO (DISTANCIA DE TRANSPORTE 28 KM)	ML	46728
Antiguo	REDES ELECTRICAS	RED ELÉCTRICA CODENSA	5000	1 DUCTO D= 3" PVC-TDP CON 3 CABLES. SUMINISTRO E INSTALACIÓN. INCL. EXCAV. EXTENDIDO, HUMEDECIMIENTO Y COMPACTACIÓN DE RELLENOS PARA REDES EN ARENA DE PEÑA Y EN MATERIAL SELECC. PROVENIENTE DE LA EXCAVACIÓN.	ML	168178
Antiguo	REDES ELECTRICAS	RED ELÉCTRICA CODENSA	5001	CONSTRUCCIÓN DE BASE MOTOR. INCLUYE SUMINISTRO Y COLOCACIÓN DE CONCRETO 3000 PSI HECHO EN OBRA 1:2:2, ARENA DE RIO Y TRITURADO 3/4". INCLUYE ACERO DE REFUERZO Y SISTEMA DE ANCLAJE PARA POSTE METÁLICO.	UN	1395187
Antiguo	REDES ELECTRICAS	RED ELÉCTRICA CODENSA	5002	1 DUCTO D= 3" PVC-TDP CON 2 CABLES. SUMINISTRO E INSTALACIÓN. INCL. EXCAV. EXTENDIDO, HUMEDECIMIENTO Y COMPACTACIÓN DE RELLENOS PARA REDES EN ARENA DE PEÑA Y EN MATERIAL SELECC. PROVENIENTE DE LA EXCAVACIÓN.	ML	134088
Antiguo	VIAS FERREAS	VIAS FERREAS	5003	CONSTRUCCIÓN DE BASE PARA INSTALACIÓN DE SEMÁFORO FERROVIARIO. INCLUYE SUMINISTRO Y COLOCACIÓN DE CONCRETO 3000 PSI HECHO EN OBRA 1:2:2, ARENA DE RIO Y TRITURADO DE 3/4". INCLUYE ACERO DE REFUERZO.	UN	64056
Antiguo	VIAS FERREAS	VIAS FERREAS	5004	CUADRILLA (OFICIAL + 10 AYUDANTES)	HR	156476
Antiguo	VIAS FERREAS	VIAS FERREAS	5005	CUADRILLA (OFICIAL + 10 AYUDANTES).	JR	1095344
Antiguo	VIAS FERREAS	VIAS FERREAS	5010	DESMONTE, INSTALACIÓN Y NIVELACIÓN DE RIELES (INCLUYE EQUIPO DE OXICORTE Y RETIRO CON EQUIPO)	UN	490477
Antiguo	REDES ALCANTARILLADO / DRENAJE	REDES ALCANTARILLADO / DRENAJE	5015	CAJA DE INSPECCION 0.80X0.8M. SUMINISTRO Y CONSTRUCCION. (H=0.6M. INCLUYE MARCO Y TAPA, NO INCLUYE BASE Y CAÑUELA).	UN	729363
Antiguo	REDES ACUEDUCTO	REDES ACUEDUCTO	5017	CONEXIÓN GEODRÉN VIAL 100MMX1.00M A POZO EXISTENTE (INC. EXCAVACION MANUAL, TRANSPORTE Y DISPOSICIÓN FINAL, RELLENOS EN BASE GRANULAR CLASE B,SUMINISTRO E INSTALACION TUBERIA SANITARIA PVC D=4" Y ACCESORIOS PVC SANITARIA.	UN	603955
Antiguo	REDES ACUEDUCTO	REDES ACUEDUCTO	5019	TEE HD 22,5° EXTREMO LISO 4"X2" (SUMINISTRO E INSTALACION).	UN	431577
Antiguo	REDES TELEFONICAS / DATOS	RED TELEFONICA ETB	5023	2 DUCTOS D=2" PVC PESADO DB. SUMINISTRO E INSTALACION. (NO INCLUYE RELLENOS).	ML	29884
Antiguo	ACTIVIDADES CONSERVACIÓN	ACTIVIDADES CONSERVACIÓN	5024	VADO PARA ACCESIBILIDAD A MOVILIDAD REDUCIDA EN ANCHO=3.20M, DESARROLLO=2.00M, SUMINISTRO Y CONSTRUCCION, EN ESPACIO PUBLICO EXISTENTE. ALTO ESTANDAR DE ANDEN DE 0.20M (INC. BASE ARENA NIVELADA, ARENA SELLO, RELLENO.	UN	1845420
Antiguo	ACTIVIDADES CONSERVACIÓN	ACTIVIDADES CONSERVACIÓN	5025	VADO PARA ACCESIBILIDAD A MOVILIDAD REDUCIDA EN ANCHO=3.20M, DESARROLLO=2.00M, SUMINISTRO Y CONSTRUCCION, EN ESPACIO PUBLICO EXISTENTE. ALTO ESTANDAR DE ANDEN DE 0.20M (INC. BASE ARENA NIVELADA, ARENA SELLO, (A=1M2).	M2	306891
Antiguo	ACTIVIDADES CONSERVACIÓN	ACTIVIDADES CONSERVACIÓN	5026	ESQUINA DEPRIMIDA ANCHO DE ANDEN =4.50M. SUMINISTRO Y CONSTRUCCION. (INCLUYE RELLENO DE 1.70M PENDIENTE 10% H ANDEN=0.20M(INCLUYE RELLENO, LOSETA PREFABRICADA,BASE ARENA NIVELACION Y SELLO, LOSA EN CONCRETO).	UN	7108657
Antiguo	ACTIVIDADES CONSERVACIÓN	ACTIVIDADES CONSERVACIÓN	5028	CONSTRUCCION Y ADECUACION DE SEPARADOR CENTRAL CON PASO A NIVEL CERO PARA ACCESIBILIDAD A MOVILIDAD REDUCIDA DE ANCHO=4,00M. EN ESPACIO PUBLICO EXISTENTE ALTO ESTANDAR DE ANDEN EN CONCRETRO DE 0.20M.	UN	6138724
Antiguo	MOBILIARIO URBANO - ARBOLES Y GRAMAS	SIEMBRA DE ARBOLES Y GRAMA	5032	PLANTACIÓN DE FUCCIA H=1.3M. (INCLUYE SUMINISTRO AL SITIO DE OBRA, PLANTACION, CAJA, TIERRA, ABONO, TUTOR, Y TRANSPORTE Y DISPOSICIÓN FINAL DE ESCOMBROS 28 KM).	UN	224448
Antiguo	MOBILIARIO URBANO - ARBOLES Y GRAMAS	SIEMBRA DE ARBOLES Y GRAMA	5033	PLANTACIÓN DE DURAZNILLO H=1.5M. (INCLUYE SUMINISTRO AL SITIO DE OBRA, PLANTACION, CAJA, TIERRA, ABONO, TUTOR, Y TRANSPORTE Y DISPOSICIÓN FINAL DE ESCOMBROS 28 KM).	UN	247669
Antiguo	MOBILIARIO URBANO - ARBOLES Y GRAMAS	SIEMBRA DE ARBOLES Y GRAMA	5036	PLANTACIÓN DE GUAYACAN H=1.5M. (INCLUYE SUMINISTRO AL SITIO DE OBRA, PLANTACION, CAJA, TIERRA, ABONO, TUTOR, Y TRANSPORTE Y DISPOSICIÓN FINAL DE ESCOMBROS 28 KM).	UN	237220
Antiguo	MOBILIARIO URBANO - ARBOLES Y GRAMAS	SIEMBRA DE ARBOLES Y GRAMA	5037	PLANTACIÓN DE ARRAYAN H=1.3M. (INCLUYE SUMINISTRO AL SITIO DE OBRA, PLANTACION, CAJA, TIERRA, ABONO, TUTOR, Y TRANSPORTE Y DISPOSICIÓN FINAL DE ESCOMBROS 28 KM).	UN	171041
Antiguo	MOBILIARIO URBANO - ARBOLES Y GRAMAS	SIEMBRA DE ARBOLES Y GRAMA	5038	PLANTACIÓN DE CARBONERO H=1.5M. (INCLUYE SUMINISTRO AL SITIO DE OBRA, PLANTACION, CAJA, TIERRA, ABONO, TUTOR, Y TRANSPORTE Y DISPOSICIÓN FINAL DE ESCOMBROS 28 KM).	UN	229094
Antiguo	MOBILIARIO URBANO - ARBOLES Y GRAMAS	SIEMBRA DE ARBOLES Y GRAMA	5044	PLANTACIÓN DE CUBRESUELOS BALSAMINA. (INCLUYE 20 UNIDADES POR M2 Y TRANSPORTE Y DISPOSICIÓN FINAL DE ESCOMBROS A 28 KM). SUMINISTRO Y PLANTACION.	M2	82033
Antiguo	MOBILIARIO URBANO - ARBOLES Y GRAMAS	SIEMBRA DE ARBOLES Y GRAMA	5045	PLANTACIÓN DE FALSO PIMIENTO H=1.3M. (INCLUYE SUMINISTRO AL SITIO DE OBRA, PLANTACION, CAJA, TIERRA, ABONO, TUTOR, Y TRANSPORTE Y DISPOSICIÓN FINAL DE ESCOMBROS 28 KM).	UN	225029
Antiguo	MOBILIARIO URBANO - ARBOLES Y GRAMAS	SIEMBRA DE ARBOLES Y GRAMA	5046	PLANTACIÓN DE CUBRESUELOS SUELDA. (INCLUYE 20 UNIDADES POR M2 Y TRANSPORTE Y DISPOSICIÓN FINAL DE ESCOMBROS A 28 KM). SUMINISTRO Y PLANTACION.	M2	82033
Antiguo	PAVIMENTOS	PAVIMENTOS ARTICULADOS	5047	ADOQUIN EN CONCRETO COLOR OCRE A25 (20X10X6cm) (Suministro e instalación. Incluye base 4cm mortero 2000 PSI y arena de sello)	M2	159094
Antiguo	PAVIMENTOS	PAVIMENTOS ARTICULADOS	5048	ADOQUIN ECOLOGICO EN CONCRETO DE 40 X 40 X 8CM. SUMINISTRO E INSTALACION. (INCLUYE SUMINISTRO, EXTENDIDO, NIVELACIÓN Y COMPACTACIÓN DE RECEBO E=0,15M, 0,02M DE TIERRA, GRAMA Y MANO DE OBRA)	M2	150053
Antiguo	ACTIVIDADES CONSERVACIÓN	ACTIVIDADES CONSERVACIÓN	5049	REDUCTOR DE VELOCIDAD BAJO EN CONCRETO PREMEZCLADO 4000 PSI GRAVA COMÚN. SUMINISTRO E INSTALACION. (INCLUYE FORMALETA, REFUERZO, CURADO Y PINTURA.	M2	441589
Antiguo	DEMOLICIONES	DEMOLICIONES	5050	DEMOLICIÓN MANUAL DE CAMARA DE PASO DOBLE ETB (INCLUYE DEMOLICIÓN DE PLACA PISO, TAPA, MUROS Y CAÑUELAS Y CARGUE)	UN	225099
Antiguo	CONCRETO Y ACERO PARA ESTRUCTURAS	CONCRETO PARA ESTRUCTURAS	5051	PILOTE PREEXCAVADOS EN CONCRETO TREMIE DE 3000PSI (210 KG/CM2) ACELERADO A 2 DIAS (INC. ACELERANTE, ALQUILER DE EQUIPO DE PERFORACION CON OPERARIO, MANO DE OBRA, TRANSPORTE Y DISPOSICION FINAL DE ESCOMBROS AUTORIZADOA 21KM.	M3	2086675
Antiguo	CONCRETO Y ACERO PARA ESTRUCTURAS	CONCRETO PARA ESTRUCTURAS	5052	ESTRIBOS CONCRETO GRAVA COMUN 3000PSI (210KG/CM2) ACELERADO A 2 DIAS (INCLUYE ACELERANTE, FORMALETA, CURADO DE CONCRETO Y MANO DE OBRA).	M3	1053233
Antiguo	PUENTES	PUENTES PEATONALES	5053	IZAJE Y MONTAJE DE VIGA EN CONCRETO L=30MT APROX INCLUYE DOS GRUAS TELESCOPICAS 50TON PERSONAL PARA IZAJE Y MONTAJE	UN	8292976
Antiguo	ANÁLISIS AUXILIARES	CUADRILLAS (INCLUYE FACTOR PRESTACIONAL)	5054	CUADRILLA (2OFICIAL + 4 AYUDANTES)	JR	632080
Antiguo	CONCRETO Y ACERO PARA ESTRUCTURAS	CONCRETO PARA ESTRUCTURAS	5055	DESCABECE DE PILOTES (INCLUYE COMPRESOR Y MARTILLO DEMOLEDOR, INCLUYE TRANSPORTE Y DISPOSICIÓN FINAL DE ESCOMBROS EN SITIO AUTORIZADO A 21 KM.	M3	355050
Antiguo	ACTIVIDADES CONSERVACIÓN	ACTIVIDADES CONSERVACIÓN	5056	ESQUINA DEPRIMIDA ANCHO DE ANDEN =4.50M RAMPA L=1.7M. SUMINISTRO Y CONSTRUCCION.(INCLUYE RELLENO DE 1.70M PENDIENTE 10% H ANDEN=0.20M(INCLUYE RELLENO, LOSETA PREFABRICADA,BASE ARENA NIVELACION Y SELLO, LOSA EN CONCRETO).	M2	348659
Antiguo	OBRAS DE ARTE Y EDIFICACIONES	ACABADOS	5058	FILOS (INCLUYE SUMINISTRO Y COLOCACIÓN DE MORTERO 1:4 IMPERMEABILIZADO HECHO EN OBRA)	ML	12381
Antiguo	OBRAS DE ARTE Y EDIFICACIONES	PINTURA	5060	PINTURA BASE AGUA SOBRE MUROS 3 MANOS (INCLUYE SUMINISTRO Y COLOCACIÓN DE PINTURA BASE EN AGUA PARA EXTERIORES)	M2	13965
Antiguo	OBRAS DE ARTE Y EDIFICACIONES	ACABADOS	5061	ENCHAPE EN GRANITO PARA INTERIORES 33 X 33 CM2 (INCLUYE SUMINISTRO Y COLOCACIÓN DE 3CM DE ADHESIVO PREMEZCLADO, LECHADA DE CEMENTO Y BOQUILLA)	M2	112950
Antiguo	OBRAS DE ARTE Y EDIFICACIONES	ACABADOS	5062	ZOCALO MEDIA CAÑA EN GRANITO PARA INTERIORES H=7.2CM (INCLUYE SUMINISTRO Y COLOCACIÓN DE MATERIAL DE PEGA)	ML	46654
Antiguo	OBRAS DE ARTE Y EDIFICACIONES	ACABADOS	5063	ENCHAPE EN PORCELANATO BEIGE 60 X 60CM2 (INCLUYE SUMINISTRO Y COLOCACIÓN DE 3CM DE ADHESIVO PREMEZCLADO, LECHADA DE CEMENTO, BOQUILLA)	M2	93930
Antiguo	OBRAS DE ARTE Y EDIFICACIONES	ACABADOS	5064	GUARDA ESCOBA EN PORCELANATO H=10CM (INCLUYE SUMINISTRO Y COLOCACIÓN DE 3CM DE ADHESIVO PREMEZCLADO, LECHADA DE CEMENTO Y BOQUILLA)	ML	15627
Antiguo	OBRAS DE ARTE Y EDIFICACIONES	ACABADOS	5066	FLANCHE LATERAL, REMATE DE CUBIERTA EN LAMINA GALVANIZADA CAL. 16 Y PINTADA. DESARROLLO 0.30M. SUMINISTRO E INSTALACIÓN. (NO INCLUYE ANDAMIO)	ML	52707
Antiguo	OBRAS DE ARTE Y EDIFICACIONES	ACABADOS	5067	REMATE DE CUBIERTA Y CORTAGOTERA EN LAMINA GALVANIZADA CAL. 16 Y PINTADA. DESARROLLO 0.15M (NO INCLUYE ANDAMIO). SUMINISTRO E INSTALACION.	ML	39494
Antiguo	OBRAS DE ARTE Y EDIFICACIONES	ACABADOS	5068	DISPENSADOR METALICO PARA JABON LIQUIDO PARA INSTALAR EN MESON RECARGA DE JABON INFERIOR PUSH SUPERIOR DOCOL O SIMILAR. SUMINISTRO E INSTALACION.	UN	121476
Antiguo	OBRAS DE ARTE Y EDIFICACIONES	ACABADOS	5070	LAVAPLATOS EN ACERO INOXIDABLE DE SOBREPONER CON ALETA CR DE 1.0 X 0.50 MTS. SUMINISTRO E INSTALACION.	UN	221177
Antiguo	CONCRETO Y ACERO PARA ESTRUCTURAS	CONCRETO PARA ESTRUCTURAS	5071	CONCRETO 2000PSI PARA MUERTOS (PREMEZCLADO. INCLUYE SUMINISTRO FORMALETEO Y COLOCACIÓN. NO INCLUYE REFUERZO, CURADO)	M3	1194619
Antiguo	REDES ALCANTARILLADO / DRENAJE	REDES ALCANTARILLADO / DRENAJE	5073	TUBERIA PVC SANITARIA D=2" (INCLUYE SUMINISTRO E INSTALACIÓN)	ML	23045
Antiguo	REDES ALCANTARILLADO / DRENAJE	REDES ALCANTARILLADO / DRENAJE	5074	TAPON DE PRUEBA PVC SANITARIA D=2" (INCLUYE SUMINISTRO E INSTALACIÓN)	UN	6016
Antiguo	REDES ALCANTARILLADO / DRENAJE	REDES ALCANTARILLADO / DRENAJE	5075	TAPON DE PRUEBA PVC SANITARIA D=4" (INCLUYE SUMINISTRO E INSTALACIÓN)	UN	10132
Antiguo	REDES ALCANTARILLADO / DRENAJE	REDES ALCANTARILLADO / DRENAJE	5076	CODO 45° PVC SANITARIA D=4" (INCLUYE SUMINISTRO E INSTALACIÓN).	UN	27680
Antiguo	REDES ALCANTARILLADO / DRENAJE	REDES ALCANTARILLADO / DRENAJE	5077	CODO 45°CXE PVC SANITARIA D=2" (INCLUYE SUMINISTRO E INSTALACIÓN).	UN	10044
Antiguo	REDES ALCANTARILLADO / DRENAJE	REDES ALCANTARILLADO / DRENAJE	5078	CODO 90° CXE PVC SANITARIA D=4" (INCLUYE SUMINISTRO E INSTALACIÓN).	UN	29796
Antiguo	REDES ALCANTARILLADO / DRENAJE	REDES ALCANTARILLADO / DRENAJE	5079	YEE PVC SANITARIA D=2" (INCLUYE SUMINISTRO E INSTALACIÓN).	UN	15393
Antiguo	REDES ALCANTARILLADO / DRENAJE	REDES ALCANTARILLADO / DRENAJE	5080	YEE PVC SANITARIA D=4" (INCLUYE SUMINISTRO E INSTALACIÓN).	UN	45577
Antiguo	REDES ALCANTARILLADO / DRENAJE	REDES ALCANTARILLADO / DRENAJE	5081	YEE DOBLE PVC SANITARIA D=4" (INCLUYE SUMINISTRO E INSTALACIÓN).	UN	76061
Antiguo	REDES ALCANTARILLADO / DRENAJE	REDES ALCANTARILLADO / DRENAJE	5082	PUNTO SANITARIO 4" PARA FLUXOMETRO ( INCLUYE SUMINISTRO E INSTALACIÓN. INCLUYE CODO 45°, TUBERIA PVC SANITARIA, UNION, SOLDADURA Y CINTA TEFLON).	UN	129715
Antiguo	REDES ACUEDUCTO	REDES ACUEDUCTO	5083	TUBERIA PVC E.L. D= 1 1/4" 200 PSI (INCLUYE SUMINISTRO E INSTALACIÓN, SOLDADURA).	ML	18891
Antiguo	REDES ACUEDUCTO	REDES ACUEDUCTO	5084	TUBERIA PVC E.L. D= 1 RDE 13.5 - 315 PSI (INCLUYE SUMINISTRO E INSTALACIÓN, SOLDADURA).	ML	16129
Antiguo	REDES ACUEDUCTO	REDES ACUEDUCTO	5085	TEE PVC E.L. D= 1 1/2" (INCLUYE SUMINISTRO E INSTALACIÓN, SOLDADURA).	UN	20799
Antiguo	REDES ACUEDUCTO	REDES ACUEDUCTO	5086	TEE PVC E.L. D= 1 1/4" (INCLUYE SUMINISTRO E INSTALACIÓN, SOLDADURA).	UN	16415
Antiguo	REDES ACUEDUCTO	REDES ACUEDUCTO	5087	TEE PVC E.L. D= 1" (INCLUYE SUMINISTRO E INSTALACIÓN, SOLDADURA).	UN	9657
Antiguo	REDES ACUEDUCTO	REDES ACUEDUCTO	5088	CODO 90° PVC E.L. D= 1 1/4" (INCLUYE SUMINISTRO E INSTALACIÓN, SOLDADURA).	UN	11414
Antiguo	REDES ACUEDUCTO	REDES ACUEDUCTO	5089	CODO 90° PVC E.L. D= 1" (INCLUYE SUMINISTRO E INSTALACIÓN, SOLDADURA).	UN	8501
Antiguo	REDES ACUEDUCTO	REDES ACUEDUCTO	5090	CODO 90° PVC E.L. D= 1 1/2" (INCLUYE SUMINISTRO E INSTALACIÓN, SOLDADURA).	UN	17374
Antiguo	REDES ACUEDUCTO	REDES ACUEDUCTO	5091	REDUCCION PVC E.L. D= 1 1/2" A 1 1/4" (INCLUYE SUMINISTRO E INSTALACIÓN, SOLDADURA).	UN	12152
Antiguo	REDES ACUEDUCTO	REDES ACUEDUCTO	5092	REDUCCION PVC E.L. D= 1 1/4" A 1" (INCLUYE SUMINISTRO E INSTALACIÓN, SOLDADURA).	UN	9225
Antiguo	REDES ACUEDUCTO	REDES ACUEDUCTO	5093	REDUCCION PVC E.L. D= 1" A 3/4" (INCLUYE SUMINISTRO E INSTALACIÓN, SOLDADURA).	UN	7361
Antiguo	REDES ACUEDUCTO	REDES ACUEDUCTO	5094	REDUCCION PVC E.L. D=3/4" A 1/2" (INCLUYE SUMINISTRO E INSTALACIÓN, SOLDADURA).	UN	6328
Antiguo	REDES ACUEDUCTO	REDES ACUEDUCTO	5095	REGISTRO BOLA 1/2" TIPO PESADO (INCLUYE SUMINISTRO E INSTALACIÓN, SOLDADURA Y CINTA TEFLON)	UN	44273
Antiguo	REDES ACUEDUCTO	REDES ACUEDUCTO	5096	REGISTRO BOLA 1" TIPO PESADO (INCLUYE SUMINISTRO E INSTALACIÓN, SOLDADURA Y CINTA TEFLÓN)	UN	42362
Antiguo	REDES ACUEDUCTO	REDES ACUEDUCTO	5097	REGISTRO DE BOLA 1 1/4" TIPO PESADO (INCLUYE SUMINISTRO E INSTALACIÓN, SOLDADURA Y CINTA TEFLON)	UN	51943
Antiguo	REDES ACUEDUCTO	REDES ACUEDUCTO	5098	PUNTO HIDRAULICO D=1" PARA SANITARIO FLUXOMETRO (INCLUYE SUMINISTRO E INSTALACIÓN, INCLUYE CODO 45°, TUBERIA PVC E.L., TEE PVC E.L., SOLDADURA Y CINTA TEFLON)	UN	76643
Antiguo	REDES ACUEDUCTO	REDES ACUEDUCTO	5099	PUNTO HIDRAULICO D=1/2" PARA SANITARIO FLUXOMETRO (INCLUYE SUMINISTRO E INSTALACIÓN, INCLUYE CODO 45°, TUBERIA PVC E.L., TEE PVC E.L., SOLDADURA Y CINTA TEFLON)	UN	72922
Antiguo	REDES ELECTRICAS	RED ELÉCTRICA CODENSA	5101	CONDUCTOR RED DE BAJA TENSION 31/0 + 12 600V CU CONDUCTORES DE LA PARCIAL ENTRE LOS VAGONES NORTE Y SUR. SUMINISTRO E INSTALACION.	ML	202181
Antiguo	REDES ELECTRICAS	RED ELÉCTRICA CODENSA	5102	ACOMETIDA TRIFASICA 36+18AWG THHN-600VCU. SUMINISTRO E INSTALACION. ACOMETIDA DESDE EL ARMARIO VAGON NORTE QUE ALIMENTA LAS TOMAS MONOFASICAS Y TRIFASICAS DE SERVICIO POR DEBAJO DEL PISO INSTALADO EN TUBERIA METALICA DE 1"	ML	67772
Antiguo	REDES ELECTRICAS	RED ELÉCTRICA CODENSA	5103	ACOMETIDA TRIFASICA 3X2/0+1X1/0AWG THHN600V CU, SUMINISTRO E INSTALACION, ACOMETIDA PARCIAL ENTRE ARMARIOS DE VAGON NORTE Y SUR PARA ALIMENTACION DE TABLERO DE NORMAL DE VAGON SUR, VA POR TUBERIA EMT 2" POR DEBAJO DEL PISO.	ML	238691
Antiguo	REDES ELECTRICAS	RED ELÉCTRICA CODENSA	5105	SALIDA PARA TOMA MONOFASICA DOBLE (TOMA DE SERVICIO VAGONES) ES LA SALIDA DESDE LA CAJA METALICA MAS CERCANA EN EL PISO DEL VAGON HASTA LA TOMA EN LA COLUMNA INTERIOR DEL VAGON.	UN	125941
Antiguo	REDES ELECTRICAS	RED ELÉCTRICA CODENSA	5106	SALIDA PARA TOMA TRIFASICA DE SEGURIDAD 1" EMT ES LA SALIDA DESDE LA CAJA METALICA MAS CERCANA EN EL PISO DEL VAGON (CORRESPONDIENTE A LA ACOMETIDA DE TOMA DE SERV) HASTA LA TOMA EN LA COLUMNA INTERIOR DEL VAGON.	UN	408302
Antiguo	REDES ELECTRICAS	RED ELÉCTRICA CODENSA	5107	SALIDA PARA TOTEMS NORTE Y SUR EN TUBERIA EMT DE 1" Y CONDUCTOR 2X10 CU. INCLUYE SUMINISTRO DE SOPORTARIA, ANDAMIO Y PERSONAL PARA TRABAJO EN ALTURA. SUMINISTRO E INSTALACION.	ML	56222
Antiguo	REDES ELECTRICAS	RED ELÉCTRICA CODENSA	5108	BALA CON BOMBILLOS AHORRADORES 2X20 W 120V INSTALADOS EN EL TECHO DE LAS TAQUILLAS. SUMINISTRO E INSTALACION. INCLUYE SUMINISTRO E INSTALACION DE INTERRUPTOR Y APERTURA DE HUECO EN CIELO RASO FALSO PARA FIJACION.	UN	450496
Antiguo	REDES ELECTRICAS	RED ELÉCTRICA CODENSA	5109	SALIDA PARA MOTORES PUERTAS EMT 3/4" ES LA SALIDA DESDE LA CAJA METALICA MAS CERCANA EN EL TECHO DEL VAGON, HASTA LA SALIDA EN EL COSTADO DEL VAGON. INCLUYE TUBERIA PARA EL CIRCUITO DIGITAL DE MANDO.	UN	206563
Antiguo	REDES ELECTRICAS	RED ELÉCTRICA CODENSA	5110	2 DUCTOS D= 3" PVC SE INSTALA EN EL PISO AL LADO DE LOS VAGONES PARA EL SISTEMA DE ENERGIA Y/O COMUNICACIONES. INCLUYE APERTURA DE ZANJA, COMPACTACION Y RETIRO DE ESCOMBROS	ML	58832
Antiguo	REDES ELECTRICAS	RED ELÉCTRICA CODENSA	5111	1 DUCTO DE 3/4" EMT (PARA SALIDAS DE PUBLICIDAD) CON ESTA TUBERIA SE ALIMENTAN LAS SALIDAS DE PUBLIMILENIO EN CADA VAGON, SALIENDO DE LOS ARMARIOS.	ML	17790
Antiguo	REDES ELECTRICAS	RED ELÉCTRICA CODENSA	5112	1 DUCTO DE 1" EMT CON ESTA TUBERIA SE INTERCONECTAN LAS PARCIALES DE VAGONES NORTE Y SUR Y LA ACOMETIDA DE LAS LAMPARAS EN LAS TRANSICIONES POR DEBAJO DEL PISO DE LOS VAGONES.	ML	31915
Antiguo	REDES ELECTRICAS	RED ELÉCTRICA CODENSA	5113	SALIDA PARA LAMPARA FLUORESCENTE EMT 3/4". ES LA SALIDA DESDE LA CAJA METALICA ANTERIOR EN EL TECHO DEL VAGON HASTA LA CAJA DE SALIDA PROPIA DE LA LAMPARA.	UN	300925
Antiguo	OBRAS DE ARTE Y EDIFICACIONES	ACABADOS	5122	SANITARIO LINEA INSTITUCIONAL COLOR BLANCO (VALVULA ANTIVANDALICA TIPO PUSH METALICO, CROMADO) SUMINISTRO E INSTALACION	UN	462440
Antiguo	OBRAS DE ARTE Y EDIFICACIONES	ACABADOS	5123	SANITARIO LINEA INSTITUCIONAL PARA DISCAPACITADOS COLOR BLANCO (VALVULA ANTIVANDALICA TIPO PUSH METALICO, CROMADO) SUMINISTRO E INSTALACION.	UN	1163341
Antiguo	OBRAS DE ARTE Y EDIFICACIONES	ACABADOS	5124	ORINAL MEDIANO DE COLGAR TIPO INSTITUCIONAL COLOR BLANCO (VALVULA ANTIVANDALICA TIPO PUSH METALICO, CROMADO) SUMINISTRO E INSTALACION	UN	388799
Antiguo	OBRAS DE ARTE Y EDIFICACIONES	ACABADOS	5125	DISPENSADOR PARA PAPEL HIGIENICO DE SOBREPONER EN LA PARED PARA ROLLO DE 200M Y 400M EN ACERO INOXIDABLE 304 SATINADO CON LLAVE. SUMINISTRO E INSTALACION.	UN	95676
Antiguo	OBRAS DE ARTE Y EDIFICACIONES	ACABADOS	5126	GRIFERIA PARA LAVAMANOS DE MESON TIPO PUSH METALICO CROMADO. SUMINISTRO E INSTALACION.	UN	306663
Antiguo	OBRAS DE ARTE Y EDIFICACIONES	ACABADOS	5127	SECADOR ELECTRICO PARA MANOS TIPO MANOS LIBRES, CARCAZA OVALADA METALICA ACERO INOXIDABLE 304 SATINADO CAL. 1.2MM MOTOR SIN ESCOBILLAS, RANGO DE DETECCION DEL SENSOR AJUSTABLE, DE 10 CM A 30 CM. SUMINISTRO E INSTALACION.	UN	595440
Antiguo	OBRAS DE ARTE Y EDIFICACIONES	ACABADOS	5128	VALVULA ANTIVANDALICA PARA ORINAL. SUMINISTRO E INSTALACION.	UN	483139
Antiguo	CONCRETO Y ACERO PARA ESTRUCTURAS	ESTRUCTURAS EN ACERO	5129	PISO EN LAMINA ALFAJOR CAL. 3MM ANCHO 31CM PARA PLATAFORMA DE DESCENSO PASAJEROS VAGONES. INCLUYE ANGULO 1/8" X 1", IMPRIMANTE EPOXICO, PINTURA EPOXICA PARA BARRERAS Y SOLDADURA. SUMINISTRO E INSTALACION.	ML	331328
Antiguo	CONCRETO Y ACERO PARA ESTRUCTURAS	ESTRUCTURAS EN ACERO	5131	BARANDA METALICA M-82 PREFABRICADA (INCLUYE INSTALACIÓN, DADOS DE CONCRETO 3000 PSI GRAVA COMÚN DE 0.20 X 0.20 MT Y PINTURA). SUMINISTRO E INSTALACION.	ML	250419
Antiguo	REDES ALCANTARILLADO / DRENAJE	REDES ALCANTARILLADO / DRENAJE	5132	BAJANTE ALL PVC SANITARIA D=4" (INCLUYE SUMINISTRO E INSTALACIÓN, INCLUYE UNIÓN PROPORCIONAL CADA 6MT, INCLUYE SOPORTE Y DOS TORNILLOS INOXIDABLES PROPORCIONALES CADA 3MT, SOLDADURA Y CITA TEFLON).	ML	75202
Antiguo	SEÑALIZACIÓN	DEMARCACION DE PAVIMENTOS	5135	DEMARCACION LINEA CEDA EL PASO DISCONTINUA DE 0.8MT ESPACIADO 0.4MT E=2.3MM EN PINTURA TERMOPLASTICA, INCLUYE SUMINISTRO Y APLICACION CON EQUIPO, INCLUYE MICROESFERAS.	ML	8629
Antiguo	SEÑALIZACIÓN	DEMARCACION DE PAVIMENTOS	5136	DEMARCACION LINEA CARRIL A=0.12M L=3.0 SEPARACION=5.0M E=2.3MM, EN PINTURA TERMOPLASTICA. INCLUYE SUMINISTRO Y APLICACION CON EQUIPO. INCLUYE MICROESFERAS.	M2	12018
Antiguo	SEÑALIZACIÓN	OTROS-SEÑALIZACIÓN	5143	FRANJA EN ADHESIVO VINILICO ESMERILADO EFECTO STAND BLASTED FROSTED CRYSTAL, SUMINISTRO E INSTALACION, GARANTIA DE 5 AÑOS AL EXTERIOR. SEGUN MANUAL DE IMAGEN DE TRANSMILENIO S.A.	UN	92974
Antiguo	SEÑALIZACIÓN	OTROS-SEÑALIZACIÓN	5144	FRANJA EN VINILO CON ADHESIVO EN VINILO ALTO 6CM, GARANTIA DE 5 AÑOS AL EXTERIOR SEGUN COLOR. SUMINISTRO E INSTALACION. SEGUN MANUAL DE IMAGEN DE TRANSMILENIO S.A.	UN	26761
Antiguo	SEÑALIZACIÓN	OTROS-SEÑALIZACIÓN	5145	FRANJA EN VINILO CON ADHESIVO EN VINILO ALTO 3CM, SUMINISTRO E INSTALACION, GARANTIA DE 5 AÑOS AL EXTERIOR SEGUN COLOR. SEGUN MANUAL DE IMAGEN DE TRANSMILENIO S.A.	UN	21456
Antiguo	REDES ALCANTARILLADO / DRENAJE	REDES ALCANTARILLADO / DRENAJE	5159	YEE REDUCIDA PVC SANITARIA 4" X 2" (INCLUYE SUMINISTRO E INSTALACIÓN)	UN	39909
Antiguo	REDES ALCANTARILLADO / DRENAJE	REDES ALCANTARILLADO / DRENAJE	5160	PUNTO SANITARIO 2" PARA LAVAMANOS, LAVAPLATOS, ORINALES Y POCETAS (INCLUYE SUMINISTRO E INSTALACIÓN, INCLUYE CODO DE 45°, TUBERIA PVC SANITARIA, SIFON, UNIÓN, SOLDADURA Y CINTA TEFLON).	UN	92333
Antiguo	ENSAYOS - LABORATORIOS	ENSAYOS - LABORATORIOS	5161	INSPECCION VISUAL PARA MALLA VIAL ARTERIAL NO TRONCAL, BRIGADA DE REACCION REALIZACION INVENTARIO DE HUECOS Y PROCESAMIENTO DE LA INFORMACION.	M2	283
Antiguo	PAVIMENTOS	PAVIMENTOS EN CONCRETO ASFALTICO	5162	PAVIMENTO ASF RECICLADO EN FRIO CEMENTO 3% (ADICIÓN EMULSIÓN ASFÁLTICA CRL-1 RECICLAJE EXTENDER, NIVELAR, Y COMPACTAR MECANICAMENTE. NO INCLUYE AGREGADOS PETREOS DE ADICIÓN).	M3	375196
Antiguo	PAVIMENTOS	PAVIMENTOS EN CONCRETO ASFALTICO	5163	PAVIMENTO ASF RECICLADO EN FRIO CEMENTO 5% (ADICIÓN EMULSIÓN ASFALTICA CRL-1, RECICLAJE, EXTENDER, NIVELAR Y COMPACTAR MECANICAMENTE. NO INCLUYE AGREGADOS PETREOS DE ADICIÓN).	M3	398667
Antiguo	PAVIMENTOS	PAVIMENTOS EN CONCRETO ASFALTICO	5164	PAVIMENTO ASF RECICLADO EN FRIO EMULSIÓN CRL-1 AL 3% (SUMINISTRO EMULSIÓN ASFÁLTICA CRL-1 RECICLAJE, EXTENDIDA, NIVELACIÓN Y COMPACTACIÓN MECANICA. NO INCLUYE AGREGADOS PETREOS DE ADICIÓN).	M3	203008
Antiguo	PAVIMENTOS	PAVIMENTOS EN CONCRETO ASFALTICO	5165	PAVIMENTO ASF RECICLADO EN FRIO EMULSION CRL-1 AL 5% (SUMINISTRO EMULSIÓN ASFÁLTICA CRL-1, RECICLAJE, EXTENDIDA, NIVELACIÓN Y COMPACTACIÓN MECANICA. NO INCLUYE AGREGADOS PETREOS DE ADICIÓN).	M3	292796
Antiguo	GESTIÓN AMBIENTAL	GESTIÓN AMBIENTAL	5166	ALQUILER DE CERRAMIENTO TIPO 3, CONSTA DE SEÑALIZADORES TUBULARES PLASTICOS SEPARADOS ENTRE SI MAXIMO 3MTS TRIPLE CINTA PELIGRO CAL 4 (INCLUYE INSTALACIÓN, MANTENIMEINTO Y DESINSTALACIÓN).	ML/ME	6565
Antiguo	GESTIÓN AMBIENTAL	GESTIÓN AMBIENTAL	5167	PERSONAL DE BRIGADA Y ASEO (INCLUYE HERRAMIENTA MENOR). SUMINISTRO.	H/ME	3337959
Antiguo	GESTIÓN AMBIENTAL	GESTIÓN AMBIENTAL	5168	PROTECCION A SUMIDEROS. (INCLUYE SUMINISTRO Y COLOCACION DE BOLSAS DE LONA Y GEOTEXTIL NO TEJIDO CON RESISTENCIA A LA TENSION GRAB DE 400 N).	UN/MES	21674
Antiguo	GESTIÓN AMBIENTAL	GESTIÓN AMBIENTAL	5169	PLAFONADO DE POZOS (INCLUYE SUMINISTRO Y COLOCACIÓN DE PUNTILLA, TABLA BURRA DE 2.90 X0.28X0.025M, CINTA DE SEÑALIZACION CAL 4 ROLLO 500MX0.10M Y SEÑALIZACIÓN TUBULAR COLOMBINA PLÁSTICA).	UN	210313
Antiguo	GESTIÓN AMBIENTAL	GESTIÓN AMBIENTAL	5170	ALQUILER ELEMENTOS DE PROTECCION PERSONAL BASICO CONSTRUCCION VIAS CUADRILLAS 5 PERSONAS (PARA PERSONAL OPERATIVO DE LOS FRENTES DE OBRA).	UN/MES	450370
Antiguo	REDES ACUEDUCTO	REDES ACUEDUCTO	5171	ACOMETIDA DOMICILIARIA DE 3" A 1/2". SUMINISTRO E INSTALACION. (INCLUYE TUBERIA PF, REPOSICIÓN DE CAJILLA EN POLIPROPILENO PARA MEDIDOR, REGISTROS Y ACCESORIOS. LONGITUD PROMEDIO =6.5MT).	UN	524636
Antiguo	REDES ACUEDUCTO	REDES ACUEDUCTO	5172	ACOMETIDA DOMICILIARIA DE 4" A 1/2". SUMINISTRO E INSTALACION. (INCLUYE TUBERIA PF, REPOSICIÓN DE CAJILLA EN POLIPROPILENO PARA MEDIDOR, REGISTROS Y ACCESORIOS, LONGITUD PROMEDIO = 6.5MT).	UN	490331
Antiguo	REDES ACUEDUCTO	REDES ACUEDUCTO	5173	ACOMETIDA DOMICILIARIA DE 6" A 1/2". SUMINISTRO E INSTALACION. (INCLUYE TUBERIA PF REPOSICIÓN DE CAJILLA EN POLIPROPILENO PARA MEDIDOR, REGISTROS Y ACCESORIOS. LONGITUD PROMEDIO=6.5 MT).	UN	498435
Antiguo	ACTIVIDADES CONSERVACIÓN	ACTIVIDADES CONSERVACIÓN	5175	MURETE CONTENEDOR DE ZONA VERDE H=0.60M A=0.40M. SUMINISTRO Y CONSTRUCCION. (INCLUYE SUMINISTRO Y COLOCACION DE RECEBO COMUN, GEOMEMBRANA DE POLIETILENO DE ALTA DENSIDAD (PEAD-HDPE) CON ESPESOR DE 30 MILS (0,75 MM) Y ACERO DE REFUERZO PARA ANCLAJE).	ML	243625
Antiguo	ACTIVIDADES CONSERVACIÓN	ACTIVIDADES CONSERVACIÓN	5176	ELEMENTO SEGREGADOR DE CICLO RUTA TIPO PIEZA A130 EN CONCRETO DE 3000PSI (FUNDIDO EN SITIO, CONCRETO PREMEZCLADO. INCLUYE SUMINISTRO, FORMALETA Y CONSTRUCCIÓN).	ML	198787
Antiguo	PAVIMENTOS	PAVIMENTOS EN CONCRETO ASFALTICO	5177	PARCHEO EN PAVIMENTO FLEXIBLE PARA ACCIONES DE MOVILIDAD. (INCLUYE CORTE, DEMOLICIÓN, CARGUE, TRANSPORTE Y DISPOSICIÓN FINAL DE ESCOMBROS, IMPRIMACIÓN, SUMINISTRO, EXTENDIDO Y COMPACTACIÓN MECANICA DE MEZCLA ASFÁLTICA) TRABAJO NOCTURNO.	M3	2077901
Antiguo	ANÁLISIS AUXILIARES	CUADRILLAS (INCLUYE FACTOR PRESTACIONAL)	5178	CUADRILLA (OFICIAL + 6 AYUDANTES) HORARIO NOCTURNO	JR	952689
Antiguo	REDES ALCANTARILLADO / DRENAJE	REDES ALCANTARILLADO / DRENAJE	5180	FILTRO DE DRENAJE DE 0.6M X 1.0M. SUMINISTRO E INSTALACION. (INCLUYE TUBERIA PERFORADA D=4", GRAVA COMUN 1/2" Y GEOTEXTIL NO TEJIDO CON RESISTENCIA A LA TENSION GRAB: ENTRE 850 N Y 980 N).	ML	349011
Antiguo	ANDENES Y SARDINELES	SARDINELES Y BORDILLOS	5181	SARDINEL FUNDIDO EN SITIO EN CONCRETO PREMEZCLADO DE 3000PSI. SUMINISTRO Y CONSTRUCCION. (GRAVA COMÚN) E=0.20M H=0.35M (INCLUYE FORMALETA METÁLICA, ACERO DE REFUERZO Y ALAMBRE NEGRO).	ML	65653
Antiguo	REDES TELEFONICAS / DATOS	RED TELEFONICA ETB	5182	6 DUCTOS D=6" + 2 DUCTOS D=3" PVC TDP. SUMINISTRO E INSTALACION. (NO INCLUYE RELLENOS).	ML	462912
Antiguo	REDES TELEFONICAS / DATOS	RED TELEFONICA ETB	5183	7 DUCTOS D=4" PVC TDP. SUMINISTRO E INSTALACION. (NO INCLUYE RELLENOS).	ML	220768
Antiguo	REDES TELEFONICAS / DATOS	RED TELEFONICA ETB	5184	3 DUCTOS DE D=3" PVC TDP. SUMINISTRO E INSTALACION. (NO INCLUYE RELLENOS).	ML	80259
Antiguo	REDES ACUEDUCTO	REDES ACUEDUCTO	5186	ACOMETIDA DOMICILIARIA DE 1/2" CON COLLAR DE DERIVACION DE 4" X 1/2". SUMINISTRO E INSTALACION. (INCLUYE TUBERIA PF, REGISTROS Y ACCESORIOS, LONGITUD PROMEDIO DE 6.5M, INCLUYE CAJILLA EN POLIPROPILENO PARA MEDIDOR)	UN	470326
Antiguo	REDES ACUEDUCTO	REDES ACUEDUCTO	5187	ACOMETIDA DOMICILIARIA DE 1/2" CON COLLAR DE DERIVACION DE 6" X 1/2". SUMINISTRO E INSTALACION. (INCLUYE TUBERIA PF, REGISTROS Y ACCESORIOS, LONGITUD PROMEDIO 6.5MT. INCLUYE CAJILLA EN POLIPROPILENO PARA MEDIDOR).	UN	508180
Antiguo	SEÑALIZACIÓN	SEÑALES DE TRANSITO	5188	BOYA PLASTICA DE 20 X 20 X 9CM DE ALTURA. SUMINISTRO E INSTALACION.	UN	61103
Antiguo	SEÑALIZACIÓN	SEÑALES DE TRANSITO	5189	HITO DE 75CM DE ALTURA Y 8 CM DE DIAMETRO CON REFLECTIVOS DE COLOR AMARILLO. SUMINISTRO E INSTALACION.	UN	94206
Antiguo	PUENTES	PUENTES	5190	CORTE CON EQUIPO DE OXICORTE PARA EL RETIRO DE LA JUNTA METALICA EXISTENTE EN EL PUENTE.	ML	13533
Antiguo	SEÑALIZACIÓN	DEMARCACION DE PAVIMENTOS	5191	DEMARCACION PICTOGRAMA CICLORUTA EN PINTURA TERMOPLASTICA (E=2.3MM INCLUYE SUMINISTRO Y APLICACIÓN CON EQUIPO, INCLUYE MICROESFERAS. AREA =2MT2).	UN	343674
Antiguo	PAVIMENTOS	JUNTAS PARA PAVIMENTOS	5195	RETIRO, DEMONTE DE MATERIAL DE JUNTA DE DILATACIÓN EXISTENTE Y DEMOLICIÓN DE CONCRETO ADYACENTE A LA JUNTA, ANCHO VARIABLE DE 80 A 90CM. (INCLUYE CARGUE, TRANSPORTE Y RETIRO DE ESCOMBROS).	ML	51937
Antiguo	DEMOLICIONES	DEMOLICIONES	5196	DEMOLICIÓN DE CONCRETO: ESPESORES 8CM A 15CM. (INCLUYE RETIRO DE MATERIAL, TRANSPORTE Y DISPOSICIÓN FINAL DE ESCOMBROS EN SITIO AUTORIZADO).	M3	122296
Antiguo	DEMOLICIONES	DEMOLICIONES	5197	DEMOLICIÓN DE CONCRETO: ESPESORES 16CM A 25CM. (INCLUYE RETIRO DE MATERIAL, TRANSPORTE Y DISPOSICIÓN FINAL DE ESCOMBROS EN SITIO AUTORIZADO).	M3	128953
Antiguo	PAVIMENTOS	JUNTAS PARA PAVIMENTOS	5202	JUNTA METÁLICA CON ÁNGULO DE 3"X1/4". SUMINISTRO Y COLOCACIÓN. (PARA UN SOLO COSTADO DE LA JUNTA).	ML	102640
Antiguo	PAVIMENTOS	JUNTAS PARA PAVIMENTOS	5204	LIMPIEZA PROFUNDA DE LA JUNTA PARA ANCHOS VARIABLES DE 5 A 30CM. (RETIRO DEL MATERIAL EN LA CAVIDAD EXISTENTE ENTRE LA SUPERFICIE EXTERNA DE LA VIGA Y EL ESPALDAR DEL ESTRIBO MEDIANTE EL USO DE HIDROLAVADO Y TALADRO LUEGO DEL VACIADO DE ESCOMBROS).	ML	11926
Antiguo	ACTIVIDADES CONSERVACIÓN	ACTIVIDADES CONSERVACIÓN	5205	SELLANTE BASE EN POLIMERO PARA SELLO DE FISURAS EN ALTURA, SUMINISTRO Y COLOCACIÓN, (ANCHO JUNTA APROX. 25MM PROFUNDIDAD APROX. 12MM).	ML	49387
Antiguo	ACTIVIDADES CONSERVACIÓN	ACTIVIDADES CONSERVACIÓN	5207	SANEADO DE CONCRETO DE RECUBRIMIENTO. INCLUYE ESCARIFICACIÓN DE CONCRETO PROFUNDIDAD ENTRE 2CM Y 7CM, LIMPIEZA Y APLICACIÓN DE RECUBRIMIENTO ANTICORROSIVO PARA EL ACERO DE REFUERZO EXISTENTE Y MORTERO DE REPARACIÓN ESTRUCTURAL. NIVEL DE TRABAJO+3.0M	M2	264607
Antiguo	ACTIVIDADES CONSERVACIÓN	ACTIVIDADES CONSERVACIÓN	5208	LIMPIEZA MECÁNICA DE ACERO DE REFUERZO CON PULIDORA Y SUMINISTRO Y APLICACIÓN DE INHIBIDOR DE CORROSIÓN. NIVEL DE TRABAJO +3.0M.	ML	122465
Antiguo	ACTIVIDADES CONSERVACIÓN	ACTIVIDADES CONSERVACIÓN	5209	IMPRIMANTE Y PUENTE DE ADHERENCIA ENTRE CONCRETO FRESCO Y ENDURECIDO DE FRAGUADO LENTO. SUMINISTRO Y APLICACIÓN. EPÓXICO DE PEGA CONCRETO NUEVO A VIEJO QUE CUMPLA CON LA NORMA ASTM C-881 TIPO 5 GRADO II	M2	86999
Antiguo	ACTIVIDADES CONSERVACIÓN	ACTIVIDADES CONSERVACIÓN	5210	ESCARIFICACIÓN MECÁNICA ABUZARDADO Y CORTE CON DISCO DIAMANTADO PARA RECALCE DE ELEMENTOS ESTRUCTURALES PROFUNDIDAD VARIABLE ENTRE 5CM Y 20CM. INCLUYE TRANSPORTE DE ESCOMBROS.	M2	90284
Antiguo	ACTIVIDADES CONSERVACIÓN	ACTIVIDADES CONSERVACIÓN	5211	MORTERO ACRILICO DE REPARACIÓN ALTA RESISTENCIA, AUTOIMPRIMANTE. SUMINISTRO Y APLICACIÓN. INCLUYE COSTOS DE SUMINISTRO DE MATERIALES (RECUBRIMIENTO ANTICORROSIVO EN DOS CAPAS.	M2	61282
Antiguo	PAVIMENTOS	JUNTAS PARA PAVIMENTOS	5212	MASILLA DE POLIURETANO MONOCOMPONENTE PARA SELLADO DE JUNTAS DE CONSTRUCCIÓN. SELLADOR ELÁSTICO DE POLIURETANO. SUMINISTRO Y COLOCACIÓN.	ML	25243
Antiguo	PAVIMENTOS	JUNTAS PARA PAVIMENTOS	5214	LAMINA ALFAJOR 6MM CON SOPORTE EN NEOPRENO PARA PERMITIR FLUJO VEHICULAR SOBRE JUNTAS DEMOLIDAS. INCLUYE RETIRO Y POSTERIOR COLOCACIÓN Y TRANSPORTE.	M2	316004
Antiguo	CONCRETO Y ACERO PARA ESTRUCTURAS	PINTURA PARA ESTRUCTURAS	5216	PINTURA EPÓXICA A DOS MANOS. SUMINISTRO Y APLICACIÓN.	M2	27296
Antiguo	SEÑALIZACIÓN	DEMARCACION DE PAVIMENTOS	5217	PINTURA ACRÍLICA BASE AGUA A=10CM PARA LINEAS DE DEMARCACIÓN, CON MICROESFERAS, ESPESOR SECO DE 9MILS Y 60% DE SÓLIDOS POR VOLUMEN, EN CALZADA. SUMINISTRO Y APLICACIÓN.	ML	4099
Antiguo	SEÑALIZACIÓN	DEMARCACION DE PAVIMENTOS	5218	PINTURA ACRILÍCA BASE AGUA A=10CM PARA LINEAS DE DEMARCACIÓN, EN CICLORUTA (EN ANDÉN), SIN MICROESFERAS, ESPESOR SECO DE 9MILS Y 60% DE SÓLIDOS POR VOLUMEN. SUMINISTRO Y APLICACIÓN.	ML	4149
Antiguo	SEÑALIZACIÓN	DEMARCACION DE PAVIMENTOS	5220	PINTURA EN PLASTICO EN FRIO METILMETACRILATO DE A=12CM PARA LINEAS DE DEMARCACIÓN, CON MICROESFERAS Y ESPESOR SECO SEGÚN NORMA NTC 4744. SUMINISTRO Y APLICACIÓN.	ML	19195
Antiguo	SEÑALIZACIÓN	DEMARCACION DE PAVIMENTOS	5221	PINTURA EN PLASTICO EN FRIO METILMETACRILATO DE A=15CM PARA LINEAS DE DEMARCACIÓN, CON MICROESFERAS Y ESPESOR SECO SEGÚN NORMA NTC 4744. SUMINISTRO Y APLICACIÓN.	ML	22083
Antiguo	SEÑALIZACIÓN	DEMARCACION DE PAVIMENTOS	5225	PINTURA DE TRÁFICO - IMPRIMANTE NEGRO A=15CM. SUMINISTRO Y APLICACIÓN.	ML	4735
Antiguo	SEÑALIZACIÓN	DEMARCACION DE PAVIMENTOS	5226	PINTURA DE TRÁFICO - IMPRIMANTE NEGRO A=20CM. SUMINISTRO Y APLICACIÓN.	ML	6426
Antiguo	SEÑALIZACIÓN	DEMARCACION DE PAVIMENTOS	5227	PINTURA DE TRÁFICO - IMPRIMANTE NEGRO. SUMINISTRO Y APLICACIÓN.	M2	29829
Antiguo	SEÑALIZACIÓN	DEMARCACION DE PAVIMENTOS	5228	BORRADO DE DEMARCACIÓN VIAL POR FRESADO CON MÁQUINA PARA LINEA A=0.12M.	ML	10434
Antiguo	SEÑALIZACIÓN	DEMARCACION DE PAVIMENTOS	5229	BORRADO DE DEMARCACIÓN VIAL POR FRESADO CON MÁQUINA PARA LINEA A=0.15M.	ML	13043
Antiguo	SEÑALIZACIÓN	DEMARCACION DE PAVIMENTOS	5230	BORRADO DE DEMARCACIÓN VIAL POR FRESADO CON MÁQUINA PARA LINEA A=0.20M.	ML	17425
Antiguo	SEÑALIZACIÓN	DEMARCACION DE PAVIMENTOS	5241	TACHA REFLECTIVA BIDIRECCIONAL (INCLUYE SUMINISTRO E INSTALACIÓN).	UN	21787
Antiguo	SEÑALIZACIÓN	DEMARCACION DE PAVIMENTOS	5242	RESALTOS EN CAUCHO ANCLADOS, LONGITUD 1M, ANCHO 30CM, ANCHO 4.5CM. (INCLUYE SUMINISTRO E INSTALACIÓN).	UN	254583
Antiguo	EXCAVACIONES	FORMALETAS, ENTIBADOS, ANDAMIOS Y ACCESORIOS	5244	ENTIBADO EC-1 CONTÍNUO MADERA CON PERFILES DE MADERA Y PARALES TELESCÓPICOS. SUMINISTRO E INSTALACIÓN.	M2	73672
Antiguo	REDES ALCANTARILLADO / DRENAJE	REDES ALCANTARILLADO / DRENAJE	5245	EMPATE EN LÍNEA DE TUBERÍA DE ACERO (HA) A TUBERÍA PVC 6". SUMINISTRO E INSTALACIÓN. (INCLUYE ACOPLE UNIVERSAL D= 6" R1, UNIÓN DE REPARACIÓN D=6" Y 1MT DE TUBERÍA PVC D= 6" RDE 21).	UN	794608
Antiguo	REDES ALCANTARILLADO / DRENAJE	REDES ALCANTARILLADO / DRENAJE	5246	EMPATE EN LÍNEA DE TUBERÍA DE ACERO (HA) A TUBERÍA PVC 12". SUMINISTRO E INSTALACIÓN. (INCLUYE ACOPLE UNIVERSAL D= 12" R1, UNIÓN DE REPARACIÓN D=12" Y 1MT DE TUBERÍA PVC D= 12" RDE 21).	UN	3128963
Antiguo	REDES ALCANTARILLADO / DRENAJE	REDES ALCANTARILLADO / DRENAJE	5247	EMPATE EN LÍNEA DE TUBERÍA DE ACERO (HA) A ASBESTO CEMENTO (AC) 6". SUMINISTRO E INSTALACIÓN. (INCLUYE DOS ACOPLES UNIVERSAL D= 6" R1 Y 1MT DE TUBERÍA PVC D= 6" RDE 21).	UN	883855
Antiguo	REDES ACUEDUCTO	REDES ACUEDUCTO	5248	TUBERIA CONDUIT PVC D= 1/2" (NO INCLUYE RELLENOS). SUMINISTRO E INSTALACIÓN.	ML	6662
Antiguo	REDES ELECTRICAS	RED ELÉCTRICA CODENSA	5249	TUBERIA EN ACERO GALVANIZADA D= 2" (NO INCLUYE RELLENOS). SUMINISTRO E INSTALACIÓN.	ML	71514
Antiguo	REDES ELECTRICAS	RED ELECTRICA CODENSA	5252	CAJA PARA SECCIONADOR MANIOBRA SUBESTACIÓN SEMISUMERGIBLE NORMA CODENSA CS290 (ANDEN. INCL BASE EN CONCRETO DE 1500 PSI. RECEBO COMPACTADO, MUROS, PAÑETE EN MORTERO IMPERMEAB. ACERO REFUERZO, ESCALERA DE GATO, MARCO Y TAPAS.	UN	4299462
Antiguo	REDES ELECTRICAS	RED ELECTRICA CODENSA	5253	CAJA DE MANIOBRA ENTRADA Y SALIDA SUBESTACION SEMISUMERGIBLE NORMA CODENSA CTS535. SUMINISTRO E INSTALACION.	UN	16752547
Antiguo	REDES ALCANTARILLADO / DRENAJE	REDES ALCANTARILLADO / DRENAJE	5254	TUBERIA CONCRETO D=36" CL. V REFORZADO (INCLUYE SUMINISTRO, INSTALACIÓN, MORTERO 2000 PSI PARA CUBRIMIENTO DE JUNTA).	ML	2284011
Antiguo	CONCRETO Y ACERO PARA ESTRUCTURAS	CONCRETO PARA ESTRUCTURAS	5271	CONCRETO 2000 PSI GRAVA COMUN 1" (SUMINISTRO Y COLOCACIÓN. INCLUYE SUMINISTRO DE CONCRETO, FORMALETEADO, FUNDIDA Y CURADO.)	M3	754899
Antiguo	REDES ELECTRICAS	RED ELÉCTRICA CODENSA	5272	2 DUCTOS D=6" PVC-TDP (NO INCLUYE RELLENOS NI EXCAVACIÓN). SUMINISTRO E INSTALACIÓN.	ML	132165
Antiguo	REDES ELECTRICAS	RED ELÉCTRICA CODENSA	5273	3 DUCTOS D=6" PVC-TDP (NO INCLUYE RELLENOS NI EXCAVACIÓN). SUMINISTRO E INSTALACIÓN.	ML	198247
Antiguo	REDES ELECTRICAS	RED ELÉCTRICA CODENSA	5274	5 DUCTOS D=6" PVC-TDP (NO INCLUYE RELLENOS NI EXCAVACIÓN). SUMINISTRO E INSTALACIÓN.	ML	330413
Antiguo	REDES ELECTRICAS	RED ELÉCTRICA CODENSA	5275	10 DUCTOS D=6" PVC-TDP (NO INCLUYE RELLENOS NI EXCAVACIÓN). SUMINISTRO E INSTALACIÓN.	ML	660823
Antiguo	REDES ELECTRICAS	RED ELÉCTRICA CODENSA	5276	11 DUCTOS D=6" PVC-TDP (NO INCLUYE RELLENOS NI EXCAVACIÓN). SUMINISTRO E INSTALACIÓN.	ML	726903
Antiguo	REDES ELECTRICAS	RED ELÉCTRICA CODENSA	5277	20 DUCTOS D=4" PVC-TDP (NO INCLUYE RELLENOS NI EXCAVACIÓN). SUMINISTRO E INSTALACIÓN.	ML	633485
Antiguo	REDES ELECTRICAS	RED ELÉCTRICA CODENSA	5278	28 DUCTOS D=4" PVC-TDP (NO INCLUYE RELLENOS NI EXCAVACIÓN). SUMINISTRO E INSTALACIÓN.	ML	887417
Antiguo	REDES ELECTRICAS	RED ELÉCTRICA CODENSA	5279	5 DUCTOS D=4" PVC-TDP (NO INCLUYE RELLENOS NI EXCAVACIÓN). SUMINISTRO E INSTALACIÓN.	ML	158373
Antiguo	RELLENOS Y CAPAS GRANULARES	CAPAS GRANULARES	5286	ESTABILIZACIÓN DE BASE GRANULAR CON EMULSIÓN + CEMENTO 5% E= 0.20M	M2	15099
Antiguo	CONCRETO Y ACERO PARA ESTRUCTURAS	CONCRETO PARA ESTRUCTURAS	5312	CONCRETO 4000 PSI (280 KG/CM2) GRAVA COMUN PARA ALETAS Y ESPALDAR (INCLUYE FORMALETA. NO INCLUYE REFUERZO NI CURADO. INCLUYE SUMINISTRO Y COLOCACION).	M3	794453
Antiguo	CONCRETO Y ACERO PARA ESTRUCTURAS	CONCRETO PARA ESTRUCTURAS	5313	CONCRETO 3500 PSI (245 KG/CM2) GRAVA COMUN PARA CIMENTACIONES (INCLUYE FORMALETA. NO INCLUYE REFUERZO NI CURADO. INCLUYE SUMINISTRO Y COLOCACION).	M3	776064
Antiguo	ANDENES Y SARDINELES	SARDINELES Y BORDILLOS	5314	SEPARADOR NEW JERSEY MONODIRECCIONAL 0.375M X 0.90M X 0.15M (FUNDIDO EN SITIO. INCLUYE SUM. E INST. NO INC. MATERIAL DE BASE).	ML	746600
Antiguo	CONCRETO Y ACERO PARA ESTRUCTURAS	CONCRETO PARA ESTRUCTURAS	5315	MURO DE CONTENCION EN CONCRETO 4000 PSI (280 KG/CM2)  (GRAVA COMUN) SUMINISTRO Y COLOCACIÓN. INCLUYE FORMALETA. NO INCLUYE REFUERZO, NI CURADO). PARA TRABAJOS A NIVEL MENOR DE 1.50M.	M3	1203655
Antiguo	REDES ELECTRICAS	RED ELÉCTRICA CODENSA	5316	NIVELACION DE CAJA CS276 EN ANDEN H= 0.42M (INCLUYE CONCRETO 2500 PSI HECHO EN OBRA, LADRILLO TOLETE RECOCIDO 24X12X6. MORTERO 1:5 HECHO EN OBRA. INCL. REPOSICION DE MARCO Y TAPA PREFABRICADA	UN	1633716
Antiguo	CONCRETO Y ACERO PARA ESTRUCTURAS	CONCRETO PARA ESTRUCTURAS	5317	SUPER ESTRUCTURA EN CONCRETO GRAVA COMÚN DE 5000 PSI (350 KG/CM2) ACELERADO A 2 DÍAS. (CONCRETO GRAVA COMÚN.INCLUYE ACELERANTE, FORMALETA, CURADO DE CONCRETO Y MANO DE OBRA).	M3	1107984
Antiguo	REDES ALCANTARILLADO / DRENAJE	REDES ALCANTARILLADO / DRENAJE	5318	CAMARA GRP 2500 * 2500 * 1200 (INCLUYE TUBERIA , CHIMENEA 2.5M Y ACCESORIOS. INCLUYE TRANSPORTE, SUMINISTRO E INSTALACION.	UN	102171257
Antiguo	REDES ALCANTARILLADO / DRENAJE	REDES ALCANTARILLADO / DRENAJE	5319	CAMARA GRP 2600 * 2600 * 1200 (INCLUYE TUBERIA , CHIMENEA 2.5M Y ACCESORIOS. INCLUYE TRANSPORTE, SUMINISTRO E INSTALACION.	UN	108808616
Antiguo	REDES ACUEDUCTO	REDES ACUEDUCTO	5320	TUBERIA GRP 350MM (INCLUYE TRANSPORTE). SUMINISTRO E INSTALACION.	ML	574328
Antiguo	REDES ACUEDUCTO	REDES ACUEDUCTO	5321	TUBERIA GRP 450MM (INCLUYE TRANSPORTE). SUMINISTRO E INSTALACION.	ML	690302
Antiguo	REDES ACUEDUCTO	REDES ACUEDUCTO	5322	TUBERIA GRP 550MM (INCLUYE TRANSPORTE). SUMINISTRO E INSTALACION.	ML	842201
Antiguo	REDES ACUEDUCTO	REDES ACUEDUCTO	5324	TUBERIA GRP 750MM (INCLUYE TRANSPORTE). SUMINISTRO E INSTALACION.	ML	1133108
Antiguo	REDES ACUEDUCTO	REDES ACUEDUCTO	5325	TUBERIA GRP 850MM (INCLUYE TRANSPORTE). SUMINISTRO E INSTALACION.	ML	1364626
Antiguo	REDES ACUEDUCTO	REDES ACUEDUCTO	5326	TUBERIA GRP 2500MM (INCLUYE TRANSPORTE). SUMINISTRO E INSTALACION.	ML	7594422
Antiguo	REDES ACUEDUCTO	REDES ACUEDUCTO	5327	TUBERIA GRP 2600MM (INCLUYE TRANSPORTE). SUMINISTRO E INSTALACION.	ML	8159186
Antiguo	REDES ALCANTARILLADO / DRENAJE	REDES ALCANTARILLADO / DRENAJE	5328	CAMARA GRP 900 * 900 * 1200 (INCLUYE TUBERIA , CHIMENEA 1.0M Y ACCESORIOS. INCLUYE TRANSPORTE, SUMINISTRO E INSTALACION.	UN	29081537
Antiguo	REDES ALCANTARILLADO / DRENAJE	REDES ALCANTARILLADO / DRENAJE	5329	CAMARA GRP 900 * 900 * 1200 (INCLUYE TUBERIA , CHIMENEA 2.50M Y ACCESORIOS. INCLUYE TRANSPORTE, SUMINISTRO E INSTALACION.	UN	29081537
Antiguo	REDES ALCANTARILLADO / DRENAJE	REDES ALCANTARILLADO / DRENAJE	5330	CAMARA GRP 1000 * 1000 * 1200 (INCLUYE TUBERIA , CHIMENEA 2.50M Y ACCESORIOS. INCLUYE TRANSPORTE, SUMINISTRO E INSTALACION.	UN	30964161
Antiguo	REDES ALCANTARILLADO / DRENAJE	REDES ALCANTARILLADO / DRENAJE	5331	CAMARA GRP 1100 * 1100 * 1200 (INCLUYE TUBERIA , CHIMENEA 2.50M Y ACCESORIOS. INCLUYE TRANSPORTE, SUMINISTRO E INSTALACION.	UN	33912603
Antiguo	REDES ALCANTARILLADO / DRENAJE	REDES ALCANTARILLADO / DRENAJE	5332	CAMARA GRP 1300 * 1300 * 1200 (INCLUYE TUBERIA , CHIMENEA 5.0M Y ACCESORIOS. INCLUYE TRANSPORTE, SUMINISTRO E INSTALACION.	UN	41102575
Antiguo	REDES ALCANTARILLADO / DRENAJE	REDES ALCANTARILLADO / DRENAJE	5333	CAMARA GRP 1500 * 1500 * 1200 (INCLUYE TUBERIA , CHIMENEA 2.50M Y ACCESORIOS. INCLUYE TRANSPORTE, SUMINISTRO E INSTALACION.	UN	49616518
Antiguo	REDES ALCANTARILLADO / DRENAJE	REDES ALCANTARILLADO / DRENAJE	5334	CAMARA GRP 1600 * 1600 * 1200 (INCLUYE TUBERIA , CHIMENEA 2.50M Y ACCESORIOS. INCLUYE TRANSPORTE, SUMINISTRO E INSTALACION.	UN	58822294
Antiguo	REDES ALCANTARILLADO / DRENAJE	REDES ALCANTARILLADO / DRENAJE	5335	CAMARA GRP 1800 * 1800 * 1200 (INCLUYE TUBERIA , CHIMENEA 2.50M Y ACCESORIOS. INCLUYE TRANSPORTE, SUMINISTRO E INSTALACION.	UN	65325584
Antiguo	REDES ALCANTARILLADO / DRENAJE	REDES ALCANTARILLADO / DRENAJE	5336	CAMARA GRP 1800 * 1800 * 1200 (INCLUYE TUBERIA , CHIMENEA 5.0M Y ACCESORIOS. INCLUYE TRANSPORTESUMINISTRO E INSTALACION.	UN	72678979
Antiguo	ENSAYOS - LABORATORIOS	ENSAYOS - LABORATORIOS	5338	PARAMETRO DE RESISTENCIA DEL SUELO MEDIANTE COMPRESION TRIAXIAL: COMPRESION TRIAXIAL ESTÁTICA CONSOLIDADA NO DRENADO UU (TRES PUNTOS)	UN	1516027
Antiguo	REDES ACUEDUCTO	REDES ACUEDUCTO	5339	REDUCCION CONCENTRICA HD 8"X4" (SUMINISTRO E INSTALACIÓN)	UN	712124
Antiguo	REDES ELECTRICAS	RED ELÉCTRICA CODENSA	5340	MALLA PUESTA A TIERRA SUBESTACIONES (INCLUYE SUMINISTRO E INSTALACION).	UN	3036048
Antiguo	REDES ELECTRICAS	RED ELÉCTRICA CODENSA	5341	VARILLA COOPER WELD 5/8" X 2.44M. (INCLUYE SUMINISTRO E INSTALACION).	UN	935199
Antiguo	REDES TELEFONICAS / DATOS	RED TELEFONICA ETB	5342	MASCARILLA DE GIRO PARA SEMÁFORO DE 200MM. (INCLUYE SUMINISTRO E INSTALACION).	UN	427407
Antiguo	REDES TELEFONICAS / DATOS	RED TELEFONICA ETB	5343	MODULO ROJO PARA SEMÁFOROS DE 200MM (TIPO LED, SEMÁFORO TIPO MENSULA). SUMINISTRO E INSTALACION.	UN	763205
Antiguo	RELLENOS Y CAPAS GRANULARES	CAPAS GRANULARES	5345	CAPAS GRANULARES DE SUBBASE CLASE A (SBG_A) PRODUCIDAS CON RCD. (SUMINISTRO, EXTENDIDO, NIVELACIÓN, HUMEDECIMIENTO Y COMPACTACIÓN CON VIBROCOMPACTADOR) IDU ET-400-11, TRÁFICO T4 - T5. TRANSPORTE PETREOS 28KM.	M3	183313
Antiguo	RELLENOS Y CAPAS GRANULARES	CAPAS GRANULARES	5346	CAPAS GRANULARES DE BASE CLASE A (BG_A) PRODUCIDAS CON RCD. (SUMINISTRO, EXTENDIDO, NIVELACIÓN, HUMEDECIMIENTO Y COMPACTACIÓN CON VIBROCOMPACTADOR) IDU ET-400-11, TRÁFICO T4 - T5. TRANSPORTE PETREOS 28KM.	M3	210266
Antiguo	RELLENOS Y CAPAS GRANULARES	CAPAS GRANULARES	5347	RECICLAJE DE PAVIMENTO ASFALTICO EN EL SITIO CON 3% DE EMULSION ASFALTICA, INCLUYE 0.5% DE CEMENTO PORTLAND. TRANSPORTE PETREOS 23 KM.	M3	329817
Antiguo	RELLENOS Y CAPAS GRANULARES	CAPAS GRANULARES	5348	RECICLAJE DE PAVIMENTO ASFALTICO EN EL SITIO CON 3% DE EMULSION ASFALTICA, INCLUYE 1.0% DE CEMENTO PORTLAND. TRANSPORTE PETREOS 23 KM.	M3	338337
Antiguo	RELLENOS Y CAPAS GRANULARES	CAPAS GRANULARES	5349	RECICLAJE DE PAVIMENTO ASFALTICO EN EL SITIO CON 3% DE EMULSION ASFALTICA, INCLUYE 1.5% DE CEMENTO PORTLAND. TRANSPORTE PETREOS 23 KM.	M3	346895
Antiguo	RELLENOS Y CAPAS GRANULARES	CAPAS GRANULARES	5350	RECICLAJE DE PAVIMENTO ASFALTICO EN EL SITIO CON 4% DE EMULSION ASFALTICA, INCLUYE 0.5% DE CEMENTO PORTLAND. TRANSPORTE PETREOS 23 KM.	M3	395247
Antiguo	RELLENOS Y CAPAS GRANULARES	CAPAS GRANULARES	5351	RECICLAJE DE PAVIMENTO ASFALTICO EN EL SITIO CON 4% DE EMULSION ASFALTICA, INCLUYE 1.0% DE CEMENTO PORTLAND. TRANSPORTE PETREOS 23 KM.	M3	403804
Antiguo	RELLENOS Y CAPAS GRANULARES	CAPAS GRANULARES	5352	RECICLAJE DE PAVIMENTO ASFALTICO EN EL SITIO CON 4% DE EMULSION ASFALTICA, INCLUYE 1.5% DE CEMENTO PORTLAND. TRANSPORTE PETREOS 23 KM.	M3	412362
Antiguo	RELLENOS Y CAPAS GRANULARES	CAPAS GRANULARES	5353	RECICLAJE DE PAVIMENTO ASFALTICO EN EL SITIO CON 5% DE EMULSION ASFALTICA, INCLUYE 0.5% DE CEMENTO PORTLAND. TRANSPORTE PETREOS 23 KM.	M3	460715
Antiguo	RELLENOS Y CAPAS GRANULARES	CAPAS GRANULARES	5354	RECICLAJE DE PAVIMENTO ASFALTICO EN EL SITIO CON 5% DE EMULSION ASFALTICA, INCLUYE 1.0% DE CEMENTO PORTLAND. TRANSPORTE PETREOS 23 KM.	M3	469808
Antiguo	RELLENOS Y CAPAS GRANULARES	CAPAS GRANULARES	5355	RECICLAJE DE PAVIMENTO ASFALTICO EN EL SITIO CON 5% DE EMULSION ASFALTICA, INCLUYE 1.5% DE CEMENTO PORTLAND. TRANSPORTE PETREOS 23 KM.	M3	477830
Antiguo	RELLENOS Y CAPAS GRANULARES	CAPAS GRANULARES	5356	RECICLAJE DE PAVIMENTO ASFALTICO EN EL SITIO CON 3% DE CEMENTO PORTLAND. SUMINISTRO, EXTENDIDO, NIVELACION, HUMEDECIMIENTO Y COMPACTACION CON VIBROCOMPACTADOR. IDU ET-454-11, TRÁFICO T4 - T5. TRANSPORTE PETREOS 23 KM.	M3	171112
Antiguo	RELLENOS Y CAPAS GRANULARES	CAPAS GRANULARES	5357	RECICLAJE DE PAVIMENTO ASFALTICO EN EL SITIO CON 4% DE CEMENTO PORTLAND. SUMINISTRO, EXTENDIDO, NIVELACION, HUMEDECIMIENTO Y COMPACTACION CON VIBROCOMPACTADOR. IDU ET-454-11, TRÁFICO T4 - T5. TRANSPORTE PETREOS 23 KM.	M3	190655
Antiguo	RELLENOS Y CAPAS GRANULARES	CAPAS GRANULARES	5358	RECICLAJE DE PAVIMENTO ASFALTICO EN EL SITIO CON 5% DE CEMENTO PORTLAND. SUMINISTRO, EXTENDIDO, NIVELACION, HUMEDECIMIENTO Y COMPACTACION CON VIBROCOMPACTADOR. IDU ET-454-11, TRÁFICO T4 - T5. TRANSPORTE PETREOS 23 KM.	M3	205770
Antiguo	RELLENOS Y CAPAS GRANULARES	CAPAS GRANULARES	5359	RECICLAJE DE PAVIMENTO ASFALTICO EN EL SITIO CON 6% DE CEMENTO PORTLAND. SUMINISTRO, EXTENDIDO, NIVELACION, HUMEDECIMIENTO Y COMPACTACION CON VIBROCOMPACTADOR. IDU ET-454-11, TRÁFICO T4 - T5. TRANSPORTE PETREOS 23 KM.	M3	222457
Antiguo	PAVIMENTOS	PAVIMENTOS EN CONCRETO ASFALTICO	5360	ACOPIO Y TRASIEGO MECANICO DE MATERIAL DE FRESADO EN EL SITIO DE ALMACENAMIENTO TRANSITORIO.	HR	182788
Antiguo	PAVIMENTOS	PAVIMENTOS EN CONCRETO ASFALTICO	5361	CLASIFICACION MECANICA DE MATERIAL DE FRESADO EN EL SITIO DE ALMACENAMIENTO TRANSITORIO PARA ACCIONES DE MOVILIDAD.	M3	12835
Antiguo	PAVIMENTOS	PAVIMENTOS EN CONCRETO ASFALTICO	5362	FRESADO ESTABILIZADO AL 5% CON EMULSIÓN CRL-1 PARA ACCIÓN DE MOVILIDAD (INCLUYE MATERIAL PÉTREO DE ADICIÓN (ARENA DE RIO) - DISTANCIA A 28 KM.	M3	401753
Antiguo	PAVIMENTOS	PAVIMENTOS EN CONCRETO ASFALTICO	5363	FRESADO ESTABILIZADO AL 5% CON EMULSIÓN CRL-1 PARA ACCION DE MOVILIDAD (INCLUYE MATERIAL PETREO DE ADICION (ARENA LAVADA) - DISTACIO A 28 KM.	M3	390725
Antiguo	PAVIMENTOS	PAVIMENTOS EN CONCRETO ASFALTICO	5364	FRESADO ESTABILIZADO AL 5% CON EMULSIÓN CRL-1 PARA ACCIÓN DE MOVILIDAD (INCLUYE MATERIAL PÉTREO DE ADICIÓN (SUBBASE GRANULAR TIPO A - SBG A)) - DISTANCIA A 28 KM.	M3	394263
Antiguo	GESTIÓN AMBIENTAL	GESTIÓN AMBIENTAL	5365	MALLA ESLABONADA CALIBRE 10.5 2" ALTURA MAYOR A 2.20M. SUMINISTRO E INSTALACION.	M2	55189
Antiguo	OBRAS DE ARTE Y EDIFICACIONES	CUBIERTAS	5368	TEJA DE ZINC. SUMINISTRO E INSTALACION. INCLUYE ESTRUCTURAS CUARTONES EN MADERA X 3.0M Y AMARRES.	M2	30210
Antiguo	CONCRETO Y ACERO PARA ESTRUCTURAS	PINTURA PARA ESTRUCTURAS	5369	PINTURA ACEITE SOBRE LAMINA (INCLUYE ANTICORROSIVO). SUMINISTRO Y APLICACION.	UN	5751
Antiguo	OBRAS DE ARTE Y EDIFICACIONES	PINTURA	5370	PINTURA VINILO TIPO 1 (2 MANOS).	M2	15758
Antiguo	OBRAS DE ARTE Y EDIFICACIONES	MAMPOSTERIA	5371	MURO EN LADRILLO TOLETE COMUN.	M2	88708
Antiguo	REDES ACUEDUCTO	REDES ACUEDUCTO	5372	TANQUE DE AGUA DE 500 LT. SUMINISTRO E INSTALACION.	UN	305110
Antiguo	ACERO DE REFUERZO	ACERO DE REFUERZO	5373	ZARANDA DE 6X3 PARA CLASIFICACIÓN MATERIAL. SUMINISTRO E INSTALACIÓN.	UN	49049565
Antiguo	PAVIMENTOS	PAVIMENTOS EN CONCRETO ASFALTICO	5374	PARCHEO CON PAVIMENTO ASFALTICO RECICLADO ESTABILIZADO AL 5% CON EMULSION CRL-1 PARA ACCION DE MOVILIDAD. SIN CORTE NI DEMOLICIÓN EXTENDIDO MANUAL. HASTA 28KM. HORARIO DIURNO.	M3	329228
Antiguo	PAVIMENTOS	PAVIMENTOS EN CONCRETO ASFALTICO	5375	PARCHEO CON PAVIMENTO ASFALTICO RECICLADO ESTABILIZADO AL 5% CON EMULSION CRL-1 PARA ACCION DE MOVILIDAD. SIN CORTE NI DEMOLICIÓN. EXTENDIDO MANUAL. HASTA 28KM. HORARIO NOCTURNO.	M3	396610
Antiguo	ANÁLISIS AUXILIARES	CUADRILLAS (INCLUYE FACTOR PRESTACIONAL)	5376	CUADRILLA (OFICIAL + 4 AYUDANTES) HORARIO NOCTURNO	JR	689673
Antiguo	PAVIMENTOS	PAVIMENTOS EN CONCRETO ASFALTICO	5377	PARCHEO CON FRESADO ESTABILIZADO AL 5% CON EMULSIÓN CRL-1 PARA ACCIÓN DE MOVILIDAD. EXTENDIDO MANUAL. INCLUYE CORTE, DEMOLICIÓN. HASTA 28KM. HORARIO DIURNO. SOLO INSTALACIÓN DEL MATERIAL	M3	423538
Antiguo	PAVIMENTOS	PAVIMENTOS EN CONCRETO ASFALTICO	5378	PARCHEO CON FRESADO ESTABILIZADO AL 5% CON EMULSIÓN CRL-1 PARA ACCIÓN DE MOVILIDAD. EXTENDIDO MANUAL. INCLUYE CORTE, DEMOLICIÓN. HASTA 28KM. HORARIO NOCTURNO. SOLO INSTALACIÓN DEL MATERIAL	M3	464388
Antiguo	TRANSPORTES Y ACARREOS	TRANSPORTES Y ACARREOS	5380	TRANSPORTE DE MATERIAL PROVENIENTE DE SITIO DE OBRA AL SITIO DISPUESTO PARA MEZCLAS, ESTABILIZAR O DEJAR EN PATIOS DE ACOPIO DEL IDU, EN DISTANCIA HASTA 21 KM.	M3	45674
Demanda	ACTIVIDADES CONSERVACIÓN	ACTIVIDADES CONSERVACIÓN	5381	CONSTRUCCIÓN DE CICLORUTA, INCLUYE OBRAS CIVILES, DEMARCACIÓN, SEÑALIZAN VERTICAL (CALCULADO PARA UN TRAMO REPRESENTATIVO DE 100 MT.)	ML	677982
Antiguo	ACTIVIDADES CONSERVACIÓN	ACTIVIDADES CONSERVACIÓN	5382	BICICARRIL BIDIRECCIONAL SEGREGADA (INCLUYE DEMARCACIÓN Y ELEMENTOS CANALIZADORES) (CALCULADO PARA UN TRAMO REPRESENTATIVO DE 100 MT.)	ML	120015
Antiguo	SEÑALIZACIÓN	DEMARCACION DE PAVIMENTOS	5383	BICICARRIL UNIDIRECCIONAL (INCLUYE DEMARCACIÓN) (CALCULADO PARA UN TRAMO REPRESENTATIVO DE 100 MT.)	ML	12297
Antiguo	ACTIVIDADES CONSERVACIÓN	ACTIVIDADES CONSERVACIÓN	5384	INTERSECCIÓN PARA BICICARRIL BIDIRECCIONAL(INCLUYE DEMARCACIÓN, SEÑALIZACIÓN VERTICAL, ELEMENTOS CANALIZADORES) (CALCULADO INCLUYENDO UN TRAMO DE 10 MT. ANTES Y DESPUÉS DE LA INTERSECCIÓN)	UN	19475207
Antiguo	ACTIVIDADES CONSERVACIÓN	ACTIVIDADES CONSERVACIÓN	5385	INTERSECCION PARA BICICARRIL UNIDIRECCIONAL, INCLUYE DEMARCACION, SEÑALIZACION VERTICAL, ELEMENTOS CANALIZADORES (CALCULADO INCLUYENDO UN TRAMO DE 10 MT. ANTES Y DESPUES DE LA INTERSECCIÓN)	UN	16349426
Antiguo	REDES TELEFONICAS / DATOS	RED TELEFONICA ETB	5387	REUBICACION DE POSTE TIPO MASTIL (INCLUYE DESMONTE).	UN	645220
Antiguo	ANÁLISIS AUXILIARES	CUADRILLAS (INCLUYE FACTOR PRESTACIONAL)	5391	CUADRILLA (4 AYUDANTES).	HR	55668
Antiguo	ANÁLISIS AUXILIARES	CUADRILLAS (INCLUYE FACTOR PRESTACIONAL)	5392	CUADRILLA (4 AYUDANTES)	JR	389656
Antiguo	REDES ALCANTARILLADO / DRENAJE	REDES ALCANTARILLADO / DRENAJE	5394	MANEJO DE AGUAS PARA TRABAJOS SOBRE CANAL. ALTURA DE LA BARRERA 1.50M (INCLUYE EQUIPO, SUMINISTRO Y MANO DE OBRA.	ML	370752
Antiguo	OBRAS DE ARTE Y EDIFICACIONES	ACABADOS	5395	BARANDAS. DESMONTE E INSTALACION. INCLUYE ACOPIO EN EL FRENTE DE OBRA. (NO INCLUYE TRASLADO DEL MATERIAL SOBRANTE, NI RETIRO DE ESCOMBROS).	ML	63002
Antiguo	CONCRETO Y ACERO PARA ESTRUCTURAS	CONCRETO PARA ESTRUCTURAS	5396	BOX CULVERT EN CONCRETO IMPERMEABILIZADO GRAVA FINA DE 3000 PSI (PREMEZCLADO. INCLUYE SUMINISTRO, FORMALETEO Y COLOCACIÓN. NO INCLUYE REFUERZO, CURADO).	M3	1423684
Antiguo	SEÑALIZACIÓN	DEMARCACION DE PAVIMENTOS	5397	DEMARCACION LINEA DE CANALIZACION BICICARRIL A= 0.25M EN PINTURA TERMOPLASTICA (INCLUYE SUMINISTRO Y APLICACION CON EQUIPO. INCLUYE MICROESFERA)	ML	42960
Antiguo	REDES TELEFONICAS / DATOS	RED TELEFONICA ETB	5398	9 DUCTOS D= 4" SUSPENDIDOS EN PUENTES NORMA CS218. SUMINISTRO E INSTALACION.	ML	2021296
Antiguo	ACERO DE REFUERZO	ACERO DE REFUERZO	5404	CANASTILLA PASAJUNTAS (INCLUYE SUMINISTRO Y FIJACIÓN)	KG	10706
Antiguo	SEÑALIZACIÓN	DEMARCACION DE PAVIMENTOS	5409	FLECHA DIRECCIONAL "FRENTE, DERECHA E IZQUIERDA" PARA PAVIMENTO FLEXIBLE (E= 15 MILS. ACRILICA BASE AGUA. INCLUYE SUMINISTRO Y APLICACIÓN CON EQUIPO. INCLUYE MICROESFERAS.	UN	551597
Antiguo	RELLENOS Y CAPAS GRANULARES	RELLENOS PARA ANDENES Y REDES	5412	RELLENO EN TRITURADO DE 3/4`` (INCLUYE TRANSPORTE, SUMINISTRO, EXTENDIDO MANUAL Y COLOCACIÓN)	M3	178829
Antiguo	EXCAVACIONES	EXC. ESTRUCTURAS Y REDES	5413	EXCAVACIÓN MANUAL DE DADOS Y COLUMNAS DE APOYO. INCLUYE MOTOBOMBA SUMERGIBLE Ø 2" O 3" - INCLUYE COMBUSTIBLE	M3	128667
Antiguo	RELLENOS Y CAPAS GRANULARES	RELLENOS PARA ANDENES Y REDES	5415	RELLENO EN ARENA DE PEÑA (INCLUYE TRANSPORTE, SUMINISTRO, EXTENDIDO MANUAL Y COMPACTACIÓN).	M3	127489
Antiguo	EXCAVACIONES	EXC. ESTRUCTURAS Y REDES	5416	EXCAVACIÓN MECÁNICA PARA DADOS (NIVEL DE FUNCIONAMIENTO. INCLUYE CARGUE).	M3	54603
Antiguo	EXCAVACIONES	EXC. ESTRUCTURAS Y REDES	5418	EXCAVACIÓN MECÁNICA EN TÚNEL.	M3	94195
Antiguo	CONCRETO Y ACERO PARA ESTRUCTURAS	CONCRETO PARA ESTRUCTURAS	5421	MURO ESTRUCTURAL EN CONCRETO 4000 PSI PREMEZCLADO, GRAVA COMÚN. (Incluye suministro, formaleteo, bombeo, colocación y curado. No incl. Refuerzo).	M3	1221089
Antiguo	CONCRETO Y ACERO PARA ESTRUCTURAS	CONCRETO PARA ESTRUCTURAS	5422	MURO DE CONTENCIÓN EN CONCRETO 4000 PSI PREMEZCLADO, GRAVA COMÚN.  (Incluye suministro, formaleteo, bombeo, colocación y curado. No incl. Refuerzo). Para trabajos en altura mayor a 1.50m.	M3	1248388
Antiguo	CONCRETO Y ACERO PARA ESTRUCTURAS	CONCRETO PARA ESTRUCTURAS	5426	CONCRETO 4000 PSI GRAVA COMÚN PARA RAMPAS Y ESCALERAS (PREMEZCLADO. INCL. SUMINISTRO, FORMALETEO Y COLOCACIÓN. NO INCL. REFUERZO, CURADO).	M3	1041490
Antiguo	CONCRETO Y ACERO PARA ESTRUCTURAS	CONCRETO PARA ESTRUCTURAS	5431	DINTEL EN CONCRETO DE 3000 PSI 10CM X 10CM (SUMINISTRO E INSTALACIÓN).	ML	95491
Antiguo	CONCRETO Y ACERO PARA ESTRUCTURAS	CONCRETO PARA ESTRUCTURAS	5432	TALÓN EN CONCRETO DE 3000 PSI (SUMINISTRO E INSTALACIÓN).	ML	107810
Antiguo	CONCRETO Y ACERO PARA ESTRUCTURAS	CONCRETO PARA ESTRUCTURAS	5433	SILLA EN CONCRETO DE 3000 PSI 10CM X 15CM (SUMINISTRO E INSTALACIÓN).	ML	98723
Antiguo	OBRAS DE ARTE Y EDIFICACIONES	MAMPOSTERIA	5442	MAMPOSTERIA EN BLOQUE DE CONCRETO 15X20X40 DE DOS PERFORACIONES TIPO INDUSTRIAL, ACABADO DOBLE CARA. INCLUYE MORTERO 1:4 HECHO EN OBRA.	M2	128750
Antiguo	OBRAS DE ARTE Y EDIFICACIONES	MAMPOSTERIA	5443	SOBRECIMIENTO EN BLOQUE DE 20CM (2 HILADAS) INCLUYE MORTERO DE PEGA 1:4 HECHO EN OBRA.	ML	44778
Antiguo	OBRAS DE ARTE Y EDIFICACIONES	PISOS	5452	PISO EN CONCRETO 3000 PSI PREMEZCLADO, ENDURECIDO Y ESMALTADO MAS VARILLAS EN ALUMINIO O PLÁSTICAS DE DILATACIÓN COLOR GRIS CADA 1,00M EN DOS DIRECCIONES. (SUMINISTRO E INSTALACION. NO INCL CURADO.	M2	98826
Antiguo	OBRAS DE ARTE Y EDIFICACIONES	PISOS	5455	PISO EN GRANITO ESMERILADO, VACIADO Y PULIDO EN SITIO E=1.5CM. INCLUYE JUNTAS DE DILATACIÓN RADIALES Y VACIADOS TRAPEZOIDALMENTE. COLOR Y DIMENSIONES ACORDE CON LOS PLANOS Y ESPECIFICACIONES TÉCNICAS.	M2	206089
Antiguo	OBRAS DE ARTE Y EDIFICACIONES	ACABADOS	5456	BOCAPUERTA EN GRANITO VACIADO. ANCHO 15 CM. (SUMINISTRO E INSTALACIÓN) INCLUYE MORTERO DE PEGA 1:2 HECHO EN OBRA.	ML	53562
Antiguo	OBRAS DE ARTE Y EDIFICACIONES	ACABADOS	5459	PELDAÑO EN GRANITO PULIDO. (SUMINISTRO E INSTALACIÓN. INCLUYE VARILLA DE ALUMINIO PARA DILATACION).	M2	86040
Antiguo	REDES ALCANTARILLADO / DRENAJE	REDES ALCANTARILLADO / DRENAJE	5461	TUBERIA PVC SANITARIA D=3`` TIPO U.S. (INCLUYE SUMINISTRO E INSTALACIÓN).	ML	31829
Antiguo	REDES ALCANTARILLADO / DRENAJE	REDES ALCANTARILLADO / DRENAJE	5462	SALIDA SANITARIA D=2``. (SUMINISTRO E INSTALACIÓN. INCLUYE TUBERÍA DE HASTA 3.0M DE LONGITUD Y ACCESORIOS DESDE EL RAMAL PRINCIPAL QUE RECIBE, HASTA LA BOCA PARA CONEXIÓN).	UN	170011
Antiguo	REDES ALCANTARILLADO / DRENAJE	REDES ALCANTARILLADO / DRENAJE	5463	SALIDA SANITARIA D=4``. (SUMINISTRO E INSTALACIÓN. INCLUYE TUBERÍA DE HASTA 3.0M DE LONGITUD Y ACCESORIOS DESDE EL RAMAL PRINCIPAL QUE RECIBE, HASTA LA BOCA PARA CONEXIÓN).	UN	253083
Antiguo	REDES ALCANTARILLADO / DRENAJE	REDES ALCANTARILLADO / DRENAJE	5466	TUBERIA PVC SANITARIA D=1 1/2`` TIPO U.S. (INCLUYE SUMINISTRO E INSTALACIÓN)	ML	18569
Antiguo	REDES ALCANTARILLADO / DRENAJE	REDES ALCANTARILLADO / DRENAJE	5467	TUBERIA PVC SANITARIA D=8`` TIPO U.S. (INCLUYE SUMINISTRO E INSTALACIÓN).	ML	160366
Antiguo	REDES ALCANTARILLADO / DRENAJE	REDES ALCANTARILLADO / DRENAJE	5469	TUBERIA PVC VENTILACIÓN D=3`` TIPO U.S. (INCLUYE SUMINISTRO E INSTALACIÓN).	ML	20593
Antiguo	REDES ACUEDUCTO	REDES ACUEDUCTO	5471	TUBERÍA PVC D=1" TIPO U.M. RDE 21 (SUMINISTRO E INSTALACIÓN).	ML	12748
Antiguo	REDES ACUEDUCTO	REDES ACUEDUCTO	5472	TUBERIA PVC E.L. D= 1/2`` RDE 13.5 - 315 PSI (INCLUYE SUMINISTRO E INSTALACIÓN, SOLDADURA).	ML	9739
Antiguo	OBRAS DE ARTE Y EDIFICACIONES	ACABADOS	5494	LAVAMANOS INSTITUCIONAL DE EMPOTRAR. (SUMINISTRO E INSTALACIÓN. INCLUYE GRIFERÍA TIPO PUSH O SIMILAR Y TUBERÍA DE CONEXIÓN).	UN	642607
Antiguo	OBRAS DE ARTE Y EDIFICACIONES	ACABADOS	5501	LAVAMANOS CERÁMICO DE SOBREPONER (SUMINISTRO E INSTALACIÓN. INCLUYE GRIFERÍA TIPO PUSH ANTIVANDÁLICO).	UN	625042
Antiguo	OBRAS DE ARTE Y EDIFICACIONES	ACABADOS	5502	LAVAMANOS DE COLGAR PARA PERSONAS EN CONDICIÓN DE MOVILIDAD REDUCIDA. (SUMINISTRO E INSTALACIÓN. INCLUYE GRIFERÍA TIPO PUSH ANTIVANDÁLICO).	UN	941356
Antiguo	REDES ELECTRICAS	RED ELÉCTRICA CODENSA	5523	TOMACORRIENTES CON CONEXIÓN A TIERRA, MONOFÁSICO DOBLE, 15 A, 125 VC.A. (LÍNEA NEMA 5), PARA TRABAJO PESADO. (INCLUYE INSTALACIÓN, CAJA DE SALIDA, ELEMENTOS DE CONEXIÓN, DE EMPALME Y DE MONTAJE).	UN	29703
Antiguo	REDES ELECTRICAS	RED ELÉCTRICA CODENSA	5524	TOMACORRIENTES CON PROTECCIÓN DE FALLA A TIERRA (GFCI), MONOFÁSICO DOBLE, 20 A, 125 VC.A. (LÍNEA NEMA 5), PARA TRABAJO LIVIANO. (INCLUYE INSTALACIÓN, CAJA DE SALIDA, ELEMENTOS DE CONEXIÓN, DE EMPALME Y DE MONTAJE).	UN	65003
Antiguo	REDES ELECTRICAS	RED ELÉCTRICA CODENSA	5525	TOMACORRIENTES CON CONEXIÓN A TIERRA, BIFÁSICOS, DOS POLOS, 3 HILOS, 20 A, 250 VC.A., (LÍNEA NEMA 6), PARA TRABAJO PESADO. (INCLUYE INSTALACIÓN, CAJA DE SALIDA, ELEMENTOS DE CONEXIÓN, DE EMPALME Y DE MONTAJE).	UN	88308
Antiguo	REDES ACUEDUCTO	REDES ACUEDUCTO	5527	TUBERÍA DE ACERO GALVANIZADO, LIVIANA TIPO EMT, D=1". (SUMINISTRO E INSTALACIÓN).	ML	31957
Antiguo	REDES ACUEDUCTO	REDES ACUEDUCTO	5528	TUBERÍA DE ACERO GALVANIZADO, LIVIANA TIPO EMT, D=3/4". (SUMINISTRO E INSTALACIÓN).	ML	23860
Antiguo	ANÁLISIS AUXILIARES	CUADRILLAS (INCLUYE FACTOR PRESTACIONAL)	5535	CUADRILLA (2 OFICIALES)	JR	242424
Antiguo	ANÁLISIS AUXILIARES	CUADRILLAS (INCLUYE FACTOR PRESTACIONAL)	5536	CUADRILLA (2 OFICIALES).	HR	34634
Antiguo	REDES ELECTRICAS	RED ELÉCTRICA CODENSA	5540	CONDUCTORES MONOPOLARES DE COBRE, AISLADOS PARA 600 V C.A., CALIBRE NO 12 AWG. (INCLUYE SUMINISTRO E INSTALACIÓN).	ML	4187
Antiguo	REDES ELECTRICAS	RED ELÉCTRICA CODENSA	5541	CONDUCTORES MONOPOLARES DE COBRE, AISLADOS PARA 600 V C.A., CALIBRE NO 10 AWG. (INCLUYE SUMINISTRO E INSTALACIÓN).	ML	5506
Antiguo	REDES ELECTRICAS	RED ELÉCTRICA CODENSA	5542	CONDUCTORES MONOPOLARES DE COBRE, AISLADOS PARA 600 V C.A., CALIBRE NO 8 AWG. (INCLUYE SUMINISTRO E INSTALACIÓN).	ML	8206
Antiguo	REDES ELECTRICAS	RED ELÉCTRICA CODENSA	5543	CONDUCTORES MONOPOLARES DE COBRE, AISLADOS PARA 600 V C.A., CALIBRE NO 6 AWG. (INCLUYE SUMINISTRO E INSTALACIÓN).	ML	12889
Antiguo	REDES ELECTRICAS	RED ELÉCTRICA CODENSA	5545	ACOMETIDA EN CONDUCTORES DE COBRE, (4NO. 4 + 1NO. 8) AWG, AISLADOS PARA 600 V C.A. INCLUYE CONDUCTORES, CONEXIONES, ACCESORIOS DE MONTAJE, ELEMENTOS DE CONEXIÓN Y DE MARCACIÓN.(INCLUYE SUMINISTRO E INSTALACIÓN).	ML	93304
Antiguo	REDES ELECTRICAS	RED ELÉCTRICA CODENSA	5546	ACOMETIDA EN CONDUCTORES DE COBRE, (4NO. 2 + 1NO. 4) AWG, AISLADOS PARA 600 V C.A. INCLUYE CONDUCTORES, CONEXIONES, ACCESORIOS DE MONTAJE, ELEMENTOS DE CONEXIÓN Y DE MARCACIÓN.(INCLUYE SUMINISTRO E INSTALACIÓN).	ML	124640
Antiguo	REDES ELECTRICAS	RED ELÉCTRICA CODENSA	5547	ACOMETIDA A TABLERO TATR, EN CONDUCTORES DE COBRE, (4NO.4 + 1NO. 8) AWG, AISLADOS PARA 600 V C.A. INCL CONDUCTORES, CONEXIONES, ACCESORIOS DE MONTAJE, ELEMENTOS DE CONEXIÓN Y MARCACIÓN.(INCL SUMINISTRO E INSTALACIÓN).	ML	91584
Antiguo	REDES ELECTRICAS	RED ELÉCTRICA CODENSA	5548	ALIMENTACIÓN EN CONDUCTORES DE COBRE, (3NO. 8 + 1NO. 10) AWG, AISLADOS PARA 600 V C.A., INCLUYE CONDUCTORES, CONEXIONES, ACCESORIOS DE MONTAJE, ELEMENTOS DE CONEXIÓN Y DE MARCACIÓN. (INCLUYE SUMINISTRO E INSTALACIÓN).	ML	31968
Antiguo	REDES ELECTRICAS	RED ELÉCTRICA CODENSA	5549	ALIMENTACIÓN EN CONDUCTORES DE COBRE, (4NO. 2/0 + 1NO.6) AWG, AISLADOS PARA 600 V C.A., INCLUYE CONDUCTORES, CONEXIONES, ACCESORIOS DE MONTAJE, ELEMENTOS DE CONEXIÓN Y DE MARCACIÓN. (INCLUYE SUMINISTRO E INSTALACIÓN)	ML	216828
Antiguo	REDES ELECTRICAS	RED ELÉCTRICA CODENSA	5550	ALIMENTACIÓN EN CONDUCTORES DE COBRE, (4NO. 1/0 + 1NO.6) AWG, AISLADOS PARA 600 V C.A., INCLUYE CONDUCTORES, CONEXIONES, ACCESORIOS DE MONTAJE, ELEMENTOS DE CONEXIÓN Y DE MARCACIÓN. (INCLUYE SUMINISTRO E INSTALACIÓN)	ML	190612
Antiguo	REDES ELECTRICAS	RED ELÉCTRICA CODENSA	5551	ALIMENTACIÓN EN CONDUCTORES DE COBRE, (4NO. 8+ 1NO.10) AWG, AISLADOS PARA 600 V C.A. INCLUYE CONDUCTORES, CONEXIONES, ACCESORIOS DE MONTAJE, ELEMENTOS DE CONEXIÓN Y DE MARCACIÓN. (INCLUYE SUMINISTRO E INSTALACIÓN)	ML	45842
Antiguo	REDES ELECTRICAS	RED ELÉCTRICA CODENSA	5552	CAJAS DE EMPALME Y SALIDA, EN FUNDICIÓN DE ACERO GALVANIZADO DE 4"X4", DEL DIAMETRO DE LA TUBERÍA(INCLUYE SUMINISTRO E INSTALACIÓN)	UN	20298
Antiguo	REDES ELECTRICAS	RED ELÉCTRICA CODENSA	5556	TUBERÍA SEMIPESADA IMC, DE 3/4`` DE DIÁMETRO, EXPUESTA, CON SUS ACCESORIOS DE MONTAJE. (INCLUYE SUMINISTRO E INSTALACIÓN)	ML	33666
Antiguo	REDES ELECTRICAS	RED ELÉCTRICA CODENSA	5557	TUBERÍA SEMIPESADA IMC, DE 2" DE DIÁMETRO, EXPUESTA, CON SUS ACCESORIOS DE MONTAJE. (INCLUYE SUMINISTRO E INSTALACIÓN)	ML	85090
Antiguo	REDES ELECTRICAS	RED ELÉCTRICA CODENSA	5558	TUBERÍA EMT DE 3" DE DIÁMETRO, EXPUESTA, CON SUS ACCESORIOS DE MONTAJE. (INCLUYE SUMINISTRO E INSTALACIÓN)	ML	127735
Antiguo	REDES ELECTRICAS	RED ELÉCTRICA CODENSA	5561	ACOMETIDA EN CONDUCTORES DE COBRE, (4NO. 1/0 + 1NO. 4) AWG, AISLADOS PARA 600 V C.A. INCLUYE CONDUCTORES, CONEXIONES, ACCESORIOS DE MONTAJE, ELEMENTOS DE CONEXIÓN Y DE MARCACIÓN. (INCLUYE SUMINISTRO E INSTALACIÓN)	ML	195578
Antiguo	REDES ELECTRICAS	RED ELÉCTRICA CODENSA	5562	ACOMETIDA EN CONDUCTORES DE COBRE, (5 NO. 4) AWG, AISLADOS PARA 600 V C.A. INCLUYE CONDUCTORES, CONEXIONES, ACCESORIOS DE MONTAJE, ELEMENTOS DE CONEXIÓN Y DE MARCACIÓN. (INCLUYE SUMINISTRO E INSTALACIÓN)	ML	98251
Antiguo	REDES ELECTRICAS	RED ELÉCTRICA CODENSA	5567	CONDUCTORES MONOPOLARES DE COBRE, AISLADOS PARA 600 V C.A., CALIBRE NO 4 AWG. (INCLUYE SUMINISTRO E INSTALACIÓN)	ML	20711
Antiguo	REDES ELECTRICAS	RED ELÉCTRICA CODENSA	5570	ALIMENTACIÓN EN CONDUCTORES DE COBRE, (4NO. 4/0 + 1NO.4) AWG, AISLADOS PARA 600 V C.A., INCLUYE CONDUCTORES, CONEXIONES, ACCESORIOS DE MONTAJE, ELEMENTOS DE CONEXIÓN Y DE MARCACIÓN. (INCLUYE SUMINISTRO E INSTALACIÓN)	ML	397191
Antiguo	REDES ELECTRICAS	RED ELÉCTRICA CODENSA	5571	ALIMENTACIÓN EN CONDUCTORES DE COBRE, (4NO. 6 + 1NO.8) AWG, AISLADOS PARA 600 V C.A., INCLUYE CONDUCTORES, CONEXIONES, ACCESORIOS DE MONTAJE, ELEMENTOS DE CONEXIÓN Y DE MARCACIÓN. (INCLUYE SUMINISTRO E INSTALACIÓN)	ML	72026
Antiguo	REDES ELECTRICAS	RED ELÉCTRICA CODENSA	5572	ALIMENTACIÓN EN CONDUCTORES DE COBRE, (3NO. 10 + 1NO.12) AWG, AISLADOS PARA 600 V C.A., INCLUYE CONDUCTORES, CONEXIONES, ACCESORIOS DE MONTAJE, ELEMENTOS DE CONEXIÓN Y DE MARCACIÓN. (INCLUYE SUMINISTRO E INSTALACIÓN)	ML	35493
Antiguo	REDES ELECTRICAS	RED ELÉCTRICA CODENSA	5573	ACOMETIDA EN CONDUCTORES DE COBRE, (5NO. 10) AWG, AISLADOS PARA 600 V C.A. INCLUYE CONDUCTORES, CONEXIONES, ACCESORIOS DE MONTAJE, ELEMENTOS DE CONEXIÓN Y DE MARCACIÓN. (INCLUYE SUMINISTRO E INSTALACIÓN)	ML	25846
Antiguo	REDES ELECTRICAS	RED ELÉCTRICA CODENSA	5574	ACOMETIDA EN CONDUCTORES DE COBRE, (3NO. 10) AWG, AISLADOS PARA 600 V C.A. INCLUYE CONDUCTORES, CONEXIONES, ACCESORIOS DE MONTAJE, ELEMENTOS DE CONEXIÓN Y DE MARCACIÓN. (INCLUYE SUMINISTRO E INSTALACIÓN)	ML	17808
Antiguo	REDES ELECTRICAS	RED ELÉCTRICA CODENSA	5575	ALIMENTACIÓN EN CONDUCTORES DE COBRE, (3NO. 6 + 1NO.8) AWG, AISLADOS PARA 600 V C.A., INCLUYE CONDUCTORES, CONEXIONES, ACCESORIOS DE MONTAJE, ELEMENTOS DE CONEXIÓN Y DE MARCACIÓN. (INCLUYE SUMINISTRO E INSTALACIÓN)	ML	60666
Antiguo	REDES ELECTRICAS	RED ELÉCTRICA CODENSA	5576	ACOMETIDA EN CONDUCTORES DE COBRE, (4NO. 10) AWG, AISLADOS PARA 600 V C.A. INCLUYE CONDUCTORES, CONEXIONES, ACCESORIOS DE MONTAJE, ELEMENTOS DE CONEXIÓN Y DE MARCACIÓN. (INCLUYE SUMINISTRO E INSTALACIÓN)	ML	21827
Antiguo	REDES ELECTRICAS	RED ELÉCTRICA CODENSA	5577	ALIMENTACIÓN EN CONDUCTORES DE COBRE, (3NO. 4/0 + 1NO.2) AWG, AISLADOS PARA 600 V C.A., INCLUYE CONDUCTORES, CONEXIONES, ACCESORIOS DE MONTAJE, ELEMENTOS DE CONEXIÓN Y DE MARCACIÓN. (INCLUYE SUMINISTRO E INSTALACIÓN)	ML	312581
Antiguo	REDES ELECTRICAS	RED ELÉCTRICA CODENSA	5581	ACOMETIDA EN CONDUCTORES DE COBRE, (4NO. 2 + 1NO. 8) AWG, AISLADOS PARA 600 V C.A. INCLUYE CONDUCTORES, CONEXIONES, ACCESORIOS DE MONTAJE, ELEMENTOS DE CONEXIÓN Y DE MARCACIÓN. (INCLUYE SUMINISTRO E INSTALACIÓN)	ML	501521
Antiguo	REDES ELECTRICAS	RED ELÉCTRICA CODENSA	5582	ALIMENTACIÓN EN CONDUCTORES DE COBRE, (4NO. 6+ 1NO.10) AWG, AISLADOS PARA 600 V C.A. INCLUYE CONDUCTORES, CONEXIONES, ACCESORIOS DE MONTAJE, ELEMENTOS DE CONEXIÓN Y DE MARCACIÓN. (INCLUYE SUMINISTRO E INSTALACIÓN)	ML	63683
Antiguo	REDES ELECTRICAS	RED ELÉCTRICA CODENSA	5585	TOMACORRIENTES CON CONEXIÓN A TIERRA, TRIFÁSICOS, TRES POLOS, 3 HILOS, 20 A, 250 VC.A., (LÍNEA NEMA 6), PARA TRABAJO PESADO. INCLUYE LA CAJA DE SALIDA, ELEMENTOS DE CONEXIÓN, DE EMPALME Y DE MONTAJE.	UN	69935
Antiguo	REDES ELECTRICAS	RED ELÉCTRICA CODENSA	5586	TUBERÍA EMT DE 1 1/4" DE DIÁMETRO, EXPUESTA, CON SUS ACCESORIOS DE MONTAJE. (INCLUYE SUMINISTRO E INSTALACIÓN).	ML	39734
Antiguo	REDES ELECTRICAS	RED ELÉCTRICA CODENSA	5587	TUBERÍA EMT DE 2" DE DIÁMETRO, EXPUESTA, CON SUS ACCESORIOS DE MONTAJE. (INCLUYE SUMINISTRO E INSTALACIÓN)	ML	69043
Antiguo	REDES ELECTRICAS	RED ELÉCTRICA CODENSA	5588	ACOMETIDA EN CONDUCTORES DE COBRE, (4NO. 1/0 + 1NO.2) AWG, AISLADOS PARA 600 V C.A., INCLUYE CONDUCTORES, CONEXIONES, ACCESORIOS DE MONTAJE, ELEMENTOS DE CONEXIÓN Y DE MARCACIÓN. (INCLUYE SUMINISTRO E INSTALACIÓN)	ML	197363
Antiguo	REDES ELECTRICAS	RED ELÉCTRICA CODENSA	5591	ACOMETIDA EN MEDIA TENSIÓN DESDE LA RED PÚBLICA, EN CONDUCTORES 3 NO. 1/0AWG, XLPE, 15KV, 133%, 1 NO. 2 CU DESNUDO, CON CONOS DE ALIVIO, TERMINALES Y ACCESORIOS (INCLUYE SUMINISTRO E INSTALACIÓN)	ML	251088
Antiguo	REDES ELECTRICAS	RED ELÉCTRICA CODENSA	5595	CANALIZACIÓN SUBTERRÁNEA CON 2 DUCTOS DE 4" PVC DB, ACCESORIOS, EXCAVACIÓN, LLENOS Y ACABADO (INCLUYE SUMINISTRO E INSTALACIÓN)	ML	168673
Antiguo	REDES ELECTRICAS	RED ELÉCTRICA CODENSA	5599	ACOMETIDAS EN MEDIA TENSIÓN DESDE LA RED PÚBLICA, EN CONDUCTORES 3 NO. 2/0AWG, XLPE, 15KV, 133%, 1 NO. 2 CU DESNUDO, CON CONOS DE ALIVIO, TERMINALES Y ACCESORIOS (INCLUYE SUMINISTRO E INSTALACIÓN) DTD-20143150598263	ML	261168
Antiguo	REDES ELECTRICAS	RED ELÉCTRICA CODENSA	5602	ALIMENTACIÓN A ARMARIOS DE POTENCIA, EN CABLE DE CU, AISLADO A 600V, 3 X (3NO. 500MCM Y 1NO. 4/0AWG, THWN), INCLUYE TERMINALES DE CONEXIÓN. (INCLUYE SUMINISTRO E INSTALACIÓN)	ML	3699573
Antiguo	REDES ELECTRICAS	RED ELÉCTRICA CODENSA	5603	ALIMENTACIÓN A ARMARIOS EQUIPOS AUXILIARES , EN CABLE DE CU, AISLADO A 600V, 3 X (3NO. 4 + 1NO. 8AWG, THWN), INCLUYE TERMINALES DE CONEXIÓN. (INCLUYE SUMINISTRO E INSTALACIÓN)	ML	137656
Antiguo	REDES TELEFONICAS / DATOS	RED TELEFONICA ETB	5604	CANALIZACIÓN SUBTERRÁNEA CON 3 DUCTOS DE 4`` PVC DB, ACCESORIOS, EXCAVACIÓN, LLENOS Y ACABADO. DISTANCIA TRANSPORTE 28 KM. (INCLUYE SUMINISTRO E INSTALACIÓN)	ML	119748
Antiguo	REDES TELEFONICAS / DATOS	RED TELEFONICA ETB	5606	CANALIZACIÓN SUBTERRÁNEA CON 3 DUCTOS DE 6`` PVC DB, ACCESORIOS, EXCAVACIÓN, LLENOS Y ACABADO (INCLUYE SUMINISTRO E INSTALACIÓN) TRANSPORTE A 28 KM.	ML	216204
Antiguo	REDES ELECTRICAS	RED ELÉCTRICA CODENSA	5610	CABLE DE COBRE DESNUDO CALIBRE 1/0 AWG, ENTERRADO EN TERRENO NATURAL INCLUYE EXCAVACIÓN, LLENOS Y COMPACTACIÓN DEL PISO. (INCLUYE SUMINISTRO E INSTALACIÓN) DISTANCIA DE TRANSPORTE 28 KM.	ML	222009
Antiguo	REDES ELECTRICAS	RED ELÉCTRICA CODENSA	5611	CABLE DE COBRE DESNUDO CALIBRE 1/0 AWG EXPUESTO (INCLUYE SUMINISTRO E INSTALACIÓN) (INCLUYE 3MT DE CABLE 1/0 POR ML).	ML	117552
Antiguo	REDES ELECTRICAS	RED ELÉCTRICA CODENSA	5616	CABLE DE ALUMINIO AISLADO THW CALIBRE 1/0 AWG, INSTALADO EXPUESTO SOBRE CUBIERTA DE ESTRUCTURA. INCLUYE ELEMENTOS DE FIJACIÓN. (INCLUYE SUMINISTRO E INSTALACIÓN)	ML	13189
Antiguo	REDES ELECTRICAS	RED ELÉCTRICA CODENSA	5621	CABLE DE COBRE DESNUDO CALIBRE 1/0 AWG, EMBEBIDO EN EL CONCRETO. (INCLUYE SUMINISTRO E INSTALACIÓN)	ML	40186
Antiguo	REDES ELECTRICAS	RED ELÉCTRICA CODENSA	5626	TERMINAL DE COBRE ELECTROPLATEADO PARA CABLE CALIBRE 2/0AWG, DE UN TORNILLO. INCLUYE MONTAJE, TORNILLOS, TUERCA Y ARANDELAS DE ACERO INOXIDABLE. (INCLUYE SUMINISTRO E INSTALACIÓN)	UN	13915
Antiguo	REDES ELECTRICAS	RED ELÉCTRICA CODENSA	5628	CABLE DE ALUMINIO AISLADO THW-SR CALIBRE 1/0 AWG, INSTALADO EXPUESTO SOBRE CUBIERTA DE ESTRUCTURA. INCLUYE ELEMENTOS DE FIJACIÓN. (INCLUYE SUMINISTRO E INSTALACIÓN)	ML	13484
Antiguo	REDES ELECTRICAS	RED ELÉCTRICA CODENSA	5629	CABLE DE COBRE DESNUDO CALIBRE 2/0 AWG, EMBEBIDO EN EL CONCRETO. (INCLUYE SUMINISTRO E INSTALACIÓN)	ML	55684
Antiguo	REDES ELECTRICAS	RED ELÉCTRICA CODENSA	5630	CABLE DE COBRE DESNUDO CALIBRE 2/0 AWG EXPUESTO (INCLUYE SUMINISTRO E INSTALACIÓN)	ML	54288
Antiguo	REDES ELECTRICAS	RED ELÉCTRICA CODENSA	5634	CABLE DE 4 PARES UTP CAT.6A, INCLUYE MARCACIÓN Y CORREAS DE AMARRE TIPO ``VELCRO`` (INCLUYE SUMINISTRO E INSTALACIÓN)	ML	5533
Antiguo	OBRAS DE ARTE Y EDIFICACIONES	ACABADOS	5641	ENCHAPE DE PISO Y PARED EN CERAMICA 30X30 CM COLOR BLANCO, H=2,10m (INCLUYE SUMINISTRO E INSTALACIÓN).	M2	273909
Antiguo	OBRAS DE ARTE Y EDIFICACIONES	ACABADOS	5642	PAÑETE LISO O RÚSTICO 1:4 PARA MUROS. LAVADO O RÚSTICO. (INCLUYE SUMINISTRO E INSTALACIÓN)	M2	27009
Antiguo	OBRAS DE ARTE Y EDIFICACIONES	ACABADOS	5644	PINTURA AL AGUA TIPO EMULSIÓN CON RESINA DE POLIVINIL ACETATO MODIFICADA CON ACRÍLICA PARA INTERIORES. (INCLUYE SUMINISTRO E INSTALACIÓN)	M2	19539
Antiguo	OBRAS DE ARTE Y EDIFICACIONES	IMPERMEABILIZACIONES	5645	IMPERMEABILIZACIÓN FACHADA (INCLUYE SUMINISTRO E INSTALACIÓN)	M2	15309
Antiguo	OBRAS DE ARTE Y EDIFICACIONES	ACABADOS	5646	PINTURA AMARILLA FRANJA DE SEGURIDAD (INCLUYE SUMINISTRO E INSTALACIÓN)	ML	10346
Antiguo	OBRAS DE ARTE Y EDIFICACIONES	ACABADOS	5647	PINTURA CIELO FALSO (INCLUYE SUMINISTRO E INSTALACIÓN).	M2	16678
Antiguo	SEÑALIZACIÓN	OTROS-SEÑALIZACIÓN	5683	SEPARADOR TIPO TRANSMILENIO (BLOQUE CANALIZADOR AMARILLO) SUMINISTRO E INSTALACIÓN (1.75MX0.25MX0.15M) PINTADO CON PINTURA DE TRAFICO AMARILLA CON MICROESFERAS DE VIDRIO.	UN	292329
Antiguo	SEÑALIZACIÓN	OTROS-SEÑALIZACIÓN	5684	RETIRO Y REINSTALACIÓN DE SEÑAL BANDERA. INCLUYE SERVICIO DE GRUA. (DISTANCIA MAXIMA DE REUBICACION 200M).	UN	630395
Antiguo	SEÑALIZACIÓN	OTROS-SEÑALIZACIÓN	5686	CIMENTACION TIPO PILOTE PREEXCAVADO PARA SEÑAL ELEVADA TIPO BANDERA (LONGITUD ENTRE 4 Y 9 M). INCLUYE EXCAVACION	M3	1286959
Antiguo	REDES TELEFONICAS / DATOS	RED TELEFONICA ETB	5688	SEMAFORO (3X200) S1. LENTES DE POLICARBONATO DE 8" BICICLETAS LUCES, SISTEMA DE ILUMINACIÓN A LEDS, COMPATIBILIDAD C800/900, FIJACION A MASTIL. INCLUYE ELEMENTOS DE FIJACION.	UN	4181275
Antiguo	REDES ELECTRICAS	RED ELÉCTRICA CODENSA	5690	SALIDA PARA DATOS EMT 3/4" (EN TAQUILLAS Y TORNIQUETES) DESDE EL RACK DE COMUNICACIONES HASTA EL SITIO DE LA SALIDA EN EL PISO DEL TORNIQUETE O HASTA EL PUESTO EN LA TAQUILLA. INCL. PONCHADO DE LOS JACKS EN LOS EXTREMOS .	UN	560618
Antiguo	REDES ELECTRICAS	RED ELÉCTRICA CODENSA	5691	SALIDA PARA SONIDO EMT 3/4" (POR EL TECHO DEL VAGON) DESDE EL ARMARIO DE COMUNICACIONES HASTA EL SITIO DE LA SALIDA EN EL TECHO DEL VAGON, EN LA MITAD Y EN LOS EXTREMOS DEL MISMO .	UN	1020828
Antiguo	REDES ELECTRICAS	RED ELÉCTRICA CODENSA	5692	SALIDA PARA CCTV EMT 3/4" (POR EL TECHO DEL VAGON) DESDE EL ARMARIO DE COMUNICACIONES HASTA EL SITIO DE LA SALIDA EN EL TECHO EN LOS EXTREMOS DE CADA VAGON.	UN	1800435
Antiguo	REDES ELECTRICAS	RED ELÉCTRICA CODENSA	5693	SALIDA PARA EL MASTIL DEL GPS EN TUBERIA EMT 1" INCL PEDESTAL EN CONCRETO DE 1.0MX0.80MX0.80M. ESTA SALIDA VA DESDE EL MASTIL DEL GPS A SALIDA DE LA RAMPA NORTE HASTA EL RACK DE DATOS DEL VAGON Y EMBEBIDA EN EL PISO.	UN	1329958
Antiguo	REDES ELECTRICAS	RED ELÉCTRICA CODENSA	5696	CAJA DE INSPECCION AP-280. SUMINISTRO E INSTALACION. SE CONSTRUYEN EN EL PISO AL LADO DE LOS VAGONES PARA EL SISTEMA DE ENERGIA Y/O COMUNICACIONES.	UN	793989
Antiguo	REDES ELECTRICAS	RED ELÉCTRICA CODENSA	5697	CAJA PARA MEDIDORES DE ENERGIA. SUMINISTRO E INSTALACION. ESTA CAJA ESTA UBICADA EN EL ARMARIO DEL VAGON NORTE. CONTIENE LOS MEDIDORES DE ENERGIA DE LA ESTACION, PUBLICIDAD Y ANGELCOM.	UN	833848
Antiguo	REDES ELECTRICAS	RED ELÉCTRICA CODENSA	5698	POZO DE TIERRA CON VARILLA DE COBRE DE 2.40M, GEL, CABLE NO. 2/0 AWG. CONSTRUCCION. SON LAS PUESTAS A TIERRA DE LOS VAGONES Y RAMPAS NUEVAS DE CONEXION A PUENTES PEATONALES.	UN	398708
Antiguo	REDES ELECTRICAS	RED ELÉCTRICA CODENSA	5699	MEDIDORES DE ENERGIA TRIFASICO 20-80 AMP PARA LA CUENTA DE LA ESTACION. SUMINISTRO E INSTALACION. SE UBICA EN EL ARMARIO DEL VAGON NORTE. SE ENERGIZARA CUANDO LA CUENTA SEA LEGALIZADA ANTE CODENSA.	UN	386827
Antiguo	REDES ELECTRICAS	RED ELÉCTRICA CODENSA	5700	MEDIDORES DE ENERGIA MONOFASICO PARA LAS CUENTAS DE PUBLICIDAD Y ANGELCOM. SUMINISTRO E INSTALACION. SE UBICA EN EL ARMARIO DEL VAGON NORTE. SE ENERGIZARAN CUANDO LAS CUENTAS SEAN LEGALIZADAS ANTE CODENSA.	UN	205577
Antiguo	REDES ELECTRICAS	RED ELÉCTRICA CODENSA	5701	ACOMETIDA PARCIAL 3NO. 1/0 + 1NO. 2 - 600V-CU. SUMINISTRO E INSTALACION. ACOMETIDA PARCIAL ENTRE ARMARIOS NORTE Y SUR PARA ALIMENTACION ENTRE LOS VAGONES. INSTALADOS POR DEBAJO DEL PISO DE LOS VAGONES.	ML	172344
Antiguo	REDES ELECTRICAS	RED ELÉCTRICA CODENSA	5702	BAJANTE PARA ACOMETIDA 1 D= 3" CALIBRE 14 (L= 4.98) HG, CAPACETE, CINTA BAND IT, CURVA PVC. SUMINISTRO E INSTALACION. INCLUYE APERTURA DE ZANJA PARA INSTALACION DE CURVA Y TUBERIA GALVANIZADA, RESANE Y RETIRO DE ESCOMBROS.	UN	719718
Antiguo	RELLENOS Y CAPAS GRANULARES	RELLENOS PARA ANDENES Y REDES	5708	RELLENO EN ARENA DE RIO. INCLUYE TRANSPORTE, SUMINISTRO, EXTENDIDO MANUAL Y COMPACTACION.	M3	194076
Antiguo	RELLENOS Y CAPAS GRANULARES	RELLENOS PARA ANDENES Y REDES	5710	GRAVILLA DE 1/2" SUELTA - SUMINISTRO E INSTALACION.	M3	107957
Antiguo	GEOSINTETICOS	GEOTEXTILES	5727	GEOCOMPUESTO PARA DRENAJE, CONFORMADO POR GEODREN (RED DRENANTE DE POLIETILENO DE ALTA DENSIDAD PEAD-HDPE Y GEOTEXTIL NO TEJIDO) CON ALTURA DE 1.0 M Y TUBERIA FLEXIBLE CORRUGADA DE DRENAJE CON DIAMETRO DE 160 MM. (INCLUYE EXCAVACION MANUAL DE 30CM DE ANCHO Y RELLENO EN MATERIAL SELECCIONADO PROVENIENTE DE EXCAVACION).	ML	200440
Antiguo	GEOSINTETICOS	GEOTEXTILES	5728	GEOCOMPUESTO PARA DRENAJE, CONFORMADO POR GEODREN (RED DRENANTE DE POLIETILENO DE ALTA DENSIDAD PEAD-HDPE Y GEOTEXTIL NO TEJIDO) CON ALTURA DE 1.0 M Y TUBERIA FLEXIBLE CORRUGADA DE DRENAJE CON DIAMETRO DE 200 MM. (INCLUYE EXCAVACION MANUAL DE 30CM DE ANCHO Y RELLENO EN MATERIAL SELECCIONADO PROVENIENTE DE EXCAVACION).	ML	230522
Antiguo	SEÑALIZACIÓN	DEMARCACION DE PAVIMENTOS	5729	DEMARCACION PICTOGRAMA ZONA ESCOLAR EN PINTURA TERMOPLASTICA E=2.3MM. (INCLUYE SUMINISTRO, APLICACION CON EQUIPO Y MICROESFERAS).	UN	1855840
Antiguo	SEÑALIZACIÓN	DEMARCACION DE PAVIMENTOS	5730	DEMARCACION METROS LINEALES EN PINTURA TIPO TRAFICO BASE SOLVENTE COLOR BLANCO Y/O AMARILLA. LINEA 0.12M Y 16 MILS (INCLUYE SUMINISTRO Y APLICACION CON EQUIPO. INCLUYE MICROESFERAS TIPO DROP ON PARA LINEAS DE BORDE Y DE CARRIL). HORARIO NOCTURNO	ML	8194
Antiguo	ANÁLISIS AUXILIARES	CUADRILLAS (INCLUYE FACTOR PRESTACIONAL)	5731	CUADRILLA (3 AYUDANTES) HORARIO NOCTURNO	JR	394524
Antiguo	ANÁLISIS AUXILIARES	CUADRILLAS (INCLUYE FACTOR PRESTACIONAL)	5732	CUADRILLA (4 AYUDANTES) HORARIO NOCTURNO	JR	526032
Antiguo	SEÑALIZACIÓN	DEMARCACION DE PAVIMENTOS	5733	DEMARCACION EN PINTURA TIPO TRAFICO BASE SOLVENTE COLOR BLANCO. LINEA 0.20M Y 16 MILS (INCLUYE SUMINISTRO Y APLICACION CON EQUIPO. INCLUYE MICROESFERAS TIPO DROP ON PARA LINEAS DE CARRIL). HORARIO NOCTURNO.	M2	71100
Antiguo	SEÑALIZACIÓN	DEMARCACION DE PAVIMENTOS	5734	DEMARCACION EN IMPRIMANTE TIPO TRAFICO BASE SOLVENTE COLOR NEGRO. ANCHO 0.25M (INCLUYE SUMINISTRO Y APLICACION CON EQUIPO. NO INCLUYE MICROESFERAS).	M2	73168
Antiguo	SEÑALIZACIÓN	DEMARCACION DE PAVIMENTOS	5735	DEMARCACION EN IMPRIMANTE TIPO TRAFICO BASE SOLVENTE COLOR NEGRO. PARADEROS (INCLUYE SUMINISTRO Y APLICACION CON EQUIPO. NO INCLUYE MICROESFERAS).	M2	66716
Antiguo	SEÑALIZACIÓN	DEMARCACION DE PAVIMENTOS	5736	DEMARCACION METROS LINEALES EN PINTURA TIPO TRAFICO BASE SOLVENTE COLOR NEGRO. LINEA 0.15M (INCLUYE SUMINISTRO Y APLICACION CON EQUIPO. NO INCLUYE MICROESFERAS).	ML	11423
Antiguo	REDES ACUEDUCTO	REDES ACUEDUCTO	5746	EMPATES DE TUBERÍA EN PVC A PVC 2" LINEAL SEGÚN NORMA NS-023 (INCLUYE ACCESORIOS). SUMINISTRO E INSTALACIÓN.	UN	117444
Antiguo	REDES ACUEDUCTO	REDES ACUEDUCTO	5747	EMPATES EN LINEA DE TUBERÍA EN PVC A AC 14" (INCL UNION GIBAULT HD PARA AC CL.25 D=14", UNION DE CONSTRUCCION Y REPARACION PARA PVC D=14", UNION DE TRANSICION PCV-AC CL.25 Y 1M TUB PVC D=14 RDE 21). SUMINISTRO E INSTALACIÓN.	UN	8704065
Antiguo	REDES ACUEDUCTO	REDES ACUEDUCTO	5748	EMPATES EN LINEA DE TUBERÍA EN PVC A HF 3" (INCL UNION DE REPARACION PVC U.M. D=3", ADAPTADOR MACHO PVC US D=3" UNION GIBAULT HD CL.25 CL.25 D=3" Y 1M TUB PVC D=3" RDE 21). SUMINISTRO E INSTALACIÓN.	UN	338236
Antiguo	REDES ACUEDUCTO	REDES ACUEDUCTO	5749	REDUCCION CONCENTRICA HD 4" X 2" (SUMINISTRO E INSTALACIÓN).	UN	234394
Antiguo	REDES ACUEDUCTO	REDES ACUEDUCTO	5750	REDUCCION CONCENTRICA HD 6" X 4" (SUMINISTRO E INSTALACIÓN).	UN	560019
Antiguo	REDES ACUEDUCTO	REDES ACUEDUCTO	5751	REDUCCION CONCENTRICA HD 14" X 12" (SUMINISTRO E INSTALACIÓN).	UN	2368908
Antiguo	MOBILIARIO URBANO - ARBOLES Y GRAMAS	MOBILIARIO URBANO	5752	DESMONTE Y UBICACIÓN PARADEROS SITP TRASLADO. DE PARADERO EXISTENTE. INCLUYE CONCRETO 3000 PSI HECHO EN OBRA 1:2:2 CON ARENA DE RIO Y TRITURADO 3/4" PARA ANCLAJE. TRANSPORTE Y DISPOSICIÓN DE ESCOMBROS A 21 KM.	UN	816650
Antiguo	MOBILIARIO URBANO - ARBOLES Y GRAMAS	MOBILIARIO URBANO	5753	CASETAS TELEFONICAS. REUBICACION O RETIRO. DESMONTE Y REUBICACION DE CASETA EXISTENTE. INCLUYE CONCRETO 3000 PSI HECHO EN OBRA 1:2:2 CON ARENA DE RIO Y TRITURADO 3/4" PARA ANCLAJE. TRANSP Y DISPOS. DE ESCOMBROS A 21 KM.	UN	441984
Antiguo	MOBILIARIO URBANO - ARBOLES Y GRAMAS	MOBILIARIO URBANO	5754	DESMONTE Y REUBICACIÓN MODULO SERVICIO AL CIUDADANO (REDEP). DE MODULO EXISTENTE. INCLUYE CONCRETO 3000 PSI HECHO EN OBRA 1:2:2 CON ARENA DE RIO Y TRITURADO 3/4" PARA ANCLAJE. TRANSP Y DISPOS. DE ESCOMBROS A 21 KM.	UN	737291
Antiguo	REDES ELECTRICAS	RED ELÉCTRICA CODENSA	5759	SALIDA PARA TOMA MONOFASICA DOBLE. SUMINISTRO E INSTALACION. (INCLUYE ACCESORIOS DE INSTALACION Y FIJACION. NO INCLUYE TUBERIA NI CABLEADO).	UN	17763
Antiguo	REDES ELECTRICAS	RED ELÉCTRICA CODENSA	5760	TUBERIA METALICA EMT DE D= 3/4". SUMINISTRO E INSTALACION. (INCLUYE ACCESORIOS DE INSTALACION Y FIJACION).	ML	25381
Antiguo	REDES ELECTRICAS	RED ELÉCTRICA CODENSA	5761	CABLE THHN NO.10 EN COBRE. SUMINISTRO E INSTALACION. (INCLUYE ACCESORIOS DE INSTALACION).	ML	8438
Antiguo	REDES ELECTRICAS	RED ELÉCTRICA CODENSA	5762	SALIDA PARA TOMA TRIFASICA DE SEGURIDAD. SUMINISTRO E INSTALACION. (INCLUYE ACCESORIOS DE INSTALACION Y FIJACION. NO INCLUYE TUBERIA NI CABLEADO).	UN	50100
Antiguo	REDES ELECTRICAS	RED ELÉCTRICA CODENSA	5763	CABLE NO.2 AWG-THHN-600V EN COBRE. SUMINISTRO E INSTALACION. (INCLUYE ACCESORIOS DE INSTALACION).	ML	27712
Antiguo	REDES ELECTRICAS	RED ELÉCTRICA CODENSA	5764	CABLE NO.14 AWG-THHN-600V EN COBRE. SUMINISTRO E INSTALACION. (INCLUYE ACCESORIOS DE INSTALACION).	ML	6228
Antiguo	REDES ELECTRICAS	RED ELÉCTRICA CODENSA	5765	CABLE NO.12 AWG-THHN-600V EN COBRE. SUMINISTRO E INSTALACION. (INCLUYE ACCESORIOS DE INSTALACION).	ML	6827
Antiguo	REDES ELECTRICAS	RED ELÉCTRICA CODENSA	5766	SALIDA PARA AVISO PUBLICITARIO. SUMINISTRO E INSTALACION. (INCLUYE ACCESORIOS DE INSTALACION Y FIJACION. NO INCLUYE TUBERIA NI CABLEADO).	UN	17763
Antiguo	REDES ELECTRICAS	RED ELÉCTRICA CODENSA	5767	CABLE NO.6 AWG-THHN-600V EN COBRE. SUMINISTRO E INSTALACION. (INCLUYE ACCESORIOS DE INSTALACION).	ML	17695
Antiguo	REDES ELECTRICAS	RED ELÉCTRICA CODENSA	5768	SALIDA PARA TOMA REGULADA. SUMINISTRO E INSTALACIÓN. SALIDA EN PISO DE LA TAQUILLA O TORNIQUETE O CCTV.(INCLUYE ACCESORIOS DE INSTALACION Y FIJACION. NO INCLUYE TUBERIA NI CABLEADO).	UN	24413
Antiguo	REDES ELECTRICAS	RED ELÉCTRICA CODENSA	5769	SALIDA PARA INFORMADORES. SUMINISTRO E INSTALACION. SALIDA EN PISO DE LA TAQUILLA O TORNIQUETE O CCTV.(INCLUYE ACCESORIOS DE INSTALACION Y FIJACION. NO INCLUYE TUBERIA NI CABLEADO).	UN	17763
Antiguo	REDES ELECTRICAS	RED ELÉCTRICA CODENSA	5770	SALIDA PARA BOMBA RIEGO ZONAS VERDES. SUMINISTRO E INSTALACION. ES LA SALIDA AL TAQUE.(INCLUYE ACCESORIOS DE INSTALACION Y FIJACION. NO INCLUYE TUBERIA NI CABLEADO).	UN	43137
Antiguo	REDES ELECTRICAS	RED ELÉCTRICA CODENSA	5771	CABLE NO.8 AWG-THHN-600V EN COBRE. SUMINISTRO E INSTALACION. (INCLUYE ACCESORIOS DE INSTALACION).	ML	11928
Antiguo	REDES ELECTRICAS	RED ELÉCTRICA CODENSA	5772	SALIDA PARA CONTROLADOR. SUMINISTRO E INSTALACION. (INCLUYE ACCESORIOS DE INSTALACION Y FIJACION. NO INCLUYE TUBERIA NI CABLEADO).	UN	17763
Antiguo	REDES ELECTRICAS	RED ELÉCTRICA CODENSA	5773	SALIDA PARA DATOS EN TAQUILLAS O CCTV. SUMIN E INSTAL. INCL. CAJA GALVANIZADA. TOMA DE SALIDA DE DATOS. PONCHADO DE LOS JACKS EN LOS EXTREMOS DEL CABLE Y LA CERTIFICACION DE LAS SALIDAS. (NO INCLUYE TUBERIA NI CABLEADO UTP).	UN	64298
Antiguo	REDES ELECTRICAS	RED ELÉCTRICA CODENSA	5774	CABLE UTP CATEGORIA 6A. SUMINISTRO E INSTALACION. (INCLUYE ACCESORIOS DE INSTALACION).	ML	13351
Antiguo	REDES ELECTRICAS	RED ELÉCTRICA CODENSA	5775	SALIDA PARA SONIDO (POR EL TECHO DE LA ESTACIÓN). SUMINISTRO E INSTALACIÓN. (INCLUYE ACCESORIOS DE INSTALACIÓN. NO INCLUYE TUBERÍA NI CABLEADO).	UN	31015
Antiguo	REDES ELECTRICAS	RED ELÉCTRICA CODENSA	5776	CABLE POLARIZADO 2 NO.14. SUMINISTRO E INSTALACION. (INCLUYE ACCESORIOS DE INSTALACION).	ML	11723
Antiguo	REDES ELECTRICAS	RED ELÉCTRICA CODENSA	5777	SALIDA PARA CCTV (POR EL TECHO DE LA ESTACION). SUMINISTRO E INSTALACION. ES LA SALIDA POR EL TECHO EN LOS EXTREMOS DE CADA ESTACION. (INCLUYE ACCESORIOS DE INSTALACION. NO INCLUYE TUBERIA NI CABLEADO).	UN	28003
Antiguo	REDES ELECTRICAS	RED ELÉCTRICA CODENSA	5778	SALIDA PARA EL MASTIL DEL GPS. INCL PEDESTAL EN CONCRETO DE 1.0MX0.8MX0.8M. SUMIN E INSTAL. EMBEBIDA EN EL PISO. (NO INCLUYE TUBERIA NI CABLEADO).	UN	398730
Antiguo	REDES ELECTRICAS	RED ELÉCTRICA CODENSA	5779	ACOMETIDA TRIFASICA (3 NO.4 + 1 NO.4 + 1NO.4T AWG-THHN-600V-CU). SUMINISTRO E INSTALACION. EN TUBERIA PVC 4".	ML	117708
Antiguo	REDES ELECTRICAS	RED ELÉCTRICA CODENSA	5780	ACOMETIDA TRIFASICA (3 NO.6 + 1 NO.6 + 1NO.8T AWG-THHN-600V-CU). SUMINISTRO E INSTALACION. ACOMETIDAS PARCIALES PARA LOS TABLEROS BRAKERS DE TRANSMILENIO, EN TUBERIA EMT 1 1/4".	ML	87481
Antiguo	REDES ELECTRICAS	RED ELÉCTRICA CODENSA	5781	ACOMETIDA MONOFASICA (1 NO.8 + 1 NO.6 + 1NO.8T AWG-THHN-600V-CU). SUMINISTRO E INSTALACION. ACOMETIDAS PARCIALES PARA LOS TABLEROS BRAKERS DE TABLERO REGULADO MONOFASICO, EN TUBERIA EMT 1".	ML	53926
Antiguo	REDES ELECTRICAS	RED ELÉCTRICA CODENSA	5782	ACOMETIDA MONOFASICA (1 NO.8 + 1 NO.8 + 1NO.8T AWG-THHN-600V-CU). SUMINISTRO E INSTALACION. ACOMETIDAS PARCIALES PARA LOS TABLEROS BRAKERS DE TABLERO PRINCIPAL REGULADO MONOFASICO, EN TUBERIA EMT 1".	ML	52891
Antiguo	REDES ELECTRICAS	RED ELÉCTRICA CODENSA	5783	ACOMETIDA MONOFASICA (1 NO.10 + 1 NO.10 + 1NO.10T AWG-THHN-600V-CU). SUMINISTRO E INSTALACION. ACOMETIDAS PARCIALES PARA LOS TABLEROS BRAKERS DE PUBLICIDAD, EN TUBERIA EMT 3/4".	ML	39608
Antiguo	REDES ELECTRICAS	RED ELÉCTRICA CODENSA	5784	ACOMETIDA (1 NO.8 + 1 NO.8 + 1NO.10 AWG-THHN-600V-CU). SUMINISTRO E INSTALACION.TUBERIA EMT 3/4" DESDE EL TOTALIZADOR DE LA PLANTA ELECTRICA HASTA LA TRANSFERENCIA.	ML	43884
Antiguo	REDES ELECTRICAS	RED ELÉCTRICA CODENSA	5785	2 DUCTOS D=2" GALVANIZADOS. SUMINISTRO E INSTALACION. INCLUYE ELEMENTOS DE FIJACION Y ACCESORIOS.	ML	141255
Antiguo	REDES ELECTRICAS	RED ELÉCTRICA CODENSA	5786	2 DUCTOS D=3" GALVANIZADOS. SUMINISTRO E INSTALACION. INCLUYE ELEMENTOS DE FIJACION Y ACCESORIOS.	ML	255824
Antiguo	REDES ELECTRICAS	RED ELÉCTRICA CODENSA	5788	TABLERO TRIFASICO DE 18 CIRCUITOS, CON ESPACIO PARA TOTALIZADOR. SUMINISTRO E INSTALACION. CORRESPONDE AL TABLERO DE ENERGIA REGULADA DE LOS MODULOS.	UN	343799
Antiguo	REDES ELECTRICAS	RED ELÉCTRICA CODENSA	5789	MEDIDOR DE ENERGIA TRIFASICO 20-80 AMP. SUMINISTRO E INSTALACION. PARALA CUENTA DE LA ESTACION UBICADA EN EL ARMARIO DEL CUARTO ELECTRICO DE TAQUILLAS. SE ENERGIZARA CUANDO LA CUENTA SEA LEGALIZADA ANTE CODENSA.	UN	354336
Antiguo	REDES ELECTRICAS	RED ELÉCTRICA CODENSA	5790	MEDIDOR DE ENERGIA MONOFASICO. SUMINISTRO E INSTALACION. PARA LAS CUENTA DE PUBLICIDAD Y REGULADA. SE UBICA EN EL CUARTO ELECTRICO DE TAQUILLAS. SE ENERGIZARA CUANDO LA CUENTA SEA LEGALIZADA ANTE CODENSA.	UN	206899
Antiguo	REDES ELECTRICAS	RED ELÉCTRICA CODENSA	5791	CABLE DE COBRE DESNUDO NO.2/0 AWG. SUMINISTRO E INSTALACION. PARA EL ANILLO EQUIPOTENCIAL DE LA ESTACION, UNIENDO LOS ELECTRODOS DE CAJA DE 3 MEDIDORES CON LOS DE LOS MODULOS. INCLUYE SOLDADURA EXOTERMICA.	UN	110390
Antiguo	REDES ELECTRICAS	RED ELÉCTRICA CODENSA	5792	CABLE DE MEDIA TENSION XLPE 4/0 ALUMINIO. SUMINISTRO E INSTALACION.	ML	56671
Antiguo	REDES ELECTRICAS	RED ELÉCTRICA CODENSA	5793	DUCTO PVC DB 6". SUMINISTRO E INSTALACION.	ML	87795
Antiguo	REDES ELECTRICAS	RED ELÉCTRICA CODENSA	5794	CONDUCTOR RED BAJA TENSION (3 NO.4 + 1 NO.6 600V- CU THHN). SUMIN E INSTAL. CONDUCTORES DE LA PARCIAL ENTRE TRAFO Y GABINETE DE 3 MEDIDORES, INSTALADOS EN TUBERIA DE 2X4" PVC BAJO EL PISO INSTAL CON GRADO DE DIFICULTAD.	ML	179694
Demanda	ACTIVIDADES CONSERVACIÓN	ACTIVIDADES CONSERVACIÓN	5798	REHABILITACIÓN DE PAVIMENTO RÍGIDO: LOSAS EN CONCRETO HIDRÁULICO MR50 E=0.27M PARA TRONCAL.	M2	590104
Demanda	ACTIVIDADES CONSERVACIÓN	ACTIVIDADES CONSERVACIÓN	5799	REHABILITACION PAVIMENTO ARTICULADO EN ADOQUIN DE ARCILLA - TRAFICO LIVIANO	M2	134364
Demanda	ACTIVIDADES CONSERVACIÓN	ACTIVIDADES CONSERVACIÓN	5800	REHABILITACIÓN DE PAVIMENTO FLEXIBLE E= 0.18M BG_B=25CM	M2	458831
Demanda	ACTIVIDADES CONSERVACIÓN	ACTIVIDADES CONSERVACIÓN	5801	REHABILITACIÓN DE PAVIMENTO FLEXIBLE E= 0.12M BG_B=25CM	M2	310286
Demanda	ACTIVIDADES CONSERVACIÓN	ACTIVIDADES CONSERVACIÓN	5802	REHABILITACIÓN DE PAVIMENTO FLEXIBLE E= 0.10M BG_B= 0.25M	M2	282043
Antiguo	REDES ELECTRICAS	RED ELÉCTRICA CODENSA	5825	CAJA ESPACIO 4 MEDIDORES ENERGIA, BARRAJES INDEPENDIENTES NEUTRO Y TIERRA Y ESPACIO TOTALIZADORES. SUM. E INSTAL. INCL. 1 TOTALIZADOR INDUSTRIAL 3X80A, 1 SUB-BREAKER ENCHUFABLE 3X60A, 1 DE 1X50A Y 1 DE 1X15A. CAJA 0.80X0.18M.	UN	1124193
Antiguo	REDES ELECTRICAS	RED ELÉCTRICA CODENSA	5826	TABLERO TRIFASICO 18 CIRCUITOS, ESPACIO TOTALIZADORES. SUM. E INSTAL. INCL. 10 BREAKERS ENCHUFABLES MONOPOLARES 1X15A, 1 BREAKER ENCHUFABLE BIPOLAR 2X15A, 1 DE 1X20A. INCL 1 TOTALIZADOR INDUSTRIAL DE 30A PARA PROTECCION.	UN	1234629
Antiguo	REDES ELECTRICAS	RED ELÉCTRICA CODENSA	5827	TABLERO MONOFASICO CON ESPACIO PARA 6 CIRCUITOS. SUM. E INSTAL. INCL. 3 BREAKERS ENCHUFABLES MONOPOLARES DE 1X15A PARA TOMAS DE AVISOS PUBLICITARIOS Y MUPI.	UN	294370
Antiguo	REDES ELECTRICAS	RED ELÉCTRICA CODENSA	5831	TUBERIA EMT D= 1 1/2". SUMINISTRO E INSTALACION. (INCLUYE ACCESORIOS DE INSTALACION Y FIJACION).	ML	53829
Antiguo	REDES ELECTRICAS	RED ELÉCTRICA CODENSA	5832	ACOMETIDA MONOFASICA (18+18+110T AWG-THHN-600V-CU) SUMINISTRO E INSTALACION (ACOMETIDAS PARCIALES PARA LOS TABLEROS BREAKERS DE TAQUILLA Y UPS, EN TUBERIA EMT 1". INCLUYE ACCESORIOS DE INSTALACION Y FIJACION.	ML	49576
Antiguo	REDES ELECTRICAS	RED ELÉCTRICA CODENSA	5833	ACOMETIDA MONOFASICA (14+14+16T AWG-THHN-600V-CU) SUMINISTRO E INSTALACION (ACOMETIDAS PARCIALES PARA LOS TABLEROS REGULADOS DE MODULOS, EN TUBERIA EMT 1 1/2". INCLUYE ACCESORIOS DE INSTALACION Y FIJACION.	ML	98146
Antiguo	REDES ELECTRICAS	RED ELÉCTRICA CODENSA	5834	ACOMETIDA MONOFASICA (110+110+112T AWG-THHN-600V-CU) SUMINISTRO E INSTALACION (ACOMETIDAS PARCIALES PARA LOS TABLEROS BREAKERS DE PUBLICIDAD, EN TUBERIA EMT 3/4". INCLUYE ACCESORIOS DE INSTALACION Y FIJACION.	ML	38711
Antiguo	REDES ELECTRICAS	RED ELÉCTRICA CODENSA	5835	CABLE COBRE DESNUDO 1/0 AWG PARA EL ANILLO EQUIPOTENCIAL DE LA ESTACION, UNIENDO LOS ELECTRODOS DE CAJA DE 4 MEDIDORES CON LOS DE LOS MODULOS EN TUBERIA EMT 1". INCLUYE ACCESORIOS DE FIJACION E INSTALACION.	ML	73315
Antiguo	REDES ELECTRICAS	RED ELÉCTRICA CODENSA	5836	ACOMETIDA TRIFASICA (36+16+18T AWG-THHN-600V-CU) SUMINISTRO E INSTALACION (ACOMETIDAS PARCIALES PARA LOS TABLEROS BREAKERS DE TRANSMILENIO, EN TUBERIA EMT 1 1/2". INCLUYE ACCESORIOS DE INSTALACION Y FIJACION.	ML	106345
Antiguo	REDES ELECTRICAS	RED ELÉCTRICA CODENSA	5837	ACOMETIDA MONOFASICA (16+16+18T AWG-THHN-600V-CU) SUMINISTRO E INSTALACION (ACOMETIDAS PARCIALES PARA LOS TABLEROS BREAKERS DE TAQUILLA Y UPS, EN TUBERIA EMT 1 1/4". INCLUYE ACCESORIOS DE INSTALACION Y FIJACION.	ML	69078
Antiguo	REDES ELECTRICAS	RED ELÉCTRICA CODENSA	5838	ACOMETIDA MONOFASICA (12+12+14T AWG-THHN-600V-CU) SUMINISTRO E INSTALACION (ACOMETIDAS PARCIALES PARA LOS TABLEROS REGULADOS DE LOS MODULOS, EN TUBERIA EMT 3". INCLUYE ACCESORIOS DE INSTALACION Y FIJACION.	ML	182631
Antiguo	REDES ELECTRICAS	RED ELÉCTRICA CODENSA	5839	CONDUCTOR ACOMETIDA EN BAJA TENSION (44+14T AWG-THHN-600V-CU) SUMINISTRO E INSTALACION (CONDUCTORES DE LA ACOMETIDA ENTRE EL PUNTO DE CONEXION CODENSA Y CAJA DE 4 MEDIDORES INSTALADOS EN TUBERIA DE 2X4" PVC.	ML	144778
Antiguo	REDES ELECTRICAS	RED ELÉCTRICA CODENSA	5840	TUBERIA METALICA EMT DE D= 1". SUMINISTRO E INSTALACION. (INCLUYE ACCESORIOS DE INSTALACION Y FIJACION).	ML	30750
Antiguo	REDES ELECTRICAS	RED ELÉCTRICA CODENSA	5841	CONDUCTOR ACOMETIDA EN BAJA TENSION (42+12T AWG-THHN-600V-CU) SUMINISTRO E INSTALACION (CONDUCTORES DE LA ACOMETIDA ENTRE EL PUNTO DE CONEXION CODENSA Y CAJA DE 4 MEDIDORES INSTALADOS EN TUBERIA DE 2X4" PVC.	ML	184376
Antiguo	EXCAVACIONES	EXC. CONFORMACIÓN DE SUBRASANTE	5842	ESCARIFICACION, HUMEDECIMIENTO, NIVELACION Y COMPACTACION CON VIBROCOMPACTADOR DEL MATERIAL GRANULAR EXISTENTE.	M3	29667
Antiguo	GEOSINTETICOS	GEOMEMBRANAS	5843	GEOMALLA BIAXIAL PARA EL CONTROL DEL REFLEJO DE AGRIETAMIENTO EN CAPAS DE CONCRETO ASFALTICO, CON MODULO DE TENSION CICLICA MINIMO DE 2340 KN/M. (INCLUYE SUMINISTRO E INSTALACION).	M2	33937
Antiguo	GEOSINTETICOS	GEOMEMBRANAS	5844	GEOMALLA BIAXIAL PARA EL CONTROL DEL REFLEJO DE AGRIETAMIENTO EN CAPAS DE CONCRETO ASFALTICO, CON MODULO DE TENSION CICLICA MINIMO DE 1820 KN/M. (INCLUYE SUMINISTRO E INSTALACION).	M2	28765
Antiguo	GEOSINTETICOS	GEOMEMBRANAS	5845	GEOCOMPUESTO PARA DRENAJE, CONFORMADO POR GEODREN (RED DRENANTE DE POLIETILENO DE ALTA DENSIDAD PEAD-HDPE Y GEOTEXTIL NO TEJIDO) CON ALTURA DE 2.0 M Y TUBERIA FLEXIBLE CORRUGADA DE DRENAJE CON DIAMETRO DE 100 MM. (INCLUYE SUMINISTRO E INSTALACION).	ML	141521
Antiguo	SEÑALIZACIÓN	OTROS-SEÑALIZACIÓN	5846	SEPARADORES TIPO TRANSMILENIO DELINEADOR TIPO A EN POLIETILENO (0.77M X 0.15M X 0.10M) Y 4 TORNILLOS EN ACERO INOXIDABLE DE 1/2" DE ANCHO Y 4 TORNILLOS DE 1/2" DE LARGO. SUMINISTRO E INSTALACION.	UN	207986
Antiguo	SEÑALIZACIÓN	OTROS-SEÑALIZACIÓN	5847	SEPARADORES TIPO TRANSMILENIO DELINEADOR TIPO B EN POLIETILENO (0.78M X 0.20M X 0.15M) Y 4 TORNILLOS EN ACERO INOXIDABLE DE 1/2" DE ANCHO Y 5 TORNILLOS DE 1/2" DE LARGO. SUMINISTRO E INSTALACION.	UN	225078
Antiguo	SEÑALIZACIÓN	OTROS-SEÑALIZACIÓN	5848	SEPARADORES TIPO TRANSMILENIO DELINEADOR TIPO C EN POLIETILENO (0.405M X 0.15M X 0.85M) Y 2 TORNILLOS EN ACERO INOXIDABLE DE 1/2" DE ANCHO Y 4 TORNILLOS DE 1/2" DE LARGO. SUMINISTRO E INSTALACION.	UN	61765
Antiguo	SEÑALIZACIÓN	DEMARCACION DE PAVIMENTOS	5850	FLECHA DIRECCIONAL "A LA IZQUIERDA" (E= 15 MILS. TERMOPLASTICA. AREA: 1.5037 M2 SEGUN EL MANUAL DE SEÑALIZACION VIAL. SUMINISTRO Y APLICACION CON EQUIPO. INCLUYE MICROESFERAS.	UN	274200
Antiguo	SEÑALIZACIÓN	DEMARCACION DE PAVIMENTOS	5851	DEMARCACION DE FLECHA DE TERMINACION DE CARRIL (E= 2.3 MILS. TERMOPLASTICA. AREA: 4.1850 M2 SEGUN EL MANUAL DE SEÑALIZACION VIAL. SUMINISTRO Y APLICACION CON EQUIPO. INCLUYE MICROESFERAS.	UN	734946
Antiguo	SEÑALIZACIÓN	DEMARCACION DE PAVIMENTOS	5852	FLECHA DIRECCIONAL "FRENTE, DERECHA E IZQUIERDA" (E= 2.3 MILS. TERMOPLASTICA. AREA: 3.2095 M2 SEGUN EL MANUAL DE SEÑALIZACION VIAL. SUMINISTRO Y APLICACION CON EQUIPO. INCLUYE MICROESFERAS.	UN	567319
Antiguo	SEÑALIZACIÓN	DEMARCACION DE PAVIMENTOS	5854	DEMARCACION TEXTO PARE. AREA: 1.48 M2. (E= 2.3 MILS, TERMOPLASTICA. SUMINISTRO Y APLICACION CON EQUIPO. INCLUYE MICROESFERAS.	UN	261555
Antiguo	SEÑALIZACIÓN	DEMARCACION DE PAVIMENTOS	5856	DEMARCACION DE ACHURADO. AREA: 1.0 M2. (E= 2.3 MILS, TERMOPLASTICA. SUMINISTRO Y APLICACION CON EQUIPO. INCLUYE MICROESFERAS.	M2	187646
Antiguo	SEÑALIZACIÓN	DEMARCACION DE PAVIMENTOS	5858	DEMARCACION DE LINEA LOGARITMICA. AREA: 0.60 M2. (E= 2.3 MILS, TERMOPLASTICA. SUMINISTRO Y APLICACION CON EQUIPO. INCLUYE MICROESFERAS.	ML	110337
Antiguo	SEÑALIZACIÓN	DEMARCACION DE PAVIMENTOS	5860	DEMARCACION DE LINEA DE PARE. AREA: 0.60 M2. (E= 2.3 MILS, TERMOPLASTICA. SUMINISTRO Y APLICACION CON EQUIPO. INCLUYE MICROESFERAS.	M2	118910
Antiguo	SEÑALIZACIÓN	DEMARCACION DE PAVIMENTOS	5862	DEMARCACION DE LINEA SENDERO PEATONAL. AREA: 0.30 M2. (E= 2.3 MILS, TERMOPLASTICA. SUMINISTRO Y APLICACION CON EQUIPO. INCLUYE MICROESFERAS.	ML	58204
Antiguo	SEÑALIZACIÓN	DEMARCACION DE PAVIMENTOS	5864	DEMARCACION ZONA ANTIBLOQUEO. AREA: 0.30 M2. (E= 2.3 MILS, TERMOPLASTICA. SUMINISTRO Y APLICACION CON EQUIPO. INCLUYE MICROESFERAS.	ML	58204
Antiguo	SEÑALIZACIÓN	DEMARCACION DE PAVIMENTOS	5866	DEMARCACION DE LINEA DE PARADERO DE BUSES. AREA: 5.5775 M2. (E= 2.3 MILS, TERMOPLASTICA. SUMINISTRO Y APLICACION CON EQUIPO. INCLUYE MICROESFERAS.	UN	1021616
Antiguo	SEÑALIZACIÓN	DEMARCACION DE PAVIMENTOS	5868	DEMARCACION PICTOGRAMA TRIANGULOS CEDA EL PASO. (E= 2.3 MILS, TERMOPLASTICA. SUMINISTRO Y APLICACION CON EQUIPO. INCLUYE MICROESFERAS.	M2	177098
Antiguo	SEÑALIZACIÓN	DEMARCACION DE PAVIMENTOS	5870	DEMARCACION LINEA DE CEDA EL PASO DISCONTINUA. AREA: 0.32M2. (E= 2.3 MILS, TERMOPLASTICA. SUMINISTRO Y APLICACION CON EQUIPO. INCLUYE MICROESFERAS.	UN	60248
Antiguo	CONCRETO Y ACERO PARA ESTRUCTURAS	CONCRETO PARA ESTRUCTURAS	5871	BASE DE CONCRETO PARA POSTE TIPO T1 O T2 (0.80M X 0.80M X 0.80M). CONSTRUCCIÓN. INCLUYE EXCAVACIÓN, CONCRETO 3000 PSI HECHO EN OBRA, FUNDIDA, ARMADURA Y CURVA 90° PVC D= 2". HASTA MÉNSULA DE 6.5M.	UN	598677
Antiguo	CONCRETO Y ACERO PARA ESTRUCTURAS	CONCRETO PARA ESTRUCTURAS	5872	BASE DE CONCRETO PARA POSTE TIPO T1 O T2 (0.80M X 0.80M X 0.80M). CONSTRUCCIÓN. INCLUYE EXCAVACIÓN, CONCRETO 3000 PSI HECHO EN OBRA, FUNDIDA, ARMADURA Y CURVA 90° PVC D= 2". HASTA MÉNSULA DE 8.5M.	UN	631741
Antiguo	REDES TELEFONICAS / DATOS	RED TELEFONICA ETB	5873	CURVA 90° PVC D= 2". SUMINISTRO E INSTALACION. NO INCLUYE RELLENOS.	UN	31161
Antiguo	CONCRETO Y ACERO PARA ESTRUCTURAS	CONCRETO PARA ESTRUCTURAS	5874	PEDESTAL EN CONCRETO DE 3500 PSI GRAVA COMÚN (0.30 M X 0.40 M X 1.00 M) O MEDIDAS SIMILARES. CONSTRUCCIÓN. CON DOS DUCTOS PESADOS DE PVC TIPO DB D= 2".	UN	285661
Antiguo	REDES TELEFONICAS / DATOS	RED TELEFONICA ETB	5875	RETIRO DE POSTES T1, T1X Y T2 (INCLUYE GRUA).	UN	223041
Antiguo	REDES TELEFONICAS / DATOS	RED TELEFONICA ETB	5876	RETIRO Y REUBICACION DE POSTES T1, T1X Y T2 (INCLUYE GRUA).	UN	355150
Antiguo	REDES TELEFONICAS / DATOS	RED TELEFONICA ETB	5877	REUBICACION DE SEMAFORO PEATONAL.	UN	90840
Antiguo	REDES TELEFONICAS / DATOS	RED TELEFONICA ETB	5878	POSTE TIPO MASTIL T1X (5.00M) EN TUBO SCH 40 GALVANIZADO Y PINTADO. SUMINISTRO E INSTALACIÓN.	UN	4691424
Antiguo	REDES TELEFONICAS / DATOS	RED TELEFONICA ETB	5879	REUBICACION DE SEMAFORO VEHICULAR PARA FIJACION DE MASTIL.	UN	416693
Antiguo	REDES TELEFONICAS / DATOS	RED TELEFONICA ETB	5880	REUBICACION DE SEMAFORO VEHICULAR PARA FIJACION DE MENSULA.	UN	520860
Antiguo	REDES TELEFONICAS / DATOS	RED TELEFONICA ETB	5881	RETIRO DE SOLDADURA PARA TAPAS RECTANGULARES DE CAJAS DE PASO.	UN	4677
Antiguo	CONCRETO Y ACERO PARA ESTRUCTURAS	ESTRUCTURAS EN ACERO	5882	PLATINA DE POSTE (CUADRADA DE 0.30M X 0.30M FABRICADA EN HIERRO DE 3/8" DE ESPESOR CON 4 ORIFICIOS DE 3/4" Y UNA PERFORACION CENTRAL DE 3" PARA FIJACION DEL POSTE AL ANCLAJE BASE).	UN	182320
Antiguo	REDES TELEFONICAS / DATOS	RED TELEFONICA ETB	5883	COLOCACION DE SOLDADURA E-7018 PARA TAPAS RECTANGULARES DE CAJAS DE PASO.	UN	15225
Antiguo	CONCRETO Y ACERO PARA ESTRUCTURAS	PINTURA PARA ESTRUCTURAS	5884	APLICACION DE PINTURA EN VIA DE POSTES TIPO MASTIL T1 Y T1X.	UN	119808
Antiguo	CONCRETO Y ACERO PARA ESTRUCTURAS	PINTURA PARA ESTRUCTURAS	5885	PINTURA EN VIA DE POSTES TIPO MENSULA T2 (L= 4.50M A 6.50M).	UN	129366
Antiguo	REDES ALCANTARILLADO / DRENAJE	REDES ALCANTARILLADO / DRENAJE	5886	TUBERIA DE CONCRETO DE ALTA RESISTENCIA D= 8" (INCLUYE MORTERO DE INSTALACION). SUMINISTRO E INSTALACION.	ML	393536
Antiguo	REDES ALCANTARILLADO / DRENAJE	REDES ALCANTARILLADO / DRENAJE	5887	TUBERIA DE CONCRETO DE ALTA RESISTENCIA D= 16" (INCLUYE MORTERO DE INSTALACION). SUMINISTRO E INSTALACION.	ML	721992
Antiguo	REDES ALCANTARILLADO / DRENAJE	REDES ALCANTARILLADO / DRENAJE	5888	TUBERIA DE CONCRETO DE ALTA RESISTENCIA D= 18" (INCLUYE MORTERO DE INSTALACION). SUMINISTRO E INSTALACION.	ML	868607
Antiguo	REDES ALCANTARILLADO / DRENAJE	REDES ALCANTARILLADO / DRENAJE	5889	TUBERIA DE CONCRETO DE ALTA RESISTENCIA D= 20" (INCLUYE MORTERO DE INSTALACION). SUMINISTRO E INSTALACION.	ML	1004601
Antiguo	EXCAVACIONES	FORMALETAS, ENTIBADOS, ANDAMIOS Y ACCESORIOS	5890	ENTIBADO TIPO ED2, DISCONTINUO EN MADERA, CON PERFILES METALICOS Y PARALES TELESCOPICOS (INCLUYE SUMINISTRO E INSTALACION).	M2	42201
Antiguo	EXCAVACIONES	EXC. ESTRUCTURAS Y REDES	5891	EXCAVACION MECANICA PARA REDES PROFUNDIDAD MAYORES A 3.5M (INCLUYE CARGUE).	M3	6598
Antiguo	REDES ALCANTARILLADO / DRENAJE	REDES ALCANTARILLADO / DRENAJE	5892	EMPATE EN LÍNEA DE TUBERÍA DE ACERO (HA) A ASBESTO CEMENTO (AC) 3". SUMINISTRO E INSTALACIÓN. (INCLUYE DOS ACOPLES UNIVERSAL D= 3" R1 Y 1MT DE TUBERÍA PVC D= 3" RDE 21).	UN	488577
Antiguo	REDES ALCANTARILLADO / DRENAJE	REDES ALCANTARILLADO / DRENAJE	5893	EMPATE EN LÍNEA DE TUBERÍA DE ACERO (HA) A ASBESTO CEMENTO (AC) 4". SUMINISTRO E INSTALACIÓN. (INCLUYE DOS ACOPLES UNIVERSAL D= 4" R1 Y 1MT DE TUBERÍA PVC D= 4" RDE 21).	UN	547350
Antiguo	REDES ALCANTARILLADO / DRENAJE	REDES ALCANTARILLADO / DRENAJE	5894	EMPATE EN LÍNEA DE TUBERÍA DE ACERO (HA) A ASBESTO CEMENTO (AC) 12". SUMINISTRO E INSTALACIÓN. (INCLUYE DOS ACOPLES UNIVERSAL D= 12" R1 Y 1MT DE TUBERÍA PVC D= 12" RDE 21).	UN	2541740
Antiguo	MOBILIARIO URBANO - ARBOLES Y GRAMAS	MOBILIARIO URBANO	5921	DESMONTE DE PARADERO URBANO TIPO M10 (INCLUYE CARGUE Y TRANSPORTE A ALMACEN AUTORIZADO POR EL IDU.	UN	554805
Antiguo	MOBILIARIO URBANO - ARBOLES Y GRAMAS	MOBILIARIO URBANO	5922	DESMONTE DE TELÉFONO PUBLICO DE PEDESTAL TIPO M20 (INCLUYE CARGUE Y TRANSPORTE A ALMACÉN AUTORIZADO POR EL IDU (NO INCLUYE REPARACIÓN DEL SITIO).	UN	94674
Antiguo	MOBILIARIO URBANO - ARBOLES Y GRAMAS	MOBILIARIO URBANO	5923	DESMONTE DE BANCA EN CONCRETO TIPO M30 (INCLUYE CARGUE Y TRANSPORTE A ALMACEN AUTORIZADO POR EL IDU (NO INCLUYE REPARACION DEL SITIO).	UN	117738
Antiguo	MOBILIARIO URBANO - ARBOLES Y GRAMAS	MOBILIARIO URBANO	5924	DESMONTE DE PROTECTOR DE ARBOL TIPO M90 (INCLUYE CARGUE Y TRANSPORTE A ALMACEN AUTORIZADO POR EL IDU (NO INCLUYE REPARACION DEL SITIO).	UN	31249
Antiguo	GESTION SOCIAL	GESTION SOCIAL	5927	CARTELERA TIPO PUNTO CREA DE 1.00M X 1.00M EN ALUMINIO ANODIZADO, CON PAÑO COLOR GRIS, CENEFA SUPERIOR, PUERTAS CORREDIZAS, LOGO INSTITUCIONAL. INCLUYE SUMINISTRO E INSTALACION.	UN	573905
Antiguo	GESTION SOCIAL	GESTION SOCIAL	5928	CAMARA FOTOGRAFICA DIGITAL COMPACTA. ALQUILER. DE 16.2 MEGAPIXELES. MEMORIA DE 6 GB. VIDEO HD CON PAUSA Y ZOOM. INCLUYE TRANSPORTE, SOPORTE TECNICO.	MES	28694
Antiguo	OBRAS DE ARTE Y EDIFICACIONES	CUBIERTAS	5933	CUBIERTA 333C SENCILLA EN ALUZINC CAL. 24. SUM E INSTAL. PANEL SIN TRASLAPOS LONGITUDINALES. PINTURA PLASTISOL/DURANAR POR 1 CARA. COLOR A ESCOGER (E= 24 MICRONES). CLIPS METALICOS OCULTOS AISLANTE EN FIBRA DE VIDRIO DE 38MM.	M2	360963
Antiguo	OBRAS DE ARTE Y EDIFICACIONES	CUBIERTAS	5935	CIELO RASO BAFFLE EN ALUZINC LISO COLOR ALUMINIO MEDIO. SUMINISTRO E INSTALACION. INCL FIJACION CON SISTEMA DE TRABA DE PRESION A UN RIEL PORTAPANEL. SECCION 25MM CON DISTANCIA CADA 100MM Y ALTURA 100MM.	M2	624501
Antiguo	OBRAS DE ARTE Y EDIFICACIONES	CUBIERTAS	5936	CIELO 84R EN ALUZINC LISO COLOR ALUMINIO MEDIO. SUMINISTRO E INSTALACION. INCL FIJACION ALA ESTRUCTURA DEL PORTAPANEL POR MEDIO DE AMARRES CADA METRO. ANCHO DEL PANEL DE 84MM	M2	298470
Antiguo	CONCRETO Y ACERO PARA ESTRUCTURAS	CONCRETO PARA ESTRUCTURAS	5939	PILOTE D=20 CM CONCRETO TREMIE DE 3000 PSI. (INCLUYE EXCAVACIÓN, TRANSPORTE Y DISPOSICIÓN FINAL DE ESCOMBROS EN SITIO AUTORIZADO A 21 KM, CARGUE Y RETIRO DE SOBRANTES, MOVILIZACIÓN, MONTAJE Y DESMONTAJE DE EQUIPO ENTRE PERFORACIONES DENTRO DE LA OBRA. SUMINISTRO Y COLOCACIÓN DEL CONCRETO CON BOMBA	ML	254247
Antiguo	CONCRETO Y ACERO PARA ESTRUCTURAS	CONCRETO PARA ESTRUCTURAS	5940	ZAPATA EN CONCRETO PREMEZCLADO DE 3000 PSI (21Mpa), GRAVA COMÚN (Incluye bombeo, Sumin., Formaleteo en madera, Colocación y Curado. No incl. Refuerzo).	M3	1062719
Antiguo	CONCRETO Y ACERO PARA ESTRUCTURAS	CONCRETO PARA ESTRUCTURAS	5941	VIGAS DE CIMENTACIÓN ESTACIONES DE TRANSMILENIO DE 0.45m x 0.45m EN CONCRETO PREMEZCLADO DE 3000 PSI (21 Mpa) GRAVA COMUN (Incluye Sumin., Formaleteo en madera, Colocación y Curado. No incl. Refuerzo)	M3	1065598
Antiguo	CONCRETO Y ACERO PARA ESTRUCTURAS	CONCRETO PARA ESTRUCTURAS	5945	CONCRETO 3500 PSI GRAVA COMÚN PARA RECALCE DE 0.05M X 0.50M X 1.20M (PREMEZCLADO. INCLUYE SUMIN., FORMALETEO Y COLOCACIÓN. NO INCL. REFUERZO, CURADO).	M3	1007613
Antiguo	CONCRETO Y ACERO PARA ESTRUCTURAS	CONCRETO PARA ESTRUCTURAS	5946	CONCRETO 3500 PSI GRAVA COMÚN PARA TOPE SISMICO DE 0.35M X 0.80M X 1.00M (PREMEZCLADO. INCLUYE SUMIN., FORMALETEO Y COLOCACIÓN. NO INCL. REFUERZO, CURADO).	M3	1349300
Antiguo	CONCRETO Y ACERO PARA ESTRUCTURAS	CONCRETO PARA ESTRUCTURAS	5948	CONCRETO 3500 PSI GRAVA COMÚN PARA ESPALDAR ESTRIBOS CON MÉNSULA SECCIÓN 5.30M X 1.70M X 0.30M (PREMEZCLADO. INCLUYE SUMIN., FORMALETEO Y COLOCACIÓN. NO INCL. REFUERZO, CURADO).	M3	1203787
Antiguo	CONCRETO Y ACERO PARA ESTRUCTURAS	CONCRETO PARA ESTRUCTURAS	5949	DADO DE CIMENTACION EN CONCRETO 3500 PSI, (24 Mpa) PREMEZCLADO, GRAVA COMÚN. Incluye Suministro, Formaleteo en madera, Bombeo, colocación y curado. (No incl. Refuerzo).	M3	1083522
Antiguo	CONCRETO Y ACERO PARA ESTRUCTURAS	CONCRETO PARA ESTRUCTURAS	5950	CONCRETO 3500 PSI GRAVA COMÚN PARA CONSTRUCCIÓN DE CAISSON DE 1.20M DE DIÁMETRO (INCLUYE EXCAVACIÓN MANUAL, SUMINISTRO DE CAMISA METÁLICA PERDIDA E= 3/8" FORMALETEO Y COLOCACIÓN. SUMIN DE CONCRETO PREMEZCLADO. NO INCL. REFUERZO, CURADO).	M3	2561909
Antiguo	MOBILIARIO URBANO - ARBOLES Y GRAMAS	MOBILIARIO URBANO	5952	BARANDA METÁLICA M81 (INSTALADO Y PINTADO)	ML	474810
Antiguo	REDES ACUEDUCTO	REDES ACUEDUCTO	5953	TUBERIA ACERO CARBON ASTM A=53 SCH 40 DE D=12", SUMINISTRO E INSTALACION. (INCLUYE TRANSPORTE).	ML	871759
Antiguo	REDES ELECTRICAS	RED ELECTRICA EPM	5954	CANALIZACION VIA PUBLICA NUEVE (9) DUCTOS PVC TIPO TDP 9Ø6"+2Ø3"	ML	1345327
Antiguo	SEÑALIZACIÓN	SEÑALES DE TRANSITO	5955	SEÑAL VERTICAL UNA CARA PARA CICLORUTA PARAL 3M, ÁNGULO DE 2X1/4X3M LAMINA CAL. 16 PINTADA POR UNA CARA 0.60M X 0.60M O 0.75M X 0.75M (INCLUYE SUMINISTRO E INSTALACIÓN)	UN	514697
Demanda	ACTIVIDADES CONSERVACIÓN	ACTIVIDADES CONSERVACIÓN	5966	MANTENIMIENTO RUTINARIO DE CALZADA EN ADOQUÍN Y/O LOSETA. INCLUYE LIMPIEZA DE SUMIDEROS, POZOS, SELLOS DE JUNTA Y RETIRO MANUAL DE CAPA VEGETAL.	M2	4934
Demanda	ACTIVIDADES CONSERVACIÓN	ACTIVIDADES CONSERVACIÓN	5967	MANTENIMIENTO RUTINARIO DE CALZADA EN CONCRETO HIDRÁULICO. INCLUYE LIMPIEZA DE SUMIDEROS, POZOS, SELLO DE JUNTAS Y RETIRO MANUAL DE CAPA VEGETAL	M2	33172
Demanda	ACTIVIDADES CONSERVACIÓN	ACTIVIDADES CONSERVACIÓN	5968	MANTENIMIENTO CORRECTIVO DE CALZADA EN ADOQUIN DE ARCILLA PESADO SOBRE MORTERO. INCLUYE RETIRO DE ADOQUIN E INSTALAR NUEVO	M2	109679
Demanda	ACTIVIDADES CONSERVACIÓN	ACTIVIDADES CONSERVACIÓN	5969	MANTENIMIENTO CORRECTIVO DE CALZADA EN ADOQUÍN DE ARCILLA SOBRE ARENA. INCLUYE RETIRO DE ADOQUIN E INSTALAR NUEVO	M2	108171
Demanda	ACTIVIDADES CONSERVACIÓN	ACTIVIDADES CONSERVACIÓN	5970	MANTENIMIENTO CORRECTIVO DE CALZADA EN CONCRETO RÍGIDO. INCLUYE RETIRO, REEMPLAZO DE LOSA, RENIVELACIÓN Y RECOMPACTACIÓN DE CAPAS GRANULARES	M2	382242
Demanda	ACTIVIDADES CONSERVACIÓN	ACTIVIDADES CONSERVACIÓN	5971	REHABILITACIÓN DE PAVIMENTO ESTAMPADO EN LOSA DE CONCRETO HIDRÁULICO MR45 E= 0.20M. (INCLUYE SUMINISTRO Y APLICACIÓN DE ENDURECEDOR EN POLVO FOTORESISTENTE Y ALCALIRESISTENTE, DESMOLDANTE PIGMENTADO, SELLADOR ACRÍLICO, RETARDANTE DE EVAPORACIÓN Y ESTAMPADO CON TEXTURA DE ADOQUIN DE 10CM X 20CM EN ESPINA DE PESCADO	M2	465916
Demanda	ACTIVIDADES CONSERVACIÓN	ACTIVIDADES CONSERVACIÓN	5972	MANTENIMIENTO CORRECTIVO DE CALZADA EN CONCRETO ESTAMPADO. INCLUYE RETIRO, REEMPLAZO DE LOSA, RENIVELACIÓN Y RECOMPACTACIÓN DE CAPAS GRANULARES	M2	439772
Antiguo	ANÁLISIS AUXILIARES	CUADRILLAS (INCLUYE FACTOR PRESTACIONAL)	5975	CUADRILLA (TECNICO ELECTRICO + 2 AYUDANTES).	HR	47729
Antiguo	CONCRETO Y ACERO PARA ESTRUCTURAS	ESTRUCTURAS EN ACERO	5976	TUBERIA GALVANIZADA 2" PARA ANCLAJES	ML	75160
Antiguo	REDES ALCANTARILLADO / DRENAJE	REDES ALCANTARILLADO / DRENAJE	5992	TUBERIA CONCRETO D= 32" CL. II REFORZADO. INCLUYE SUMINISTRO E INSTALACIÓN	ML	1280812
Antiguo	SEÑALIZACIÓN	OTROS-SEÑALIZACIÓN	5993	TORRE DE ILUMINACIÓN DE 4 BOMBILLAS DE 1000 WATS CADA UNA. ALQUILER. INCLUYE COMBUSTIBLE A.C.P.M.	UN/MES	5252493
Antiguo	REDES ALCANTARILLADO / DRENAJE	REDES ALCANTARILLADO / DRENAJE	5994	TUBERIA CONCRETO D= 8" CL. V EXTRARREFORZADA PARA INSTALACIÓN SUPERFICIAL (SUMINISTRO E INSTALACIÓN). INCLUYE MORTERO 2000 PSI PARA RECUBRIMIENTO DE JUNTA.	ML	302855
Antiguo	REDES ALCANTARILLADO / DRENAJE	REDES ALCANTARILLADO / DRENAJE	5995	TUBERIA CONCRETO D= 16" CL. V EXTRARREFORZADA PARA INSTALACIÓN SUPERFICIAL (SUMINISTRO E INSTALACIÓN). INCLUYE MORTERO 2000 PSI PARA RECUBRIMIENTO DE JUNTA.	ML	618981
Antiguo	PAVIMENTOS	JUNTAS PARA PAVIMENTOS	5996	SELLO PVC FLEXIBLE PARA SELLOS DE JUNTAS SOMETIDAS A PRESIÓN HIDRÁULICA, ANCHO = 15CM. SUMINISTRO Y COLOCACIÓN	ML	59866
Antiguo	RELLENOS Y CAPAS GRANULARES	RELLENOS PARA ANDENES Y REDES	5997	GRAVILLA DE 3/4" PEGADA CON MORTERO 1:3 E= 0.15M PARA ENTREGA A CANAL. SUMINISTRO E INSTALACIÓN	M2	109884
Antiguo	REDES ACUEDUCTO	REDES ACUEDUCTO	5998	TAPÓN EXTREMO LISO D= 3". SUMINISTRO E INSTALACIÓN	UN	205456
Antiguo	REDES ACUEDUCTO	REDES ACUEDUCTO	5999	PRUEBA HIDROSTÁTICA EN TUBERÍAS HASTA 12" DE DIÁMETRO, TRAMOS MÁXIMOS DE 500M. INCLUYE DESINFECCIÓN DE TUBERÍA.	UN	1667960
Antiguo	REDES TELEFONICAS / DATOS	RED TELEFONICA ETB	6004	DETECTORES DE DEMANDA VEHICULAR (CÁMARA). NO INCLUYE CABLES. SUMINISTRO E INSTALACIÓN	UN	18350267
Antiguo	REDES TELEFONICAS / DATOS	RED TELEFONICA ETB	6006	PUESTA A TIERRA PARA CENTRO DE TRANSFORMACIÓN SUBTERRÁNEO PARCIALMENTE SUMERGIBLE CON TRES PUNTOS A TIERRA. SUMINISTRO, TRANSPORTE Y CONSTRUCCIÓN. INCLUYE SOLDADURA EXOTÉRMICA Y TERMINALES.	UN	2453976
Antiguo	CONCRETO Y ACERO PARA ESTRUCTURAS	CONCRETO PARA ESTRUCTURAS	6007	PILOTE PREEXCAVADO EN CONCRETO TREMIE DE 4000 PSI (280 KG/CM2) ACELERADO A 2 DÍAS. INCLUYE ACELERANTE, ALQUILER DE EQUIPO DE PERFORACIÓN CON OPERARIO, MOTOBOMBA, BENTONITA, MANO DE OBRA, TRANSPORTE Y DISPOSICIÓN FINAL DE ESCOMBROS EN SITIO AUTORIZADO. DISTANCIA DE TRANSPORTE 21 KM.	M3	2067347
Antiguo	OBRAS DE ARTE Y EDIFICACIONES	IMPERMEABILIZACIONES	6008	IMPERMEABILIZANTE PARA CONCRETO. SUMINISTRO Y APLICACIÓN	M2	3451
Antiguo	OBRAS DE ARTE Y EDIFICACIONES	IMPERMEABILIZACIONES	6009	ADITIVO DESENCOFRANTE. SUMINISTRO Y APLICACIÓN DE MATERIAL	M2	3695
Antiguo	DEMOLICIONES	DEMOLICIONES	6010	REGATA, ANCHO PROMEDIO 5CM POR 5CM DE PROFUNDIDAD. INCLUYE MATERIALES, EQUIPOS, TRANSPORTE Y DISPOSICIÓN FINAL DE ESCOMBROS A SITIO AUTORIZADO.	ML	47880
Antiguo	PAVIMENTOS	PAVIMENTOS EN CONCRETO ASFALTICO	6011	RESTITUCIÓN DE ESTRUCTURA DE PAVIMENTO FLEXIBLE, PARA APIQUE DE 0.60M X 0.60M (PROFUNDIDAD 1.50M). INCLUYE BASE GRANULAR CLASE A (BG_A) E= 1.35, MEZCLA DENSA EN CALIENTE TIPO MD12 E= 0.05M, MEZCLA DENSA EN CALIENTE TIPO MD20 E= 0.10M, IMPRIMANTE Y RIEGO DE LIGA.	UN	206791
Antiguo	EXCAVACIONES	FORMALETAS, ENTIBADOS, ANDAMIOS Y ACCESORIOS	6015	ENTIBADO TIPO EC3 CONTINUO METÁLICO CON PARALES METÁLICOS. INCLUYE SUMINISTRO E INSTALACIÓN	M2	60149
Antiguo	RELLENOS Y CAPAS GRANULARES	CAPAS GRANULARES	6016	ESTABILIZACIÓN DE SUBRASANTE CON RAJÓN, INCLUYE EQUIPO DE COMPACTACIÓN (SUMINISTRO, EXTENDIDO, NIVELACIÓN Y COMPACTACIÓN CON EQUIPO MECÁNICO. NO INCLUYE MATERIAL DE SELLO)	M3	148762
Antiguo	RELLENOS Y CAPAS GRANULARES	RELLENOS PARA ANDENES Y REDES	6020	RELLENO EN RECEBO COMUN (SUMINISTRO E INSTALACIÓN EXTENDIDO MANUAL, HUMEDECIMIENTO Y COMPACTACIÓN. NO INCLUYE TRANSPORTE)	M3	49980
Antiguo	CONCRETO Y ACERO PARA ESTRUCTURAS	CONCRETO PARA ESTRUCTURAS	6021	CONCRETO DE NIVELACIÓN 2000 PSI GRAVA COMÚN (140 KG/CM2) (PREMEZCLADO. INCLUYE SUMINISTRO, FUNDIDA Y NIVELACIÓN Y COLOCACIÓN. NO INCLUYE REFUERZO, CURADO) PARA MEJORAMIENTO, ADECUACIÓN Y REHABILITACIÓN DE ESPACIO PÚBLICO.	M3	840181
Antiguo	SEÑALIZACIÓN	SEÑALES DE TRANSITO	6029	SEÑAL VERTICAL GRUPO DE PREVENTIVAS TIPO CUADRADO (75CM X 75CM). INCLUYE SUMONISTRO E INSTALACION.	UN	609462
Antiguo	SEÑALIZACIÓN	SEÑALES DE TRANSITO	6030	SEÑAL VERTICAL GRUPO DE REGLAMENTARIAS TIPO CIRCULO D=75CM. INCLUYE SUMINISTRO E INSTALACION.	UN	599695
Antiguo	SEÑALIZACIÓN	SEÑALES DE TRANSITO	6031	SEÑAL VERTICAL GRUPO DE PREVENTIVA SP-40 TIPO RECTANGULO (120CM X 40CM). INCLUYE SUMINISTRO E INSTALACION.	UN	588248
Antiguo	SEÑALIZACIÓN	SEÑALES DE TRANSITO	6032	SEÑAL VERTICAL GRUPO DE REGLAMENTARIAS SR-01 TIPO OCTAGONO CON ALTURA DE 75CM. INCLUYE SUMINISTRO E INSTALACION.	UN	599695
Antiguo	SEÑALIZACIÓN	SEÑALES DE TRANSITO	6033	SEÑAL VERTICAL GRUPO DE REGLAMENTARIAS SR-02 TIPO TRIANGULO EQUILATERO 75CM. DE LADO. INCLUYE SUMINISTRO E INSTALACION.	UN	599695
Antiguo	SEÑALIZACIÓN	SEÑALES DE TRANSITO	6034	SEÑAL VERTICAL GRUPO DE INFORMATIVAS TIPO RECTANGULO (60CM X 75CM). INCLUYE SUMINISTRO E INSTALACION.	UN	514698
Antiguo	REDES ELECTRICAS	RED ELÉCTRICA CODENSA	6036	TRANSFORMADOR MONOFASICO 15 KVA (TENSION PRIMARIA DE 13.200, TENSION SECUNDARIA 240-120. (INCLUYE SUMINISTRO E INSTALACIÓN)	UN	8159484
Antiguo	REDES ELECTRICAS	RED ELÉCTRICA CODENSA	6037	POSTE TIPO MENSULA T2 (3.50M) EN TUBO SCH 40 GALVANIZADO Y PINTADO. SUMINISTRO E INSTALACIÓN.	UN	6102128
Antiguo	REDES ELECTRICAS	RED ELÉCTRICA CODENSA	6038	POSTE TIPO MENSULA T2 (4.50M) EN TUBO SCH 40 GALVANIZADO Y PINTADO. SUMINISTRO E INSTALACIÓN.	UN	7533627
Antiguo	REDES ELECTRICAS	RED ELÉCTRICA CODENSA	6039	POSTE TIPO MENSULA T2 (6.50M) EN TUBO SCH 40 GALVANIZADO Y PINTADO. SUMINISTRO E INSTALACIÓN.	UN	10265922
Antiguo	REDES ELECTRICAS	RED ELÉCTRICA CODENSA	6040	POSTE TIPO MENSULA T2 (8.50M) EN TUBO SCH 40 GALVANIZADO Y PINTADO. SUMINISTRO E INSTALACIÓN.	UN	18781392
Antiguo	REDES TELEFONICAS / DATOS	RED TELEFONICA ETB	6041	SEMAFORO VEHICULAR DE POLICARBONATO (3X200) LENTES DE POLICARBONATO DE 8" TRES LUCES, SISTEMA DE ILUMINACIÓN A LEDS, TIPO MASTIL. INCLUYE ELEMENTOS DE FIJACION.	UN	4695143
Antiguo	REDES TELEFONICAS / DATOS	RED TELEFONICA ETB	6042	SEMAFORO VEHICULAR DE POLICARBONATO (3X200) LENTES DE POLICARBONATO DE 8" TRES LUCES, SISTEMA DE ILUMINACIÓN A LEDS, TIPO MENSULA. INCLUYE ELEMENTOS DE FIJACION.	UN	5214824
Antiguo	REDES TELEFONICAS / DATOS	RED TELEFONICA ETB	6043	SEMAFORO VEHICULAR DE POLICARBONATO (3X200) LENTES DE POLICARBONATO DE 8" TRES LUCES, SISTEMA DE ILUMINACIÓN A LEDS, FLECHA DE GIRO TIPO MENSULA. INCLUYE ELEMENTOS DE FIJACION.	UN	5090150
Antiguo	REDES TELEFONICAS / DATOS	RED TELEFONICA ETB	6044	SEMAFORO VEHICULAR DE POLICARBONATO (3X200) LENTES DE POLICARBONATO DE 8" TRES LUCES, SISTEMA DE ILUMINACIÓN A LEDS, FLECHA DE GIRO TIPO MASTIL. INCLUYE ELEMENTOS DE FIJACION.	UN	4744518
Antiguo	REDES TELEFONICAS / DATOS	RED TELEFONICA ETB	6045	SONORIZADORES PARA INVIDENTES (SUMINISTRO E INSTALACION)	UN	6284758
Antiguo	SEÑALIZACIÓN	DEMARCACION DE PAVIMENTOS	6046	DEMARCACION LINEA DE PARADA DE TRANSMILENIO. AREA: 3.96 M2 SEGUN PARAMETROS DE DISEÑO DE TRANSMILENIO (E= 2.3 MILS, TERMOPLASTICA. SUMINISTRO Y APLICACION CON EQUIPO. INCLUYE MICROESFERAS.	UN	743708
Antiguo	ACTIVIDADES CONSERVACIÓN	ACTIVIDADES CONSERVACIÓN	6053	CAPA DE SUELO DE SUBRASANTE ESTABILIZADA CON CAL HIDRATADA TIPO N, IN SITU AL 4%. (SUMINISTRO, EXTENDIDO, NIVELACION, HUMEDECIMIENTO Y COMPACTACION).	M3	128511
Antiguo	REDES TELEFONICAS / DATOS	RED TELEFONICA ETB	6057	SEMAFORO VEHICULAR DE POLICARBONATO (3X200) (ALQUILER) LENTES DE POLICARBONATO DE 8" TRES LUCES, SISTEMA DE ILUMINACIÓN A LEDS, INCLUYE SUMINISTRO, INSTALACION Y TRASLADO INTERNO EN OBRA. ELEMENTOS DE FIJACION.	UN/MES	193539
Antiguo	REDES TELEFONICAS / DATOS	RED TELEFONICA ETB	6058	SEMAFORO PEATONAL DE POLICARBONATO (2X200) (ALQUILER) LENTES DE POLICARBONATO DE 8" DOS LUCES, SISTEMA DE ILUMINACIÓN A LEDS, INCLUYE SUMINISTRO, INSTALACION Y TRASLADO INTERNO EN OBRA. ELEMENTOS DE FIJACION.	UN/MES	138859
Antiguo	SEÑALIZACIÓN	SEÑALES DE TRANSITO	6059	BARRICADA METÁLICAS C-20 CON TRES BANDEJAS DE 23CM X 150CM. (ALQUILER). INCLUYE TABLERO DE 60CM DE DIAMETRO "DESVIO" REFLECTIVO GRADO INGENIERIA COMERCIAL. SUMINISTRO E INSTALACION Y TRASLADO INTERNO EN OBRA.	UN/MES	75837
Antiguo	TRANSPORTES Y ACARREOS	ALQUILER DE EQUIPOS	6060	GRUA PARA REMOLQUE DE VEHICULOS (ALQUILER). INCLUYE CONDUCTOR Y COMBUSTIBLE. TIEMPO 12 HORAS DIARIAS.	UN/MES	1490414
Antiguo	CONCRETO Y ACERO PARA ESTRUCTURAS	CONCRETO PARA ESTRUCTURAS	6062	BARRERA NEW JERSEY MONODIRECCIONAL DE 0.90M DE ALTURA X 0.375 DE BASE X 4.76M DE LONG CONCRETO 3000 PSI GRAVA COMÚN. (PREMEZCLADO. INCLUYE SUMINISTRO, FORMALETEO, COLOCACIÓN. NO INCLUYE REFUERZO NI CURADO).	M3	945422
Antiguo	CONCRETO Y ACERO PARA ESTRUCTURAS	ESTRUCTURAS EN ACERO	6065	LAMINA MACIZA HR PARA BOCATOMA, INCLUYE MANO DE OBRA, ACCESORIOS E INSTALACION SEGUN DETALLE EN PLANOS Y ESPECIFICACIONES TECNICAS	UN	1723122
Antiguo	OBRAS DE ARTE Y EDIFICACIONES	ACABADOS	6070	ELEMENTO ENVOLVENTE PEINAZO PARA MODULO. SUMINISTRO E INSTALACION. INCLUYE MANO DE OBRA.	M2	150439
Antiguo	OBRAS DE ARTE Y EDIFICACIONES	ACABADOS	6073	MODULO DE PERSIANA DE 1.80 X 2.35 GALVANIZADO PARA CERRAMIENTO, INCLUYE MANO DE OBRA, ACCESORIOS E INSTALACION, SEGUN DETALLE EN PLANOS Y ESPECIFICACIONES TECNICAS. SUMINISTRO E INSTALACION.	UN	6645212
Antiguo	OBRAS DE ARTE Y EDIFICACIONES	ACABADOS	6074	MODULO DE PERSIANA DE 1.80 X 1.20 GALVANIZADO PARA FACHADA COMERCIAL, INCLUYE MANO DE OBRA, ACCESORIOS SEGUN DETALLE EN PLANOS Y ESPECIFICACIONES TECNICAS. SUMINISTRO E INSTALACION.	UN	3261784
Antiguo	OBRAS DE ARTE Y EDIFICACIONES	OBRAS DE ARTE Y EDIFICACIONES	6078	CUBIERTA EN LAMINA ALVEOLAR EN POLICARBONATO. SUMINISTRO E INSTALACION. INCLUYE MANO DE OBRA Y ACCESORIOS	M2	195235
Antiguo	OBRAS DE ARTE Y EDIFICACIONES	OBRAS DE ARTE Y EDIFICACIONES	6079	ELEMENTO ENVOLVENTE REMATE PARA CUBIERTA. SUMINISTRO E INSTALACION. INCLUYE MANO DE OBRA	M2	188786
Antiguo	OBRAS DE ARTE Y EDIFICACIONES	OBRAS DE ARTE Y EDIFICACIONES	6082	MAMPOSTERIA EN BLOQUE No. 5  (INCLUYE SUMINISTRO, INSUMOS Y CONSTRUCCIÓN)	M2	81414
Antiguo	GESTION SOCIAL	GESTION SOCIAL	6084	EDICION, IMPRESION Y DISTRIBUCION DE PIEZAS DE DIVULGACION (PIEZAS EN PAPEL BOND, TAMAÑO CARTA, TIPO FOTOCOPIA).	UN	1227
Antiguo	GESTION SOCIAL	GESTION SOCIAL	6085	LEVANTAMIENTO DE ACTA DE VECINDAD COMPLETA. (INCLUYE PERSONAL, LOGISTICA, ELABORACION DE FORMATO, PAPELERIA, FOTOGRAFIA Y VIDEO).	UN PRE	49301
Antiguo	GESTIÓN AMBIENTAL	GESTIÓN AMBIENTAL	6086	ACTUALIZACION DE SISTEMA DE GESTION DEL ARBOLADO URBANO UBICADO EN TERRENO. SIGAU POR ARBOL PARA TALA, BLOQUEO Y TRASLADO	UN	17030
Antiguo	GESTIÓN AMBIENTAL	GESTIÓN AMBIENTAL	6087	ACTUALIZACION DE SISTEMA DE GESTION DEL ARBOLADO URBANO UBICADO EN TERRENO. SIGAU POR ARBOL PARA PLANTACION	UN	15756
Antiguo	GESTIÓN AMBIENTAL	GESTIÓN AMBIENTAL	6088	LEVANTAMIENTO DE INVENTARIO FORESTAL. INCLUYE ELABORACION FICHA FORESTAL Y VISITA A TERRENO	FICHA	27367
Antiguo	REDES TELEFONICAS / DATOS	RED TELEFONICA ETB	6089	NIVELACIÓN DE CAJA ETB T-13 H= 0.30M (INCLUYE DEMOLICION, FORMALETA, COMPRESOR, TRANSPORTE, PLACA SUPERIOR EN CONCRETO DE 3000 PSI, ACERO DE REFUERZO, BLOQUE PARA CÁMARA TELEFÓNICA TELECOM RESISTENCIA 3000 PSI, MORTERO, ARO Y TAPA ETB, TRANSPORTE Y DISPOSICION DE ESCOMBROS Y MANO DE OBRA ).	UN	3424421
Antiguo	REDES TELEFONICAS / DATOS	RED TELEFONICA ETB	6090	NIVELACIÓN DE CAJA ETB T-14 H= 0.30M (INCLUYE DEMOLICION, FORMALETA, COMPRESOR, TRANSPORTE, PLACA SUPERIOR EN CONCRETO DE 3000 PSI, ACERO DE REFUERZO, BLOQUE PARA CÁMARA TELEFÓNICA TELECOM RESISTENCIA 3000 PSI, MORTERO, ARO Y TAPA ETB, TRANSPORTE Y DISPOSICION DE ESCOMBROS Y MANO DE OBRA ).	UN	3598561
Antiguo	REDES TELEFONICAS / DATOS	RED TELEFONICA ETB	6091	NIVELACIÓN DE CAJA DOBLE DE PASO ETB H= 0.30M (INCLUYE FORMALETA, JUEGO DE MARCO Y TAPA DOBLE PARA CAJA DE PASO DOBLE GALVANIZADA NORMA ETB, BORDILLO PERIMETRAL EN CONCRETO DE 3000 PSI HECHO EN OBRA 1:2:2 CON ARENA DE RIO Y TRITURADO DE 3/4", ACERO DE REFUERZO DE 3/8" Y 1/2", TRANSPORTE Y DISPOSICION FINAL DE ESCOMBROS .	UN	1713208
Antiguo	REDES ACUEDUCTO	REDES ACUEDUCTO	6092	RELOCALIZACIÓN DE MEDIDOR DE ACUEDUCTO D= 1/2" (INCLUYE 1.0M TUBERÍA GALVANIZADA D= 1/2", SOLDADURA, CINTA DE TEFLON, Y CAJILLA PLASTICA FABRICADA EN POLIPROPILENO DE ALTO IMPACTO CON MATERIAL ORIGINAL, DE MEDIDAS 34CM X50.5CM X 3.5CM DE ALTO, Y CAJILLA DE MEDIDAS 34CM X 50.5CM X 28CM DE ALTO	UN	490996
Antiguo	REDES ACUEDUCTO	REDES ACUEDUCTO	6093	RELOCALIZACIÓN DE MEDIDOR DE ACUEDUCTO D= 1" (INCLUYE 1.0M TUBERÍA GALVANIZADA D= 1", SOLDADURA, CINTA DE TEFLON, Y CAJILLA PLASTICA FABRICADA EN POLIPROPILENO DE ALTO IMPACTO CON MATERIAL ORIGINAL, DE MEDIDAS 34CM X 50.5CM X 3.5CM DE ALTO, Y CAJILLA DE MEDIDAS 34CM X 50.5CM X 28CM DE ALTO.	UN	513408
Antiguo	REDES ACUEDUCTO	REDES ACUEDUCTO	6094	RELOCALIZACIÓN DE MEDIDOR DE ACUEDUCTO D= 3/4" (INCLUYE 1.0M TUBERÍA GALVANIZADA D= 1/2", SOLDADURA, CINTA DE TEFLON, Y CAJILLA PLASTICA FABRICADA EN POLIPROPILENO DE ALTO IMPACTO CON MATERIAL ORIGINAL, DE MEDIDAS 34CM X50.5CM X 3.5CM DE ALTO, Y CAJILLA DE MEDIDAS 34CM X 50.5CM X 28CM DE ALTO.	UN	501493
Antiguo	PAVIMENTOS	PAVIMENTOS ARTICULADOS	6098	ADOQUIN EN CONCRETO A-25 (20X10X6cm)  (Suministro e instalación. Incluye base 4cm mortero 2500 PSI y arena de sello)	M2	150522
Antiguo	ANDENES Y SARDINELES	PISOS EN ADOQUINES Y EN LOSETAS	6100	CENEFA LINEAL EN ADOQUÍN DE CONCRETO (20cm X 10cm X 6cm) COLOR ROJO (SUMINISTRO E INSTALACIÓN. INCLUYE BASE EN ARENA DE NIVELACIÓN e= 4cm Y ARENA DE SELLO).	ML	16525
Antiguo	ANDENES Y SARDINELES	PISOS EN ADOQUINES Y EN LOSETAS	6101	CENEFA LINEAL EN ADOQUÍN DE CONCRETO (20cm X 10cm X 8cm) COLOR ROJO PARA RAMPAS DE ACCESO VEHICULAR A PREDIOS (SUMINISTRO E INSTALACIÓN. INCLUYE BASE EN ARENA DE NIVELACIÓN e= 4cm Y ARENA DE SELLO).	ML	19574
Antiguo	ANDENES Y SARDINELES	PISOS EN ADOQUINES Y EN LOSETAS	6102	CENEFA LINEAL EN LOSETA PREFABRICADA TÁCTIL ALERTA Y GUÍA A55 / A56 ANCHO 0.40m (SUMINISTRO E INSTALACIÓN. INCLUYE BASE EN ARENA DE NIVELACIÓN e= 4cm Y ARENA DE SELLO).	ML	49918
Antiguo	REDES ALCANTARILLADO / DRENAJE	REDES ALCANTARILLADO / DRENAJE	6103	CUNETA DE DRENAJE ANCHO= 0.50m EN CONCRETO PREMEZCLADO DE 3000 PSI FUNDIDO EN SITIO. PROFUNDIDAD VARIABLE (ENTRE 0.10m Y 0.50m). (INCLUYE CONSTRUCCIÓN DE PLACA DE FONDO Y MUROS EN CONCRETO IMPERMEABILIZADO, MEDIACAÑAS Y MORTERO DE NIVELACIÓN, ÁNGULOS METÁLICOS PARA SOPORTE DE REJILLAS PREFABRICADAS).	ML	190731
Antiguo	OBRAS DE ARTE Y EDIFICACIONES	MAMPOSTERIA	6104	MURO EN BLOQUE DE CONCRETO ESTRIADO. CONSTRUCCIÓN. SUMINISTRO E INSTALACIÓN. INCLUYE BLOQUE ESTRUCTURAL (19cm X 19cm X 39cm) MORTERO 1:3 HECHO EN OBRA PARA PEGA, CORTADORA Y DISCO DIAMANTADO. NO INCLUYE ACERO DE REFUERZO, CONCRETO PARA INYECCIÓN DE DOVELAS REFORZADAS NI MANO DE OBRA PARA EL REFORZAMIENTO DE LAS DOVELAS.	M2	129352
Antiguo	REDES ALCANTARILLADO / DRENAJE	REDES ALCANTARILLADO / DRENAJE	6115	TUBERÍA CONCRETO CLASE V D= 24" (INCLUYE MORTERO DE INSTALACIÓN. SUMINISTRO E INSTALACIÓN).	ML	1070021
Antiguo	REDES ALCANTARILLADO / DRENAJE	REDES ALCANTARILLADO / DRENAJE	6116	TUBERÍA CONCRETO CLASE V D= 27" (INCLUYE MORTERO DE INSTALACIÓN. SUMINISTRO E INSTALACIÓN).	ML	1423057
Antiguo	REDES ALCANTARILLADO / DRENAJE	REDES ALCANTARILLADO / DRENAJE	6118	TUBERÍA CONCRETO CLASE V D= 40" (INCLUYE MORTERO DE INSTALACIÓN. SUMINISTRO E INSTALACIÓN).	ML	2752055
Antiguo	CONCRETO Y ACERO PARA ESTRUCTURAS	ESTRUCTURAS EN ACERO	6120	BARANDA METÁLICA M80 (SUMINISTRO E INSTALACIÓN. INCLUYE BASE EN CONCRETO).	ML	416272
Antiguo	REDES ACUEDUCTO	REDES ACUEDUCTO	6121	CRUZ HD 12" X 6" JUNTA HIDRÁULICA (SUMINISTRO E INSTALACIÓN)	UN	2923519
Antiguo	ANÁLISIS AUXILIARES	CUADRILLAS (INCLUYE FACTOR PRESTACIONAL)	6126	CUADRILLA (2 OFICIAL + 2 AYUDANTES)	JR	437250
Antiguo	REDES ELECTRICAS	RED ELÉCTRICA CODENSA	6127	ACOMETIDA A TABLERO 3X2 + 1X4. THW. COBRE	UN	107403
Antiguo	CONCRETO Y ACERO PARA ESTRUCTURAS	CONCRETO PARA ESTRUCTURAS	6135	SUPER ESTRUCTURA EN CONCRETO DE 6000 PSI PREMEZCLADO, GRAVA COMÚN (Incluye Sumin, bombeo, Formaleteo, Colocación y Curado. No incl. Refuerzo).	M3	1321721
Antiguo	MOBILIARIO URBANO - ARBOLES Y GRAMAS	MOBILIARIO URBANO	6136	TUBO EN U SEPARADOR DE CICLORUTA. (SUMINISTRO E INSTALACIÓN. INCLUYE BASE EN CONCRETO DE 3000 PSI HECHO EN OBRA).	UN	314656
Antiguo	DEMOLICIONES	DEMOLICIONES	6141	DEMOLICIÓN CONSTRUCCIONES DE 1 PISO TEJA. INCLUYEN EL CARGUE, TRANSPORTE Y DISPOSICIÓN FINAL DE ESCOMBROS EN SITIO AUTORIZADO (DISTANCIA DE TRANSPORTE 28 KM.). INCLUYE MUROS INTERNOS, EXTERNOS, PLACAS Y CUBIERTAS, ADEMÁS DE LOS ELEMENTOS INTERNOS QUE SE ENCUENTREN EN LOS MISMOS.	M2	52639
Antiguo	DEMOLICIONES	DEMOLICIONES	6142	DEMOLICIÓN CONSTRUCCIONES DE 1 PISO PLACA. INCLUYEN EL CARGUE, TRANSPORTE Y DISPOSICIÓN FINAL DE ESCOMBROS EN SITIO AUTORIZADO (DISTANCIA DE TRANSPORTE 28 KM.). INCLUYE MUROS INTERNOS, EXTERNOS, PLACAS Y CUBIERTAS, ADEMÁS DE LOS ELEMENTOS INTERNOS QUE SE ENCUENTREN EN LOS MISMOS.	M2	56235
Antiguo	DEMOLICIONES	DEMOLICIONES	6143	DEMOLICIÓN CONSTRUCCIONES DE 2 HASTA 3 PISOS. INCLUYEN EL CARGUE, TRANSPORTE Y DISPOSICIÓN FINAL DE ESCOMBROS EN SITIO AUTORIZADO (DISTANCIA DE TRANSPORTE 28 KM.). INCLUYE MUROS INTERNOS, EXTERNOS, PLACAS Y CUBIERTAS, ADEMÁS DE LOS ELEMENTOS INTERNOS QUE SE ENCUENTREN EN LOS MISMOS.	M2	101302
Antiguo	DEMOLICIONES	DEMOLICIONES	6144	DEMOLICIÓN CONSTRUCCIONES DE 4 HASTA 6 PISOS. INCLUYEN EL CARGUE, TRANSPORTE Y DISPOSICIÓN FINAL DE ESCOMBROS EN SITIO AUTORIZADO (DISTANCIA DE TRANSPORTE 28 KM.). INCLUYE MUROS INTERNOS, EXTERNOS, PLACAS Y CUBIERTAS, ADEMÁS DE LOS ELEMENTOS INTERNOS QUE SE ENCUENTREN EN LOS MISMOS.	M2	121143
Antiguo	DEMOLICIONES	DEMOLICIONES	6145	DEMOLICIÓN DE BODEGAS CON DOBLE ALTURA. INCLUYEN EL CARGUE, TRANSPORTE Y DISPOSICIÓN FINAL DE ESCOMBROS EN SITIO AUTORIZADO (DISTANCIA DE TRANSPORTE 28 KM.). INCLUYE MUROS INTERNOS, EXTERNOS, PLACAS Y CUBIERTAS, ADEMÁS DE LOS ELEMENTOS INTERNOS QUE SE ENCUENTREN EN LOS MISMOS.	M2	68177
Antiguo	DEMOLICIONES	DEMOLICIONES	6146	DEMOLICIÓN MEZANINE EN MADERA Y/O PREFABRICADO. INCLUYEN EL CARGUE, TRANSPORTE Y DISPOSICIÓN FINAL DE ESCOMBROS EN SITIO AUTORIZADO (DISTANCIA DE TRANSPORTE 28 KM.). INCLUYE MUROS INTERNOS, EXTERNOS, PLACAS Y CUBIERTAS, ADEMÁS DE LOS ELEMENTOS INTERNOS QUE SE ENCUENTREN EN LOS MISMOS.	M2	47292
Antiguo	ACTIVIDADES CONSERVACIÓN	ACTIVIDADES CONSERVACIÓN	6148	CERRAMIENTO (8 HILERAS DE ALAMBRE DE PÚAS CALIBRE 12.5, CON POSTE DE MADERA ROLLIZA DE 8cm DE DIÁMETRO Y 2.00m DE ALTURA, ENTERRADO COMO MIN. 0.40, CON 2.00m., ENTRE POSTES)	ML	65878
Antiguo	OBRAS DE ARTE Y EDIFICACIONES	MAMPOSTERIA	6149	CERRAMIENTO EN BLOQUE NO.5, DE ALTURA TOTAL DE 1.80 M, CON CIMENTACIÓN CICLÓPEA DE 0.35 M X 0.35 M Y VIGA DE AMARRE DE 0.12 M X 0.15 M Y COLUMNETAS DE 0.20 M X 0.12 M., CADA 3.50 M., ENTRE SÍ. INCLUYE TODOS LOS REFUERZOS EN HIERRO NECESARIOS.	ML	296847
Antiguo	CONCRETO Y ACERO PARA ESTRUCTURAS	ESTRUCTURAS EN ACERO	6150	CERRAMIENTO EN MALLA ESLABONADA CALIBRE 10.5 Y ALAMBRE DE PUAS (3 HILERAS) INCLUYE AMARRES DE ALAMBRE GALVANIZADO SOLDADO A POSTES EN ACERO INOXIDABLE EN TUBO DE 1-1/2", CADA 2 MTS, ANGULO DE REMATE. EXCAVACIÓN DE 0.20 X 0.20 X 0.40 PARA ANCLAJE Y CONCRETO DE 3000 PSI PARA VIGA.	ML	586452
Antiguo	EXCAVACIONES	EXC. CONFORMACIÓN DE SUBRASANTE	6151	EXPLANACIÓN Y EXTENDIDA MECÁNICA.	M3	10805
Antiguo	ACTIVIDADES CONSERVACIÓN	ACTIVIDADES CONSERVACIÓN	6152	LIMPIEZA Y ACOPIO MANUAL DE BASURAS	M2	624
Antiguo	ACTIVIDADES CONSERVACIÓN	ACTIVIDADES CONSERVACIÓN	6153	CORTE Y RETIRO DE CÉSPED (HASTA 40 CM - INCLUYE RETIRO DE DESPERDICIOS). NO INCLUYE TRANSPORTE Y RETIRO DE SOBRANTES.	M2	1374
Antiguo	ACTIVIDADES CONSERVACIÓN	ACTIVIDADES CONSERVACIÓN	6154	MATA MALEZA (UNA APLICACIÓN)	M2	470
Antiguo	ACTIVIDADES CONSERVACIÓN	ACTIVIDADES CONSERVACIÓN	6156	FUMIGACIÓN CONTRA ROEDORES (RATICIDA - UNA APLICACIÓN)	M2	324
Antiguo	ACTIVIDADES CONSERVACIÓN	ACTIVIDADES CONSERVACIÓN	6157	FUMIGACIÓN CONTRA INSECTOS (INSECTICIDAS- INCLUYE LEVANTAMIENTO DE ANIMALES Y BASURAS, DESINFECTACIÓN CONTRA VIRUS, BACTERIAS Y HONGOS)	M2	1018
Antiguo	ACTIVIDADES CONSERVACIÓN	ACTIVIDADES CONSERVACIÓN	6159	DIAGNOSTICO DE ESPACIO PUBLICO Y CICLORRUTA Y PUENTES PEATONALES (VISUAL)	M2	132
Antiguo	REDES ALCANTARILLADO / DRENAJE	REDES ALCANTARILLADO / DRENAJE	6160	INSPECCIÓN DE REDES DE ALCANTARILLADO CON SISTEMAS CCTV PARA DIÁMETROS MAYORES A 36"	ML	15500
Antiguo	REDES ALCANTARILLADO / DRENAJE	REDES ALCANTARILLADO / DRENAJE	6161	INSPECCIÓN DE REDES DE ALCANTARILLADO CON SISTEMAS CCTV PARA DIÁMETROS ENTRE 6" A 36"	ML	14999
Antiguo	ACTIVIDADES CONSERVACIÓN	ACTIVIDADES CONSERVACIÓN	6162	DIAGNOSTICO DE ESPACIO PUBLICO Y CICLORRUTA Y PUENTES PEATONALES (VISUAL). INCLUYE LEVANTAMIENTO TOPOGRÁFICO Y GEORREFERENCIACIÓN DE ELEMENTOS	M2	191
Antiguo	ACTIVIDADES CONSERVACIÓN	ACTIVIDADES CONSERVACIÓN	6163	BACHEO EN PAVIMENTO FLEXIBLE E= 0.14M CON ASFALTO CAUCHO E=0.10M. (INCLUYE DEMOLICIÓN MANUAL Y CARGUE DE PAVIMENTO FLEXIBLE DE E=0.14M, TRANSPORTE Y DISPOSICIÓN FINAL DE ESCOMBROS, EXCAVACIÓN Y REPOSICIÓN BASE GRANULAR CLASE A (BG_A) E=0.20M, BASE ASFÁLTICA MD10 E= 0.04M, BASE ASFÁLTICA CON ASFALTO CAUCHO E=0.10M )	M2	341856
Antiguo	ACTIVIDADES CONSERVACIÓN	ACTIVIDADES CONSERVACIÓN	6164	BACHEO EN PAVIMENTO FLEXIBLE CON ASFALTO CAUCHO E= 0.14M. (INCLUYE DEMOLICIÓN MANUAL Y CARGUE DE PAVIMENTO FLEXIBLE DE E=0.14M, TRANSPORTE Y DISPOSICIÓN FINAL DE ESCOMBROS, EXCAVACIÓN Y REPOSICIÓN BASE GRANULAR CLASE A (BG_A) E=0.20M, BASE ASFÁLTICA CON ASFALTO CAUCHO E=0.14M )	M2	344945
Antiguo	MOBILIARIO URBANO - ARBOLES Y GRAMAS	MOBILIARIO URBANO	6165	RETIRO DE BOLARDO (O RESTOS). INCLUYE REPARACIÓN DEL SITIO CON CONCRETO DE 1500 PSI HECHO EN OBRA (40X40X10CM) Y SUBBASE GRANULAR B-200 E=0.35. INCLUYE RETIRO DE ESCOMBROS. INCLUYE DEMOLICIÓN Y EXCAVACIÓN.	UN	41156
Demanda	ANDENES Y SARDINELES	SARDINELES Y BORDILLOS	6168	MANTENIMIENTO CORRECTIVO, RETIRO Y REINSTALACIÓN DE BORDILLO PREFABRICADO A80 (RETIRO E INSTALACIÓN. INCLUYE MATERIAL DE BASE)	ML	27294
Antiguo	ANÁLISIS AUXILIARES	ELEMENTOS DE OFICINA	6169	ALQUILER DE PUESTO DE TRABAJO - ESCRITORIO 75X120X50CM	UN/MES	11639
Antiguo	ANÁLISIS AUXILIARES	ELEMENTOS DE OFICINA	6170	ALQUILER DE SILLA PARA ESCRITORIO PARA PUESTO DE TRABAJO	UN/MES	10519
Antiguo	ANÁLISIS AUXILIARES	ELEMENTOS DE OFICINA	6172	ALQUILER DE SILLA PLÁSTICA SIN BRAZOS	UN/MES	3039
Antiguo	SEÑALIZACIÓN	SEÑALES DE TRANSITO	6178	ALQUILER SEÑAL VERTICAL GRUPO I (75X75CM) (INCLUYE SUMINISTRO E INSTALACIÓN)	UN/MES	24980
Antiguo	SEÑALIZACIÓN	SEÑALES DE TRANSITO	6179	ALQUILER SEÑAL VERTICAL GRUPO I (60X60CM) (INCLUYE SUMINISTRO E INSTALACIÓN)	UN/MES	19957
Antiguo	SEÑALIZACIÓN	SEÑALES DE TRANSITO	6180	ALQUILER SEÑAL VERTICAL GRUPO I (90X90CM) (INCLUYE SUMINISTRO E INSTALACIÓN)	UN/MES	32515
Antiguo	SEÑALIZACIÓN	SEÑALES DE TRANSITO	6181	ALQUILER DE PALETA PARE-SIGA EN POLIETILENO.	UN/MES	2824
Demanda	ACTIVIDADES CONSERVACIÓN	ACTIVIDADES CONSERVACIÓN	6184	MANTENIMIENTO RUTINARIO DE CALZADA EN PAVIMENTO FLEXIBLE. INCLUYE LIMPIEZA DE SUMIDEROS, POZOS, SELLO DE JUNTAS Y RETIRO MANUAL DE CAPA VEGETAL.	M2	23730
Antiguo	REDES ALCANTARILLADO / DRENAJE	REDES ALCANTARILLADO / DRENAJE	6185	CONO POZO INSPECCIÓN PREFABRICADO D= 1.20M X 0.60M E=0.10M H= 0.75M (INC. SUMINISTRO E INST. NO INC. ARO DE AJUSTE, ARO-TAPA Y TAPA)	UN	959614
Antiguo	SEÑALIZACIÓN	OTROS-SEÑALIZACIÓN	6186	ALQUILER BARRERA RELLENABLE (2.00X0.55X1.00M)	UN/MES	20609
Antiguo	SEÑALIZACIÓN	SEÑALES DE TRANSITO	6187	ALQUILER DE SEÑAL LUMINOSA BIDIRECCIONAL 1.50M X 0.50M (INCLUYE INSTALACIÓN, MANTENIMIENTO Y DESINSTALACIÓN).	UN/MES	246254
Antiguo	SEÑALIZACIÓN	SEÑALES DE TRANSITO	6189	BANDERERO (INCLUYE ALQUILER DE PALETA PARE-SIGA EN POLIETILENO). HORARIO NOCTURNO	H/ME	4489688
Antiguo	GESTION SOCIAL	GESTION SOCIAL	6190	CANALIZACIÓN DE TRÁFICO (INSTALACIÓN, MANTENIMIENTO Y DESINSTALACIÓN DIARIO) CON SEÑALIZADORES TUBULARES COLOMBINA PLÁSTICA Y TRIPLE CINTA DE SEÑALIZACIÓN (INCLUYE ALQUILER DE SEÑALIZADORES TUBULARES). LONGITUD 50 METROS.	UN/DIA	797
Antiguo	PUENTES	PUENTES	6191	PISOS EN METALDECK 2" CALIBRE 16 (1.50MM) PARA PUENTES VEHICULARES. (INCLUYE TRANSPORTE, HERRAMIENTA MENOR, MANO DE OBRA)	M2	140931
Antiguo	PUENTES	PUENTES	6192	PISOS EN METALDECK 2" CALIBRE 18 (1.50MM) PARA PUENTES PEATONALES. (INCLUYE TRANSPORTE, HERRAMIENTA MENOR, MANO DE OBRA)	M2	123158
Antiguo	CONCRETO Y ACERO PARA ESTRUCTURAS	CONCRETO PARA ESTRUCTURAS	6193	BARANDAS EN CONCRETO 3000 PSI GRAVA FINA (PREMEZCLADO. INCLUYE SUMIN., FORMALETEO Y COLOCACIÓN. NO INCL. REFUERZO, CURADO).	M3	871744
Antiguo	PUENTES	PUENTES PEATONALES	6194	BARANDA METÁLICA PARA PUENTE PEATONAL (INCLUYE DADOS DE CONCRETO 3000 PSI GRAVA COMÚN DE 0.20M X 0.20M, RECUBRIMIENTO EN BARRERA EPÓXICA Y ESMALTE URETANO GRIS. INCLUYE TUBO DE CERRAMIENTO NEGRO DE Ø 2" Y Ø 1/2" - 1.9MM, PLATINA METÁLICA). SUMINISTRO E INSTALACIÓN.	ML	676117
Antiguo	CONCRETO Y ACERO PARA ESTRUCTURAS	CONCRETO PARA ESTRUCTURAS	6198	PILOTE D=25 CM CONCRETO TREMIE DE 3000 PSI. (INCLUYE EXCAVACIÓN, TRANSPORTE Y DISPOSICIÓN FINAL DE ESCOMBROS EN SITIO AUTORIZADO A 21 KM, CARGUE Y RETIRO DE SOBRANTES, MOVILIZACIÓN, MONTAJE Y DESMONTAJE DE EQUIPO ENTRE PERFORACIONES DENTRO DE LA OBRA. SUMINISTRO Y COLOCACIÓN DEL CONCRETO CON BOMBA	ML	278092
Antiguo	CONCRETO Y ACERO PARA ESTRUCTURAS	CONCRETO PARA ESTRUCTURAS	6200	COLUMNA EN CONCRETO DE 3500 PSI, (24 MPa) PREMEZCLADO, GRAVA COMÚN (Incluye suministro, Bombeo, formaleteo en madera, colocación y curado, No incluye refuerzo).	M3	1071257
Antiguo	CONCRETO Y ACERO PARA ESTRUCTURAS	CONCRETO PARA ESTRUCTURAS	6201	MURO ESTRUCTURAL EN CONCRETO 3500 PSI PREMEZCLADO, GRAVA COMÚN. (Incluye suministro, formaleteo, bombeo, colocación y curado. No incl. Refuerzo).	M3	1204001
Antiguo	OBRAS DE ARTE Y EDIFICACIONES	ACABADOS	6202	ENCHAPE PARA COLUMNAS Y VIGAS EN BLOQUE DE CONCRETO ESTRIADO. MORTERO 1:3 HECHO EN OBRA PARA PEGA, CORTADORA Y DISCO DIAMANTADO (INCLUYE SUMINISTRO E INSTALACIÓN).	ML	37357
Antiguo	ACTIVIDADES CONSERVACIÓN	ACTIVIDADES CONSERVACIÓN	6203	HIDROPROTECCIÓN Y LAVADO (INCLUYE ALQUILER DE HIDROLAVADORA 1300W. INCLUYE HIDROSELLANTE, ELEMENTOS DE ASEO (DETERGENTE INDUSTRIAL). TRANSPORTE, AGUA, COMBUSTIBLE Y MANO DE OBRA).	M2	31746
Antiguo	ACTIVIDADES CONSERVACIÓN	ACTIVIDADES CONSERVACIÓN	6204	SELLO DE JUNTAS CON ICOPOR Y SIKAFLEX 1A SELLADO DE JUNTAS (300CC) (INCLUYE SUMINISTRO E INSTALACIÓN)	ML	32578
Antiguo	OBRAS DE ARTE Y EDIFICACIONES	ACABADOS	6206	CANAL Y FLANCHE EN LAMINA GALVANIZADA. (INCLUYE SUMINISTRO E INSTALACIÓN)	ML	145900
Antiguo	OBRAS DE ARTE Y EDIFICACIONES	MAMPOSTERIA	6207	MURO EN DIAGONALES EN BLOQUE DE CONCRETO ESTRIADO DIAGONAL. CONSTRUCCIÓN. SUMINISTRO E INSTALACIÓN. INCLUYE BLOQUE ESTRUCTURAL (19CM X 19CM X 39CM) MORTERO 1:3 HECHO EN OBRA PARA PEGA, CORTADORA Y DISCO DIAMANTADO. NO INCLUYE ACERO DE REFUERZO, CONCRETO PARA INYECCIÓN DE DOVELAS REFORZADAS NI MANO DE OBRA PARA EL REFORZAMIENTO DE LAS DOVELAS.	M2	183307
Antiguo	ANÁLISIS AUXILIARES	CARPINTERÍA METÁLICA	6212	CANALETA PORTACABLES DE 20CM PVC CON ADHESIVO. INCLUYE UNIÓN PROPORCIONAL CADA 2M. SUMINISTRO E INSTALACIÓN	ML	16873
Antiguo	ACTIVIDADES CONSERVACIÓN	ACTIVIDADES CONSERVACIÓN	6213	CANALETA PORTACABLES DE 32CM PVC CON ADHESIVO. INCLUYE UNIÓN PROPORCIONAL CADA 2M. SUMINISTRO E INSTALACIÓN	ML	21521
Antiguo	REDES ELECTRICAS	RED ELÉCTRICA CODENSA	6214	3 DUCTOS D= 2" PVC PESADO DB (NO INCLUYE RELLENOS). SUMINISTRO E INSTALACIÓN.	ML	46145
Antiguo	REDES ELECTRICAS	RED ELÉCTRICA CODENSA	6215	2 DUCTOS D= 1 1/4" CONDUIT PVC (NO INCLUYE RELLENOS). SUMINISTRO E INSTALACIÓN.	ML	21531
Antiguo	EXCAVACIONES	EXC. CONFORMACIÓN DE SUBRASANTE	6216	ADECUACIÓN DE TERRENO (MOVIMIENTO DE TIERRA Y OBRAS DE ADECUACIÓN PARA ACCESO A MAQUINARIA)	M3	76247
Antiguo	EXCAVACIONES	EXC. CONFORMACIÓN DE SUBRASANTE	6217	BOLSA DE LONA CON SUELO-CEMENTO (CONFINAMIENTO DE TALUDES. PROPORCIÓN 1:0:2.SUMINISTRO, MEZCLADO, LLENADO Y COLOCACIÓN.	UN	27520
Antiguo	EXCAVACIONES	EXC. CONFORMACIÓN DE SUBRASANTE	6218	BOLSA DE LONA CON SUELO-CEMENTO (CONFINAMIENTO DE TALUDES. PROPORCIÓN 1:0:4.SUMINISTRO, MEZCLADO, LLENADO Y COLOCACIÓN.	UN	30780
Antiguo	MOBILIARIO URBANO - ARBOLES Y GRAMAS	SIEMBRA DE ARBOLES Y GRAMA	6219	TRATAMIENTO SILVICULTURAL PODA DE RAÍCES (INCLUYE EXCAVACIÓN MANUAL, CORTE, CICATRIZACIÓN Y DISPOSICIÓN FINAL DE ESCOMBROS A 28 KILÓMETROS)	UN	903520
Antiguo	PUENTES	PUENTES PEATONALES	6221	PISO PRETENSADO E= 70 MM PARA ESTACIONES Y PUENTES TIPO TRANSMILENIO. SUMINISTRO E INSTALACIÓN.	M2	554886
Antiguo	PUENTES	PUENTES	6224	DEMOLICIÓN RECUBRIMIENTO ESTRUCTURAL DE ZONAS CON DESCASCARAMIENTO, HASTA DESCUBRIR EL REFUERZO EXISTENTE VERIFICANDO PH EN CONCRETO. INCLUYE TODOS LOS COSTOS DE SUMINISTRO DE MATERIALES, EQUIPOS, CARGUE Y TRANSPORTE DE MATERIALES SOBRANTES A BOTADERO AUTORIZADO Y MANO DE OBRA.	M2	14744
Antiguo	DEMOLICIONES	DEMOLICIONES	6225	DEMOLICIÓN DE CONCRETO REFORZADO DE BARRERA LATERAL DE SECCIÓN 0.18M. INCLUYE TODOS LOS COSTOS DE SUMINISTRO DE MATERIALES, EQUIPOS (HERRAMIENTA MENOR, CORTADORA,COMPRESOR, PROVISIONAL DE ENERGÍA), TRANSPORTE, MANEJO, ALMACENAMIENTO, DESPERDICIOS, CARGUE Y TRANSPORTE DE MATERIALES SOBRANTES A ESCOMBRERA AUTORIZADA Y MANO DE OBRA.	ML	24541
Antiguo	DEMOLICIONES	DEMOLICIONES	6226	DEMOLICIÓN PAVIMENTO ASFÁLTICO DE ESPESOR 10 CM. INCLUYE TODOS LOS COSTOS DE SUMINISTRO DE EQUIPOS (HERRAMIENTA MENOR, MARTILLO NEUMÁTICO, COMPRESOR, PROVISIONAL DE ENERGÍA), TRANSPORTE, MANEJO, ALMACENAMIENTO, DESPERDICIOS, CARGUE Y TRANSPORTE DE MATERIALES SOBRANTES A ESCOMBRERA AUTORIZADA Y MANO DE OBRA.	M2	12594
Antiguo	DEMOLICIONES	DEMOLICIONES	6227	DEMOLICIÓN DE CONCRETO REFORZADO DE TABLERO. INCLUYE DEMOLICIÓN DEL CONCRETO EXISTENTE EMPLEANDO MARTILLOS NEUMÁTICOS O HIDRÁULICOS, RETIRO Y MANEJO DE ESCOMBROS, SUMINISTRO DE EQUIPOS, PERSONAL, TRANSPORTE, ENERGÍA Y MANO DE OBRA.	M3	80037
Antiguo	DEMOLICIONES	DEMOLICIONES	6228	DEMOLICIÓN DE CONCRETO REFORZADO DE TABLERO, CAJUELA DOBLE 0.08M X 0.20M. INCLUYE EL RETIRO DE ÁNGULOS METÁLICOS DE JUNTAS EXISTENTES, LA DEMOLICIÓN DEL CONCRETO EXISTENTE Y EL RETIRO DE ESCOMBROS Y TODOS LOS COSTOS DE SUMINISTRO DE MATERIALES, EQUIPOS, TRANSPORTES, MANEJO, ALMACENAMIENTO, DESPERDICIOS, CARGUE Y TRANSPORTE DE MATERIALES SOBRANTES A ESCOMBRERAS AUTORIZADAS Y MANO DE OBRA.	M3	82997
Antiguo	DEMOLICIONES	DEMOLICIONES	6229	DEMOLICIÓN RECUBRIMIENTO COLUMNAS PARA ADICIÓN DE REFUERZO, HASTA DESCUBRIR EL REFUERZO EXISTENTE VERIFICANDO PH EN CONCRETO. INCLUYE TODOS LOS COSTOS DE SUMINISTRO DE MATERIALES (COLORANTE INDICADOR DE PH), EQUIPOS (HERRAMIENTA MENOR, MARTILLO DEMOLEDOR DE BAJO IMPACTO 1.5 WATTS, COMPRESOR, PROVISIONAL DE ENERGÍA), CARGUE Y TRANSPORTE DE MATERIALES SOBRANTES A BOTADERO AUTORIZADO Y MANO DE OBRA.	M2	12675
Antiguo	DEMOLICIONES	DEMOLICIONES	6230	DEMOLICIÓN RECUBRIMIENTO VIGAS CABEZAL PARA SANEADO DE REFUERZO, HASTA DESCUBRIR EL REFUERZO EXISTENTE VERIFICANDO PH EN CONCRETO. INCLUYE TODOS LOS COSTOS DE SUMINISTRO DE MATERIALES (COLORANTE INDICADOR DE PH), EQUIPOS (HERRAMIENTA MENOR, ANDAMIOS, MARTILLO DEMOLEDOR DE BAJO IMPACTO 1.5 WATTS, COMPRESOR, PROVISIONAL DE ENERGÍA), CARGUE Y TRANSPORTE DE MATERIALES SOBRANTES A BOTADERO AUTORIZADO Y MANO DE OBRA.	M2	10378
Antiguo	DEMOLICIONES	DEMOLICIONES	6231	DEMOLICIÓN RECUBRIMIENTO DE ÁREAS DE TRABAJO AFECTADAS POR DEGRADACIÓN DEL CONCRETO, HASTA DESCUBRIR EL REFUERZO EXISTENTE VERIFICANDO PH EN CONCRETO. INCLUYE TODOS LOS COSTOS DE SUMINISTRO DE MATERIALES (COLORANTE INDICADOR DE PH), EQUIPOS (HERRAMIENTA MENOR, ANDAMIOS, MARTILLO DEMOLEDOR DE BAJO IMPACTO 1.5 WATTS, COMPRESOR, PROVISIONAL DE ENERGÍA), CARGUE Y TRANSPORTE DE MATERIALES SOBRANTES A BOTADERO AUTORIZADO Y MANO DE OBRA.	M2	14174
Antiguo	DEMOLICIONES	DEMOLICIONES	6232	DEMOLICIÓN POR TRAMOS ALTERNANDO COSTADOS IZQUIERDOS Y DERECHOS Y GARANTIZANDO EL SERVICIO DEL PUENTE A LOS PEATONES DE PLACA REFORZADA E= 1.10M DE TABLERO DE PUENTE CONSTRUIDA SOBRE METALDECK, INCLUYE TRASIEGO DE ESCOMBROS (DESDE PUENTE Y DESCENSO POR RAMPAS HASTA ANDEN), CARGUE MANUAL Y RETIRO HASTA BOTADERO AUTORIZADO. INCLUYE DESMONTE Y RETIRO DE LOSA EXISTENTE Y CONECTORES DE CORTANTE.	M3	122482
Antiguo	DEMOLICIONES	DEMOLICIONES	6233	DEMOLICIÓN DE CONCRETO DE RECUBRIMIENTO DE ZAPATAS PARA ADICIÓN DE REFUERZO. INCLUYE LA DEMOLICIÓN DE CONCRETO EXISTENTE EMPLEANDO MARTILLOS NEUMÁTICOS O HIDRÁULICOS, RETIRO Y MANEJO DE ESCOMBROS, SUMINISTRO DE MATERIALES, EQUIPO, PERSONAL, ENERGÍA Y MANO DE OBRA.	M3	142313
Antiguo	DEMOLICIONES	DEMOLICIONES	6234	DEMOLICIÓN DE TOPES SISMICOS TRANSVERSALES EN LOS ESTRIBOS, HASTA DESCUBRIR EN SU TOTALIDAD Y SEGÚN LO ESPECIFICADO, EL REFUERZO EXISTENTE VERIFICANDO EL PH EN CONCRETO. INCLUYE TODOS LOS COSTOS DE SUMINISTRO DE MATERIALES (COLORANTE INDICADOR DE PH), EQUIPOS (HERRAMIENTA MENOR, ANDAMIOS, MARTILLO DEMOLEDOR DE BAJO IMPACTO DE 1.5 WATTS, COMPRESOR, PROVISIONAL DE ENERGÍA), CARGUE Y TRANSPORTE DE MATERIALES SOBRANTES A BOTADERO AUTORIZADO Y MANO DE OBRA.	M3	116535
Antiguo	DEMOLICIONES	DEMOLICIONES	6235	DEMOLICIÓN DE MUROS EN MAMPOSTERÍA EN CONCRETO EN SU TOTALIDAD PARA INTERVENCIÓN DE LOS TRABAJOS EN TOPES SÍSMICOS. INCLUYE TODOS LOS COSTOS DE SUMINISTRO DE MATERIALES (COLORANTE INDICADOR DE PH), EQUIPOS (HERRAMIENTA MENOR, ANDAMIOS, MARTILLO DEMOLEDOR DE BAJO IMPACTO DE 1.5 WATTS, COMPRESOR, PROVISIONAL DE ENERGÍA), CARGUE Y TRANSPORTE DE MATERIALES SOBRANTES A BOTADERO AUTORIZADO Y MANO DE OBRA.	M2	17104
Antiguo	DEMOLICIONES	DEMOLICIONES	6236	REGATAS PARA DESCUBRIR EL ACERO PERIMETRALMENTE DE 10 CM DE PROFUNDIDAD Y 10 CM DE ANCHO VERIFICANDO PH EN CONCRETO Y LIMPIEZA SUPERFICIAL DE ACERO DE REFUERZO. ACTIVIDAD ADICIONAL A LA ACTIVIDAD DE DEMOLICIÓN DE RECUBRIMIENTO. INCLUYE TODOS LOS COSTOS DE SUMINISTRO DE MATERIALES (COLORANTE INDICADOR DE PH), EQUIPOS (HERRAMIENTA MENOR, ANDAMIOS, LIMPIEZA AIRE A PRESIÓN, GRATA), CARGUE Y TRANSPORTE DE MATERIALES SOBRANTES A BOTADERO AUTORIZADO Y MANO DE OBRA.	ML	34603
Antiguo	DEMOLICIONES	DEMOLICIONES	6237	REGATAS PARA DESCUBRIR EL ACERO PERIMETRALMENTE DE 5 CM DE PROFUNDIDAD Y 10 CM DE ANCHO APROX. VERIFICANDO PH EN CONCRETO Y LIMPIEZA SUPERFICIAL DE ACERO DE REFUERZO. ACTIVIDAD ADICIONAL A LA ACTIVIDAD DE DEMOLICIÓN DE RECUBRIMIENTO. INCLUYE TODOS LOS COSTOS DE SUMINISTRO DE MATERIALES (COLORANTE INDICADOR DE PH), EQUIPOS (HERRAMIENTA MENOR, ANDAMIOS, PROVISIONAL DE ENERGÍA, LIMPIEZA AIRE A PRESIÓN, GRATA), CARGUE Y TRANSPORTE DE MATERIALES SOBRANTES A BOTADERO AUTORIZADO Y MANO DE OBRA.	ML	34399
Antiguo	DEMOLICIONES	DEMOLICIONES	6238	REGATAS PARA LA COLOCACIÓN DE REFUERZO ADICIONAL EN EL TABLERO 10 CM DE PROFUNDIDAD Y 10 CM DE ANCHO.	ML	10068
Antiguo	CONCRETO Y ACERO PARA ESTRUCTURAS	CONCRETO Y ACERO PARA ESTRUCTURAS	6239	REVESTIMIENTO DE COLUMNAS EN CONCRETO DE 3500 PSI, EN ZONAS DE ADICIÓN DE REFUERZO. INCLUYE TODOS LOS COSTOS DE SUMINISTRO DE MATERIALES (RECUBRIMIENTO ANTICORROSIVO EN DOS MANOS), EQUIPOS (HERRAMIENTA MENOR, ANDAMIOS, LIMPIEZA AIRE A PRESIÓN), TRANSPORTES, MANEJO, ALMACENAMIENTO, DESPERDICIOS, CARGUE Y TRANSPORTE DE MATERIALES SOBRANTES A BOTADERO AUTORIZADO Y MANO DE OBRA.	M2	100218
Antiguo	PAVIMENTOS	PAVIMENTOS EN CONCRETO HIDRAULICO	6246	IMPRIMANTE Y PUENTE DE ADHERENCIA ENTRE CONCRETO FRESCO Y ENDURECIDO DE FRAGUADO LENTO. EPÓXICO DE PEGA CONCRETO NUEVO A VIEJO QUE CUMPLA CON LA NORMA ASTM C - 881 TIPO 5 GRADO II, Y LA COLOCACIÓN EN EL SITIO ESPECIFICADO EN LOS DISEÑOS. INCLUYE TODOS LOS COSTOS DE SUMINISTRO DE MATERIALES, EQUIPOS, TRANSPORTES, MANEJO, ALMACENAMIENTO, MANEJO DE DESPERDICIOS Y MANO DE OBRA.	M2	313197
Antiguo	CONCRETO Y ACERO PARA ESTRUCTURAS	ESTRUCTURAS EN ACERO	6247	ANCLAJE EPÓXICO DE VARILLA DE 1/2" SUMINISTRO E INSTALACIÓN EN ALTURA. (incluye la detección de refuerzo para perforacion, la perforacion, limpieza de la perforacion con chorro de aire, suministro de materiales (relleno epoxico ET o equivalente, brocas), equipos, transportes, manejo, almacenamiento, manejo de desperdicios, mano de obra y andamio tubular)	CM.PER	2479
Antiguo	CONCRETO Y ACERO PARA ESTRUCTURAS	ESTRUCTURAS EN ACERO	6249	ANCLAJE EPÓXICO DE VARILLA DE 3/8" SUMINISTRO E INSTALACIÓN EN ALTURA. (incluye la deteccion de refuerzo para perforacion, la perforacion, limpieza de la perforacion con chorro de aire, suministro de materiales (relleno epoxico ETo equivalente, brocas), equipos, transportes, manejo, almacenamiento, manejo de desperdicios, mano de obra y andamio tubular)	CM.PER	2320
Antiguo	CONCRETO Y ACERO PARA ESTRUCTURAS	ESTRUCTURAS EN ACERO	6250	ANCLAJE EPÓXICO DE VARILLA DE 5/8" SUMINISTRO E INSTALACIÓN EN ALTURA. (incluye la deteccion de refuerzo para perforacion, la perforacion, limpieza de la perforacion con chorro de aire, suministro de materiales (relleno epoxico ETo equivalente, brocas), equipos, transportes, manejo, almacenamiento, manejo de desperdicios, mano de obra y andamio tubular)	CM.PER	2737
Antiguo	CONCRETO Y ACERO PARA ESTRUCTURAS	ESTRUCTURAS EN ACERO	6251	ANCLAJE EPÓXICO DE VARILLA DE 7/8" SUMINISTRO E INSTALACIÓN EN ALTURA. (incluye la deteccion de refuerzo para perforacion, la perforacion, limpieza de la perforacion con chorro de aire, suministro de materiales (relleno epoxico ETo equivalente, brocas), equipos, transportes, manejo, almacenamiento, manejo de desperdicios, mano de obra y andamio tubular)	CM.PER	3352
Antiguo	CONCRETO Y ACERO PARA ESTRUCTURAS	PINTURA PARA ESTRUCTURAS	6262	PINTURA ACRÍLICA, MONOCOMPONENTE, IMPERMEABLE, ELÁSTICO, DE ALTA RESISTENCIA A LA CARBONATACIÓN, LAVABLE, CONSUMO DE 0,32 GL/M2, PARA UN ESPESOR DE PELÍCULA SECA DE 12 MILS. INCLUYE TODOS LOS COSTOS DE SUMINISTRO DE MATERIALES, EQUIPOS (COMPRESOR, PISTOLA, RODILLO, ANDAMIOS, PROVISIONAL DE ENERGÍA), TRANSPORTES, MANEJO, ALMACENAMIENTO, DESPERDICIOS Y MANO DE OBRA.	M2	51519
Antiguo	CONCRETO Y ACERO PARA ESTRUCTURAS	PINTURA PARA ESTRUCTURAS	6263	SUMINISTRO Y APLICACIÓN MEDIANTE IMPREGNACIÓN ACUOSA DE INHIBIDOR DE CORROSIÓN. INCLUYE TODOS LOS COSTOS DE SUMINISTRO DE MATERIALES, EQUIPOS (COMPRESOR, PISTOLA, RODILLO, ANDAMIOS, PROVISIONAL DE ENERGÍA), TRANSPORTES, MANEJO, ALMACENAMIENTO, DESPERDICIOS Y MANO DE OBRA.	M2	12522
Antiguo	CONCRETO Y ACERO PARA ESTRUCTURAS	ESTRUCTURAS EN ACERO	6264	MÉNSULAS METÁLICAS EN ACERO A-36 CALIBRE DE 1/2" SEGÚN PLANOS DE DISEÑO. SUMINISTRO, FABRICACIÓN E INSTALACIÓN. INCLUYE SUMINISTRO DE MATERIALES, EQUIPOS, TRANSPORTES, MANEJO, ALMACENAMIENTO, DESPERDICIOS Y MANO DE OBRA.	UN	12465
Antiguo	CONCRETO Y ACERO PARA ESTRUCTURAS	PINTURA PARA ESTRUCTURAS	6265	ESMALTE TIPO POLIURETANO EN DOS COMPONENTES. COMPONENTE A: ESMALTE POLIESTÉRICO CON PIGMENTOS DE ALTA RESISTENCIA A AGENTES FÍSICOS Y QUÍMICOS Y COMPONENTE B: UN CATALIZADOR OSOCIANATO TIPO PINTUCO REF. 113XX O SIMILAR EN ESPESOR DE 2 MILS. PARA LAS BARANDAS. SUMINISTRO, TRANSPORTE, ALMACENAMIENTO, PREPARACIÓN Y APLICACIÓN. INCLUYE LIMPIEZA MANUAL PREVIA DE SUPERFICIE A PINTAR	M2	20620
Antiguo	CONCRETO Y ACERO PARA ESTRUCTURAS	PINTURA PARA ESTRUCTURAS	6266	PREPARACIÓN Y APLICACIÓN DE RECUBRIMIENTO INHIBIDOR DE CORROSIÓN EN DOS COMPONENTES PARA LAS SUPERFICIE DE ACERO QUE CONFORMAN LA ESTRUCTURA DEL PUENTE, EN ESPESOR DE 3 MILS Y DE ESMALTE TIPO POLIURETANO EN DOS COMPONENTES. COMPONENTE A: ESMALTE POLIESTÉRICO CON PIGMENTOS DE ALTA RESISTENCIA A AGENTES FÍSICOS Y QUÍMICOS Y COMPONENTE B: UN CATALIZADOR OSOCIANATO EN ESPESOR DE 2 MILS. INCLUYE LIMPIEZA MANUAL PREVIA DE SUPERFICIE A PINTAR. SUMINISTRO, TRANSPORTE, ALMACENAMIENTO.	M2	27456
Antiguo	ANDENES Y SARDINELES	PISOS EN ADOQUINES Y EN LOSETAS	6269	LEVANTAMIENTO Y REUTILIZACIÓN DE ADOQUÍN. INCLUYE TODOS LOS COSTOS DE SUMINISTRO DE LEVANTAMIENTO DE LADRILLO EXISTENTE, TRANSPORTE, BODEGAJE Y REINSTALACIÓN UNA VEZ CULMINADAS LAS LABORES DE REFORZAMIENTO DE COLUMNAS Y ZAPATAS, MATERIALES (REUTILIZACIÓN DE LADRILLO EXISTENTE, CAMA DE MORTERO SIMPLE 1:4 E=5CM HECHO EN OBRA, EMBOQUILLADO, ETC.), EQUIPOS (HERRAMIENTA MENOR), MANO DE OBRA Y TRANSPORTE.	M2	74813
Antiguo	CONCRETO Y ACERO PARA ESTRUCTURAS	ESTRUCTURAS EN ACERO	6273	CABLE DE REFORZAMIENTO EXTERNO DE 5/8" TENSIONADO 46,5 TON. TENSIONAMIENTO, MANO DE OBRA, EQUIPOS EN GENERAL.	TON-M	3940
Antiguo	PUENTES	PUENTES PEATONALES	6275	REPARACIÓN DE SOLDADURAS JUNTAS A FILETE, CON REMOCIÓN DE PINTURA EXISTENTE, REMOCIÓN DEL DEFECTO MEDIANTE DISCO DE CORTE DE 1/8" PARA GENERAR BISEL Y LUEGO DISCO DE PULIDO DE 1/4" PARA MEJORAR INCLINACIÓN DE CARAS Y FACILITAR PROCESO DE COLOCACIÓN DE MATERIAL DE APORTE. INCLUYE: GATEO MEDIANTE TUBERÍA Y GATOS HIDRÁULICO DE 100 TON EN 2 PUNTOS PARA SOPORTE DE TRAMOS A REPARAR; REMOCIÓN DE PINTURA, APLICACIÓN DE CORDÓN DE SOLDADURA 7018 X1/8" CON ADECUADA PENETRACIÓN; APLICACIÓN DE CORDÓN DE PRESENTACIÓN EN 5/32", APLICACIÓN DE ANTICORROSIVO A BASE DE CROMATO DE ZINC Y ESMALTE EN 5 MILS; EQUIPO, ANDAMIO, MATERIALES, HERRAMIENTA Y MANO DE OBRA.	ML	160730
Antiguo	PUENTES	PUENTES PEATONALES	6276	REPARACIÓN DE SOLDADURAS JUNTAS A TOPE, CON REMOCIÓN DE PINTURA EXISTENTE, REMOCIÓN DEL DEFECTO MEDIANTE DISCO DE CORTE DE 1/8" PARA GENERAR BISEL Y LUEGO DISCO DE PULIDO PARA AMPLIAR EL TAMAÑO DEL MISMO. INCLUYE: GATEO MEDIANTE TUBERÍA Y GATOS HIDRÁULICO DE 100 TON EN 2 PUNTOS PARA SOPORTE DE TRAMOS A REPARAR; REMOCIÓN DE PINTURA, APLICACIÓN DE CORDÓN DE SOLDADURA (PASE A RAÍZ) CON ELECTRODO E-6010 DE 1/8", Y APLICACIÓN DE PASES SUCESIVOS NECESARIOS CON ELECTRO E-7018 DE 1/8" Y 5/32" PARA LLENAR EL BISEL GENERADO HASTA UN MÁXIMO DE 12 MM; APLICACIÓN DE ANTICORROSIVO A BASE DE CROMATO DE ZINC Y ESMALTE EN 5 MILS; EQUIPO, ANDAMIO, MATERIALES, HERRAMIENTA Y MANO DE OBRA.	ML	169840
Antiguo	PUENTES	PUENTES PEATONALES	6278	MORTERO MODIFICADO CON RESINA ACRÍLICA DE DOS COMPONENTES PARA REPARACIONES ESTRUCTURALES. RESTITUCIÓN DE VOLUMEN REGATAS, EN TABLERO. INCLUYE TODOS LOS COSTOS DE SUMINISTRO DE MATERIALES, EQUIPOS (HERRAMIENTA MENOR, ANDAMIOS, LIMPIEZA AIRE A PRESIÓN), TRANSPORTES, MANEJO, ALMACENAMIENTO, DESPERDICIOS, CARGUE Y TRANSPORTE DE MATERIALES SOBRANTES A BOTADERO AUTORIZADO Y MANO DE OBRA.	ML	60124
Antiguo	PUENTES	PUENTES PEATONALES	6279	RESTITUCIÓN DE VOLUMEN REGATAS, EN ZONAS DE SANEADO DE REFUERZO CON MORTERO MODIFICADO CON RESINA ACRÍLICA DE DOS COMPONENTES PARA REPARACIONES ESTRUCTURALES. INCLUYE TODOS LOS COSTOS DE SUMINISTRO DE MATERIALES, EQUIPOS, HERRAMIENTA MENOR, ANDAMIOS, LIMPIEZA AIRE A PRESIÓN, TRANSPORTES, MANEJO, ALMACENAMIENTO, DESPERDICIOS, CARGUE Y TRANSPORTE DE MATERIALES SOBRANTES A BOTADERO AUTORIZADO Y MANO DE OBRA.	ML	56319
Antiguo	PUENTES	PUENTES PEATONALES	6280	CONSTRUCCIÓN EN TRAMOS DE PLACA DE PISO DE PUENTE E=0,10M CONCRETO FC=21,1 MPA, CONFORMADA CON METALDECK 2", CAL 20. INCLUYE SELLO ELASTOMÉRICO DE JUNTAS ENTRE LÁMINAS, ADHESIVO ESPECIAL PARA EL PEGADO PLÁSTICO DE METALES MONOCOMPONENTE Y LIBRE DE SOLVENTES. INCLUYE INSTALACIÓN DE CONECTORES DE CORTANTE EN ÁNGULO DE 2-1/2"X3/16" H=9CM, EN CADA VALLE Y SELLO ENTRE LÁMINAS.	M2	218684
Antiguo	PUENTES	PUENTES PEATONALES	6281	RESTITUCIÓN RECUBRIMIENTO DE TABLERO O VIGAS CABEZAL, EN ZONAS DE SANEADO DE REFUERZO O DONDE EXISTA PÉRDIDA DE RECUBRIMIENTO, CON MORTERO MODIFICADO CON RESINA ACRÍLICA DE DOS COMPONENTES PARA REPARACIONES ESTRUCTURALES. INCLUYE TODOS LOS COSTOS DE SUMINISTRO DE MATERIALES, EQUIPOS, HERRAMIENTA MENOR, ANDAMIOS, LIMPIEZA AIRE A PRESIÓN, TRANSPORTES, MANEJO, ALMACENAMIENTO, DESPERDICIOS, CARGUE Y TRANSPORTE DE MATERIALES SOBRANTES A BOTADERO AUTORIZADO Y MANO DE OBRA.	M2	60857
Antiguo	PUENTES	PUENTES PEATONALES	6282	RESTITUCIÓN RECUBRIMIENTO COLUMNAS, EN ZONAS DE ADICIÓN DE REFUERZO CON MORTERO MODIFICADO CON RESINA ACRÍLICA DE DOS COMPONENTES PARA REPARACIONES ESTRUCTURALES. INCLUYE TODOS LOS COSTOS DE SUMINISTRO DE MATERIALES, EQUIPOS, HERRAMIENTA MENOR, ANDAMIOS, LIMPIEZA AIRE A PRESIÓN, TRANSPORTES, MANEJO, ALMACENAMIENTO, DESPERDICIOS, CARGUE Y TRANSPORTE DE MATERIALES SOBRANTES A BOTADERO AUTORIZADO Y MANO DE OBRA.	M2	80047
Antiguo	PUENTES	PUENTES PEATONALES	6283	RESTITUCIÓN RECUBRIMIENTO EN ZONAS DE DESCASCARAMIENTOS O FISURAMIENTOS SUPERFICIALES EN BORDILLOS O SEPARADORES CON SANEADO DE REFUERZO DONDE EXISTA PÉRDIDA DE RECUBRIMIENTO. INCLUYE TODOS LOS COSTOS DE SUMINISTRO DE MATERIALES, EQUIPOS, TRANSPORTES, MANEJO, ALMACENAMIENTO, DESPERDICIOS, CARGUE Y TRANSPORTE DE MATERIALES SOBRANTES A BOTADERO AUTORIZADO Y MANO DE OBRA.	M2	152911
Antiguo	PUENTES	PUENTES PEATONALES	6284	RESTITUCIÓN RECUBRIMIENTO VIGAS CABEZAL, EN ZONAS DE SANEADO DE REFUERZO O DONDE EXISTA PÉRDIDA DE RECUBRIMIENTO CON MORTERO MODIFICADO CON RESINA ACRÍLICA DE DOS COMPONENTES PARA REPARACIONES ESTRUCTURALES. INCLUYE TODOS LOS COSTOS DE SUMINISTRO DE MATERIALES, EQUIPOS HERRAMIENTA MENOR, ANDAMIOS, LIMPIEZA AIRE A PRESIÓN, TRANSPORTES, MANEJO, ALMACENAMIENTO, DESPERDICIOS, CARGUE Y TRANSPORTE DE MATERIALES SOBRANTES A BOTADERO AUTORIZADO Y MANO DE OBRA.	M2	61159
Antiguo	PUENTES	PUENTES PEATONALES	6285	RESTITUCIÓN CONCRETO DE TOPES SÍSMICOS CON MORTERO MODIFICADO CON RESINA ACRÍLICA DE DOS COMPONENTES PARA REPARACIONES ESTRUCTURALES. INCLUYE TODOS LOS COSTOS DE SUMINISTRO DE MATERIALES, EQUIPOS, HERRAMIENTA MENOR, ANDAMIOS, LIMPIEZA AIRE A PRESIÓN, TRANSPORTES, MANEJO, ALMACENAMIENTO, DESPERDICIOS, CARGUE Y TRANSPORTE DE MATERIALES SOBRANTES A BOTADERO AUTORIZADO Y MANO DE OBRA.	M3	737631
Antiguo	PUENTES	PUENTES PEATONALES	6286	RESTITUCIÓN DE MURO EN MAMPOSTERÍA ESTRUCTURAL, PARA PROTECCIÓN DE ZONAS ALEDAÑAS A LOS ESTRIBOS, INCLUYE MANO DE OBRA, MATERIALES NECESARIOS, ACERO DE REFUERZO Y GROUTING DE RELLENO.	M2	132849
Antiguo	PUENTES	PUENTES PEATONALES	6287	SELLADO DE FISURAS DE ESPESOR MAYOR A 0,5 MM, CON MASILLA ELÁSTICA, SELLANTE DE UN COMPONENTE, CON BASE EN POLIURETANO, CON PROCESO DE CURADO EN PRESENCIA DE HUMEDAD DEL AMBIENTE. MEDIANTE INSTALACIÓN DE BOQUILLAS Y APLICACIÓN DE GEL SELLANTE SUPERFICIAL, RECUBRIMIENTO INHIBIDOR PROTECTOR DE CORROSIÓN MODIFICADO CON RESINA ACRÍLICA DE DOS COMPONENTES QUE IMPIDA LA OXIDACIÓN DEL ACERO DE REFUERZO. INCLUYE TODOS LOS COSTOS DE SUMINISTRO DE MATERIALES, BOQUILLAS, APLICACIÓN, EQUIPOS, TRANSPORTES, MANEJO, ALMACENAMIENTO, DESPERDICIOS Y MANO DE OBRA.	ML	28782
Antiguo	PUENTES	PUENTES PEATONALES	6288	SELLADO DE FISURAS ENTRE 0,1 Y 1,0 MM MEDIANTE INYECCIÓN DE RESINA EPÓXICA DE BAJA VISCOSIDAD, ALTA RESISTENCIA, INSENSIBLE A LA HUMEDAD Y ALTO MÓDULO ELÁSTICO SEGÚN NORMA ASTM C-88-1-90 TIPO IV. INCLUYE TODOS LOS COSTOS DE SUMINISTRO DE MATERIALES, APLICACIÓN, EQUIPOS, TRANSPORTES, MANEJO, ALMACENAMIENTO, DESPERDICIOS Y MANO DE OBRA.	ML	21516
Antiguo	PUENTES	PUENTES PEATONALES	6289	SELLADO DE FISURAS ESPESOR MENOR A 1 MM MEDIANTE INYECCIÓN DE RESINA EPÓXICA DE BAJA VISCOSIDAD, ALTA RESISTENCIA, INSENSIBLE A LA HUMEDAD Y ALTO MÓDULO ELÁSTICO SEGÚN NORMA ASTM C-88-1-90 TIPO IV . INCLUYE TODOS LOS COSTOS DE SUMINISTRO DE MATERIALES, APLICACIÓN, EQUIPOS, TRANSPORTES, MANEJO, ALMACENAMIENTO, DESPERDICIOS Y MANO DE OBRA.	ML	31555
Antiguo	PUENTES	PUENTES PEATONALES	6290	SUMINISTRO DE CONECTORES DE CORTANTES O PLATINAS EN ACERO A-36. (INCLUYE MATERIAL, CORTE CON TORTUGA, TRANSPORTES REQUERIDOS DESDE ALMACÉN A TALLER Y A OBRA)	KG	29519
Antiguo	PUENTES	PUENTES PEATONALES	6291	DEMARCACIÓN DE DILATACIÓN MEDIANTE CORTE DEL CONCRETO Y RELLENO CON CINTA O FONDO DE JUNTA EN ESPUMA DE POLIETILENO DE BAJA DENSIDAD DE CELDA CERRADA PREFORMADO, PARA APLICAR MASILLAS EN FRÍO. DE Ø1/4" (6MM).	ML	22654
Antiguo	PUENTES	PUENTES PEATONALES	6292	CINTA FLEXIBLE PARA SELLO PRIMARIO DE PVC. BANDA ELABORADA CON RESINAS DE CLORURO DE POLIVINILO TERMOPLÁSTICO. NORMA CRD-C 572-74. SUMINISTRO E INSTALACIÓN. PARA EVITAR LA FILTRACIÓN DE HUMEDAD A TRAVÉS DE LA CONTINUIDAD DE PLACA CONSTRUIDA EN LAS ZONAS DE JUNTA. INCLUYE TODOS LOS COSTOS DE SUMINISTRO DE MATERIALES, EQUIPOS, TRANSPORTES, MANEJO, ALMACENAMIENTO, DESPERDICIOS Y MANO DE OBRA.	KG	35668
Antiguo	PUENTES	PUENTES PEATONALES	6294	REPARACIÓN DE BARANDAS EXISTENTES. INCLUYE LIMPIEZA, MORTERO DE REPARACIÓN, INHIBIDOR DE CORROSIÓN, PINTURA ANTICARBONATACIÓN, SUMINISTRO DE MANO DE OBRA, EQUIPOS Y MANEJO DE DESPERDICIOS.	ML	44832
Antiguo	PUENTES	PUENTES PEATONALES	6295	REPARACIÓN DE BARANDAS EXISTENTES TYPO NEW JERSEY. INCLUYE LIMPIEZA, MORTERO DE REPARACIÓN, INHIBIDOR DE CORROSIÓN, PINTURA ANTICARBONATACIÓN, PINTURA REFLECTIVA, SUMINISTRO DE MANO DE OBRA, EQUIPOS Y MANEJO DE DESPERDICIOS.	ML	44791
Antiguo	PUENTES	PUENTES PEATONALES	6296	BARRERA DE SEGURIDAD LATERAL EN CONCRETO 3500 PSI SEGÚN DISEÑO. INCLUYE ANCLAJES A ESTRUCTURA EXISTENTE, COLOCACIÓN DE REFUERZO, FUNDICIÓN EN CONCRETO, CURADO, SUMINISTRO DE MANO DE OBRA, EQUIPOS, MATERIALES Y MANEJO DE DESPERDICIOS.	ML	73769
Antiguo	PUENTES	PUENTES PEATONALES	6297	RECALCE DE COLUMNA EN CONCRETO DE FC= 4000 PSI HECHO EN OBRA AUTOCOMPACTANTE DE BAJA RETRACCIÓN GRAVA FINA NORMA ASTM 1107 Y ASTM C-827 CON A/C <0.45m. INCLUYE TODOS LOS COSTOS DE SUMINISTRO MATERIALES (HERRAMIENTA MENOR, FORMALETA, PARALES, VIBRADORES, CAMISAS PARA CILINDROS-8 UNIDADES, PROVISIONAL DE ENERGÍA), TRANSPORTES, MANEJO, ALMACENAMIENTO, DESPERDICIOS, CARGUE Y TRANSPORTE DE MATERIALES SOBRANTES Y  MANO DE OBRA.	M3	847639
Antiguo	PUENTES	PUENTES PEATONALES	6298	CONCRETO DE FC=3500 PSI GRAVA FINA PARA MÉNSULAS Y TOPES SÍSMICOS. CONCRETO PREMEZCLADO SEGÚN LA ESPECIFICACIÓN PARTICULAR DEL DISEÑO. SUMINISTRO E INSTALACIÓN. INCLUYE TODOS LOS COSTOS DE SUMINISTRO DE MATERIALES, EQUIPOS, TRANSPORTES, MANEJO, ALMACENAMIENTO, DESPERDICIOS, CARGUE Y TRANSPORTE DE MATERIALES SOBRANTES, MANO DE OBRA Y LA COLOCACIÓN EN EL SITIO ESPECIFICADO EN LOS DISEÑOS.	M3	744381
Antiguo	ANDENES Y SARDINELES	ANDENES EN CONCRETO	6299	CONCRETO PARA ANDENES, ESCOBEADO Y FUNDIDO EN SITIO E= 0,10 M. SUMINISTRO Y COLOCACIÓN.	M3	727244
Antiguo	PUENTES	PUENTES PEATONALES	6301	RECALCE Y REFORZAMIENTO DE ZAPATAS, EN ZONAS DE ADICIÓN DE REFUERZO, CON CONCRETO DE FC=3500 PSI GRAVA COMÚN Y MORTERO MODIFICADO CON RESINA ACRÍLICA DE DOS COMPONENTES PARA REPARACIONES ESTRUCTURALES. SUMINISTRO Y COLOCACIÓN. INCLUYE TODOS LOS COSTOS DE SUMINISTRO DE MATERIALES, EQUIPOS, HERRAMIENTA MENOR, ANDAMIOS, LIMPIEZA, ETC.	M3	1137969
Antiguo	PUENTES	PUENTES PEATONALES	6302	RECALCE Y REFORZAMIENTO DE ZAPATAS, EN ZONAS DE ADICIÓN DE REFUERZO, CON CONCRETO DE FC=3000 PSI GRAVA COMÚN Y MORTERO MODIFICADO CON RESINA ACRÍLICA DE DOS COMPONENTES PARA REPARACIONES ESTRUCTURALES. SUMINISTRO Y COLOCACIÓN. INCLUYE TODOS LOS COSTOS DE SUMINISTRO DE MATERIALES, EQUIPOS, HERRAMIENTA MENOR, ANDAMIOS, LIMPIEZA, ETC.	M3	885685
Antiguo	PAVIMENTOS	PAVIMENTOS EN CONCRETO ASFALTICO	6303	FRESADO PAVIMENTO EXISTENTE, E= 5 CM, INCLUYE CARGUE Y TRANSPORTE A ESCOMBRERA DE MATERIAL SOBRANTE.	M2	10518
Antiguo	ACTIVIDADES CONSERVACIÓN	ACTIVIDADES CONSERVACIÓN	6304	LIMPIEZA MECÁNICA MEDIANTE PULIDORA CON CEPILLO DE CERDAS DE ALAMBRE EN SITIOS CON PRESENCIA DE CORROSIÓN ELIMINANDO COMPLETAMENTE CORROSIÓN Y ÓXIDO DEL ELEMENTO	M2	10623
Antiguo	ACTIVIDADES CONSERVACIÓN	ACTIVIDADES CONSERVACIÓN	6308	LAVADO DE ESTRUCTURA EN CONCRETO Y/O METÁLICAS. INCLUYE ALQUILER DE HIDROLAVADORA A GASOLINA PRESION 3200 PSI. INCLUYE ANDAMIO TUBULAR, PLANTA ELÉCTRICA, CARROTANQUE IRRIGADOR DE AGUA, COMBUSTIBLE, AGUA, DETERGENTE INDUSTRIAL Y MANO DE OBRA.	M2	5574
Antiguo	GEOSINTETICOS	GEOTEXTILES	6309	GEOMALLA BIAXIAL CON RESISTENCIA ULTIMA A LA TENSION, SENTIDO LONGITUDINAL Y TRANSVERSAL: ENTRE 50 KN/M Y 55 KN/M. (INCLUYE SUMINISTRO E INSTALACION).	M2	18622
Demanda	ACTIVIDADES CONSERVACIÓN	ACTIVIDADES CONSERVACIÓN	6311	REHABILITACIÓN DE PAVIMENTO RÍGIDO: LOSAS EN CONCRETO HIDRÁULICO MR45 E=0.24M PARA TRONCAL	M2	547912
Antiguo	PAVIMENTOS	PAVIMENTOS EN CONCRETO ASFALTICO	6313	MEZCLA ASFÁLTICA DENSA EN CALIENTE MD12 CON CEMENTO ASFÁLTICO 60-70 (SUMINISTRO, EXTENDIDO, NIVELACIÓN Y COMPACTACIÓN MECANICA CON VIBROCOMPACTADOR Y COMPACTADOR DE LLANTAS)	M3	1358843
Antiguo	PAVIMENTOS	PAVIMENTOS EN CONCRETO ASFALTICO	6314	MEZCLA ASFÁLTICA EN CALIENTE TIPO DENSO MD10 ASFALTO 60-70. (INCLUYE SUMINISTRO, EXTENDIDO, NIVELACIÓN, COMPACTACIÓN MECANICA CON VIBROCOMPACTADOR Y COMPACTADOR DE LLANTAS, FACTOR DE COMPACTACION Y TRANSPORTE DE MATERIAL A 21 KMS)	M3	1364839
Antiguo	PAVIMENTOS	PAVIMENTOS EN CONCRETO ASFALTICO	6315	MEZCLA ASFÁLTICA EN CALIENTE TIPO DENSO MD10 ASFALTO 60-70. (INCLUYE SUMINISTRO, EXTENDIDO, NIVELACIÓN MANUAL, COMPACTACIÓN MECÁNICA CON VIBROCOMPACTADOR TÁNDEM PEQUEÑO CON OPERARIO Y COMBUSTIBLE, FACTOR DE COMPACTACION Y TRANSPORTE DE MATERIAL A 21 KMS).	M3	1393188
Antiguo	PAVIMENTOS	PAVIMENTOS EN CONCRETO ASFALTICO	6316	MEZCLA ASFÁLTICA EN CALIENTE TIPO DENSO MD12 ASFALTO 60-70. (INCLUYE SUMINISTRO, EXTENDIDO, NIVELACIÓN MANUAL Y COMPACTACIÓN MECÁNICA CON VIBROCOMPACTADOR TÁNDEM PEQUEÑO CON OPERARIO Y COMBUSTIBLE, FACTOR DE COMPACTACION Y TRANSPORTE DE MATERIAL A 21 KMS).	M3	1491249
Antiguo	CONCRETO Y ACERO PARA ESTRUCTURAS	CONCRETO PARA ESTRUCTURAS	6317	CONCRETO TREMIE DE 3000 PSI PARA CAISSON D= 1.50M. SUMINISTRO Y COLOCACIÓN. INCLUYE ACELERANTE, ALQUILER DE EQUIPO DE PERFORACIÓN CON OPERARIO, MOTOBOMBA, BENTONITA, MANO DE OBRA, TRANSPORTE Y DISPOSICIÓN FINAL DE ESCOMBROS EN SITIO AUTORIZADO, DISTANCIA DE TRANSPORTE 21 KM Y CAMISA METÁLICA PERDIDA.	ML	6048637
Antiguo	ANÁLISIS AUXILIARES	ELEMENTOS DE OFICINA	6318	ALQUILER DE PORTATIL. CARACTERÍSTICAS: PROCESADOR INTEL, CORE I3 4005U, CELERON O SIMILAR, MEMORIA RAM DE 4 GB ( 2 X 2048 MB)DISCO DURO DE 500GB A 7200 RPMPANTALLA LED HP BRIGHTVIEW WIDESCREEN DE ALTA DEFINICIÓN CON 35,6 CM (14") O SIMILAR, HD INTEL GRAPHIC HD4400UNIDAD DE DVD QUEMADORBLUETOOTH	UN/MES	124818
Antiguo	CONCRETO Y ACERO PARA ESTRUCTURAS	CONCRETO PARA ESTRUCTURAS	6319	CONCRETO TREMIE DE 3000 PSI PARA CAISSON D= 1.20 M. SUMINISTRO E INSTALACIÓN. INCLUYE ACELERANTE, ALQUILER DE EQUIPO DE PERFORACIÓN CON OPERARIO, MOTOBOMBA, MANO DE OBRA, TRANSPORTE Y DISPOSICIÓN FINAL DE ESCOMBROS EN SITIO AUTORIZADO, DISTANCIA DE TRANSPORTE 21 KM Y CAMISA METÁLICA PERDIDA.	ML	3960223
Antiguo	REDES ELECTRICAS	RED ELÉCTRICA CODENSA	6320	POSTE METÁLICO AP, H=12M (INC. SUMINISTRO, IZAJE, APLOMADO E INSTALACIÓN. INC. BRAZO SENCILLO Y BASE SEGÚN NORMA AP802)	UN	5431387
Antiguo	CONCRETO Y ACERO PARA ESTRUCTURAS	CONCRETO PARA ESTRUCTURAS	6321	TABLERO PUENTE EN CONCRETO 4000 PSI GRAVA COMÚN PREMEZCLADO (INCLUYE SUMINISTRO E INSTALACIÓN, BOMBEO DE CONCRETO, ADITIVO PARA PUENTE DE ADHERENCIA DE CONCRETO FRESCO Y ENDURECIDO).	M3	1049603
Antiguo	CONCRETO Y ACERO PARA ESTRUCTURAS	CONCRETO PARA ESTRUCTURAS	6323	MURO EN CONCRETO DE 3000 PSI HECHO EN OBRA (HASTA 3.70 M DE ALTO. INCL. SUMINISTRO E INSTALACION, GEODREN (RED DRENANTE DE POLIETILENO DE ALTA DENSIDAD PEAD-HDPE Y GEOTEXTIL NO TEJIDO) CON ALTURA DE 1.0 M, EXCAVACION, RETIRO DE ESCOMBROS, MORTERO, RECEBO COMPACTADO Y ACERO DE REFUERZO).	ML	946451
Antiguo	REDES ELECTRICAS	RED ELECTRICA EPM	6325	DESMONTE DE LUMINARIA DE 70 W	UN	86202
Antiguo	ACTIVIDADES CONSERVACIÓN	ACTIVIDADES CONSERVACIÓN	6326	PIEDRA RAJÓN PARA PROTECCIÓN DEL CANAL E= 30 CM INCLUYE MORTERO 2500 PSI PARA PEGA E= 10 CM (INCLUYE SUMINISTRO E INSTALACIÓN)	M3	218969
Antiguo	REDES ALCANTARILLADO / DRENAJE	REDES ALCANTARILLADO / DRENAJE	6327	PRUEBA DE HERMETICIDAD POR EL MÉTODO DE PRESIÓN POSITIVA CON AIRE PARA LAS REDES DE ALCANTARILLADO SANITARIO DE ACUERDO A LAS NORMAS TÉCNICAS VIGENTES (E.A.A.B - SISTECNE_12). TRAMO DE Ø6" A Ø12".	TRAMO	600000
Antiguo	REDES ALCANTARILLADO / DRENAJE	REDES ALCANTARILLADO / DRENAJE	6328	PRUEBA DE HERMETICIDAD POR EL MÉTODO DE PRESIÓN POSITIVA CON AIRE PARA LAS REDES DE ALCANTARILLADO SANITARIO DE ACUERDO A LAS NORMAS TÉCNICAS VIGENTES (E.A.A.B - SISTECNE_12). TRAMO DE Ø14" A Ø24".	TRAMO	714000
Antiguo	REDES ALCANTARILLADO / DRENAJE	REDES ALCANTARILLADO / DRENAJE	6329	PRUEBA DE HERMETICIDAD POR EL MÉTODO DE PRESIÓN POSITIVA CON AIRE PARA LAS REDES DE ALCANTARILLADO SANITARIO DE ACUERDO A LAS NORMAS TÉCNICAS VIGENTES (E.A.A.B - SISTECNE_12). TRAMO DE Ø42" A Ø50".	TRAMO	952000
Antiguo	ACTIVIDADES CONSERVACIÓN	ACTIVIDADES CONSERVACIÓN	6333	GAVIONES - SUMINISTRO Y CONSTRUCCIÓN. INCLUYE RAJÓN, MALLA PARA GAVIONES Y ALAMBRE RECOCIDO.	M3	288388
Antiguo	CONCRETO Y ACERO PARA ESTRUCTURAS	ESTRUCTURAS EN ACERO	6335	TUBO GALVANIZADO 3". GOTERO. INCLUYE SUMINISTRO E INSTALACIÓN	ML	130572
Antiguo	PUENTES	PUENTES PEATONALES	6339	IZAJE Y DESMONTAJE DE VIGA METÁLICA EXISTENTE. INCLUYE GRÚAS TELESCÓPICAS 50 TON, CARGUE Y TRANSPORTE DE ESTRUCTURA METÁLICA EN CAMA BAJA.	UN	6999127
Antiguo	ACTIVIDADES CONSERVACIÓN	ACTIVIDADES CONSERVACIÓN	6340	SUELO MECANICAMENTE REFORZADO. (SUMINISTRO E INSTALACION, INCLUYE GEOTEXTIL NO TEJIDO CON RESISTENCIA A LA TENSION GRAB: ENTRE 600 N Y 700 N, GEOMALLA BIAXIAL CON RESISTENCIA ULTIMA A LA TENSION, SENTIDO LONGITUDINAL Y TRANSVERSAL: ENTRE 50 KN/M Y 55 KN/M, MATERIAL SELECCIONADO, TRANSPORTE Y DISPOSICION DE ESCOMBROS).	M3	326568
Antiguo	REDES ALCANTARILLADO / DRENAJE	REDES ALCANTARILLADO / DRENAJE	6341	CAJA DESARENADORA - SUMINISTRO Y CONSTRUCCIÓN SEGÚN DISEÑO. INCLUYE LADRILLO TOLETE COMÚN, MORTERO 1:3 IMPERMEABILIZADO, CONCRETO DE LIMPIEZA 2500 PSI, PLACA INFERIOR Y ACERO DE REFUERZO.	UN	955221
Antiguo	REDES ALCANTARILLADO / DRENAJE	REDES ALCANTARILLADO / DRENAJE	6342	ESTRUCTURA DE DISIPACIÓN COLECTOR DE 1.20 M EN CONCRETO IMPERMEABILIZADO 4000 PSI, SEGÚN DISEÑO. INCLUYE SUMINISTRO, CONSTRUCCIÓN, ACERO DE REFUERZO Y FORMALETA, ENCOFRADO Y DESENCOFRADO.	UN	9547850
Antiguo	DEMOLICIONES	DEMOLICIONES	6346	RETIRO DE TUBERÍA METÁLICA EXISTENTE. INCLUYE TRANSPORTE Y DISPOSICIÓN FINAL.	ML	42416
Antiguo	SEÑALIZACIÓN	DEMARCACION DE PAVIMENTOS	6352	PINTURA RECUBRIMIENTO ELÁSTICO EN RESINA ACRÍLICA APLICADA SOBRE CONCRETO. DOS (2) MANOS. INCLUYE SUMINISTRO Y COLOCACIÓN DE PINTURA.	M2	110297
Antiguo	CONCRETO Y ACERO PARA ESTRUCTURAS	ESTRUCTURAS EN ACERO	6353	ANCLAJE EPÓXICO DE VARILLA DE 3/4" SUMINISTRO E INSTALACIÓN EN ALTURA. (incluye la deteccion de refuerzo para perforacion, la perforacion, limpieza de la perforacion con chorro de aire, suministro de materiales (relleno epoxico ETo equivalente, brocas), equipos, transportes, manejo, almacenamiento, manejo de desperdicios, mano de obra y andamio tubular)	CM.PER	3023
Antiguo	SEÑALIZACIÓN	OTROS-SEÑALIZACIÓN	6364	SEÑAL ELEVADA BS, TABLERO 3.097M X 2.228M REFLECTIVO DIAMANTE, SOPORTE EN TUBO GALVANIZADO DE 12" EN 7M. CERCHA EN TUBO DE 4" EN 3MM Y 2" EN 2MM. INCLUYE SUMINISTRO E INSTALACIÓN	UN	8230084
Antiguo	SEÑALIZACIÓN	OTROS-SEÑALIZACIÓN	6365	SEÑAL INFORMATIVA SI-05, TABLERO 1.401M X 0.512M REFLECTIVO ALTA INTENSIDAD, PEDESTAL EN ÁNGULO DE 2"X2"X1/4" H= 2.60M EN PINTURA ELECTROSTÁTICA. INCLUYE SUMINISTRO E INSTALACIÓN	UN	1228761
Antiguo	SEÑALIZACIÓN	OTROS-SEÑALIZACIÓN	6366	SEÑAL INFORMATIVA SI-05, TABLERO 1.167M X 0.512M REFLECTIVO ALTA INTENSIDAD, PEDESTAL EN ÁNGULO DE 2"X2"X1/4" H= 2.60M EN PINTURA ELECTROSTÁTICA. INCLUYE SUMINISTRO E INSTALACIÓN	UN	798514
Antiguo	SEÑALIZACIÓN	OTROS-SEÑALIZACIÓN	6367	SEÑAL INFORMATIVA SI-05, TABLERO 1.190M X 0.512M REFLECTIVO ALTA INTENSIDAD, PEDESTAL EN ÁNGULO DE 2"X2"X1/4" H= 2.60M EN PINTURA ELECTROSTÁTICA. INCLUYE SUMINISTRO E INSTALACIÓN	UN	697596
Antiguo	SEÑALIZACIÓN	OTROS-SEÑALIZACIÓN	6371	SEÑAL ELEVADA BS, TABLERO 2.414M X 1.380M REFLECTIVO DIAMANTE, SOPORTE EN TUBO GALVANIZADO DE 12" EN 7M. CERCHA EN TUBO DE 4" EN 3MM Y 2" EN 2MM. INCLUYE SUMINISTRO E INSTALACIÓN	UN	8230084
Antiguo	SEÑALIZACIÓN	OTROS-SEÑALIZACIÓN	6372	SEÑAL ELEVADA BS, TABLERO 3.322M X 2.111M REFLECTIVO DIAMANTE, SOPORTE EN TUBO GALVANIZADO DE 12" EN 7M. CERCHA EN TUBO DE 4" EN 3MM Y 2" EN 2MM. INCLUYE SUMINISTRO E INSTALACIÓN	UN	9360420
Antiguo	SEÑALIZACIÓN	OTROS-SEÑALIZACIÓN	6373	REEMPLAZO DE TABLERO SEÑAL ELEVADA BS, POR TABLERO GALVANIZADO CALIBRE 20 3.914M X 1.972M REFLECTIVO DIAMANTE. INCLUYE SUMINISTRO E INSTALACIÓN	UN	5163569
Antiguo	SEÑALIZACIÓN	OTROS-SEÑALIZACIÓN	6374	SEÑAL INFORMATIVA SI-05C, TABLERO 60.64CM X 82.50CM REFLECTIVO ALTA INTENSIDAD, PEDESTAL EN ÁNGULO DE 2"X2"X1/4" H= 2.60M EN PINTURA ELECTROSTÁTICA. INCLUYE SUMINISTRO E INSTALACIÓN	UN	642928
Antiguo	SEÑALIZACIÓN	OTROS-SEÑALIZACIÓN	6375	SEÑAL INFORMATIVA SI-05C, TABLERO 75.09CM X 82.50CM REFLECTIVO ALTA INTENSIDAD, PEDESTAL EN ÁNGULO DE 2"X2"X1/4" H= 2.60M EN PINTURA ELECTROSTÁTICA. INCLUYE SUMINISTRO E INSTALACIÓN	UN	753436
Antiguo	SEÑALIZACIÓN	OTROS-SEÑALIZACIÓN	6376	SEÑAL INFORMATIVA SI-05C, TABLERO 76.09CM X 97.51CM REFLECTIVO ALTA INTENSIDAD, PEDESTAL EN ÁNGULO DE 2"X2"X1/4" H= 2.60M EN PINTURA ELECTROSTÁTICA. INCLUYE SUMINISTRO E INSTALACIÓN	UN	787852
Antiguo	SEÑALIZACIÓN	OTROS-SEÑALIZACIÓN	6377	SEÑAL INFORMATIVA SI-05C, TABLERO 75.01CM X 82.50CM REFLECTIVO ALTA INTENSIDAD, PEDESTAL EN ÁNGULO DE 2"X2"X1/4" H= 2.60M EN PINTURA ELECTROSTÁTICA. INCLUYE SUMINISTRO E INSTALACIÓN	UN	753436
Antiguo	SEÑALIZACIÓN	OTROS-SEÑALIZACIÓN	6379	SEÑAL INFORMATIVA SI-05, TABLERO 1.119M X 0.512M REFLECTIVO ALTA INTENSIDAD, PEDESTAL EN ÁNGULO DE 2"X2"X1/4" H= 2.60M EN PINTURA ELECTROSTÁTICA. INCLUYE SUMINISTRO E INSTALACIÓN	UN	723814
Antiguo	REDES ELECTRICAS	RED ELÉCTRICA CODENSA	6380	4 DUCTOS D=3" PVC-TDP (NO INCLUYE RELLENOS NI EXCAVACIÓN). SUMINISTRO E INSTALACIÓN.	ML	106303
Antiguo	REDES ELECTRICAS	RED ELÉCTRICA CODENSA	6381	9 DUCTOS D=6" + 2 DUCTOS DE 3" - IMC EN CERCHA METÁLICA. SUMINISTRO E INSTALACIÓN. INCLUYE CONECTOR METÁLICO DE PUESTA A TIERRA DE 3" Y 6" EN CADA EXTREMO.	ML	5303205
Antiguo	REDES ACUEDUCTO	REDES ACUEDUCTO	6382	TUBERIA PVC D=14" TIPO U.M. RDE 21 (SUMINISTRO E INSTALACIÓN)	ML	641522
Antiguo	REDES ELECTRICAS	RED ELÉCTRICA CODENSA	6383	9 DUCTOS D=6" + 2 DUCTOS DE 3" - PVC-TDP INCLUYE SUMINISTRO E INSTALACIÓN.	ML	649111
Antiguo	REDES ALCANTARILLADO / DRENAJE	REDES ALCANTARILLADO / DRENAJE	6387	CÁMARA DE INSPECCIÓN (30P) EN MAMPOSTERÍA (E= 0.26M ALTURA 1.80M) Y CONCRETO PARA ALCANTARILLADO, CON DIÁMETRO 1.20M (SUMINISTRO E INSTALACIÓN. INCLUYE PLACA DE CUBIERTA PREFABRICADA D= 1.70M, ESCALERA DE GATO NORMA NORMA EAAB NS-029-11V.3.4, MATERIAL DE RELLENO ESTRUCTURAL, GEOTEXTIL, CONCRETO Y MORTERO IMPERMEABILIZADO, MATERIAL DE REEMPLAZO, EXCAVACION, ACERO DE REFUERZO, TAPA PARA POZO PLASTICA EN POLIPROPILENO, LADRILLO TOLETE RECOCIDO 24X12X6 Y EQUIPOS)	UN	22407806
Antiguo	REDES ALCANTARILLADO / DRENAJE	REDES ALCANTARILLADO / DRENAJE	6388	CÁMARA DE INSPECCIÓN (6P) EN MAMPOSTERÍA (E= 0.26M ALTURA 1.80M) Y CONCRETO PARA ALCANTARILLADO, CON DIÁMETRO 1.20M (SUMINISTRO E INSTALACIÓN. INCLUYE PLACA DE CUBIERTA PREFABRICADA D= 1.70M, ESCALERA DE GATO NORMA NORMA EAAB NS-029-11V.3.4, MATERIAL DE RELLENO ESTRUCTURAL, GEOTEXTIL, CONCRETO Y MORTERO IMPERMEABILIZADO, MATERIAL DE REEMPLAZO, EXCAVACION, ACERO DE REFUERZO, TAPA PARA POZO PLASTICA EN POLIPROPILENO, LADRILLO TOLETE RECOCIDO 24X12X6 Y EQUIPOS)	UN	28488759
Antiguo	REDES ALCANTARILLADO / DRENAJE	REDES ALCANTARILLADO / DRENAJE	6389	CÁMARA DE INSPECCIÓN (7P) EN MAMPOSTERÍA (E= 0.26M ALTURA 1.80M) Y CONCRETO PARA ALCANTARILLADO, CON DIÁMETRO 1.20M (SUMINISTRO E INSTALACIÓN. INCLUYE PLACA DE CUBIERTA PREFABRICADA D= 1.70M, ESCALERA DE GATO NORMA NORMA EAAB NS-029-11V.3.4, MATERIAL DE RELLENO ESTRUCTURAL, GEOTEXTIL, CONCRETO Y MORTERO IMPERMEABILIZADO, MATERIAL DE REEMPLAZO, EXCAVACIÓN, ACERO DE REFUERZO, TAPA PARA POZO PLÁSTICA EN POLIPROPILENO, LADRILLO TOLETE RECOCIDO 24X12X6 Y EQUIPOS)	UN	30487316
Antiguo	CONCRETO Y ACERO PARA ESTRUCTURAS	CONCRETO PARA ESTRUCTURAS	6392	PILOTE D=30 CM PREEXCAVADO CONCRETO TREMIE DE 4000 PSI (280 KG/CM2) ACELERADO A 2 DÍAS. INCLUYE ACELERANTE, ALQUILER DE EQUIPO DE PERFORACIÓN CON OPERARIO, MOTOBOMBA, MANO DE OBRA, TRANSPORTE Y DISPOSICIÓN FINAL DE ESCOMBROS EN SITIO AUTORIZADO. DISTANCIA DE TRANSPORTE 21 KM, CARGUE Y RETIRO DE SOBRANTES	M3	2523113
Antiguo	CONCRETO Y ACERO PARA ESTRUCTURAS	CONCRETO PARA ESTRUCTURAS	6393	PILOTE D=45 CM PREEXCAVADO CONCRETO TREMIE 4000 PSI. ACELERADO A 2 DIAS. INCL. ACERO DE 60000 PSI 103.50 KG/M3, TRANSPORTE Y DISPOSICIÓN FINAL DE ESCOMBROS EN SITIO AUTORIZADO. DISTANCIA DE TRANSPORTE 21 KM. MOVILIZACIÓN, MONTAJE Y DESMONTAJE DE EQUIPOS	M3	2727446
Antiguo	CONCRETO Y ACERO PARA ESTRUCTURAS	CONCRETO PARA ESTRUCTURAS	6395	PILOTE D=45 CM PREEXCAVADO CONCRETO TREMIE 4000 PSI. ACELERADO A 2 DIAS. INCL. ACERO DE 60000 PSI 257 KG/M3, TRANSPORTE Y DISPOSICIÓN FINAL DE ESCOMBROS EN SITIO AUTORIZADO. DISTANCIA DE TRANSPORTE 21 KM. MOVILIZACIÓN, MONTAJE Y DESMONTAJE DE EQUIPOS	M3	3553131
Antiguo	GEOSINTETICOS	GEOMEMBRANAS	6396	APOYO ELASTOMERICO DE 30CM X 30CM X 5CM. DUREZA 60 CON REFUERZOS 1/8" INCLUYE SUMINISTRO E INSTALACIÓN	UN	504695
Antiguo	GEOSINTETICOS	GEOMEMBRANAS	6397	APOYO ELASTOMERICO DE 20CM X 20CM X 5CM. DUREZA 60 CON REFUERZOS 1/8" INCLUYE SUMINISTRO E INSTALACIÓN	UN	301631
Antiguo	EXCAVACIONES	EXC. ESTRUCTURAS Y REDES	6400	EXCAVACIÓN PARA CAISSON D=1.50M (INCL. EXCAVACIÓN, CARGUE Y RETIRO DE SOBRANTES)	ML	1155312
Antiguo	OBRAS DE ARTE Y EDIFICACIONES	CUBIERTAS	6407	CIELO RASO EN BANDEJA TILE DE 610 MM X 610MM EN ALUZINC PERFORADO PERFIL CLP INCLUYE PERFILES DE FIJACIÓN SISTEMA DE SUSPENSIÓN Y ESPACIO PARA LAMPARAS. SUMINISTRO E INSTALACIÓN.	M2	244664
Antiguo	SEÑALIZACIÓN	OTROS-SEÑALIZACIÓN	6413	VINILO ADHESIVO FABRICADA EN LAMINA DE ALUMINIO PARA SALIDAS LATERALES (275CM X 31,6CM) SEGÚN MANUAL DE IMAGEN DE TRANSMILENIO. SUMINISTRO E INSTALACIÓN.	UN	1898705
Antiguo	OBRAS DE ARTE Y EDIFICACIONES	PINTURA	6416	PINTURA ANTIGRAFITI SOBRE MURO DOS (2) MANOS(APLICACIÓN CON BROCHA. RENDIMIENTO APROX. DE 6.0M2 A 10.0M2 POR GALÓN. INCLUYE SUMINISTRO Y COLOCACION DE PINTURA, LAVADO DE LA SUPERFICIE, PINTURA GRIS BASALTO (LÁTEX ACRÍLICO BASE AGUA - PINTURA BASE AGUA CON TECNOLOGÍA ACRÍLICA AVANZADA DE USO EXTERIOR QUE OFRECE PROTECCIÓN A RAYOS ULTRAVIOLETA Y FACTORES CLIMÁTICOS. PARA APLICAR SOBRE CONCRETO, APLICACIÓN CON BROCHA O RODILLO), AGUA, COMBUSTIBLE Y MANO DE OBRA)	M2	102204
Antiguo	CONCRETO Y ACERO PARA ESTRUCTURAS	CONCRETO PARA ESTRUCTURAS	6421	CONSTRUCCIÓN PIEZA FUNDIDA EN SITIO SIMILAR A SARDINEL BAJO RAMPA. (INCLUYE SUMINISTRO Y COLOCACIÓN DE CONCRETO DE 3000 PSI GRAVA COMÚN, FORMALETA Y MANO DE OBRA)	ML	61413
Antiguo	REDES ALCANTARILLADO / DRENAJE	REDES ALCANTARILLADO / DRENAJE	6422	REJILLA PREFABRICADA EN CONCRETO 0,4M X 0,4M. (INCLUYE SUMINISTRO Y COLOCACIÓN, MORTERO DE 2000 PSI Y MANO DE OBRA)	UN	96916
Antiguo	REDES ELECTRICAS	RED ELECTRICA CODENSA	6423	NIVELACIÓN DE CAJA DE INSPECCIÓN TIPO VEHICULAR NORMA CODENSA CS 280 H=0,5M (INCLUYE CONCRETO 3000 PSI PREMEZCLADO, LADRILLO TOLETE RECOCIDO 24X12X6. MORTERO 1:4 IMPERMEABILIZADO HECHO EN OBRA. INCL. REPOSICIÓN DE MARCO Y TAPA PREFABRICADA)	UN	3357295
Antiguo	GEOSINTETICOS	GEOTEXTILES	6425	GEOCOMPUESTO PARA DRENAJE, CONFORMADO POR GEODREN (RED DRENANTE DE POLIETILENO DE ALTA DENSIDAD PEAD-HDPE Y GEOTEXTIL NO TEJIDO) CON ALTURA DE 1.0 M Y TUBERIA FLEXIBLE CORRUGADA DE DRENAJE CON DIAMETRO DE 100 MM. (INCLUYE COLOCACION BASE GRANULAR CLASE C).	ML	171740
Antiguo	MOBILIARIO URBANO - ARBOLES Y GRAMAS	MOBILIARIO URBANO	6426	CONTENEDOR DE RAICES TIPO B24 (TIPO E) DE 2,80M X 1,20M H=1,00 M. (INCLUYE CONSTRUCCIÓN DE MUROS EN LADRILLO TOLETE, COLOCACIÓN DE FILTRO EN GRAVILLA. INCLUYE TIERRA NEGRA)	UN	1525991
Antiguo	ANDENES Y SARDINELES	SARDINELES Y BORDILLOS	6427	BORDE CONTENEDOR DE RAÍCES A-70 (INCLUYE SUMINISTRO E INSTALACIÓN, INCLUYE BASE DE 3CM EN MORTERO 1:3 HECHO EN OBRA)	ML	46591
Antiguo	CONCRETO Y ACERO PARA ESTRUCTURAS	CONCRETO PARA ESTRUCTURAS	6428	MURO DE CONTENCIÓN EN CONCRETO 3000 PSI PREMEZCLADO, GRAVA FINA.  CON ADICIÓN DE MICROFIBRA DE POLIPROPILENO, . (Incluye suministro, formaleteo, bombeo, colocación y curado. (No incluye refuerzo)	M3	1282925
Antiguo	ANÁLISIS AUXILIARES	MADERAS	6429	DENSIFICACIÓN DE TERRENO CON PILOTES EN MADERA INMUNIZADA DIÁMETRO DE 12 CM (INCLUYE TRANSPORTE)	ML	63416
Antiguo	ACTIVIDADES CONSERVACIÓN	ACTIVIDADES CONSERVACIÓN	6431	MEZCLA ASFÁLTICA ALTO MÓDULO MAM-20 (SUMINISTRO, EXTENDIDO, NIVELACIÓN Y COMPACTACIÓN. INCLUYE EMULSIÓN ASFÁLTICA CRL-1 - CRR-1)	M3	1614731
Antiguo	CONCRETO Y ACERO PARA ESTRUCTURAS	ESTRUCTURAS EN ACERO	6433	ACERO ESTRUCTURAL PARA PUENTE PEATONAL TIPO TRANSMILENIO. SUMINISTRO, FABRICACIÓN, TRANSPORTE Y MONTAJE DE ESTRUCTURA METÁLICA CON EL SIGUIENTE ESQUEMA DE PROTECCIÓN Y PINTURA: SISTEMA DE PROTECCIÓN BÁSICA: (GUÍA 6.7.1) GALVANIZADO EN CALIENTE (DE ACUERDO CON GUÍA Y CARTILLA).BARRERA: BARRERA EPÓXICA CON POLIAMIDA DE 1.5 A 2.0 MILS DE PELÍCULA SECA.ACABADO: RECUBRIMIENTO URETANO BRILLANTE TIPO ALIFÁTICO RAL 7045 (GRIS) DE 1.5 A 2.0 MILS.	KG	21800
Antiguo	CONCRETO Y ACERO PARA ESTRUCTURAS	ESTRUCTURAS EN ACERO	6434	ACERO ESTRUCTURAL PARA PUENTE PEATONAL TIPO TRANSMILENIO. SUMINISTRO, FABRICACIÓN, TRANSPORTE Y MONTAJE DE ESTRUCTURA METÁLICA CON EL SIGUIENTE ESQUEMA DE PROTECCIÓN Y PINTURA: SISTEMA DE PROTECCIÓN BÁSICA: (GUÍA 6.7.2) LIMPIEZA: SP10.PRIMER: IMPRIMANTE EPÓXICO RICO EN ZINC DE 3.5 A 4.0 MILS PELÍCULA SECA.BARRERA: BARRERA EPÓXICA CON CURADOR POLIAMIDA DE 3.5 A 4.0 MILS PELÍCULA SECA.ACABADO: RECUBRIMIENTO URETANO BRILLANTE ALIFÁTICOS DE 2.5 A 3.0 MILS.EL ESPESOR TOTAL DEL SISTEMA DE PROTECCIÓN DEBE SER AL MENOS 10 MILS (DFT)CHORRO ABRASIVO METAL CASI BLANCO.	KG	20111
Antiguo	CONCRETO Y ACERO PARA ESTRUCTURAS	ESTRUCTURAS EN ACERO	6435	ACERO ESTRUCTURAL PARA ESTACIÓN TIPO TRANSMILENIO. SUMINISTRO, FABRICACIÓN, TRANSPORTE Y MONTAJE DE ESTRUCTURA METÁLICA CON EL SIGUIENTE ESQUEMA DE PROTECCIÓN Y PINTURA: SISTEMA DE PROTECCIÓN BÁSICA: (GUÍA 6.7.1).PINTURA: SISTEMA DE PROTECCIÓN BÁSICA: (GUÍA 6.7.1)GALVANIZADO EN CALIENTE (DE ACUERDO GUÍA Y CARTILLA).BARRERA: BARRERA EPÓXICA CON POLIAMIDA DE 1.5 A 2.0 MILS DE PELÍCULA SECA.ACABADO: RECUBRIMIENTO URETANO BRILLANTE TIPO ALIFÁTICO RAL 7045 (GRIS) DE 1.5 A 2.0 MILS.	KG	21150
Antiguo	CONCRETO Y ACERO PARA ESTRUCTURAS	ESTRUCTURAS EN ACERO	6436	ACERO ESTRUCTURAL PARA ESTACIÓN TIPO TRANSMILENIO. SUMINISTRO, FABRICACIÓN, TRANSPORTE Y MONTAJE DE ESTRUCTURA METÁLICA CON EL SIGUIENTE ESQUEMA DE PROTECCIÓN Y PINTURA: SISTEMA DE PROTECCIÓN BÁSICA: (GUÍA 6.7.2) LIMPIEZA: SP10.PRIMER: IMPRIMANTE EPÓXICO RICO EN ZINC DE 3.5 A 4.0 MILS PELÍCULA SECA.BARRERA: BARRERA EPÓXICA CON CURADOR POLIAMIDA DE 3.5 A 4.0 MILS PELÍCULA SECA.ACABADO: RECUBRIMIENTO URETANO BRILLANTE ALIFÁTICO DE 2.5 A 3.0 MILS.EL ESPESOR TOTAL DEL SISTEMA DE PROTECCIÓN DEBE SER AL MENOS 10 MILS (DFT)	KG	20944
Antiguo	CONCRETO Y ACERO PARA ESTRUCTURAS	ESTRUCTURAS EN ACERO	6437	ACERO ESTRUCTURAL PARA ESTACIÓN TIPO TRANSMILENIO. SUMINISTRO, FABRICACIÓN, MONTAJE Y TRANSPORTE DE ESTRUCTURA METÁLICA CON EL SIGUIENTE ESQUEMA DE PROTECCIÓN Y PINTURA: SISTEMA DE PROTECCIÓN ALTERN. ESTACIÓN LIMPIEZA: SP6.PRIMER: IMPRIMANTE EPÓXICO FOSFATO DE ZINC DE 3.0 MILS PELÍCULA SECA.ACABADO: RECUBRIMIENTO ESMALTE URETANO SERIE 36 RAL 7045 (GRIS) DE 3.0 MILS ESPESOR DE PELÍCULA SECA.CHORRO ABRASIVO COMERCIAL.	KG	20944
Antiguo	REDES ALCANTARILLADO / DRENAJE	REDES ALCANTARILLADO / DRENAJE	6438	LAVADO Y SONDEO DE REDES DE ALCANTARILLADO ENTRE 6" Y 16" DE DIÁMETRO Y CON GRADO DE COLMATACIÓN MENOR DEL 30%. INCL MANO DE OBRA IDÓNEA, SEÑALIZACIÓN BÁSICA, SUMIN DE COMBUSTIBLE Y AGUA. INCL. IVA	ML	39270
Antiguo	REDES ALCANTARILLADO / DRENAJE	REDES ALCANTARILLADO / DRENAJE	6439	LAVADO Y SONDEO DE REDES DE ALCANTARILLADO ENTRE 18" Y 36" DE DIÁMETRO Y CON GRADO DE COLMATACIÓN MENOR DEL 30%. INCLUYE MANO DE OBRA IDÓNEA, SEÑALIZACIÓN BÁSICA, SUMIN DE COMBUSTIBLE Y AGUA. INCL IVA	ML	45220
Antiguo	CONCRETO Y ACERO PARA ESTRUCTURAS	ESTRUCTURAS EN ACERO	6440	LIMPIEZA GRADO DE LIMPIEZA SEGÚN NORMA SSPC-SP1 - LIMPIEZA CON SOLVENTES PARA ESTRUCTURA PESADA	KG	714
Antiguo	CONCRETO Y ACERO PARA ESTRUCTURAS	ESTRUCTURAS EN ACERO	6441	LIMPIEZA GRADO DE LIMPIEZA SEGÚN NORMA SSPC-SP2 - LIMPIEZA MANUAL PARA ESTRUCTURA PESADA	KG	781
Antiguo	CONCRETO Y ACERO PARA ESTRUCTURAS	ESTRUCTURAS EN ACERO	6442	LIMPIEZA GRADO DE LIMPIEZA SEGÚN NORMA SSPC-SP3 - LIMPIEZA CON HERRAMIENTAS ELÉCTRICAS PARA ESTRUCTURA PESADA	KG	901
Antiguo	CONCRETO Y ACERO PARA ESTRUCTURAS	ESTRUCTURAS EN ACERO	6443	LIMPIEZA GRADO DE LIMPIEZA SEGÚN NORMA SSPC-SP5 - LIMPIEZA CON ABRASIVO METAL BLANCO PARA ESTRUCTURA PESADA.	KG	1309
Antiguo	CONCRETO Y ACERO PARA ESTRUCTURAS	ESTRUCTURAS EN ACERO	6444	LIMPIEZA GRADO DE LIMPIEZA SEGÚN NORMA SSPC-SP7 - LIMPIEZA CON CHORRO ABRASIVO BRUSH-OFF PARA ESTRUCTURA PESADA.	KG	1488
Antiguo	CONCRETO Y ACERO PARA ESTRUCTURAS	ESTRUCTURAS EN ACERO	6445	LIMPIEZA GRADO DE LIMPIEZA SEGÚN NORMA SSPC-SP6 - LIMPIEZA CON CHORRO ABRASIVO COMERCIAL PARA ESTRUCTURA PESADA.	KG	1726
Antiguo	CONCRETO Y ACERO PARA ESTRUCTURAS	ESTRUCTURAS EN ACERO	6446	LIMPIEZA GRADO DE LIMPIEZA SEGÚN NORMA SSPC-SP10 - LIMPIEZA CON CHORRO ABRASIVO METAL CASI BLANCO PARA ESTRUCTURA PESADA.	KG	1964
Antiguo	REDES ACUEDUCTO	REDES ACUEDUCTO	6448	EMPATES DE TUBERÍA EN PVC A PVC 10" LINEAL SEGÚN NORMA NS-023 (INCLUYE ACCESORIOS). SUMINISTRO E INSTALACIÓN.	UN	2005623
Antiguo	REDES ALCANTARILLADO / DRENAJE	REDES ALCANTARILLADO / DRENAJE	6449	MARCO Y TAPA PARA SUMIDERO 0.52M X 0.90M EAAB NP-023. SUMINISTRO E INSTALACIÓN	UN	698249
Antiguo	ACTIVIDADES CONSERVACIÓN	ACTIVIDADES CONSERVACIÓN	6450	LAVADO DE ANDENES. INCLUYE ALQUILER DE HIDROLAVADORA 1300W. INCLUYE IMPLEMENTOS DE ASEO (DETERGENTE INDUSTRIAL), TRANSPORTE, AGUA, COMBUSTIBLE Y MANO DE OBRA.	M2	5167
Antiguo	ACTIVIDADES CONSERVACIÓN	ACTIVIDADES CONSERVACIÓN	6451	LIMPIEZA DE CÁRCAMOS (INCLUYE CARGUE, RETIRO Y DISPOSICIÓN FINAL DE SOBRANTES, CON EL 60% DE COLMATACIÓN)	ML	17636
Antiguo	PAVIMENTOS	PAVIMENTOS EN CONCRETO ASFALTICO	6456	ATENCIÓN DE EMERGENCIAS CON MEZCLA ASFÁLTICA EN CALIENTE TIPO DENSO MD12 ASFALTO 80-100 (INCLUYE SUMINISTRO, EXTENDIDO, NIVELACIÓN Y COMPACTACIÓN MECANICA CON VIBROCOMPACTADOR Y COMPACTADOR DE LLANTAS, FACTOR DE COMPACTACION Y TRANSPORTE DE MATERIAL A 21 KMS) JORNADA NOCTURNA PARA ACTIVIDADES INMEDIATAS DE JORNADA TAPAHUECOS.	M3	1425077
Antiguo	ANÁLISIS AUXILIARES	CUADRILLAS (INCLUYE FACTOR PRESTACIONAL)	6457	CUADRILLA (OFICIAL + 6 AYUDANTES) HORARIO NOCTURNO INCLUYE PRESTACIONES	HR	136102
Antiguo	SEÑALIZACIÓN	DEMARCACION DE PAVIMENTOS	6458	PINTURA EN PLASTICO EN FRIO METILMETACRILATO DE A=10 CM PARA LÍNEAS DE DEMARCACIÓN, CON MICROESFERAS Y ESPESOR SECO SEGÚN NORMA NTC 4744. SUMINISTRO Y APLICACIÓN.	ML	16660
Antiguo	PAVIMENTOS	PAVIMENTOS ARTICULADOS	6459	INSTALACIÓN ADOQUÍN DE ARCILLA TR. LIVIANO 20X10X6CM (INCLUYE BASE 4CM MORTERO 2000 Y ARENA DE SELLO)	M2	66101
Antiguo	GESTION SOCIAL	GESTION SOCIAL	6461	CANALIZACIÓN DE TRÁFICO CON SEÑALIZADORES TUBULARES COLOMBINA PLÁSTICA Y TRIPLE CINTA DE SEÑALIZACIÓN (INCLUYE ALQUILER DE SEÑALIZADORES TUBULARES). (NO INCLUYE INSTALACIÓN, MANTENIMIENTO Y DESINSTALACIÓN)	UN/MES	7929
Nuevo 	TRANSPORTES Y ACARREOS	TRANSPORTES Y ACARREOS	6462	TRANSPORTE DE ESCOMBROS EN SITIO AUTORIZADO (DISTANCIA DE TRANSPORTE 1 KM). A DISTANCIA MAYOR DEL ACARREO LIBRE (90 M) EN SITIO AUTORIZADO POR LA ENTIDAD AMBIENTAL COMPETENTE.	M3-KM	1800
Nuevo 	TRANSPORTES Y ACARREOS	TRANSPORTES Y ACARREOS	6463	DERECHO DE BOTADERO DE ESCOMBROS EN SITIO AUTORIZADO POR M3 EN SITIO AUTORIZADO POR LA ENTIDAD AMBIENTAL COMPETENTE.	M3	7934
Nuevo 	PAVIMENTOS	PAVIMENTOS EN CONCRETO ASFALTICO	6464	RIEGO DE LIGA CON EMULSIÓN ASFÁLTICA CRR-1 - HORARIO NOCTURNO. (SUMINISTRO, BARRIDO SUPERFICIE Y RIEGO)	M2	3784
Nuevo 	ANÁLISIS AUXILIARES	CUADRILLAS (INCLUYE FACTOR PRESTACIONAL)	6465	CUADRILLA (2 AYUDANTES) HORARIO NOCTURNO - HR	HR	37574
Nuevo 	PAVIMENTOS	PAVIMENTOS EN CONCRETO ASFALTICO	6466	ATENCIÓN DE EMERGENCIAS CON MEZCLA ASFÁLTICA EN CALIENTE TIPO DENSO MD12 ASFALTO 80-100 CON EMULSIÓN CRR-1 - HORARIO NOCTURNO (INCLUYE SUMINISTRO, EXTENDIDO, NIVELACIÓN Y COMPACTACIÓN MECANICA CON VIBROCOMPACTADOR Y COMPACTADOR DE LLANTAS, FACTOR DE COMPACTACION, TRANSPORTE DE MATERIAL A 21 KMS Y CARGUE Y DISPOSICIÓN DE ESCOMBROS)	M3	1428681
Nuevo 	SEÑALIZACIÓN	DEMARCACION DE PAVIMENTOS	6467	PINTURA EN PLASTICO EN FRIO METILMETACRILATO DE A=10 CM PARA LÍNEAS DE DEMARCACIÓN, SIN MICROESFERAS Y ESPESOR SECO SEGÚN NORMA NTC 4744. SUMINISTRO Y APLICACIÓN.	ML	16084
Nuevo 	OBRAS DE ARTE Y EDIFICACIONES	CUBIERTAS	6469	CUBIERTA LISA TIPO SÁNDWICH DECK, SUM E INST, EN ALUZINC CAL 26 PINTADA AL HORNO POR LAS DOS CARAS COLOR A ELEGIR CON AISLAMIENTO ACÚSTICO EN FIBRA DE VIDRIO DE 30 MM. CON SUS CLIPS DE FIJACIÓN INCL REMATES DE CUBIERTA	M2	344300
Nuevo 	RELLENOS Y CAPAS GRANULARES	CAPAS GRANULARES	6471	SUBBASE GRANULAR PEATONAL SBG_PEA. (SUMINISTRO, EXTENDIDO  Y NIVELACIÓN MANUAL, HUMEDECIMIENTO MECÁNICO Y COMPACTACIÓN MECÁNICA CON VIBROCOMPACTADOR TÁNDEM PEQUEÑO, INCLUYE OPERARIO Y COMBUSTIBLE).	M3	199033
Nuevo 	PAVIMENTOS	PAVIMENTOS EN CONCRETO ASFALTICO	6472	MEZCLA ASFÁLTICA EN CALIENTE TIPO DENSO MD20 ASFALTO 80-100. (INCLUYE SUMINISTRO, EXTENDIDO  Y NIVELACIÓN MANUAL,  COMPACTACIÓN MECÁNICA CON VIBROCOMPACTADOR TÁNDEM PEQUEÑO Y COMPACTADOR DE LLANTAS CON OPERARIO Y COMBUSTIBLE, FACTOR DE COMPACTACION Y TRANSPORTE DE MATERIAL A 21 KMS).	M3	1571576
Nuevo 	RELLENOS Y CAPAS GRANULARES	CAPAS GRANULARES	6473	ESTABILIZACIÓN DE SUBRASANTE CON RAJÓN. (SUMINISTRO, EXTENDIDO  Y NIVELACIÓN MANUAL, HUMEDECIMIENTO MECÁNICO Y COMPACTACIÓN MECÁNICA CON RETROEXCAVADORA Y  VIBROCOMPACTADOR TÁNDEM PEQUEÑO,  INCLUYEN OPERARIO Y COMBUSTIBLE). NO INCLUYE MATERIAL DE SELLO.	M3	164138
Nuevo 	RELLENOS Y CAPAS GRANULARES	CAPAS GRANULARES	6474	SUBBASE GRANULAR CLASE C (SBG_C) (SUMINISTRO, EXTENDIDO  Y NIVELACIÓN MANUAL, HUMEDECIMIENTO MECÁNICO Y COMPACTACIÓN MECÁNICA CON VIBROCOMPACTADOR TÁNDEM PEQUEÑO, INCLUYE OPERARIO Y COMBUSTIBLE).	M3	219444
Nuevo 	ANDENES Y SARDINELES	SARDINELES Y BORDILLOS	6475	BORDILLO PREFABRICADO A80 (SUMINISTRO E INSTALACIÓN. INCLUYE 3CM MORTERO DE PEGA 2000 PSI Y NIVELACIÓN DEL TERRENO CON RELLENO EN MATERIAL SELECCIONADO PROVENIENTE DE EXCAVACIÓN).	ML	89764
Nuevo 	ACTIVIDADES CONSERVACIÓN	ACTIVIDADES CONSERVACIÓN	6476	FRESADO Y REPOSICIÓN DE PAVIMENTO FLEXIBLE E=0.18 M (INCLUYE CARGUE)	M2	224188
Nuevo 	ENSAYOS - LABORATORIOS	ENSAYOS - LABORATORIOS	6482	TARIFA HORA DE RECOLECCIÓN DE MATERIAL DE MUESTREO EN PLANTA U OBRA. (INCLUYE TRANSPORTE, LABORATORISTA, INSPECTOR, 2 AYUDANTES, HERRAMIENTA MENOR Y LONAS).	HR	134808
Nuevo 	SEÑALIZACIÓN	SEÑALES DE TRANSITO	6483	ALQUILER SEÑAL TEMPORAL MÓVIL ECONÓMICA CON TRÍPODE TIPO SIO - SP - SI - SR DE (100 X 50 CM - 75 X 75 CM - 80 X 50 CM) LÁMINA GALVANIZADA CAL. 20 Y ÁNGULOS DE 1" X 1/2" X 1/8"	UN/MES	58405
Nuevo 	SEÑALIZACIÓN	SEÑALES DE TRANSITO	6484	ALQUILER DE BARRICADA METÁLICA CON SEÑAL DE DESVÍO O VÍA CERRADA DE 2.40 M CINTA GRADO INGENIERÍA SHEETING	UN/MES	218965
Nuevo 	REDES ELECTRICAS	RED ELECTRICA CODENSA	6485	UNIÓN DE REPARACIÓN EXOTÉRMICA PARA UNIÓN DE CONDUCTORES. CAPACIDAD DE 90 GR. INCLUYE MOLDE, CARGA, CHISPERO, PINZAS Y DEMÁS ACCESORIOS DE INSTALACIÓN. SUMINISTRO E INSTALACIÓN.	UN	62398
Nuevo 	RELLENOS Y CAPAS GRANULARES	CAPAS GRANULARES	6486	ESTABILIZACIÓN CON RCD. INCLUYE TRASIEGO INTERNO, NIVELACIÓN Y COMPACTACIÓN.	M3	63924
Nuevo 	REDES ELECTRICAS	RED ELÉCTRICA CODENSA	6488	CABLE DE COBRE DESNUDO CALIBRE NO.2/0 AWG. ENTERRADO EN TERRENO NATURAL. INCLUYE EXCAVACIÓN, RELLENOS Y COMPACTACIÓN DEL PISO. SUMINISTRO E INSTALACIÓN. DISTANCIA DE TRANSPORTE 28 KM.	ML	308430
Nuevo 	REDES ELECTRICAS	RED ELÉCTRICA CODENSA	6489	CANALIZACIÓN SUBTERRÁNEA CON 2 DUCTOS DE 2" PVC DB, ACCESORIOS, EXCAVACIÓN, RELLENOS Y ACABADO (INCLUYE SUMINISTRO E INSTALACIÓN)	ML	118748
Nuevo 	REDES ELECTRICAS	RED ELÉCTRICA CODENSA	6494	ACOMETIDA DE TRANSFORMADOR A TABLERO DE MEDIA EN CONDUCTORES DE ALUMINIO, 4 CABLES NO. 4/0 AWG, AISLADOS HFFR PARA 600 V C.A.. INCLUYE CONDUCTORES, CONEXIONES, ACCESORIOS DE MONTAJE, ELEMENTOS DE CONEXIÓN Y DE MARCACIÓN. INCLUYE SUMINISTRO E INSTALACIÓN.	ML	316053
Nuevo 	REDES ELECTRICAS	RED ELÉCTRICA CODENSA	6495	ACOMETIDA DE GENERADOR DE EMERGENCIA A TRANSFERENCIA EN CONDUCTORES DE ALUMINIO, 4 CABLES NO. 4/0 AWG, AISLADOS HFFR PARA 600 V C.A. INCLUYE CONDUCTORES, CONEXIONES, ACCESORIOS DE MONTAJE, ELEMENTOS DE CONEXIÓN Y DE MARCACIÓN. INCLUYE SUMINISTRO E INSTALACIÓN.	ML	316053
Nuevo 	REDES ELECTRICAS	RED ELÉCTRICA CODENSA	6498	INTERRUPTOR SENCILLO PARA CONTROL DE ALUMBRADO INTERIOR. INCLUYE ACCESORIOS DE INSTALACIÓN.	UN	19783
Nuevo 	REDES ELECTRICAS	RED ELÉCTRICA CODENSA	6499	CABLE HFFR NO.10 EN COBRE. SUMINISTRO E INSTALACIÓN. INCLUYE ACCESORIOS DE INSTALACIÓN.	ML	17498
Nuevo 	REDES ELECTRICAS	RED ELÉCTRICA CODENSA	6500	SALIDA PARA SONIDO EMT 3/4" (POR EL TECHO DE LA PLATAFORMA). INCLUYE SUMINISTRO E INSTALACIÓN	UN	241552
Nuevo 	REDES ELECTRICAS	RED ELÉCTRICA CODENSA	6501	SALIDA EMT 3/4" PARA CCTV POR EL TECHO EN TAQUILLA. INCLUYE SUMINISTRO E INSTALACIÓN	UN	348028
Nuevo 	ACTIVIDADES CONSERVACIÓN	ACTIVIDADES CONSERVACIÓN	6505	ROCERÍA EN LOTE PORTAL	M2	3241
Nuevo 	ANÁLISIS AUXILIARES	CARPINTERÍA METÁLICA	6506	BAJANTE EN LÁMINA GALVANIZADA CAL. 22 INSPECCIONABLE, INCLUYE PINTURA EPÓXICA GRIS HUMO PARA RECUBRIMIENTO.	ML	218840
Nuevo 	OBRAS DE ARTE Y EDIFICACIONES	ACABADOS	6507	VIDRIO TEMPLADO DE 10 MM CON PERFORACIONES DE 1" PARA PERMITIR INTERLOCUCIÓN	M2	272057
Nuevo 	ANDENES Y SARDINELES	SARDINELES Y BORDILLOS	6510	CONSTRUCCIÓN DE BORDILLO EN CONCRETO MR36 FUNDIDO IN SITU. INCLUYE LA PREPARACIÓN DE LA SUPERFICIE DE APOYO	ML	67124
Nuevo 	OBRAS DE ARTE Y EDIFICACIONES	PISOS	6511	PISO EN MÁRMOL ROYAL VETA. ESPESOR MÍNIMO DE 15 MM	M2	362432
Nuevo 	CONCRETO Y ACERO PARA ESTRUCTURAS	CONCRETO PARA ESTRUCTURAS	6512	ANCLAJE PARA TUBERIA EN CONCRETO PREMEZCLADO DE 3000 PSI GRAVA COMUN (Incluye Suministro, formaleteo y colocacion)	M3	711482
Nuevo 	REDES ACUEDUCTO	REDES ACUEDUCTO	6514	TEE PVC SOLDAR DE 1/2". SUMINISTRO EN INSTALACIÓN	UN	4367
Nuevo 	REDES ELECTRICAS	RED ELÉCTRICA CODENSA	6515	TUBERÍA CONDUIT PVC D=3/4" (INCLUYE SUMINISTRO E INSTALACIÓN)	ML	10092
Nuevo 	CONCRETO Y ACERO PARA ESTRUCTURAS	ESTRUCTURAS EN ACERO	6517	TORNILLOS A 325. INCLUYE MATERIALES, INSUMOS, HERRAMIENTAS Y EQUIPOS, ANDAMIOS, MANO DE OBRA CALIFICADA Y TODO LO NECESARIO PARA DESARROLLAR LA OBRA.	KG	15446
Nuevo 	REDES ALCANTARILLADO / DRENAJE	REDES ALCANTARILLADO / DRENAJE	6518	CODO 90° CXE PVC SANITARIA D=6" (INCLUYE SUMINISTRO E INSTALACIÓN).	UN	171850
Nuevo 	REDES ALCANTARILLADO / DRENAJE	REDES ALCANTARILLADO / DRENAJE	6519	TRAGANTE CÚPULA DE 6" X 4" EN ALUMINIO. INCLUYE SUMINISTRO E INSTALACIÓN	UN	27415
Nuevo 	REDES ALCANTARILLADO / DRENAJE	REDES ALCANTARILLADO / DRENAJE	6520	TRAGANTE CÚPULA DE 5" X 4" PLÁSTICA. INCLUYE SUMINISTRO E INSTALACIÓN	UN	14265
Nuevo 	REDES ALCANTARILLADO / DRENAJE	REDES ALCANTARILLADO / DRENAJE	6521	TEE REDUCIDA PVC SOLDAR DE 1" X 1/2". SUMINISTRO E INSTALACIÓN	UN	8284
Nuevo 	REDES ACUEDUCTO	REDES ACUEDUCTO	6523	UNIÓN UNIVERSAL D=1" (SUMINISTRO E INSTALACIÓN)	UN	16236
Nuevo 	REDES ACUEDUCTO	REDES ACUEDUCTO	6524	VÁLVULA CHEQUE 1" (INCLUYE SUMINISTRO E INSTALACIÓN)	UN	67462
Nuevo 	REDES ACUEDUCTO	REDES ACUEDUCTO	6525	FLOTADOR MECÁNICO 1" (INCLUYE SUMINISTRO E INSTALACIÓN)	UN	199266
Nuevo 	REDES ELECTRICAS	RED ELECTRICA CODENSA	6527	CAJA PARA 2 MEDIDORES DE ENERGÍA TRIFÁSICO 5 AMP. 208 V / 120 V, PARA OPERACIÓN CON CT Y PARA LA CUENTA DE LA ESTACIÓN. SUMINISTRO E INSTALACIÓN. INCLUYE MEDIDOR DE ENERGÍA TRIFÁSICO 20-80 AMP, CAJA CONTADOR TRIFÁSICO PARA 2 MEDIDORES	UN	609274
Nuevo 	REDES ELECTRICAS	RED ELECTRICA CODENSA	6528	ACOMETIDA DESDE TABLERO DE MEDIA A TABLERO DE TRANSFERENCIA EN CONDUCTORES DE ALUMINIO, 4 CABLES NO. 4/0 AWG, AISLADOS HFFR PARA 600 V C.A. INCLUYE CONDUCTORES, CONEXIONES, ACCESORIOS DE MONTAJE, ELEMENTOS DE CONEXIÓN Y DE MARCACIÓN. INCLUYE SUMINISTRO E INSTALACIÓN.	ML	318758
Nuevo 	REDES ELECTRICAS	RED ELECTRICA CODENSA	6529	ACOMETIDA DE TABLERO DE TRANSFERENCIA A TDP EN CONDUCTORES DE ALUMINIO, 4 CABLES NO. 4/0 AWG, AISLADOS HFFR PARA 600 V C.A. INCLUYE CONDUCTORES, CONEXIONES, ACCESORIOS DE MONTAJE, ELEMENTOS DE CONEXIÓN Y DE MARCACIÓN. INCLUYE SUMINISTRO E INSTALACIÓN.	ML	324507
Nuevo 	REDES ELECTRICAS	RED ELECTRICA CODENSA	6532	SALIDA PARA DATOS PCV 3/4" DESDE TORNIQUETE HASTA CAJA DE HALADO. INCLUYE SUMINISTRO E INSTALACIÓN	UN	72606
Nuevo 	SEÑALIZACIÓN	DEMARCACION DE PAVIMENTOS	6533	DEMARCACIÓN LÍNEA DE INICIO O FIN CARRIL, A= 0.20M L= 1.0M SEPARACIÓN= 1.0M E= 2.3MM EN PINTURA TERMOPLÁSTICA. INCLUYE SUMINISTRO Y APLICACIÓN CON EQUIPO. INCLUYE MICROESFERAS	M2	34469
Nuevo 	OBRAS DE ARTE Y EDIFICACIONES	PISOS	6534	ENCHAPE DE PISO PIZARRA MULTICOLOR DE 30CM X 60CM ESPESOR 7MM O MAYOR. SUMINISTRO E INSTALACIÓN	M2	304034
Nuevo 	OBRAS DE ARTE Y EDIFICACIONES	PISOS	6535	PISO EN CONCRETO DE 3000 PSI GRAVA COMÚN FUNDIDO EN SITIO	M2	54475
Nuevo 	OBRAS DE ARTE Y EDIFICACIONES	ACABADOS	6536	PAÑETE LISO O RÚSTICO 1:4 IMPERMEABILIZADO. (INCLUYE SUMINISTRO E INSTALACIÓN HECHO EN OBRA)	M2	55103
Nuevo 	REDES ALCANTARILLADO / DRENAJE	REDES ALCANTARILLADO / DRENAJE	6538	TUBERIA PVC U.M. EXT CORRUGADO/INT LISO U.M. NORMA NTC 3722-1 D=14" (INCLUYE SUMINISTRO E INSTALACIÓN)	ML	262156
Nuevo 	CONCRETO Y ACERO PARA ESTRUCTURAS	ESTRUCTURAS EN ACERO	6541	TAPA DE TANQUE DE 1.0m X 1.0m EN LAMINA ALFAJOR DE 6mm. SUMINISTRO E INSTALACIÓN.	ML	330076
Nuevo 	REDES ALCANTARILLADO / DRENAJE	REDES ALCANTARILLADO / DRENAJE	6542	CODO 45° CXE PVC SANITARIA D=6" (INCLUYE SUMINISTRO E INSTALACIÓN).	UN	86693
Nuevo 	REDES ACUEDUCTO	REDES ACUEDUCTO	6543	TUBERÍA PVC E.L. PARA SOLDAR DE 1/2" RDE 13.5 315 PSI. SUMINISTRO EN INSTALACIÓN.	UN	8574
Nuevo 	REDES ACUEDUCTO	REDES ACUEDUCTO	6544	CODO 90° PVC SOLDAR DE 1/2". SUMINISTRO EN INSTALACIÓN.	UN	9625
Nuevo 	REDES ELECTRICAS	RED ELECTRICA CODENSA	6547	CAJA DE INSPECCIÓN. MEDIDAS INTERNAS DE 0.3MX0.3M MEDIDAS EXTERNAS 0.50M X 0.50M (H=0.50M). INCLUYE SUMINISTRO Y CONSTRUCCIÓN. INCLUYE MARCO Y TAPA. NO INC. BASE Y CAÑUELA)	UN	417417
Nuevo 	REDES ELECTRICAS	RED ELECTRICA CODENSA	6548	SALIDA EMT 3/4" PARA CCTV E INFORMADORES POR EL TECHO DE LA PLATAFORMA. INCLUYE SUMINISTRO E INSTALACIÓN	UN	264632
Nuevo 	OBRAS DE ARTE Y EDIFICACIONES	PISOS	6551	PLACA DE CONCRETO DE 3000 PSI GRAVA COMÚN DE 8CM DE ESPESOR CON LÁMINA EN METALDECK 2" CALIBRE 22. (INCLUYE TRANSPORTE, HERRAMIENTA MENOR, MANO DE OBRA)	M2	170015
Nuevo 	REDES ALCANTARILLADO / DRENAJE	REDES ALCANTARILLADO / DRENAJE	6553	TAPÓN DE PRUEBA PVC SANITARIA D=6" (INCLUYE SUMINISTRO E INSTALACIÓN)	UN	30759
Nuevo 	SEÑALIZACIÓN	OTROS-SEÑALIZACIÓN	6554	SEÑALIZACIÓN PREVENTIVA PARA REDES DE SERVICIOS PÚBLICOS CON CINTA DE 500 MT X 4" PELIGRO CALIBRE 3.5 (INCLUYE SUMINISTRO Y COLOCACIÓN)	ML	531
Nuevo 	REDES ACUEDUCTO	REDES ACUEDUCTO	6555	REDUCCION PVC E.L. D=1" A 1/2" (INCLUYE SUMINISTRO E INSTALACIÓN).	UN	4293
Nuevo 	REDES ACUEDUCTO	REDES ACUEDUCTO	6556	REGISTRO DE PASO DIRECTO EN BRONCE DE 1/2". SUMINISTRO EN INSTALACIÓN.	UN	89263
Nuevo 	ANÁLISIS AUXILIARES	CARPINTERÍA METÁLICA	6559	MARCO EN LÁMINA COLD ROLLED CAL. 20 ANCLADO A MURO CON CHAZOS EXPANSIVOS DE 1/2" - 3" - HOJA EN LÁMINA CELOSÍA COLD ROLLED CAL. 1894.20	UN	852373
Nuevo 	REDES ELECTRICAS	RED ELECTRICA CODENSA	6560	TABLERO DE ALUMBRADO Y FUERZA A 208 / 120 VC. A. TRIFÁSICOS 5 HILOS, CON BARRA NEUTRO Y TIERRA, 40 BREAKERS DE 16A MONOFÁSICOS TIPO INDUSTRIAL, 2 BREAKERS TRIFASICOS DE 40A TIPO INDUSTRIAL, 24 CIRCUÍTOS; TTN CON TOTALIZADOR DE 200A. SUMINISTRO E INSTALACIÓN, INCLUYE CONTACTORES Y SELECTORES PARA ALUMBRADOS, DPS Y CONEXIÓN A TIERRA, SEGÚN DISEÑO. PROYECTO AMPLIACIÓN DEL PORTAL TUNAL.	UN	4928902
Nuevo 	ANÁLISIS AUXILIARES	CARPINTERÍA METÁLICA	6562	REHABILITACIÓN ANDEN ADOQUÍN ARCILLA TR LIVIANO SOBRE MORTERO. NO INCL BORDILLO. INCL. RETIRO ADOQUIN E INSTALAR EL MISMO. NO INCLUYE REDES.	M2	101465
Nuevo 	REDES TELEFONICAS / DATOS	RED TELEFONICA COLOMBIA TELECOMUNICACIONES	6563	TRITUBO PE 100 FOPT DE 40MM (1 1/4") RDE 13.5 MULTF. D= 40 X 40 X 40 MM POLIETILENO DE ALTA DENSIDAD. INCLUYE SUMINISTRO E INSTALACIÓN. NO INCLUYE RELLENO.	ML	19299
Nuevo 	DEMOLICIONES	DEMOLICIONES	6565	DESMONTE Y RETIRO DE REJA DE CERRAMIENTO. INCLUYE DEMOLICIÓN DE CIMENTACIÓN, BASE Y REJA. INCLUYE TRANSPORTE A 21 KM Y DISPOSICIÓN DE MATERIALES EN SITIO AUTORIZADO.	ML	58387
Nuevo 	OBRAS DE ARTE Y EDIFICACIONES	ACABADOS	6567	BANDEJA PARA INTERCAMBIO DE MONEDAS EN ACERO INOXIDABLE CAL. 18 SOPORTADO CON ÁNGULOS METÁLICOS A ANTEPECHO EN MAMPOSTERÍA. SUMINISTRO E INSTALACIÓN.	ML	382803
Nuevo 	OBRAS DE ARTE Y EDIFICACIONES	ACABADOS	6568	CANALETA METÁLICA DE 12 CM X 5 CM CON TAPA. SUMINISTRO E INSTALACIÓN. INCLUYE TROQUE EN TAQUILLAS PARA ALOJAR LOS CONDUCTORES DE VOZ, DATOS Y ENERGÍA ENTRE LOS PUESTOS DE LAS TAQUILLAS.	ML	47007
Nuevo 	SEÑALIZACIÓN	OTROS-SEÑALIZACIÓN	6569	CHEVRON 90 CM X 40 CM, REFLECTIVO PRISMÁTICO TIPO VII O SUPERIOR, AMARILLO LIMÓN FLUORESCENTE EN LÁMINA GALVANIZADA, PEDESTAL EN ÁNGULO. SUMINISTRO E INSTALACIÓN.	UN	345866
Nuevo 	SEÑALIZACIÓN	DEMARCACION DE PAVIMENTOS	6570	PINTURA ACRÍLICA BASE AGUA (E=15MILS. INCLUYE SUMINISTRO Y APLICACIÓN CON EQUIPO. INCLUYE MICROESFERAS).	M2	45802
Nuevo 	SEÑALIZACIÓN	DEMARCACION DE PAVIMENTOS	6571	DEMARCACION LINEA CONTINUA A=0.12M (E=15 MILS, ACRÍLICA BASE AGUA. INC. SUMIN. Y APLIC. CON EQUIPO. INCL. MICROESFERAS)	ML	2711
Nuevo 	SEÑALIZACIÓN	DEMARCACION DE PAVIMENTOS	6572	DEMARCACION LINEA CONTINUA A=0.15M (E=15 MILS, ACRÍLICA BASE AGUA. INC. SUMIN. Y APLIC. CON EQUIPO. INCL. MICROESFERAS)	ML	7974
Nuevo 	REDES ELECTRICAS	RED ELECTRICA CODENSA	6574	RECONSTRUCCIÓN POR HILADA PARA CAJA DE INSPECCIÓN SENCILLA PARA CANALIZACIÓN (1.49M X 0.99M) NORMA CODENSA CS275. INCLUYE MORTERO DE PEGA Y PAÑETE IMPERMEABILIZADO DE 2500 PSI, LADRILLO TOLETE RECOCIDO, MORTERO DE PEGA 1:5. (NO INCLUYE MARCO, TAPA, EXCAVACIONES, RELLENOS, TRANSPORTE Y DISPOSICIÓN DE ESCOMBROS).	UN	72909
Nuevo 	REDES ELECTRICAS	RED ELECTRICA CODENSA	6575	RECONSTRUCCIÓN POR HILADA PARA CAJA DE INSPECCIÓN DE ALUMBRADO PÚBLICO (0.90M X 0.90M) NORMA CODENSA CS274. INCLUYE MORTERO DE PEGA Y PAÑETE IMPERMEABILIZADO DE 2500 PSI, LADRILLO TOLETE RECOCIDO, MORTERO DE PEGA 1:5. (NO INCLUYE MARCO, TAPA, EXCAVACIONES, RELLENOS, TRANSPORTE Y DISPOSICIÓN DE ESCOMBROS).	UN	57663
Nuevo 	REDES ELECTRICAS	RED ELECTRICA CODENSA	6576	RECONSTRUCCIÓN POR HILADA PARA CAJA DE INSPECCIÓN (2.00M X 2.00M) NORMA CODENSA CS280. INCLUYE MORTERO DE PEGA Y PAÑETE IMPERMEABILIZADO DE 2500 PSI, LADRILLO TOLETE RECOCIDO, MORTERO DE PEGA 1:5. (NO INCLUYE MARCO, TAPA, EXCAVACIONES, RELLENOS, TRANSPORTE Y DISPOSICIÓN DE ESCOMBROS).	UN	131126
Nuevo 	MOBILIARIO URBANO - ARBOLES Y GRAMAS	MOBILIARIO URBANO	6577	CONTENEDOR DE RAICES TIPO B22 (TIPO C) (1.60M X 1.60M X 1.60M) INCLUYE MUROS EN CONCRETO GRAVA COMÚN 3000 PSI (210 KG/CM2), SUMINISTRO CONSTRUCCIÓN Y FILTRO EN GRAVILLA 1/2", FORMALETA Y REFUERZO. NO INCLUYE TIERRA NEGRA.	UN	1236162
Nuevo 	SEÑALIZACIÓN	DEMARCACION DE PAVIMENTOS	6579	DEMARCACIÓN LINEA CONTINUA A= 0.2MT, (E= 15 MILS ACRÍLICA BASE AGUA. INCLUYE SUMINISTRO Y APLICACIÓN CON EQUIPO. INCLUYE MICROESFERAS.	ML	9161
Nuevo 	SEÑALIZACIÓN	DEMARCACION DE PAVIMENTOS	6580	SÍMBOLO DE DEMARCACIÓN CORREDOR EXCLUSIVO DE BICICLETA 1.60M X 2.40M (E= 15 MILS. INCLUYE SUMINISTRO Y APLICACIÓN CON EQUIPO. INCLUYE MICROESFERAS.	UN	41222
Nuevo 	SEÑALIZACIÓN	DEMARCACION DE PAVIMENTOS	6581	SÍMBOLO DE DEMARCACIÓN CORREDOR EXCLUSIVO DE BICICLETA 0.80M X 1.20M (E= 15 MILS. INCLUYE SUMINISTRO Y APLICACIÓN CON EQUIPO. INCLUYE MICROESFERAS.	UN	12367
Nuevo 	SEÑALIZACIÓN	DEMARCACION DE PAVIMENTOS	6582	DEMARCACIÓN DE LETRERO "SOLO BUS" (E= 15 MILS. INCLUYE SUMINISTRO Y APLICACIÓN CON EQUIPO. INCLUYE MICROESFERAS.	UN	207479
Nuevo 	SEÑALIZACIÓN	DEMARCACION DE PAVIMENTOS	6583	FLECHA DIRECCIONAL "FRENTE, DERECHA E IZQUIERDA" PARA PAVIMENTO RÍGIDO (E= 15 MILS. ACRÍLICA BASE AGUA. INCLUYE SUMINISTRO Y APLICACIÓN CON EQUIPO. INCLUYE MICROESFERAS.	UN	147025
Nuevo 	SEÑALIZACIÓN	DEMARCACION DE PAVIMENTOS	6584	PICTOGRAMA DE CEDA EL PASO EN CICLORRUTA (4 TRIÁNGULOS), (PINTURA ACRÍLICA BASE AGUA (E= 15 MILS. INCLUYE SUMINISTRO Y APLICACIÓN CON EQUIPO. INCLUYE MICROESFERAS.	UN	17772
Nuevo 	SEÑALIZACIÓN	DEMARCACION DE PAVIMENTOS	6585	DEMARCACIÓN DE FLECHA DE TERMINACIÓN DE CARRIL (E= 15 MILS. ACRÍLICA BASE AGUA. INCLUYE SUMINISTRO Y APLICACIÓN CON EQUIPO. INCLUYE MICROESFERAS.	UN	191682
Nuevo 	SEÑALIZACIÓN	DEMARCACION DE PAVIMENTOS	6586	FLECHA DIRECCIONAL "A LA IZQUIERDA" (E= 15 MILS. ACRÍLICA BASE AGUA. ÁREA: 1.5037 M2 SEGÚN EL MANUAL DE SEÑALIZACIÓN VIAL. SUMINISTRO Y APLICACIÓN CON EQUIPO. INCLUYE MICROESFERAS.	UN	84681
Nuevo 	SEÑALIZACIÓN	DEMARCACION DE PAVIMENTOS	6587	DEMARCACIÓN TEXTO PARE. ÁREA: 1.48 M2 (E= 15 MILS, ACRÍLICA BASE AGUA. SUMINISTRO Y APLICACIÓN CON EQUIPO. INCLUYE MICROESFERAS.	UN	74994
Nuevo 	SEÑALIZACIÓN	DEMARCACION DE PAVIMENTOS	6588	DEMARCACIÓN DE ACHURADO. AREA: 1.0 M2 (E= 15 MILS, ACRÍLICA BASE AGUA. SUMINISTRO Y APLICACIÓN CON EQUIPO. INCLUYE MICROESFERAS.	M2	61611
Nuevo 	SEÑALIZACIÓN	DEMARCACION DE PAVIMENTOS	6589	DEMARCACIÓN DE LINEA LOGARÍTMICA. ÁREA: 0.60 M2 (E= 15 MILS, ACRÍLICA BASE AGUA. SUMINISTRO Y APLICACIÓN CON EQUIPO. INCLUYE MICROESFERAS.	ML	34717
Nuevo 	SEÑALIZACIÓN	DEMARCACION DE PAVIMENTOS	6590	DEMARCACION LINEA DE PARE. ÁREA: 0.60 M2 (E= 15 MILS, ACRÍLICA BASE AGUA. SUMINISTRO Y APLICACIÓN CON EQUIPO. INCLUYE MICROESFERAS.	M2	43290
Nuevo 	SEÑALIZACIÓN	DEMARCACION DE PAVIMENTOS	6591	DEMARCACION LINEA DE LINEA SENDERO PEATONAL CONTINUA. ÁREA: 0.30 M2 (E= 15 MILS, ACRÍLICA BASE AGUA. SUMINISTRO Y APLICACIÓN CON EQUIPO. INCLUYE MICROESFERAS.	ML	19357
Nuevo 	SEÑALIZACIÓN	DEMARCACION DE PAVIMENTOS	6592	DEMARCACION ZONA ANTIBLOQUEO. AREA: 0.30 M2 (E= 15 MILS, ACRILICA BASE AGUA. SUMINISTRO Y APLICACION CON EQUIPO. INCLUYE MICROESFERAS.	ML	19357
Nuevo 	SEÑALIZACIÓN	DEMARCACION DE PAVIMENTOS	6593	DEMARCACIÓN DE LINEA DE PARADERO DE BUSES. ÁREA: 5.5775 M2 (E= 15 MILS, ACRÍLICA BASE AGUA. SUMINISTRO Y APLICACIÓN CON EQUIPO. INCLUYE MICROESFERAS.	UN	318657
Nuevo 	SEÑALIZACIÓN	DEMARCACION DE PAVIMENTOS	6594	DEMARCACIÓN PICTOGRAMA TRIÁNGULOS CEDA EL PASO. (E= 15 MILS, ACRÍLICA BASE AGUA. SUMINISTRO Y APLICACIÓN CON EQUIPO. INCLUYE MICROESFERAS.	UN	51063
Nuevo 	SEÑALIZACIÓN	DEMARCACION DE PAVIMENTOS	6595	DEMARCACION LINEA DE CEDA EL PASO DISCONTINUA. AREA: 0.32M2. (E= 15 MILS, ACRILICA BASE AGUA. SUMINISTRO Y APLICACION CON EQUIPO. INCLUYE MICROESFERAS.	UN	19917
Nuevo 	SEÑALIZACIÓN	DEMARCACION DE PAVIMENTOS	6596	DEMARCACION LINEA DE PARADA DE TRANSMILENIO. AREA: 3.96 M2 SEGUN PARAMETROS DE DISEÑO DE TRANSMILENIO (E= 15 MILS, ACRILICA BASE AGUA. SUMINISTRO Y APLICACION CON EQUIPO. INCLUYE MICROESFERAS.	UN	244609
Nuevo 	REDES ELECTRICAS	RED ELECTRICA CODENSA	6598	TRANSFORMADOR SECO CLASE F TRIFASICO DE 45 KVA, 11.4/0.480-277 KV ZCC 4% (NORMA CODENSA CTS-535) (INCLUYE SUMINISTRO E INSTALACIÓN)	UN	28783793
Nuevo Carrera 7a. 	REDES ACUEDUCTO	REDES ACUEDUCTO	6600	REDUCCION PVC E.L. D= 1 1/2" X 1/2" (INCLUYE SUMINISTRO E INSTALACIÓN, SOLDADURA).	UN	16514
Nuevo Carrera 7a. 	CONCRETO Y ACERO PARA ESTRUCTURAS	CONCRETO PARA ESTRUCTURAS	6656	COLUMNA EN CONCRETO DE 3000 PSI, (21 MPa) PREMEZCLADO, GRAVA COMÚN (Incluye suministro, Bombeo formaleteo en madera, colocación y curado, No incluye refuerzo).	M3	1031794
Nuevo Carrera 7a. 	REDES ELECTRICAS	RED ELECTRICA CODENSA	6658	CABLE MONOPOLAR DE ALUMINIO, HF FR PARA 600V C.A. CALIBRE NO. 4/0 AWG (INCLUYE SUMINISTRO E INSTALACIÓN)	ML	34281
Nuevo Carrera 7a. 	CONCRETO Y ACERO PARA ESTRUCTURAS	CONCRETO PARA ESTRUCTURAS	6661	VIGAS DE CIMENTACION EN CONCRETO PREMEZCLADO DE 3000  PSI (21 Mpa), GRAVA COMUN (Incluye Sumin., Formaleteo metalico, Colocación y Curado. No incl. Refuerzo).	M3	946336
Nuevo Carrera 7a. 	CONCRETO Y ACERO PARA ESTRUCTURAS	CONCRETO PARA ESTRUCTURAS	6665	VIGA CABEZAL SOBRE PILOTES Y/O COLUMNAS EN CONCRETO PREMEZCLADO DE 4000 PSI (28Mpa) (Incluye suministro, Formaleteo metalico, bombeo, colocacion y curado. No incluye Refuerzo)	M3	1019309
Nuevo Carrera 7a. 	REDES ELECTRICAS	RED ELECTRICA CODENSA	6673	DEMOLICION MANUAL DE CAJA SENCILLA CS 274 (INCLUYE DEMOLICIÓN DE PLACA PISO, TAPA, MUROS Y CAÑUELAS Y CARGUE)	UN	212354
Nuevo Carrera 7a. 	REDES ELECTRICAS	RED ELECTRICA CODENSA	6675	RETIRO DE TRANSFORMADOR AISLADO EN ACEITE (DE 30 KVA A 225 KVA), 11.400 VC.A./208-120 VC.A. INSTALADO EN POSTE (INCLUYE TRASLADO A SITIO DE ACOPIO).	UN	464609
Nuevo Carrera 7a. 	REDES ELECTRICAS	RED ELECTRICA CODENSA	6676	DEMOLICION MANUAL DE CAJA SENCILLA CS 280 (INCLUYE DEMOLICIÓN DE PLACA PISO, TAPA, MUROS Y CAÑUELA Y CARGUE).	UN	170823
Nuevo Carrera 7a. 	REDES TELEFONICAS / DATOS	RED TELEFONICA ETB	6687	RECONSTRUCCIÓN CÁMARA DE INSPECCIÓN T-13 ETB (H=2.3M. INCLUYE BASE, MUROS, CUBIERTA, ARO-BASE Y ARO-TAPA)	UN	2909806
Nuevo Carrera 7a. 	CONCRETO Y ACERO PARA ESTRUCTURAS	CONCRETO PARA ESTRUCTURAS	6710	VIGA DE CIMENTACION EN CONCRETO PREMEZCLADO DE 4000 PSI (28 Mpa) GRAVA COMUN (Incluye Sumin., Formaleteo metalico, Colocación y Curado. No incl. Refuerzo).	M3	981997
Nuevo Carrera 7a. 	REDES TELEFONICAS / DATOS	RED TELEFONICA ETB	6715	RECONSTRUCCIÓN CÁMARA DE INSPECCIÓN T-13A ETB (H=2.3M. INCLUYE BASE, MUROS, CUBIERTA, ARO-BASE Y ARO-TAPA)	UN	3591890
Nuevo Carrera 7a. 	REDES TELEFONICAS / DATOS	RED TELEFONICA ETB	6717	RECONSTRUCCIÓN CÁMARA DE INSPECCIÓN T-14 ETB (H=2.3M. INCLUYE BASE, MUROS, CUBIERTA, ARO-BASE Y ARO-TAPA)	UN	3224213
Nuevo Carrera 7a. 	REDES TELEFONICAS / DATOS	RED TELEFONICA ETB	6718	RECONSTRUCCIÓN CÁMARA DE INSPECCIÓN T-14A ETB (H=2.3M. INCLUYE BASE, MUROS, CUBIERTA, ARO-BASE Y ARO-TAPA)	UN	3356432
Nuevo Carrera 7a. 	REDES TELEFONICAS / DATOS	RED TELEFONICA ETB	6719	RECONSTRUCCIÓN CÁMARA DE INSPECCIÓN T-16 ETB (H=2.3M. INCLUYE BASE, MUROS, CUBIERTA, ARO-BASE Y ARO-TAPA)	UN	3860686
Nuevo Carrera 7a. 	REDES TELEFONICAS / DATOS	RED TELEFONICA ETB	6720	RECONSTRUCCIÓN CÁMARA DE INSPECCIÓN T-16A ETB (H=2.3M. INCLUYE BASE, MUROS, CUBIERTA, ARO-BASE Y ARO-TAPA)	UN	4425179
Nuevo Carrera 7a. 	REDES TELEFONICAS / DATOS	RED TELEFONICA ETB	6742	24 DUCTOS D=4" PVC-TDP (INCLUYE SUMINISTRO E INSTALACIÓN. NO INCLUYE RELLENOS)	ML	730754
Nuevo Carrera 7a. 	REDES ACUEDUCTO	REDES ACUEDUCTO	6755	TEE PVC SOLDAR DE 2". (SUMINISTRO EN INSTALACIÓN)	UN	31827
Nuevo Carrera 7a. 	CONCRETO Y ACERO PARA ESTRUCTURAS	CONCRETO PARA ESTRUCTURAS	6763	VIGAS Y PLACAS AÉREAS EN CONCRETO PREMEZCLADO DE 3000 PSI (21Mpa), GRAVA COMÚN  (Incluye Suministro, Formaleteo en madera, curado y Colocación. No incluye Refuerzo).	M3	1079371
Nuevo Carrera 7a. 	CONCRETO Y ACERO PARA ESTRUCTURAS	CONCRETO PARA ESTRUCTURAS	6765	VIGAS Y PLACAS AÉREAS EN CONCRETO PREMEZCLADO DE 4000 PSI (28 Mpa) GRAVA COMUN (Incluye suministro, formaleteo en madera, colocacion, andamio, cerchas, parales y curado. No incluye refuerzo)	M3	1059369
Nuevo Carrera 7a. 	CONCRETO Y ACERO PARA ESTRUCTURAS	CONCRETO PARA ESTRUCTURAS	6774	DADO EN CONCRETO DE 3000 PSI, (21 MPa) PREMEZCLADO, GRAVA COMÚN (Incluye suministro, formaleteo en madera, Bombeo, colocación y curado, No incluye refuerzo).	M3	917396
Nuevo Carrera 7a. 	CONCRETO Y ACERO PARA ESTRUCTURAS	CONCRETO PARA ESTRUCTURAS	6775	VIGAS DE CUBIERTA REFORZADAS EN CONCRETO PREMEZCLADO DE 4000 PSI (Incluye suministro, formaleteo metalico, bombeo, colocacion, andamios y curado. No incluye refuerzo)	M3	1072129
Nuevo Carrera 7a. 	SEÑALIZACIÓN	DEMARCACION DE PAVIMENTOS	6779	PICTOGRAMA PEATONAL AMARILLO/NEGRO. (INCLUYE SUMINISTRO E INSTALACIÓN)	UN	724900
Nuevo Carrera 7a. 	REDES ACUEDUCTO	REDES ACUEDUCTO	6801	REDUCCION PVC E.L. D= 1 1/2" X 1" (SUMINISTRO E INSTALACIÓN)	UN	13889
Nuevo Carrera 7a. 	SEÑALIZACIÓN	SEÑALES DE TRANSITO	6848	SEÑAL VERTICAL GRUPO PREVENTIVA SR-38 Y SR-39 TIPO RECTÁNGULO (75X25CM) (INCLUYE SUMINISTRO E INSTALACIÓN)	UN	415945
Nuevo Carrera 7a. 	SEÑALIZACIÓN	DEMARCACION DE PAVIMENTOS	6856	DEMARCACION TEXTO VEL MAX 30 KM/H AREA: 4.80 M2. (E=2.3 MM, TERMOPLASTICA INCLUYE SUMINISTRO Y APLICACIÓN CON EQUIPO. INCLUYE MICROESFERAS).	UN	826779
Nuevo Carrera 7a. 	REDES ACUEDUCTO	REDES ACUEDUCTO	6857	LLAVE MANGUERA 1/2". SUMINISTRO E INSTALACIÓN	UN	72128
Nuevo Carrera 7a. 	SEÑALIZACIÓN	DEMARCACION DE PAVIMENTOS	6864	PICTOGRAMA TRIANGULAR POMPEYANO. (E=2.3 MM, TERMOPLÁSTICA.) (INCLUYE SUMINISTRO Y APLICACIÓN CON EQUIPO, INCLUYE MICROESFERAS). AREA DE LA MARCA: 0.35 M2.	UN	62104
Nuevo Carrera 7a. 	PUENTES	PUENTES PEATONALES	6866	CINTA FLEXIBLE PARA SELLO DE JUNTAS A=15CM (SUMINISTRO E INSTALACIÓN).	ML	60780
Nuevo Carrera 7a. 	CONCRETO Y ACERO PARA ESTRUCTURAS	CONCRETO PARA ESTRUCTURAS	6868	VIGAS Y PLACAS AÉREAS EN CONCRETO PREMEZCLADO DE 5000 PSI (34 Mpa) GRAVA COMUN (Incluye suministro, formaleteo en madera, colocacion y curado. No incluye Refuerzo)	M3	1194260
Nuevo Carrera 7a. 	CONCRETO Y ACERO PARA ESTRUCTURAS	CONCRETO PARA ESTRUCTURAS	6869	COLUMNA EN CONCRETO DE 5000 PSI, (35 MPa) PREMEZCLADO, GRAVA COMÚN (Incluye suministro, Bombeo, formaleteo en madera, colocación y curado, No incluye refuerzo).	M3	1117020
Nuevo Carrera 7a. 	CONCRETO Y ACERO PARA ESTRUCTURAS	CONCRETO Y ACERO PARA ESTRUCTURAS	6878	CONCRETO 3000 PSI (21 MPA) GRAVA COMÚN PARA ANDENES (PREMEZCLADO. INCLUYE SUMINISTRO, FORMALETEO, COLOCACIÓN Y CURADO. NO INCLUYE REFUERZO).	M3	740803
Nuevo Carrera 7a. 	CONCRETO Y ACERO PARA ESTRUCTURAS	CONCRETO Y ACERO PARA ESTRUCTURAS	6880	CONCRETO MR41 COLOR OCRE PARA RAMPAS Y ESCALERAS (PREMEZCLADO. INCLUYE SUMINISTRO, FORMALETEO, COLOCACIÓN Y CURADO. NO INCLUYE REFUERZO).	M3	1566542
Nuevo Carrera 7a. 	REDES ELECTRICAS	RED ELECTRICA CODENSA	6959	CONDUCTOR MONOPOLAR DE COBRE, AISLADOS PARA 600 V C.A., CALIBRE NO. 2 AWG. (INCLUYE SUMINISTRO E INSTALACIÓN).	ML	30083
Nuevo Carrera 7a. 	REDES ACUEDUCTO	REDES ACUEDUCTO	6968	TUBERÍA PVC D=3/4" RDE 21 (SUMINISTRO E INSTALACIÓN)	ML	10115
Nuevo Carrera 7a. 	OBRAS DE ARTE Y EDIFICACIONES	PISOS	7026	PISO EN PIEDRA MUÑECA BOGOTANA PULIDA (600X400X60MM). INCLUYE MORTERO 1:4, E=6 CM PROMEDIO (SUMINISTRO E INSTALACIÓN)	M2	228451
Nuevo Carrera 7a. 	ANDENES Y SARDINELES	SARDINELES Y BORDILLOS	7028	BORDILLO PREFABRICADO A81 (SUMINISTRO E INSTALACIÓN. INCLUYE 3CM MORTERO DE NIVELACIÓN 2000 PSI)	ML	94360
Nuevo Carrera 7a. 	MOBILIARIO URBANO - ARBOLES Y GRAMAS	SIEMBRA DE ARBOLES Y GRAMA	7047	PLANTACION DE LIQUIDAMBAR H=2.5 M. (INCLUYE SUMINISTRO AL SITIO DE OBRA, EXCAVACIÓN MANUAL, PLANTACION, CAJA, TIERRA, ABONO, TUTOR, TRANSPORTE Y DISPOSICIÓN FINAL DE ESCOMBROS EN SITIO AUTORIZADO A 28 KM).	UN	506376
Nuevo Carrera 7a. 	REDES ELECTRICAS	RED ELECTRICA CODENSA	7057	SALIDA PARA ILUMINACIÓN (SUMINISTRO E INSTALACIÓN)	UN	56562
Nuevo Carrera 7a. 	MOBILIARIO URBANO - ARBOLES Y GRAMAS	SIEMBRA DE ARBOLES Y GRAMA	7090	PLANTACION DE HIEDRA MIAMI (INCLUYE SUMINSTRO AL SITIO DE OBRA DE 12 UNIDADES POR M2, PLANTACION Y TRANSPORTE Y DISPOSICIÓN FINAL DE ESCOMBROS A 28 KM). 	M2	125833
Nuevo Carrera 7a. 	REDES ELECTRICAS	RED ELECTRICA CODENSA	7113	CABLE CONDUCTOR MONOPOLAR DE 3X6 + 1X6 + 1X8T AWG AL THWN, 600 V.(ALUMINIO Y COBRE) (INCLUYE SUMINISTRO E INSTALACIÓN)	ML	64176
Nuevo Carrera 7a. 	PUENTES	PUENTES PEATONALES	7136	DESMONTE Y TRASLADO DE ELEMENTOS METALICOS (INCLUYE MANEJO, ALMACENAMIENTO, CARGUE Y TRANSPORTE DE LOS ELEMENTOS A SITIO AUTORIZADO E INDICADO POR IDU.)	KG	1538
Nuevo Carrera 7a. 	REDES ELECTRICAS	RED ELECTRICA CODENSA	7332	CABLE MONOPOLAR DE COBRE, HF FR PARA 600V C.A. CALIBRE NO. 8 AWG. (INCLUYE SUMINISTRO E INSTALACIÓN)	ML	17417
Nuevo - Tintal Alsacia	REDES ELECTRICAS	RED ELECTRICA CODENSA	7336	BARRA DE UNION 5/8". (INCLUYE SUMINISTRO E INSTALACIÓN).	KG	6926
Nuevo - Tintal Alsacia	REDES ACUEDUCTO	REDES ACUEDUCTO	7337	BRIDA CIEGA EN ACERO D= 24". PRESIÓN DE TRABAJO= 150 PSI.	UN	5778918
Nuevo - Tintal Alsacia	SEÑALIZACIÓN	SEÑALES DE TRANSITO	7338	BARRICADA METALICA TIPO IDU CON CERRADO REFLECTIVO NARANJA Y BLANCO GRADO INGENIERIA, MEDIDAS: 2.40M X 1.50M - 3 BANDEJAS DE 20CM X 2.40M. TABLERO DE DESVIO DE 60CM. (INCLUYE CABALLETE, SUMINISTRO E INSTALACIÓN)	UN/MES	430542
Nuevo - Tintal Alsacia	REDES TELEFONICAS / DATOS	RED TELEFONICA EPM	7340	CAMARA DE PASO NO. 2 UNE-EPM TELECOMUNICACIONES NORMA TEL NIN-105.(INCLUYE SUMINISTRO E INSTALACIÓN, NO INCLUYE RELLENOS).	UN	4091441
Nuevo - Tintal Alsacia	REDES ACUEDUCTO	REDES ACUEDUCTO	7341	CARCAMO AGUAS LLUVIAS 0.45 X 0.60 M. (INCLUYE REJILLA) SUMINISTRO E INSTALACIÓN	ML	1445650
Nuevo - Tintal Alsacia	SEÑALIZACIÓN	OTROS-SEÑALIZACIÓN	7344	SEÑALIZACIÓN CON CINTA DE DEMARCACION CALIBRE 3 (INCLUYE SUMINISTRO Y COLOCACIÓN)	ML	1094
Nuevo - Tintal Alsacia	CONCRETO Y ACERO PARA ESTRUCTURAS	CONCRETO Y ACERO PARA ESTRUCTURAS	7345	CONCRETO 3000 PSI (21 MPA) GRAVA COMÚN PARA MATERA (PREMEZCLADO. INCLUYE SUMINISTRO, FORMALETEO, COLOCACIÓN Y CURADO. NO INCLUYE REFUERZO).	M3	843066
Nuevo - Tintal Alsacia	SEÑALIZACIÓN	DEMARCACION DE PAVIMENTOS	7346	DEMARCACIÓN LÍNEA DE INICIO O FIN CARRIL, A= 0.20M L= 1.0M SEPARACIÓN= 1.0M E= 2.3MM EN PINTURA TERMOPLÁSTICA. INCLUYE SUMINISTRO Y APLICACIÓN CON EQUIPO. INCLUYE MICROESFERAS.	M2	34469
Nuevo - Tintal Alsacia	REDES ACUEDUCTO	REDES ACUEDUCTO	7347	NIPLE 16" ACERO CARBON EXTREMOS BRIDA/CAMPANA CON SALIDA TANGENCIAL PARA PURGA 4" L= 2500MM. SUMINISTRO E INSTALACIÓN	UN	4873161
Nuevo - Tintal Alsacia	CONCRETO Y ACERO PARA ESTRUCTURAS	CONCRETO Y ACERO PARA ESTRUCTURAS	7348	CONCRETO 4000 PSI (28 MPa) GRAVA COMÚN PARA BARRERA NEW JERSEY MONODIRECCIONAL DE 0.90M DE ALTURA X 0.375M DE BASE. (PREMEZCLADO. INCLUYE SUMINISTRO, FORMALETEO, COLOCACIÓN Y CURADO. NO INCLUYE REFUERZO).	M3	909758
Nuevo - Tintal Alsacia	CONCRETO Y ACERO PARA ESTRUCTURAS	CONCRETO Y ACERO PARA ESTRUCTURAS	7349	CÁMARA EN CONCRETO 4000 PSI (28 Mpa) GRAVA COMÚN (PREMEZCLADO. INCLUYE SUMINISTRO, FORMALETEO, COLOCACIÓN Y CURADO. NO INCLUYE REFUERZO).	M3	900610
Nuevo - Tintal Alsacia	CONCRETO Y ACERO PARA ESTRUCTURAS	CONCRETO Y ACERO PARA ESTRUCTURAS	7351	CÁRCAMO EN CONCRETO 4000 PSI (28 MPA) GRAVA COMÚN (PREMEZCLADO. INCLUYE SUMINISTRO, FORMALETEO, COLOCACIÓN Y CURADO. NO INCLUYE REFUERZO).	M3	929918
Nuevo - Tintal Alsacia	MOBILIARIO URBANO - ARBOLES Y GRAMAS	MOBILIARIO URBANO	7353	CONTENEDOR DE RAICES TIPO B23 (TIPO D) (2.00M X 2.00M X 1.40M). (INCLUYE FILTRO EN GRAVILLA, TIERRA NEGRA. SUMINISTRO Y CONSTRUCCIÓN).	UN	2059073
Nuevo - Tintal Alsacia	REDES ACUEDUCTO	REDES ACUEDUCTO	7354	NIPLE 12" ACERO CARBON EXTREMO BRIDA Y EXTREMO LISO PARA CINTURÓN DE CIERRE L= 1500MM. (A) SUMINISTRO E INSTALACIÓN	UN	2524298
Nuevo - Tintal Alsacia	REDES ACUEDUCTO	REDES ACUEDUCTO	7355	NIPLE 4" ACERO CARBON BRIDA Y EXTREMO LISO L= 300MM. (A) SUMINISTRO E INSTALACIÓN	UN	446995
Nuevo - Tintal Alsacia	REDES TELEFONICAS / DATOS	RED TELEFONICA ETB	7356	DETECTOR DE DEMANDA PEATONAL (BOTONES) NO INCLUYE CABLES. (INCLUYE SUMINISTRO E INSTALACIÓN).	UN	2063677
Nuevo - Tintal Alsacia	REDES ACUEDUCTO	REDES ACUEDUCTO	7357	NIPLE 4" ACERO CARBON BRIDA/BRIDA L= 250MM. (A) SUMINISTRO E INSTALACIÓN	UN	625798
Nuevo - Tintal Alsacia	REDES ACUEDUCTO	REDES ACUEDUCTO	7358	NIPLE 4" ACERO CARBON BRIDA/EXTREMO LISO L= 200MM. (A) SUMINISTRO E INSTALACIÓN	UN	433929
Nuevo - Tintal Alsacia	SEÑALIZACIÓN	SEÑALES DE TRANSITO	7359	SEÑAL VERTICAL DE TRÁNSITO TIPO SP/SR CON LÁMINA RETRORREFLECTIVA PARA CICLORUTA DE 0.45 M X 0.45 M, INCLUYE POSTE. SUMINISTRO E INSTALACIÓN.	UN	434882
Nuevo - Tintal Alsacia	GEOSINTETICOS	GEOTEXTILES	7362	GEOMALLA BIAXIAL CON RESISTENCIA ULTIMA A LA TENSION, SENTIDO LONGITUDINAL Y TRANSVERSAL: ENTRE 30 KN/M Y 32 KN/M. PARA REFUERZO DE MATERIALES GRANULARES. (INCLUYE SUMINISTRO E INSTALACION).	M2	13515
Nuevo - Tintal Alsacia	RELLENOS Y CAPAS GRANULARES	RELLENOS PARA ANDENES Y REDES	7364	RELLENO EN RECEBO COMUN (SUMINISTRO E INSTALACIÓN EXTENDIDO MECANICO, HUMEDECIMIENTO, COMPACTACIÓN Y TRANSPORTE A 28 KM).	M3	102218
Nuevo - Tintal Alsacia	ACTIVIDADES CONSERVACIÓN	ACTIVIDADES CONSERVACIÓN	7368	PIEDRA CASCAJO (RAJÓN) (INCLUYE SUMINISTRO E INSTALACIÓN)	M2	57653
Nuevo - Tintal Alsacia	DEMOLICIONES	DEMOLICIONES	7369	DEMOLICION DE CANALIZACION DE REDES DE COMUNICACIONES DUCTOS PVC-TDP (INCLUYE RETIRO Y DISPOSICION DE ESCOMBROS)	ML	10754
Nuevo - Tintal Alsacia	REDES ALCANTARILLADO / DRENAJE	REDES ALCANTARILLADO / DRENAJE	7370	CÁMARA DE CAIDA D=10" H=1.70M (INCLUYE SUMINISTRO E INSTALACIÓN)	UN	1651400
Nuevo - Tintal Alsacia	REDES ALCANTARILLADO / DRENAJE	REDES ALCANTARILLADO / DRENAJE	7371	CÁMARA DE CAIDA D=12" H=0.75M - 3.00M (INCLUYE SUMINISTRO E INSTALACIÓN)	UN	2032139
Nuevo - Tintal Alsacia	REDES ALCANTARILLADO / DRENAJE	REDES ALCANTARILLADO / DRENAJE	7372	CÁMARA DE CAIDA D=16" H=0.85M - 3.15M (INCLUYE SUMINISTRO E INSTALACIÓN)	UN	5573890
Nuevo - Tintal Alsacia	SEÑALIZACIÓN	OTROS-SEÑALIZACIÓN	7374	SEÑALIZACIÓN CON COLOMBINA TUBULAR PLASTICA (INCLUYE SUMINISTRO E INSTALACIÓN)	UN	51927
Nuevo - Tintal Alsacia	REDES ACUEDUCTO	REDES ACUEDUCTO	7375	EMPATES DE TUBERÍA EN CCP A CCP 16" LINEAL (INCLUYE ACCESORIOS).SUMINISTRO E INSTALACIÓN	UN	1261251
Nuevo - Tintal Alsacia	SEÑALIZACIÓN	OTROS-SEÑALIZACIÓN	7377	FLECHA LUMINOSA INTERMITENTE DE 1.10 MTS DE LONGITUD Y 40 CMS DE ANCHO CON ESTRUCTURA EN TUBO CUADRADO DE 1" DE 1.60 CMS DE ALTO. (SUMINISTRO E INSTALACIÓN)	UN	1328234
Nuevo - Tintal Alsacia	GEOSINTETICOS	GEOTEXTILES	7378	GEOMALLA UNIAXIAL RESISTENCIA ÚLTIMA 60KN/MK PARA REFUERZO DE MATERIALES GRANULARES. (INCLUYE SUMINISTRO E INSTALACIÓN)	M2	23756
Nuevo - Tintal Alsacia	MOBILIARIO URBANO - ARBOLES Y GRAMAS	SIEMBRA DE ARBOLES Y GRAMA	7379	PLANTACION DE PALMA DE CERA (INCLUYE SUMINISTRO AL SITIO DE OBRA, PLANTACION, TIERRA NEGRA Y TRANSPORTE Y DISPOSICIÓN FINAL DE ESCOMBROS EN SITIO AUTORIZADO A 28 KM).	UN	639295
Nuevo - Tintal Alsacia	ANÁLISIS AUXILIARES	OTROS	7380	TOMA DE INFORMACION DE TRANSITO DURANTE LA OBRA (INCLUYE PROCESAMIENTO Y LOGISTICA)	HR	22473
Nuevo - Tintal Alsacia	REDES ACUEDUCTO	REDES ACUEDUCTO	7384	VÁLVULA TIPO MARIPOSA DE Ø 12" CON EXTREMOS LISOS TUBERIA EN PVC, INCLUYE UNIONES (INCLUYE SUMINISTRO E INSTALACIÓN).	UN	10051634
Nuevo - Tintal Alsacia	CONCRETO Y ACERO PARA ESTRUCTURAS	ESTRUCTURAS EN ACERO	7387	BARRA DE ACERO GRADO 50 F 2-1/2" (SUMINISTRO E INSTALACIÓN).	KG	9134
Nuevo - Tintal Alsacia	REDES ACUEDUCTO	REDES ACUEDUCTO	7388	PERFORACIÓN HORIZONTAL DIRIGIDA PARA DUCTO CCP D=16" (INCLUYE TUBERÍA).SUMINISTRO E INSTALACIÓN	ML	7094478
Nuevo - Tintal Alsacia	REDES ACUEDUCTO	REDES ACUEDUCTO	7389	PERFORACIÓN HORIZONTAL DIRIGIDA PARA DUCTO CCP D=24" (INCLUYE TUBERÍA).SUMINISTRO E INSTALACIÓN	ML	12192914
Nuevo - Tintal Alsacia	ANDENES Y SARDINELES	SARDINELES Y BORDILLOS	7390	BORDE CONTENEDOR DE RAICES (2000X120X135) (INCLUYE SUMINISTRO E INSTALACIÓN, INCLUYE BASE DE 3CM EN MORTERO 1:3 HECHO EN OBRA)	ML	67506
Nuevo - Tintal Alsacia	REDES ACUEDUCTO	REDES ACUEDUCTO	7391	REDUCCION HD 24" X 16" (SUMINISTRO E INSTALACIÓN)	UN	6127902
Nuevo - Tintal Alsacia	REDES ACUEDUCTO	REDES ACUEDUCTO	7392	REDUCCION HD 12" X 6" (SUMINISTRO E INSTALACIÓN)	UN	2116444
Nuevo - Tintal Alsacia	REDES ACUEDUCTO	REDES ACUEDUCTO	7393	VÁLVULA TIPO MARIPOSA DE Ø 12" CON EXTREMOS LISOS TUBERIA EN PVC INCLUYE UNIONES Y TAPA DE SEGURIDAD CIERRE PERMANENTE (INCLUYE SUMINISTRO E INSTALACIÓN).	UN	10619048
Nuevo - Tintal Alsacia	SEÑALIZACIÓN	OTROS-SEÑALIZACIÓN	7397	SEÑAL CICLORUTA SIC-02, TABLERO 0.70M X 0.18M. INCLUYE POSTE. SUMINISTRO E INSTALACIÓN	UN	447286
Nuevo - Tintal Alsacia	SEÑALIZACIÓN	OTROS-SEÑALIZACIÓN	7398	SEÑAL CICLORUTA SIC-02, TABLERO 0.70M X 0.30M. INCLUYE POSTE. SUMINISTRO E INSTALACIÓN	UN	560248
Nuevo - Tintal Alsacia	SEÑALIZACIÓN	OTROS-SEÑALIZACIÓN	7399	SEÑAL CICLORUTA SIC-02, TABLERO 0.70M X 0.40M. EN LÁMINA GALVANIZADA CAL-16. INCLUYE SOPORTE EN TUBO REDONDO 2" EN REFLECTIVO CON PINTURA ELECTROSTÁTICA. SUMINISTRO E INSTALACIÓN	UN	822614
Nuevo - Tintal Alsacia	SEÑALIZACIÓN	OTROS-SEÑALIZACIÓN	7400	SEÑAL CICLORUTA SIC-02, TABLERO 0.80M X 0.18M. INCLUYE POSTE. SUMINISTRO E INSTALACIÓN	UN	487168
Nuevo - Tintal Alsacia	SEÑALIZACIÓN	OTROS-SEÑALIZACIÓN	7401	SEÑAL CICLORUTA SIC-02, TABLERO 0.80M X 0.80M. EN LÁMINA GALVANIZADA C-16. INCLUYE SOPORTE EN TUBO REDONDO 2" EN REFLECTIVO CON PINTURA ELECTROSTÁTICA. SUMINISTRO E INSTALACIÓN	UN	822614
Nuevo - Tintal Alsacia	SEÑALIZACIÓN	OTROS-SEÑALIZACIÓN	7406	SEÑAL VERTICAL SR 90X30 , INCLUYE POSTE. SUMINISTRO E INSTALACIÓN	UN	489804
Nuevo - Tintal Alsacia	SEÑALIZACIÓN	OTROS-SEÑALIZACIÓN	7407	SEÑAL VERTICAL DE TRÁNSITO TIPO SR CON LÁMINA REFLECTIVA PARA CICLORUTA D=0.45M. INCLUYE POSTE. SUMINISTRO E INSTALACIÓN	UN	797760
Nuevo - Tintal Alsacia	REDES ELECTRICAS	RED ELECTRICA CODENSA	7408	ACOMETIDA SUBTERRÁNEA DE BAJA TENSIÓN (2 TUBOS DE 2" PVC) INCLUYE SUMINISTRO E INSTALACIÓN.	UN	943815
Nuevo - Tintal Alsacia	REDES ELECTRICAS	RED ELECTRICA CODENSA	7409	RECONSTRUCCIÓN CAJA DE INSPECCIÓN TRIPLE PARA CANALIZACIÓN NORMA CODENSA CS 277 (INCLUYE MUROS , PAÑETE, MARCO Y TAPAS) MEDIDAS EXTERNAS: 2.79M X 1.69M. MEDIDAS INTERNAS: 2.29M X 1.19M. ALTURA 1.85M	UN	3862726
Nuevo - Tintal Alsacia	REDES ELECTRICAS	RED ELECTRICA CODENSA	7410	RECONSTRUCCIÓN CAJA DE INSPECCIÓN DOBLE PARA CANALIZACIÓN NORMA CODENSA CS 276 (INCLUYE MUROS , PAÑETE, MARCO Y TAPAS) MEDIDAS EXTERNAS: 1.79M X 1.49M. MEDIDAS INTERNAS: 1.49M X 1.19M. ALTURA 1.22M	UN	2179804
Nuevo - Tintal Alsacia	REDES ELECTRICAS	RED ELECTRICA CODENSA	7411	RECONSTRUCCIÓN CAJA DE INSPECCIÓN SENCILLA PARA CANALIZACIÓN NORMA CODENSA CS 275 (INCLUYE MUROS , PAÑETE, MARCO Y TAPAS) MEDIDAS EXTERNAS: 1.69M X 1.19M. MEDIDAS INTERNAS: 0.69M X 1.19M. ALTURA 1.22M.	UN	1512580
Nuevo - Tintal Alsacia	REDES ACUEDUCTO	REDES ACUEDUCTO	7412	VÁLVULA TIPO MARIPOSA DE Ø 4" CON EXTREMOS LISOS TUBERIA EN PVC INCLUYE UNIONES (INCLUYE SUMINISTRO E INSTALACIÓN).	UN	1373922
Nuevo - Tintal Alsacia	REDES ELECTRICAS	RED ELECTRICA CODENSA	7413	RECONSTRUCCIÓN CAJA DE INSPECCIÓN TIPO VEHICULAR (INCLUYE MUROS , PAÑETE, MARCO Y TAPAS) MEDIDAS EXTERNAS: 2.00M X 2.00M. MEDIDAS INTERNAS: 1.50M X 1.50M. ALTURA 1.80M.	UN	2582870
Nuevo - Tintal Alsacia	REDES ACUEDUCTO	REDES ACUEDUCTO	7414	VÁLVULA TIPO MARIPOSA DE Ø 6" CON EXTREMOS LISOS TUBERIA EN PVC INCLUYE UNIONES (INCLUYE SUMINISTRO E INSTALACIÓN).	UN	2715386
Nuevo - Tintal Alsacia	CONCRETO Y ACERO PARA ESTRUCTURAS	CONCRETO PARA ESTRUCTURAS	7417	ANCLAJE PARA TUBERIA EN CONCRETO PREMEZCLADO DE 4000 PSI GRAVA COMUN (Incluye suministro, formaleteo, colocacion y curado. No incluye refuerzo)	M3	866765
Nuevo - Tintal Alsacia	REDES ACUEDUCTO	REDES ACUEDUCTO	7419	TEE PVC U.M. 4" X 4" (SUMINISTRO E INSTALACIÓN)	UN	288662
Nuevo - Tintal Alsacia	REDES ACUEDUCTO	REDES ACUEDUCTO	7420	TEE PVC U.M. 6" X 3" (SUMINISTRO E INSTALACIÓN)	UN	1926775
Nuevo - Tintal Alsacia	REDES ACUEDUCTO	REDES ACUEDUCTO	7421	TEE PVC U.M. 6" X 4" (SUMINISTRO E INSTALACIÓN)	UN	1926775
Nuevo - Tintal Alsacia	REDES ACUEDUCTO	REDES ACUEDUCTO	7422	VÁLVULA TIPO MARIPOSA DE Ø 6" CON EXTREMOS LISOS TUBERIA EN PVC INCLUYE UNIONES Y TAPA DE SEGURIDAD CIERRE PERMANENTE (INCLUYE SUMINISTRO E INSTALACIÓN).	UN	3282800
Nuevo - Tintal Alsacia	REDES ACUEDUCTO	REDES ACUEDUCTO	7423	TEE PVC U.M. 6" X 6" (SUMINISTRO E INSTALACIÓN)	UN	752605
Nuevo - Tintal Alsacia	REDES ACUEDUCTO	REDES ACUEDUCTO	7424	VÁLVULA TIPO MARIPOSA DE Ø 8" CON EXTREMOS LISOS TUBERIA EN PVC INCLUYE UNIONES (INCLUYE SUMINISTRO E INSTALACIÓN).	UN	4657696
Nuevo - Tintal Alsacia	REDES ACUEDUCTO	REDES ACUEDUCTO	7425	VÁLVULA TIPO MARIPOSA DE Ø 8" CON EXTREMOS LISOS TUBERIA EN PVC INCLUYE UNIONES Y TAPA DE SEGURIDAD CIERRE PERMANENTE (INCLUYE SUMINISTRO E INSTALACIÓN).	UN	5225107
Nuevo - Tintal Alsacia	CONCRETO Y ACERO PARA ESTRUCTURAS	CONCRETO PARA ESTRUCTURAS	7426	CABEZAL EN CONCRETO PREMEZCLADO DE 4000 PSI (28Mpa) GRAVA COMUN (Incluye suministro, formaleteo metalico, colocacion y curado. No incluye refuerzo)	M3	914220
Nuevo - Tintal Alsacia	REDES ACUEDUCTO	REDES ACUEDUCTO	7427	TEE PVC U.M. 8" X 6" (SUMINISTRO E INSTALACIÓN)	UN	3309710
Nuevo - Tintal Alsacia	REDES ACUEDUCTO	REDES ACUEDUCTO	7428	TEE PVC U.M. 8" X 8" (SUMINISTRO E INSTALACIÓN)	UN	3384809
Nuevo - Tintal Alsacia	REDES ACUEDUCTO	REDES ACUEDUCTO	7429	NIPLE 24" ACERO CARBON EXTREMOS ESPIGO/CAMPANA L= 3000MM CON SALIDA PARA BOCA DE ACCESO 24" (ACERO). SUMINISTRO E INSTALACIÓN.	UN	6117980
Nuevo - Tintal Alsacia	REDES ELECTRICAS	RED ELECTRICA EPM	7430	BAJANTE DE ALIMENTACION DE LONGITUD=6M, D=2", GALVANIZADA (INCLUYE CODO DE ACOMETIDA). (INCLUYE SUMINISTRO E INSTALACIÓN)	UN	474303
Nuevo - Tintal Alsacia	REDES ALCANTARILLADO / DRENAJE	REDES ALCANTARILLADO / DRENAJE	7432	TUBERIA PVC U.M. EXT CORRUGADO/INT LISO U.M. NORMA NTC 3722-1 D=24" (INCLUYE SUMINISTRO E INSTALACIÓN)	ML	734030
Nuevo - Tintal Alsacia	REDES ALCANTARILLADO / DRENAJE	REDES ALCANTARILLADO / DRENAJE	7433	TUBERIA PVC U.M. EXT CORRUGADO/INT LISO U.M. NORMA NTC 3722-1 D=27" (INCLUYE SUMINISTRO E INSTALACIÓN)	ML	869414
Nuevo - Tintal Alsacia	REDES ALCANTARILLADO / DRENAJE	REDES ALCANTARILLADO / DRENAJE	7434	TUBERIA PVC U.M. EXT CORRUGADO/INT LISO U.M. NORMA NTC 3722-1 D=30" (INCLUYE SUMINISTRO E INSTALACIÓN)	ML	1059238
Nuevo - Tintal Alsacia	REDES ALCANTARILLADO / DRENAJE	REDES ALCANTARILLADO / DRENAJE	7435	TUBERIA PVC U.M. EXT CORRUGADO/INT LISO U.M. NORMA NTC 3722-1 D=36" (INCLUYE SUMINISTRO E INSTALACIÓN)	ML	1908295
Nuevo - Tintal Alsacia	SEÑALIZACIÓN	OTROS-SEÑALIZACIÓN	7436	SEÑAL VERTICAL DE PEDESTAL SITP 1-2 RUTAS H=3.75. (INCLUYE CENEFA, FABRICACIÓN, SUMINISTRO E INSTALACIÓN).	UN	1285005
Nuevo - Tintal Alsacia	CONCRETO Y ACERO PARA ESTRUCTURAS	CONCRETO Y ACERO PARA ESTRUCTURAS	7437	TAPAS PARA CÁMARA EN CONCRETO 6000 PSI GRAVA COMÚN (PREMEZCLADO. INCLUYE SUMINISTRO, FORMALETEO Y COLOCACIÓN. NO INCLUYE REFUERZO).	M3	1061284
Nuevo - Tintal Alsacia	REDES ACUEDUCTO	REDES ACUEDUCTO	7438	NIPLE 16" ACERO CARBON EXTREMOS BRIDA/CAMPANA L= 2000MM CON SALIDA PARA VENTOSA 2" Y BY-PASS Ø=2". (SUMINISTRO E INSTALACIÓN).	UN	4302980
Nuevo - Tintal Alsacia	REDES ALCANTARILLADO / DRENAJE	REDES ALCANTARILLADO / DRENAJE	7439	TAPA CIRCULAR DE SEGURIDAD PARA TRÁFICO PESADO D= 0.60M. SUMINISTRO E INSTALACIÓN	UN	473993
Nuevo - Tintal Alsacia	REDES ACUEDUCTO	REDES ACUEDUCTO	7440	NIPLE 16" ACERO CARBON EXTREMOS BRIDA/CAMPANA L= 2000MM CON SALIDA PARA VENTOSA 2"(ACERO). (SUMINISTRO E INSTALACIÓN).	UN	4292772
Nuevo - Tintal Alsacia	REDES ACUEDUCTO	REDES ACUEDUCTO	7441	NIPLE 16" ACERO CARBON EXTREMOS ESPIGO/BRIDA L= 2000MM CON SALIDA PARA VENTOSA 2"(ACERO). (SUMINISTRO E INSTALACIÓN).	UN	4292772
Nuevo - Tintal Alsacia	REDES ACUEDUCTO	REDES ACUEDUCTO	7442	NIPLE 16" ACERO CARBON EXTREMOS ESPIGO/BRIDA L= 2000MM CON SALIDA PARA VENTOSA 2" Y BY-PASS Ø=2". (SUMINISTRO E INSTALACIÓN).	UN	4302980
Nuevo - Tintal Alsacia	ANDENES Y SARDINELES	SARDINELES Y BORDILLOS	7443	CAÑUELA TIPO CU 004 (SUMINISTRO E INSTALACIÓN. INCLUYE 3CM MORTERO 1:5)	ML	49607
Nuevo - Tintal Alsacia	GESTIÓN AMBIENTAL	GESTIÓN AMBIENTAL	7445	CERRAMIENTO EN MALLA ELECTROSOLDADA H= 1.50M CALIBRE 10.5 HUECO DE 2". SUMINISTRO E INSTALACIÓN.	M2	418319
Nuevo - Tintal Alsacia	REDES ALCANTARILLADO / DRENAJE	REDES ALCANTARILLADO / DRENAJE	7447	TUBERIA PVC U.M. EXT CORRUGADO/INT LISO U.M. NORMA NTC 3722-1 D=48" (INCLUYE SUMINISTRO E INSTALACIÓN)	ML	3854394
Nuevo - Tintal Alsacia	REDES ACUEDUCTO	REDES ACUEDUCTO	7448	VÁLVULA 1 1/2" PARA EXPULSIÓN DE AIRE (SUMINISTRO E INSTALACIÓN)	UN	603102
Nuevo - Tintal Alsacia	REDES ACUEDUCTO	REDES ACUEDUCTO	7451	VÁLVULA COMPUERTA D=2" EXTREMOS BRIDADOS (A) (150 PSI). SUMINISTRO E INSTALACIÓN	UN	723976
Nuevo - Tintal Alsacia	REDES ACUEDUCTO	REDES ACUEDUCTO	7453	VÁLVULA COMPUERTA D=4" EXTREMOS BRIDADOS (A) (150 PSI). SUMINISTRO E INSTALACIÓN	UN	1478232
Nuevo - Tintal Alsacia	REDES ACUEDUCTO	REDES ACUEDUCTO	7454	VÁLVULA DE GLOBO DE 4" (A). SUMINISTRO E INSTALACIÓN	UN	2729315
Nuevo - Tintal Alsacia	REDES ACUEDUCTO	REDES ACUEDUCTO	7455	VÁLVULA DE MARIPOSA Ø 12"A BRIDA - BRIDA (A) (150 PSI). SUMINISTRO E INSTALACIÓN	UN	10975101
Nuevo - Tintal Alsacia	REDES ACUEDUCTO	REDES ACUEDUCTO	7459	NIPLE 16" ACERO CARBON EXTREMOS ESPIGO/CAMPANA L= 3000MM CON SALIDA BRIDADA PARA BOCA DE ACCESO 16" Y SALIDA PARA VENTOSA 2"(ACERO). (SUMINISTRO E INSTALACIÓN)	UN	5579515
Nuevo - Tintal Alsacia	REDES ACUEDUCTO	REDES ACUEDUCTO	7462	NIPLE 16" ACERO CARBON EXTREMOS ESPIGO/CAMPANA L= 3000MM CON SALIDA PARA BOCA DE ACCESO 16" (ACERO). (SUMINISTRO E INSTALACIÓN)	UN	4015725
Nuevo - Tintal Alsacia	REDES ACUEDUCTO	REDES ACUEDUCTO	7465	NIPLE 4" DE ACERO SCH-40 S/C EXTREMOS LISO, L=360MM. (SUMINISTRO E INSTALACIÓN)	UN	174324
Nuevo - Tintal Alsacia	REDES ACUEDUCTO	REDES ACUEDUCTO	7468	NIPLE 24" ACERO CARBON EXTREMOS LISOS CON SALIDA PARA PITÓMETRO 1" Y DOS SALIDAS 1 1/2". L= 2000 MM. SUMINISTRO E INSTALACIÓN	UN	4029139
Nuevo - Tintal Alsacia	SEÑALIZACIÓN	OTROS-SEÑALIZACIÓN	7469	DELINEADOR DE OBSTÁCULO PARA EL TRÁSITO POR UN LADO DEL OBTÁCULO DE 90CM X 20CM, REFLECTIVO PRISMÁTICO TIPO VII O SUPERIOR, AMARILLO LIMÓN FLUORESCENTE EN LÁMINA GALVANIZADA, PEDESTAL EN ÁNGULO. SUMINISTRO E INSTALACIÓN.	UN	546260
Nuevo - Tintal Alsacia	SEÑALIZACIÓN	OTROS-SEÑALIZACIÓN	7470	DELINEADOR DE CURVA HORIZONTAL DE 40CM X 50CM. REFLECTIVO PRISMÁTICO TIPO VII O SUPERIOR, AMARILLO LIMÓN FLUORESCENTE EN LÁMINA GALVANIZADA, PEDESTAL EN ÁNGULO. SUMINISTRO E INSTALACIÓN	UN	449014
Nuevo - Tintal Alsacia	REDES ALCANTARILLADO / DRENAJE	REDES ALCANTARILLADO / DRENAJE	7472	TUBERIA PVC U.M. EXT CORRUGADO/INT LISO U.M. NORMA NTC 3722-1 D=33". (INCLUYE SUMINISTRO E INSTALACIÓN)	ML	1463736
Nuevo - Tintal Alsacia	REDES ALCANTARILLADO / DRENAJE	REDES ALCANTARILLADO / DRENAJE	7474	TUBERIA PVC U.M. EXT CORRUGADO/INT LISO U.M. NORMA NTC 3722-1 D=42". (INCLUYE SUMINISTRO E INSTALACIÓN)	ML	3019431
Nuevo - Tintal Alsacia	REDES ACUEDUCTO	REDES ACUEDUCTO	7477	REDUCCION CONCENTRICA HD EXTREMO LISO 12"X4" (SUMINISTRO E INSTALACIÓN)	UN	1795975
Nuevo - Tintal Alsacia	REDES ACUEDUCTO	REDES ACUEDUCTO	7480	UNIÓN JUNTA DE DESMONTAJE Ø 12 (A) (SUMINISTRO E INSTALACIÓN)	UN	5247763
Nuevo - Tintal Alsacia	REDES ACUEDUCTO	REDES ACUEDUCTO	7482	UNIÓN JUNTA DE DESMONTAJE Ø 16 (A) (SUMINISTRO E INSTALACIÓN)	UN	7651563
Nuevo - Tintal Alsacia	REDES ACUEDUCTO	REDES ACUEDUCTO	7485	NIPLE 16" ACERO CARBON EXTREMOS BRIDA/EXTREMO LISO PARA CINTURON DE CIERRE L=1500MM (A). (ACERO). SUMINISTRO E INSTALACIÓN	UN	3472809
Nuevo - Tintal Alsacia	REDES ACUEDUCTO	REDES ACUEDUCTO	7486	UNIÓN JUNTA DE DESMONTAJE Ø 24 (A) (SUMINISTRO E INSTALACIÓN)	UN	9989913
Nuevo - Tintal Alsacia	REDES ACUEDUCTO	REDES ACUEDUCTO	7487	VÁLVULA DE COMPUERTA DE Ø 4" (A) CON SELLO EN BRONCE. (SUMINISTRO E INSTALACIÓN)	UN	3038072
Nuevo - Tintal Alsacia	REDES ACUEDUCTO	REDES ACUEDUCTO	7488	VENTOSA DE DOBLE ACCIÓN DE Ø 2" DE BRIDA (A). (SUMINISTRO E INSTALACIÓN)	UN	876802
Nuevo - Tintal Alsacia	REDES ACUEDUCTO	REDES ACUEDUCTO	7492	CODO CCP EN ACERO D=16" ENTRE 67.5° Y 90° L= 1.25M X 1.25M CON REVESTIMIENTO INTERIOR Y EXTERIOR EN MORTERO DE CEMENTO. INCLUYE UNIONES (ESPIGO CAMPANA), EMPAQUES DE CAUCHO, MORTERO PARA UNIÓN. PRESIÓN DE TRABAJO = 150 PSI. (NO INCLUYE MATERIALES PARA ANCLAJE). SUMINISTRO E INSTALACIÓN	UN	6461339
Nuevo - Tintal Alsacia	SEÑALIZACIÓN	OTROS-SEÑALIZACIÓN	7494	SEÑAL DOBLE DE 0.75X0.75M REFLECTIVO ALTA DENSIDAD TIPO IV EN LÁMINA GALVANIZADA, PEDESTAL EN ÁNGULO SP/SR/SI. SUMINISTRO E INSTALACIÓN.	UN	760297
Nuevo - Tintal Alsacia	REDES ACUEDUCTO	REDES ACUEDUCTO	7495	CODO EN ACERO D=16" ENTRE 45° Y 67.5° JUNTA ESPIGO-CAMPANA CON EMPAQUE CAUCHO. REVESTIMIENTO INTERIOR Y EXTERIOR EN MORTERO DE CEMENTO. L=0.85X0.85M PRESIÓN TRABAJO 150 PSI	UN	5285905
Nuevo - Tintal Alsacia	SEÑALIZACIÓN	OTROS-SEÑALIZACIÓN	7497	SEÑAL DOBLE DE 60 CM, REFLECTIVO ALTA DENSIDAD TIPO IV EN LAMINA GALVANIZADA, PEDESTAL EN ANGULO SP/SR/SI. (INCLUYE SUMINISTRO E INSTALACIÓN)	UN	602707
Nuevo - Tintal Alsacia	SEÑALIZACIÓN	OTROS-SEÑALIZACIÓN	7498	SEÑAL VERTICAL REGLAMENTARIA CICLORUTA (D= 45 CM) CON PLAQUETA. INCLUYE POSTE. SUMINISTRO E INSTALACIÓN.	UN	663227
Nuevo - Tintal Alsacia	SEÑALIZACIÓN	OTROS-SEÑALIZACIÓN	7500	SEÑAL VERTICAL INFORMATIVA CICLORUTA (D= 45CMX45CM) CON PLAQUETA. INCLUYE POSTE. SUMINISTRO E INSTALACIÓN.	UN	692032
Nuevo - Tintal Alsacia	SEÑALIZACIÓN	OTROS-SEÑALIZACIÓN	7501	SEÑAL VERTICAL GRUPO DE REGLAMENTARIAS TIPO CIRCULO (D= 60CM). INCLUYE POSTE. SUMINISTRO E INSTALACIÓN.	UN	620527
Nuevo - Tintal Alsacia	SEÑALIZACIÓN	OTROS-SEÑALIZACIÓN	7503	SEÑAL VERTICAL GRUPO DE REGLAMENTARIAS TIPO CIRCULO (D= 60CM). CON PLAQUETA INCLUYE POSTE. SUMINISTRO E INSTALACIÓN.	UN	665177
Nuevo - Tintal Alsacia	REDES ELECTRICAS	RED ELECTRICA CODENSA	7507	MALLA DE PUESTA A TIERRA PARA CAJAS DE MANIOBRA SEMISUMERGIBLE EN CAJA CS 290, RESISTIVIDADES DE TERRENO ENTRE (24.62 Y 42.42) OMNIOS-M. (INCLUYE SISTEMA DE PUESTA A TIERRA, POZOS CAPACITIVOS, TRATAMIENTO DE SUELO TIPO HIDROSOLTA, CABLE 2/0 CU DESNUDO, CONECTORES CERTIFICADOS.) ( INCLUYE SUMINISTRO E INSTALACIÓN).	UN	2589379
Nuevo - Tintal Alsacia	SEÑALIZACIÓN	OTROS-SEÑALIZACIÓN	7508	BARRERA RELLENABLE (2.00X0.55X1.00M) CON CINTA REFLECTIVA (INCLUYE SUMINISTRO E INSTALACIÓN)	UN	549383
Nuevo - Tintal Alsacia	REDES ELECTRICAS	RED ELECTRICA CODENSA	7510	3 DUCTOS DE D=4" Y 3 DUCTOS DE D=6" PVC-TDP (INCLUYE SUMINISTRO E INSTALACIÓN. NO INCLUYE RELLENOS)	ML	276443
Nuevo - Tintal Alsacia	DEMOLICIONES	DEMOLICIONES	7512	DEMOLICION DE POZO, DIAMETRO INTERIOR D=1.20M, DIAMETRO EXTERIOR D=1.70M, H=1.50M (INCLUYE CARGUE, RETIRO DE MATERIAL, TRANSPORTE Y DISPOSICIÓN FINAL DE ESCOMBROS EN SITIO AUTORIZADO).	UN	646657
Nuevo - Tintal Alsacia	DEMOLICIONES	DEMOLICIONES	7513	DEMOLICIÓN DE PLACA (INCLUYE CARGUE, RETIRO DE MATERIAL, TRANSPORTE Y DISPOSICIÓN FINAL DE ESCOMBROS EN SITIO AUTORIZADO).	M2	33331
Nuevo - Tintal Alsacia	REDES ACUEDUCTO	REDES ACUEDUCTO	7514	TAPA VALVULA TIPO CHOROTE TRAFICO PESADO (INCLUYE SUMINISTRO E INSTALACIÓN)	UN	659167
Nuevo - Tintal Alsacia	REDES ALCANTARILLADO / DRENAJE	REDES ALCANTARILLADO / DRENAJE	7515	CÁMARA DE CAIDA D=8" H=1.86M (INCLUYE SUMINISTRO E INSTALACIÓN)	UN	1260007
Nuevo - Tintal Alsacia	CONCRETO Y ACERO PARA ESTRUCTURAS	ESTRUCTURAS EN ACERO	7519	CERCHA METÁLICA CUBIERTA CON LÁMINA GALVANIZADA CAL. 18 H=0.80M, EN CRUCE DE PUENTE PARA RED HIDRÁULICA. SUMINISTRO E INSTALACIÓN.	ML	882851
Nuevo - Tintal Alsacia	CONCRETO Y ACERO PARA ESTRUCTURAS	ESTRUCTURAS EN ACERO	7521	CERCHA METÁLICA CUBIERTA CON LÁMINA GALVANIZADA CAL. 18 H=2.00M, EN CRUCE DE PUENTE PARA RED HIDRÁULICA. SUMINISTRO E INSTALACIÓN.	ML	1363550
Nuevo - Tintal Alsacia	REDES TELEFONICAS / DATOS	RED TELEFONICA ETB	7522	POSTE TIPO MASTIL T1X (3.80M) EN TUBO SCH 40 GALVANIZADO Y PINTADO. SUMINISTRO E INSTALACIÓN.	UN	4931693
Nuevo - Tintal Alsacia	SEÑALIZACIÓN	SEÑALES DE TRANSITO	7524	SEÑAL VERTICAL GRUPO I (60X60CM) CON PLAQUETA INCLUYE POSTE (INCLUYE SUMINISTRO E INSTALACIÓN)	UN	638998
Nuevo - Tintal Alsacia	REDES ALCANTARILLADO / DRENAJE	REDES ALCANTARILLADO / DRENAJE	7525	TUBERIA PVC U.M. EXT CORRUGADO/INT LISO U.M. NORMA NTC 3722-1 D=39" (INCLUYE SUMINISTRO E INSTALACIÓN)	ML	2525141
Nuevo - Av. Rincón	EXCAVACIONES	FORMALETAS, ENTIBADOS, ANDAMIOS Y ACCESORIOS	7527	ENTIBADO EC-5 CONTINUO MADERA CON PERFILES DE METÁLICOS Y PARALES TELESCÓPICOS. SUMINISTRO E INSTALACIÓN.	M2	137246
Nuevo - Av. Rincón	EXCAVACIONES	FORMALETAS, ENTIBADOS, ANDAMIOS Y ACCESORIOS	7528	ENTIBADO EC-6 CONTINUO MADERA CON PERFILES DE METÁLICOS Y PARALES TELESCÓPICOS. SUMINISTRO E INSTALACIÓN.	M2	152943
Nuevo - Av. Rincón	EXCAVACIONES	FORMALETAS, ENTIBADOS, ANDAMIOS Y ACCESORIOS	7529	ENTIBADO TIPO H> 8.50 M. SUMINISTRO E INSTALACIÓN.	M2	167443
Nuevo - Av. Rincón	ACTIVIDADES CONSERVACIÓN	ACTIVIDADES CONSERVACIÓN	7538	RECUBRIMIENTO DE TALUDES CON MALLA Y MORTERO 1:4 DE E= 3CM (INCLUYE SUMINISTRO, EQUIPOS, MATERIALES Y MANO DE OBRA)	M2	67999
Nuevo - Av. Rincón	REDES ACUEDUCTO	REDES ACUEDUCTO	7546	CODO G.RAD. PVC 22.50° TIPO U.M. D=4" (SUMINISTRO E INSTALACIÓN)	UN	150055
Nuevo - Troncal Caracas	ANÁLISIS AUXILIARES	CARPINTERÍA METÁLICA	7548	CELOSÍA 40MM. CORTASOL EN ALUZINC 0.50M LISO SIN TENSOR COLOR ESTÁNDAR. SUMINISTRO E INSTALACIÓN.	M2	210162
Nuevo - Av. Rincón	REDES ACUEDUCTO	REDES ACUEDUCTO	7553	REDUCCIÓN EXCÉNTRICA D= 27" - D= 24". SUMINISTRO E INSTALACIÓN.	UN	11446705
Nuevo - Av. Rincón	REDES ACUEDUCTO	REDES ACUEDUCTO	7555	VÁLVULA DE CHEQUE 4" (150PSI) EXTREMOS BRIDADOS (SUMINISTRO E INSTALACIÓN)	UN	1356456
Nuevo - Av. Rincón	REDES ACUEDUCTO	REDES ACUEDUCTO	7558	VÁLVULA VENTOSA HD COMBINADA TRIPLE ACCIÓN (TRIPLE EFECTO) D=3" EXTREMO BRIDA CLASE 150 (Suministro e instalacion)	UN	1614844
Nuevo - Av. Rincón	REDES ACUEDUCTO	REDES ACUEDUCTO	7566	VÁLVULA COMPUERTA ELÁSTICA EXTREMOS BRIDADOS D=3" 150 PSI (SUMINISTRO E INSTALACIÓN)	UN	1162104
Nuevo - Av. Rincón	REDES ALCANTARILLADO / DRENAJE	REDES ALCANTARILLADO / DRENAJE	7569	CAJA EN CONCRETO PARA DERIVACIÓN DE 2.40 M X 2.40 M X 2.20 M. E= 0.20M. INCLUYE MARCO Y TAPA CAJA INSPECCIÓN CS 275. (SUMINISTRO Y CONSTRUCCIÓN)	UN	1267477
Nuevo - Troncal Caracas	SEÑALIZACIÓN	OTROS-SEÑALIZACIÓN	7577	PINTURA DE TRÁFICO ESPESOR SECO 4MILS PARA SEÑALIZACIÓN DE PISO EN PUERTA CORREDIZA SENCILLA, SEGÚN MANUAL DE IMAGEN DE TRANSMILENIO - INCLUYE SUMINISTRO Y APLICACIÓN	UN	168528
Nuevo - Troncal Caracas	SEÑALIZACIÓN	OTROS-SEÑALIZACIÓN	7578	PINTURA DE TRÁFICO ESPESOR SECO 4MILS PARA SEÑALIZACIÓN DE PISO EN PUERTA CORREDIZA TELESCÓPICA, SEGÚN MANUAL DE IMAGEN DE TRANSMILENIO - INCLUYE SUMINISTRO Y APLICACIÓN	UN	241555
Nuevo - Troncal Caracas	SEÑALIZACIÓN	OTROS-SEÑALIZACIÓN	7580	SEÑAL TIPO DE FRECUENCIA EN LÁMINA, RECUBRIMIENTO POR AMBAS CARAS EN PELÍCULA REFLECTORA GRADO INGENIERÍA AZUL PARA EL FONDO Y BLANCO PARA NÚMERO O LETRA. SEGÚN MANUAL DE IMAGEN TRANSMILENIO. SUMINISTRO E INSTALACIÓN.	UN	99285
Nuevo - Troncal Caracas	SEÑALIZACIÓN	OTROS-SEÑALIZACIÓN	7584	RUTEROS MONTANTE RUTA FÁCIL EN VINILO CON ADHESIVO EN VINILO FUNDIDO 32CM X 16CM SOBRE IMPRESIÓN. SEGÚN MANUAL DE IMAGEN TRANSMILENIO. SUMINISTRO E INSTALACIÓN	UN	87052
Nuevo - Troncal Caracas	SEÑALIZACIÓN	OTROS-SEÑALIZACIÓN	7586	RUTEROS MONTANTE SERVICIOS Y HORARIOS + INFORMACIÓN + RIELES. SEGÚN MANUAL DE IMAGEN TRANSMILENIO. SUMINISTRO E INSTALACIÓN.	UN	105361
Nuevo - Troncal Caracas	REDES ELECTRICAS	RED ELECTRICA EPM	7587	BAJANTE DE ALIMENTACIÓN D=2"EN TUBERÍA METÁLICA (INCLUYE CURVA EMT 2" PARA ACOMETIDA). (INCLUYE SUMINISTRO E INSTALACIÓN)	ML	72534
Nuevo - Troncal Caracas	TRANSPORTES Y ACARREOS	TRANSPORTES Y ACARREOS	7589	RECOLECCIÓN DE TACHONES DE CONCRETO EN LAS TRONCALES (1.75M X 0.25M X 0.15M)	UN	9209
Nuevo - Portal Américas	REDES ALCANTARILLADO / DRENAJE	REDES ALCANTARILLADO / DRENAJE	7590	YEE REDUCIDA PVC SANITARIA 4" X 3" (INCLUYE SUMINISTRO E INSTALACIÓN)	UN	39909
Nuevo - Portal Américas	RELLENOS Y CAPAS GRANULARES	RELLENOS PARA ANDENES Y REDES	7591	COLUMNAS DE GRAVA F= 0.60M (INCLUYE EXCAVACIÓN Y MATERIAL DE GRAVA ENTRE 2" Y 3/4" DESGASTE LOS ÁNGELES MENOR AL 20%, TRANSPORTE, SUMINISTRO, PILOTEADORA Y COLOCACIÓN).	M3	213696
Nuevo - Portal Américas	CONCRETO Y ACERO PARA ESTRUCTURAS	ESTRUCTURAS EN ACERO	7597	BARRA SOPORTE BAÑO MOVILIDAD REDUCIDA	UN	338196
Nuevo - Portal Américas	ANÁLISIS AUXILIARES	CARPINTERÍA METÁLICA	7599	PUERTA METÁLICA CON REJILLA	M2	492051
Nuevo - Portal Américas	REDES ALCANTARILLADO / DRENAJE	REDES ALCANTARILLADO / DRENAJE	7600	SIFÓN PVC 135° D=3" (INCLUYE SUMINISTRO E INSTALACIÓN)	UN	22416
Nuevo - Portal Américas	REDES ALCANTARILLADO / DRENAJE	REDES ALCANTARILLADO / DRENAJE	7602	SIFÓN PVC 135° D=4" (INCLUYE SUMINISTRO E INSTALACIÓN)	UN	43310
Nuevo - Portal Américas	REDES TELEFONICAS / DATOS	RED TELEFONICA ETB	7609	TUBERÍA EMT DE Ø4", EXPUESTA CON SUS ACCESORIOS DE MONTAJE. INCLUYE SUMINISTRO E INSTALACIÓN.	ML	139549
Nuevo - Portal Américas	REDES ACUEDUCTO	REDES ACUEDUCTO	7632	TUBERIA PVC PRESION E.L. PARA SOLDAR D=1 1/4" RDE 21 PSI 200 (INCLUYE SUMINISTRO E INSTALACIÓN)	ML	18931
Nuevo - Portal Américas	REDES ELECTRICAS	RED ELECTRICA CODENSA	7633	FOTOCELDA CON BASE (SUMINISTRO E INSTALACIÓN)	UN	112768
Nuevo - Portal Américas	REDES ELECTRICAS	RED ELECTRICA CODENSA	7638	SALIDA DE DATOS PARA CAMARAS EXTERIORES EN POSTE (INCLUYE SUMINISTRO E INSTALACIÓN)	UN	189096
Nuevo - Av. Cali/Ferrocarril	PAVIMENTOS	PAVIMENTOS EN CONCRETO HIDRAULICO	7639	PLACA EN CONCRETO DE 3000 PSI (210 KG/CM2) GRAVA COMÚN. SUMINISTRO Y COLOCACIÓN (INCLUYE FORMALETA, SUMINISTRO, COLOCACIÓN Y CURADO). NO INCLUYE REFUERZO.	M3	745091
Nuevo - Av. Cali/Ferrocarril	REDES ELECTRICAS	RED ELECTRICA CODENSA	7646	POSTE METALICO GALVANIZADO EN CALIENTE H=14M CON BRAZO SENCILLO (INCLUYE SUMINISTRO, IZAJE, APLOMADO E INSTALACIÓN).	UN	7806611
Nuevo - Av. Cali/Ferrocarril	REDES ELECTRICAS	RED ELECTRICA CODENSA	7648	POSTE METALICO GALVANIZADO EN CALIENTE H=14M CON BRAZO DOBLE PROPOSITO DE 1.5M. (INCLUYE SUMINISTRO, IZAJE, APLOMADO E INSTALACIÓN).	UN	8071446
Nuevo - Av. Cali/Ferrocarril	REDES ELECTRICAS	RED ELECTRICA CODENSA	7652	CABLE DE 4X1/0 AWG TTU CU+1X6T (INCLUYE SUMINISTRO E INSTALACIÓN)	ML	179846
Nuevo - Av. Cali/Ferrocarril	REDES ELECTRICAS	RED ELECTRICA EPM	7653	BAJANTE GALVANIZADA TIPO PESADO CONDUIT L=6M, Ø=2". (SUMINISTRO E INSTALACIÓN)	UN	408803
Nuevo - Av. Cali/Ferrocarril	REDES ELECTRICAS	RED ELECTRICA CODENSA	7655	CABLE DE 4X2 AWG TTU CU+1X6T (INCLUYE SUMINISTRO E INSTALACIÓN)	ML	110395
Nuevo - Av. Cali/Ferrocarril	REDES ELECTRICAS	RED ELECTRICA CODENSA	7656	UPS 2KVA. INCLUYE SUMINISTRO E INSTALACIÓN	UN	2055524
Nuevo - Av. Cali/Ferrocarril	CONCRETO Y ACERO PARA ESTRUCTURAS	CONCRETO PARA ESTRUCTURAS	7657	VIGA CAJON PREESFORZADA EN CONCRETO PREMEZCLADO DE 5000 PSI (34 Mpa) GRAVA COMUN (Incluye suministro, cimbra de soporte, forza andamios, forza acero losa, formaleteo metalico, curado y colocacion. No incluye refuerzo)	M3	1564859
Nuevo - Av. Cali/Ferrocarril	REDES ELECTRICAS	RED ELECTRICA CODENSA	7658	TUBERIA CONDUIT GALVANIZADA IMC D=3" (INCLUYE SUMINISTRO E INSTALACIÓN, ACCESORIOS DE FIJACIÓN).	ML	136872
Nuevo - Av. Cali/Ferrocarril	REDES ACUEDUCTO	REDES ACUEDUCTO	7659	EMPATE ORTOGONAL PVC - PVC 12"X12" (INCLUYE SUMINISTRO E INSTALACIÓN DE TEE HD, 3 UNIONES RÁPIDAS, TUBERÍA RDE 21)	UN	8733521
Nuevo - Av. Cali/Ferrocarril	REDES ACUEDUCTO	REDES ACUEDUCTO	7660	EMPATE ORTOGONAL PVC - PVC 8"X8" (INCLUYE SUMINISTRO E INSTALACIÓN DE TEE HD, 3 UNIONES RÁPIDAS, TUBERÍA RDE 21)	UN	3575012
Nuevo - Av. Cali/Ferrocarril	REDES ELECTRICAS	RED ELECTRICA CODENSA	7661	CABLE DE 3X20 XLPE-15-KV-AL (INCLUYE SUMINISTRO E INSTALACIÓN)	ML	229288
Nuevo - Av. Cali/Ferrocarril	CONCRETO Y ACERO PARA ESTRUCTURAS	CONCRETO Y ACERO PARA ESTRUCTURAS	7662	BARRERA DE SEGURIDAD LATERAL EN CONCRETO 4000 PSI. PREMEZCLADO. INCLUYE SUMINISTRO, FORMALETEO, CURADO Y COLOCACIÓN. NO INCLUYE REFUERZO.	M3	1121615
Nuevo - Av. Cali/Ferrocarril	REDES ELECTRICAS	RED ELECTRICA CODENSA	7663	CABLE DE 3X4/0 XLPE-15-KV-AL (INCLUYE SUMINISTRO E INSTALACIÓN)	ML	170526
Nuevo - Av. Cali/Ferrocarril	REDES ELECTRICAS	RED ELECTRICA CODENSA	7665	CAJA METÁLICA DE PASO 30CMX30CMX10CM (INCLUYE SUMINISTRO E INSTALACIÓN)	UN	116024
Nuevo - Av. Cali/Ferrocarril	REDES ELECTRICAS	RED ELECTRICA CODENSA	7671	LUMINARIA RALED IV 128 LED, RA02SII, 200W. COMPLETA PARA ALUMBRADO PÚBLICO. INCLUYE LUMINARIA, CABLES Y ELEMENTOS DE CONEXIÓN , OBRAS COMPLEMENTARIAS Y ACCESORIOS. (SUMINISTRO, INSTALACIÓN, PRUEBAS PUESTA EN FUNCIONAMIENTO).	UN	2068433
Nuevo - Av. Cali/Ferrocarril	REDES ELECTRICAS	RED ELECTRICA CODENSA	7675	PUESTA A TIERRA PARA CENTRO D3E TRANSFORMACION SUBTERRANEO PARCIALMENTE SUMERGIBLE CON CUATRO PUNTOS A TIERRA. INCLUYE SUMINISTRO, TRANSPORTE Y CONSTRUCCION, VARILLA COOPER WELD 5/8" 2,44MM, CUARENTA METROS DE CABLE DE COBRE DESNUDO 2/0 AWG, CAJAS DE INSPECCION DEL SISTEMA DE PUESTA A TIERRA, SOLDADURA EXOTERMICA Y TERMINALES.	UN	3346665
Nuevo - Av. Cali/Ferrocarril	REDES ELECTRICAS	RED ELECTRICA CODENSA	7676	RETIRO DE POSTES DE MT (INCLUYE TRASLADO A SITIO DE ACOPIO, RETIRO DE POSTE, RETENIDAS, ESTRUCTURAS DE AMARRE Y SOPORTE DE RED AÉREA).	UN	432413
Nuevo - Av. Cali/Ferrocarril	CONCRETO Y ACERO PARA ESTRUCTURAS	CONCRETO PARA ESTRUCTURAS	7680	COLUMNA EN CONCRETO DE 4000 PSI, (28 MPa) PREMEZCLADO, GRAVA COMÚN (Incluye suministro, Grúa Telescópica, Bombeo, formaleteo metálico, colocación y curado, No incluye refuerzo).	M3	1023204
Nuevo - Av. Cali/Ferrocarril	CONCRETO Y ACERO PARA ESTRUCTURAS	CONCRETO PARA ESTRUCTURAS	7681	VIGA CABEZAL EN CONCRETO PREMEZCLADO DE 4000 PSI (28 Mpa) GRAVA COMUN (Incluye grua telescopica, bombeo, suministro, formaleteo metalico, colocacion y curado. No incluye refuerzo)	M3	1154830
Nuevo - Av. Rincón	REDES ELECTRICAS	RED ELECTRICA CODENSA	7687	2 DUCTOS DE 3" EN TUBERÍA IMC, TIPO PESADO, CON CERTIFICADO DE PRODUCTO RETIE (INCLUYE SUMINISTRO E INSTALACIÓN, ACCESORIOS DE FIJACIÓN).	ML	254923
Nuevo - Portal Américas	REDES ELECTRICAS	RED ELECTRICA CODENSA	7690	PROYECTOR LED PRO 600W 5000K, 120-277V, 6000 LM, CON DIFUSOR DE VIDRIO PLANO (INCLUYE ACCESORIOS DE FIJACION) (INCLUYE SUMINISTRO E INSTALACIÓN).	UN	5681215
Nuevo - Portal Tunal 	REDES ALCANTARILLADO / DRENAJE	REDES ALCANTARILLADO / DRENAJE	7691	TRAGANTE CÚPULA DE 4" X 3" PLÁSTICA. (INCLUYE SUMINISTRO E INSTALACIÓN).	UN	14604
Nuevo - Portal Américas	ACERO DE REFUERZO	ACERO DE REFUERZO	7713	(DOVELAS) ACERO LISO PARA TRANSFERENCIA DE LOSAS D= 1 1/2" (NO INCLUYE CANASTILLA). SUMINISTRO E INSTALACIÓN.	KG	8071
Nuevo - Portal Américas	ACERO DE REFUERZO	ACERO DE REFUERZO	7714	(DOVELAS) ACERO LISO PARA TRANSFERENCIA DE LOSAS D= 1" (NO INCLUYE CANASTILLA). SUMINISTRO E INSTALACIÓN.	KG	8071
Nuevo - Portal Américas	CONCRETO Y ACERO PARA ESTRUCTURAS	ESTRUCTURAS EN ACERO	7715	PERFILES DE ACERO A36. INCLUYE MANO DE OBRA, FABRICACIÓN, TRANSPORTE Y MONTAJE. INCLUYE RECUBRIMIENTO TRICAPA, ANTICORROSIVO, PINTURA EPÓXICA Y ESMALTE URETANO, ACCESORIOS E INSTALACIÓN SEGÚN DETALLE EN PLANOS Y ESPECIFICACIONES TÉCNICAS.	UN	7106
Nuevo - Av. Cali/Ferrocarril	CONCRETO Y ACERO PARA ESTRUCTURAS	CONCRETO Y ACERO PARA ESTRUCTURAS	7717	CONCRETO 3500 PSI GRAVA COMÚN PARA CONSTRUCCIÓN DE CAISSON DE 2.00M DE DIÁMETRO (INCLUYE EXCAVACIÓN MANUAL, SUMINISTRO DE CAMISA METÁLICA PERDIDA E= 3/8" FORMALETEO Y COLOCACIÓN. SUMIN DE CONCRETO PREMEZCLADO. NO INCL. REFUERZO, CURADO).	M3	2040931
Nuevo	CONCRETO Y ACERO PARA ESTRUCTURAS	CONCRETO PARA ESTRUCTURAS	7720	CURADO DE ELEMENTOS DE CONCRETO (SUMINISTRO Y APLICACIÓN)	M3	17441
Nuevo 	PUENTES	PUENTES	7723	MONTAJE Y DESMONTAJE DE ESTRUCTURA METÁLICA EN ALQUILER PARA SOPORTE PROVISIONAL DE VIGAS DE PUENTE VEHICULAR. INCLUYE CARGUE, DESCARGUE Y TRANSPORTE DESDE BODEGA; MONTAJE Y DESMONTAJE, CARGUE Y DESMONTE, CARGUE, DESCARGUE Y TRANSPORTE A BODEGA.	KG	9355
Nuevo 	CONCRETO Y ACERO PARA ESTRUCTURAS	CONCRETO Y ACERO PARA ESTRUCTURAS	7725	PILOTE D=100 CM CON CONCRETO TREMIE DE 4000 PSI. (INCLUYE EXCAVACIÓN, TRANSPORTE Y DISPOSICIÓN FINAL DE ESCOMBROS EN SITIO AUTORIZADO A 21 KM, CARGUE Y RETIRO DE SOBRANTES, MOVILIZACIÓN, MONTAJE Y DESMONTAJE DE EQUIPO ENTRE PERFORACIONES DENTRO DE LA OBRA. SUMINISTRO Y COLOCACIÓN DEL CONCRETO CON BOMBA	ML	1459007
Nuevo	REDES ACUEDUCTO	REDES ACUEDUCTO	7726	BRIDA CIEGA EN ACERO D= 16". PRESIÓN DE TRABAJO= 150 PSI.	UN	2489005
Nuevo	REDES ACUEDUCTO	REDES ACUEDUCTO	7727	TEE PVC U.M. 8" X 4" (SUMINISTRO E INSTALACIÓN)	UN	3234266
Nuevo	REDES ACUEDUCTO	REDES ACUEDUCTO	7739	BRIDA CIEGA EN ACERO (HD), PN 10, D= 2". PRESIÓN DE TRABAJO= 150 PSI. SUMINISTRO E INSTALACIÓN.	UN	161828
Nuevo	REDES ACUEDUCTO	REDES ACUEDUCTO	7740	BRIDA CIEGA EN ACERO (HD), PN 10, D= 4". PRESIÓN DE TRABAJO= 150 PSI. SUMINISTRO E INSTALACIÓN.	UN	295594
Nuevo	REDES ACUEDUCTO	REDES ACUEDUCTO	7741	BRIDA CIEGA EN ACERO (HD), PN 10, D= 12". PRESIÓN DE TRABAJO= 150 PSI. SUMINISTRO E INSTALACIÓN.	UN	1660395
Nuevo	REDES ALCANTARILLADO / DRENAJE	REDES ALCANTARILLADO / DRENAJE	7744	PASO ESCALERA DE GATO EN POLIPROPILENO DE ALTO IMPACTO CON ALMA DE ACERO S/NS-07. SUMINISTRO E INSTALACIÓN.	UN	169415
Nuevo	REDES ALCANTARILLADO / DRENAJE	REDES ALCANTARILLADO / DRENAJE	7745	ELEMENTO DE VENTILACIÓN PARA CÁMARA DE ACCESORIOS EN HG D= 4". (INCLUYE SUMINISTRO E INSTALACIÓN).	UN	448058
Nuevo	SEÑALIZACIÓN	OTROS-SEÑALIZACIÓN	7750	CERRAMIENTO ANTICOLADO, INCLUYE PERFIL TUBULAR 3" ALTURA 2.50 M EMBEBIDOS EN CONCRETO CON SEPARACIÓN ENTRE TUBOS DE 19 CM, EXCAVACIÓN, VIGA DE PISO (0.45 M X 0.20 M). SUMINISTRO E INSTALACIÓN	ML	865156
Nuevo	PAVIMENTOS	PAVIMENTOS EN CONCRETO ASFALTICO	7751	FRESADO PAVIMENTO ASFÁLTICO (INCLUYE CARGUE) INCLUYE AGUA, PUNTAS. NO INCLUYE TRANSPORTE DE MAQUINARIA, TRANSPORTE DEL FRESADO NI DISPOSICIÓN FINAL).	M3	135406
Nuevo - Carrera 7a	CONCRETO Y ACERO PARA ESTRUCTURAS	CONCRETO PARA ESTRUCTURAS	7768	COLUMNA EN CONCRETO DE 3000 PSI, (21 MPa) PREMEZCLADO, GRAVA COMÚN (Incluye suministro, Grúa Telescópica, Bombeo, formaleteo metálico, colocación y curado, No incluye refuerzo).	M3	956119
Nuevo - Recurrente DTM	ANDENES Y SARDINELES	SARDINELES Y BORDILLOS	7771	CAÑUELA TIPO FUNDIDA EN SITIO 1000X300X225 CON CONCRETO 3000 PSI HECHO EN OBRA (SUMINISTRO Y CONSTRUCCIÓN. INCLUYE CONCRETO DE 3000 PSI HECHO EN OBRA, IMPERMEABILIZANTE PARA CONCRETO).	ML	132627
Nuevo - Recurrente DTM	GESTION SOCIAL	GESTION SOCIAL	7772	ALQUILER KIT DE EMERGENCIAS (INCLUYE EXTINTOR DE 10 LBS, CAMILLA EN POLIETILENO PRIMEROS AUXILIOS, INMOVILIZADOR CABEZA, CONO DE H= 1.0M Y BOTIQUÍN.	UN/MES	36348
Nuevo	GESTION SOCIAL	GESTION SOCIAL	7773	VALLA DE 3.00 M X 6.00 M CON ESTRUCTURA METÁLICA - ESTRUCTURA TIPO VALLA EN CERCHA + BANNER. INCLUYE SUMINISTRO E INSTALACIÓN. IMPRESIÓN 720 DPI; TINTAS PARA EXTERIORES.	UN	7500594
Nuevo	GESTION SOCIAL	GESTION SOCIAL	7774	VALLA MÓVIL DE 1.20M X 1.20M EN LÁMINA GALVANIZADA CALIBRE 20, ÁNGULO EN HIERRO DE 2 X 1-1/8" IMPRESO EN VINILO ADHESIVO. INCLUYE SUMINISTRO E INSTALACIÓN. IMPRESIÓN 720 DPI; TINTAS PARA EXTERIORES.	UN	674690
Nuevo	GEOSINTETICOS	GEOMEMBRANAS	7775	GEOMEMBRANA LISA HDPE 30 MILS. (SUMINISTRO E INSTALACIÓN).	M2	34847
Nuevo	RELLENOS Y CAPAS GRANULARES	CAPAS GRANULARES	7776	ARENA DE RÍO PARA EMBOQUILLADO (INCLUYE SUMINISTRO, BARRIDO PARA SELLADO DE JUNTAS Y COMPACTACIÓN)	M3	208016
Nuevo	GEOSINTETICOS	GEOTEXTILES	7777	GEOCOMPUESTO PARA DRENAJE, CONFORMADO POR GEODREN (RED DRENANTE DE POLIETILENO DE ALTA DENSIDAD PEAD-HDPE Y GEOTEXTIL NO TEJIDO) CON ALTURA DE 0.5 M Y TUBERIA FLEXIBLE CORRUGADA DE DRENAJE CON DIAMETRO DE 100 MM. (INCLUYE SUMINISTRO E INSTALACION).	ML	61776
Nuevo	ANÁLISIS AUXILIARES	CUADRILLAS (INCLUYE FACTOR PRESTACIONAL)	7778	CUADRILLA (OFICIAL + 4 AYUDANTES) HORARIO NOCTURNO INCLUYE PRESTACIONES	HR	98525
Nuevo	ANÁLISIS AUXILIARES	CUADRILLAS (INCLUYE FACTOR PRESTACIONAL)	7779	CUADRILLA (2 AYUDANTES) HORARIO NOCTURNO - JR	JR	263016
Nuevo	ANÁLISIS AUXILIARES	CUADRILLAS (INCLUYE FACTOR PRESTACIONAL)	7780	CUADRILLA (OFICIAL + AYUDANTES) HORARIO NOCTURNO INCLUYE PRESTACIONES	HR	42164
Nuevo	ANÁLISIS AUXILIARES	CUADRILLAS (INCLUYE FACTOR PRESTACIONAL)	7781	CUADRILLA (OFICIAL + 2 AYUDANTES) HORARIO NOCTURNO	JR	426652
Nuevo	ANÁLISIS AUXILIARES	CUADRILLAS (INCLUYE FACTOR PRESTACIONAL)	7782	CUADRILLA (OFICIAL + 2 AYUDANTES) HORARIO NOCTURNO INCLUYE PRESTACIONES	HR	60951
Nuevo	ANÁLISIS AUXILIARES	CUADRILLAS (INCLUYE FACTOR PRESTACIONAL)	7783	CUADRILLA (3 OFICIAL + 6 AYUDANTES) HORARIO NOCTURNO	JR	1279956
Nuevo	ANÁLISIS AUXILIARES	CUADRILLAS (INCLUYE FACTOR PRESTACIONAL)	7784	CUADRILLA (OFICIAL + AYUDANTES) HORARIO NOCTURNO	JR	295144
Nuevo	PAVIMENTOS	PAVIMENTOS EN CONCRETO HIDRAULICO	7785	LOSA DE CONCRETO MR45 (SUMINISTRO, FORMALETEADO, COLOCACIÓN, CURADO, JUNTAS Y ACABADO. INCLUYE CANASTILLA PASA JUNTA.	M3	1307456
Nuevo	PAVIMENTOS	PAVIMENTOS EN CONCRETO HIDRAULICO	7786	CURADO DE LOSAS DE CONCRETO - HORARIO NOCTURNO. (SUMINISTRO Y APLICACIÓN)	M2	3453
Nuevo	ACERO DE REFUERZO	ACERO DE REFUERZO	7787	CANASTILLA PASAJUNTAS - HORARIO NOCTURNO. (INCLUYE SUMINISTRO Y FIJACIÓN)	KG	10924
Nuevo	PAVIMENTOS	JUNTAS PARA PAVIMENTOS	7788	CORTE DE PAVIMENTO (HORARIO NOCTURNO) - INCLUYE EQUIPO: CORTADORA DE CONCRETO INCLUYE OPERARIO Y COMBUSTIBLE. INCLUYE DISCO DIAMANTADO ASFALTO-CONCRETO 350 MM, AGUA Y MANO DE OBRA.	ML	3722
Nuevo	PAVIMENTOS	JUNTAS PARA PAVIMENTOS	7789	SELLADO DE JUNTAS EN PAVIMENTO FLEXIBLE - HORARIO NOCTURNO (INCLUYE LIMPIEZA, SUMINISTRO E INSTALACIÓN DE FONDO Y EMULSIÓN ASFÁLTICA CRR-1)	ML	7866
Nuevo	EXCAVACIONES	EXC. CONFORMACIÓN DE SUBRASANTE	7790	EXCAVACIÓN MANUAL EN MATERIAL COMÚN. HORARIO NOCTURNO. INCLUYE CARGUE.	M3	78582
Nuevo	RELLENOS Y CAPAS GRANULARES	CAPAS GRANULARES	7791	BASE GRANULAR CLASE B (BG_B) - HORARIO NOCTURNO. (SUMINISTRO, EXTENDIDO MANUAL, HUMEDECIMIENTO Y COMPACTACIÓN)	M3	255024
Nuevo	PAVIMENTOS	PAVIMENTOS EN CONCRETO ASFALTICO	7792	FRESADO PAVIMENTO ASFÁLTICO - HORARIO NOCTURNO. (INCLUYE CARGUE) INCLUYE AGUA, PUNTAS. NO INCLUYE TRANSPORTE DE MAQUINARIA, TRANSPORTE DEL FRESADO NI DISPOSICIÓN FINAL).	M3	136792
Nuevo	PAVIMENTOS	PAVIMENTOS EN CONCRETO ASFALTICO	7793	IMPRIMACIÓN CON EMULSIÓN ASFÁLTICA CRL-0 - HORARIO NOCTURNO. (SUMINISTRO, BARRIDO SUPERFICIE Y RIEGO)	M2	3423
Nuevo	PAVIMENTOS	PAVIMENTOS EN CONCRETO ASFALTICO	7794	MEZCLA ASFÁLTICA EN CALIENTE TIPO DENSO MD20 ASFALTO 60-70 - HORARIO NOCTURNO. (INCLUYE SUMINISTRO, EXTENDIDO, NIVELACIÓN Y COMPACTACIÓN MECANICA CON VIBROCOMPACTADOR Y COMPACTADOR DE LLANTAS CON OPERARIO Y COMBUSTIBLE, FACTOR DE COMPACTACION Y TRANSPORTE DE MATERIAL A 21 KMS)	M3	1340095
Nuevo	PAVIMENTOS	PAVIMENTOS EN CONCRETO ASFALTICO	7795	MEZCLA ASFÁLTICA EN CALIENTE TIPO DENSO MD10 ASFALTO 80-100 - HORARIO NOCTURNO. (INCLUYE SUMINISTRO, EXTENDIDO, NIVELACIÓN Y COMPACTACIÓN MECANICA CON VIBROCOMPACTADOR Y COMPACTADOR DE LLANTAS CON OPERARIO Y COMBUSTIBLE, FACTOR DE COMPACTACION Y TRANSPORTE DE MATERIAL A 21 KMS)	M3	1555224
Nuevo	EXCAVACIONES	EXC. CONFORMACIÓN DE SUBRASANTE	7796	EXCAVACIÓN MECÁNICA EN MATERIAL COMÚN - HORARIO NOCTURNO. (INCLUYE CARGUE)	M3	6272
Nuevo	RELLENOS Y CAPAS GRANULARES	CAPAS GRANULARES	7797	BASE GRANULAR BG-A - HORARIO NOCTURNO. (SUMINISTRO, EXTENDIDO, NIVELACIÓN Y HUMEDECIMIENTO MECÁNICO,  COMPACTACIÓN MECÁNICA CON VIBROCOMPACTADOR TÁNDEM PEQUEÑO, INCLUYE OPERARIO  Y COMBUSTIBLE).	M3	263330
Nuevo	DEMOLICIONES	DEMOLICIONES	7798	DEMOLICIÓN PAVIMENTO ASFÁLTICO. HORARIO NOCTURNO. (INCLUYE CARGUE). NO INCLUYE TRANSPORTE Y DISPOSICIÓN FINAL DE SOBRANTES.	M3	51455
Nuevo	DEMOLICIONES	DEMOLICIONES	7799	DEMOLICIÓN PAVIMENTO ASFÁLTICO - HORARIO NOCTURNO. (ESPESOR VARIABLE. INCLUYE CARGUE). NO INCLUYE TRANSPORTE Y DISPOSICIÓN FINAL DE SOBRANTES.	M2	10881
Nuevo	PAVIMENTOS	PAVIMENTOS EN CONCRETO ASFALTICO	7800	MEZCLA ASFÁLTICA EN CALIENTE TIPO DENSO MD12 CON CEMENTO ASFÁLTICO 60-70 - HORARIO NOCTURNO.  (SUMINISTRO, EXTENDIDO, NIVELACIÓN MANUAL Y COMPACTACIÓN MECÁNICA CON VIBROCOMPACTADOR TÁNDEM PEQUEÑO, INCLUYE OPERARIO Y COMBUSTIBLE).	M3	1531414
Nuevo	DEMOLICIONES	DEMOLICIONES	7801	DEMOLICIÓN PISOS DE CONCRETO - HORARIO NOCTURNO. (INCLUYE CARGUE). NO INCLUYE TRANSPORTE Y DISPOSICIÓN FINAL DE SOBRANTES.	M3	75133
Nuevo	ACTIVIDADES CONSERVACIÓN	ACTIVIDADES CONSERVACIÓN	7802	FRESADO Y REPOSICIÓN DE PAVIMENTO FLEXIBLE E=0.18 M - HORARIO NOCTURNO. (INCLUYE CARGUE)	M2	239727
Nuevo	EXCAVACIONES	EXC. CONFORMACIÓN DE SUBRASANTE	7803	REPLANTEO GENERAL - HORARIO NOCTURNO	M2	1177
Nuevo	ACTIVIDADES CONSERVACIÓN	ACTIVIDADES CONSERVACIÓN	7804	REPOSICIÓN DE LOSA DE CONCRETO MR45 E=0.20 M - HORARIO NOCTURNO. INCLUYE ACERO DE REFUERZO, DEMOLICIÓN DE PISOS DE CONCRETO, TRANSPORTE Y DISPOSICIÓN FINAL DE ESCOMBROS.	M2	335658
Nuevo	ACERO DE REFUERZO	ACERO DE REFUERZO	7805	ACERO DE REFUERZO - HORARIO NOCTURNO. (INCLUYE SUMINISTRO, FIGURADO Y FIJACIÓN)	KG	6043
Nuevo	PAVIMENTOS	PAVIMENTOS EN CONCRETO HIDRAULICO	7806	LOSA DE CONCRETO MR45 - HORARIO NOCTURNO. (SUMINISTRO, FORMALETEADO, COLOCACIÓN, CURADO, JUNTAS Y ACABADO. INCLUYE CANASTILLA PASA JUNTA.	M3	1351259
Nuevo	RELLENOS Y CAPAS GRANULARES	CAPAS GRANULARES	7807	BASE GRANULAR CLASE A (BG_A)- HORARIO NOCTURNO. (SUMINISTRO, EXTENDIDO, NIVELACIÓN, HUMEDECIMIENTO Y COMPACTACIÓN CON VIBROCOMPACTADOR)	M3	245127
Nuevo	CONCRETO Y ACERO PARA ESTRUCTURAS	ESTRUCTURAS EN ACERO	7809	DEFENSA VIAL METÁLICA DOBLE CRESTA EN ACERO LAMINADO EN FRÍO, VIGAS EN FORMA DOBLE HONDA O W, PARALES Y SEPARADORES METÁLICOS - APLICA NORMAS AASTHO M-180/NTC3755, NTC3783, ARTÍCULO 730 Y 740 DEL INVIAS Y MANUAL DE SEÑALIZACIÓN DEL MINISTERIO DE TRANSPORTE.	ML	320007
Nuevo	GESTIÓN AMBIENTAL	GESTIÓN AMBIENTAL	7818	PROTECCION A ALCANTARILLAS. (INCLUYE SUMINISTRO Y COLOCACION DE BOLSAS DE LONA Y GEOTEXTIL GEOTEXTIL NO TEJIDO CON RESISTENCIA A LA TENSION GRAB DE 400 N).	UN/MES	21674
Nuevo	GESTIÓN AMBIENTAL	GESTIÓN AMBIENTAL	7819	PROTECCIÓN A SUMIDEROS CON POLISOMBRA 47% (INCLUYE SUMINISTRO Y COLOCACIÓN DE POLISOMBRA 47% ASEGURADO CON PUNTILLA GRAPA).	UN/MES	5994
Nuevo	GESTIÓN AMBIENTAL	GESTIÓN AMBIENTAL	7820	PROTECCIÓN A ÁRBOLES (INCLUYE SUMINISTRO Y COLOCACIÓN DE DURMIENTES DE 2.90M X 0.04M X 0.04M Y POLISOMBRA AL 47% DE TAL MANERA QUE GARANTICE LA PROTECCIÓN AL INDIVIDUO VEGETAL.	UN	35392
Nuevo - DTM	REDES ALCANTARILLADO / DRENAJE	REDES ALCANTARILLADO / DRENAJE	7821	INSTALACIÓN DE TUBERÍA PVC U.M. EXT CORRUGADO/INT LISO U.M. NORMA NTC 3722-1 D=ENTRE 0" HASTA 10" (INCLUYE TRANSPORTE)	ML	14077
Nuevo - DTM	REDES ALCANTARILLADO / DRENAJE	REDES ALCANTARILLADO / DRENAJE	7822	INSTALACIÓN DE TUBERÍA PVC U.M. EXT CORRUGADO/INT LISO U.M. NORMA NTC 3722-1 D=ENTRE 12" HASTA 24" (INCLUYE TRANSPORTE)	ML	14406
Nuevo - DTM	REDES ALCANTARILLADO / DRENAJE	REDES ALCANTARILLADO / DRENAJE	7823	INSTALACIÓN DE TUBERÍA PVC U.M. EXT CORRUGADO/INT LISO U.M. NORMA NTC 3722-1 D=MÁS DE 24" (INCLUYE TRANSPORTE)	ML	15434
Nuevo - DTM	SEÑALIZACIÓN	DEMARCACION DE PAVIMENTOS	7824	TACHÓN EN CONCRETO L=0.40M HI=0.15M, HS=0.08M (INCLUYE SUMINISTRO E INSTALACIÓN) INCLUYE PEGANTE EPÓXICO Y EQUIPOS PARA LA INSTALACIÓN Y ANCLAJE.	UN	100464
Nuevo - DTM	PAVIMENTOS	PAVIMENTOS ARTICULADOS	7826	INSTALACIÓN ADOQUÍN DE CONCRETO 20X10X6CM (INCLUYE BASE 4CM MORTERO 2000 Y ARENA DE SELLO)	M2	64211
Nuevo - DTM	ANDENES Y SARDINELES	SARDINELES Y BORDILLOS	7828	RETIRO Y REINSTALACIÓN DE SARDINEL TIPO A10 (INSTALACIÓN. NO INCLUYE MATERIAL DE BASE)	ML	42634
Nuevo - DTM	ANDENES Y SARDINELES	SARDINELES Y BORDILLOS	7829	RETIRO O REINSTALACIÓN DE SARDINEL TIPO A10 (INSTALACIÓN. NO INCLUYE MATERIAL DE BASE)	ML	21318
Nuevo - DTM	PAVIMENTOS	JUNTAS PARA PAVIMENTOS	7857	JUNTAS DE DILATACIÓN PARA PUENTES PEATONALES TIPO TRANSMILENIO CON LÁMINA GALVANIZADA (JUNTA TIPO 1). FABRICACIÓN EN TALLER PARA TRABAJOS DE MANTENIMIENTO EN PUENTE PEATONAL CON PMT APROBADO. SUMINISTRO Y CONSTRUCCIÓN. (INCLUYE SUMINISTRO, FABRICACIÓN EN TALLER, ADECUACIÓN DE ESTRUCTURA EXISTENTE E INSTALACIÓN DE JUNTA EN PUNTO CRÍTICO DEL PUENTE EN LÁMINA GALVANIZADA). ELEMENTO INSTALADO DE 2.50 M X 0.90 M.	UN	8070956
Nuevo - DTM	CONCRETO Y ACERO PARA ESTRUCTURAS	ESTRUCTURAS EN ACERO	7861	RETIRO DE PISO EN LAMINA ALFAJOR	ML	68743
Nuevo - DTM	SEÑALIZACIÓN	DEMARCACION DE PAVIMENTOS	7862	DEMARCACION METROS LINEALES EN PINTURA TIPO TRAFICO BASE SOLVENTE COLOR BLANCO Y/O AMARILLA. LINEA 0.12M Y 16 MILS (INCLUYE SUMINISTRO Y APLICACION CON EQUIPO. INCLUYE MICROESFERAS TIPO DROP ON PARA LINEAS DE BORDE Y DE CARRIL).	ML	7983
Nuevo - DTM	SEÑALIZACIÓN	DEMARCACION DE PAVIMENTOS	7863	DEMARCACIÓN EN PINTURA TIPO TRAFICO BASE SOLVENTE COLOR BLANCO. LINEA 0.20M Y 16 MILS (INCLUYE SUMINISTRO Y APLICACIÓN CON EQUIPO. INCLUYE MICROESFERAS TIPO DROP ON PARA LINEAS DE CARRIL).	M2	66467
Nuevo - DTM	ACTIVIDADES CONSERVACIÓN	ACTIVIDADES CONSERVACIÓN	7864	LAVADO DE ESTRUCTURA EN CONCRETO Y/O METÁLICAS CON ANDAMIO CERTIFICADO. INCLUYE ALQUILER DE HIDROLAVADORA A GASOLINA PRESIÓN 3200 PSI. INCLUYE PLANTA ELÉCTRICA, AGUA Y MANO DE OBRA.	M2	10166
Nuevo - DTM	REDES ALCANTARILLADO / DRENAJE	REDES ALCANTARILLADO / DRENAJE	7865	MARCO REJILLA SUMIDERO LATERAL 100 X 65 (SUMINISTRO E INSTALACIÓN)	UN	230595
Nuevo - DTM	REDES ALCANTARILLADO / DRENAJE	REDES ALCANTARILLADO / DRENAJE	7869	LIMPIEZA MANUAL DE SUMIDERO TIPO ST-1 , ST-2. INCLUYE CARGUE, RETIRO Y DISPOSICIÓN FINAL DE ESCOMBROS.	M3	90973
Nuevo - DTM	REDES ALCANTARILLADO / DRENAJE	REDES ALCANTARILLADO / DRENAJE	7870	RECONSTRUCCIÓN DE LA TAPA DE SUMIDERO SL-100. CONCRETO 3000 PSI HECHO EN OBRA (INCLUYE DEMOLICIÓN DE LA PLACA DE CONCRETO EXISTENTE. INCLUYE ANCLAJES, ACERO DE REFUERZO, FORMALETA, ADHESIVO ESTRUCTURAL, CURADO, MARCO Y REJILLA) ALTURA=20 CM.	UN	1467217
Nuevo - DTM	REDES ALCANTARILLADO / DRENAJE	REDES ALCANTARILLADO / DRENAJE	7871	DESINSTALACIÓN DE SEPARADOR TIPO TRANSMILENIO (BLOQUE CANALIZADOR AMARILLO, INCLUYE CORTE DE ANCLAJES, CARGUE Y DISPOSICIÓN FINAL.	ML	42789
Nuevo - DTM	GESTIÓN AMBIENTAL	GESTIÓN AMBIENTAL	7873	TRATAMIENTO Y DISPOSICIÓN FINAL DE RESIDUOS PELIGROSOS.	KG	1314
Nuevo - DTM	REDES ACUEDUCTO	REDES ACUEDUCTO	7875	COLLAR DE DERIVACIÓN DE 4" X 1/2". SUMINISTRO E INSTALACION. (INCLUYE TALADRO ROTOPERCUTOR 3/4", PLANTA ELÉCTRICA 4KW).	UN	43495
Nuevo - DTM	REDES ALCANTARILLADO / DRENAJE	REDES ALCANTARILLADO / DRENAJE	7877	INSTALACIÓN DE TUBERÍA PVC D=12" TIPO U.M. RDE 21 (Solo incluye la mano de obra)	ML	7351
Nuevo - DTM	ANDENES Y SARDINELES	ANDENES EN CONCRETO	7878	RELLENO EN GRAVILLA FINA DIÁMETRO 1/2” MEZCLADO CON RESMA DE LÁTEX EN PROPORCIÓN DE GRAVILLA FINA 58-65 KG/M2 Y RESINE LÁTEX 7 A 8 KG/M2 ESPESOR APROXIMADO E: 0.07 M.	M2	83795
Nuevo - DTM	REDES ALCANTARILLADO / DRENAJE	REDES ALCANTARILLADO / DRENAJE	7879	DEMOLICIÓN Y REPOSICIÓN DE TAPAS PARA POZO (en concreto).	UN	297218
Nuevo - DTM	REDES ACUEDUCTO	REDES ACUEDUCTO	7880	INSTALACION CODO HD DE 22.5° O 45°, EXTREMO LISO PARA PVC D= 8” (SOLO INCLUYE MANO DE OBRA).	UN	52850
Nuevo - DTM	SEÑALIZACIÓN	DEMARCACION DE PAVIMENTOS	7881	ESTOPEROLES METÁLICOS CON ESPIGO. INCLUYE SUMINISTRO E INSTALACIÓN.	UN	6889
Nuevo - DTM	CONCRETO Y ACERO PARA ESTRUCTURAS	ESTRUCTURAS EN ACERO	7883	PERFORACIÓN PARA ANCLAJE DE VARILLA DE D=1 1/4" INCLUYE ADHESIVO ESTRUCTURAL. SUMINISTRO E INSTALACIÓN. INCLUYE LA PERFORACIÓN, LIMPIEZA DE LA PERFORACIÓN CON CHORRO DE AIRE, SUMINISTRO DE BROCAS, EQUIPOS, TRANSPORTES, MANEJO, ALMACENAMIENTO, MANO DE OBRA. PARA UTILIZAR EN LOSAS DE CONCRETO.	CM.PER	2417
Nuevo - DTM	CONCRETO Y ACERO PARA ESTRUCTURAS	ESTRUCTURAS EN ACERO	7884	ANCLAJE EPÓXICO DE VARILLA DE 5/8" SUMINISTRO E INSTALACIÓN. Incluye la detección de refuerzo para perforación, la perforación, limpieza de la perforación con chorro de aire, suministro de materiales (relleno epóxico et o equivalente, brocas), equipos, transportes, manejo, almacenamiento, manejo de desperdicios, mano de obra.	CM.PER	2280
Nuevo - DTM	CONCRETO Y ACERO PARA ESTRUCTURAS	ESTRUCTURAS EN ACERO	7885	ANCLAJE EPÓXICO DE VARILLA DE 3/4" SUMINISTRO E INSTALACIÓN. Incluye la detección de refuerzo para perforación, la perforación, limpieza de la perforación con chorro de aire, suministro de materiales (relleno epóxico ET o equivalente, brocas), equipos, transportes, manejo, almacenamiento, manejo de desperdicios, mano de obra. 	CM.PER	2604
Nuevo - DTM	CONCRETO Y ACERO PARA ESTRUCTURAS	ESTRUCTURAS EN ACERO	7886	ANCLAJE EPÓXICO DE VARILLA DE 1/4" SUMINISTRO E INSTALACIÓN. Incluye la detección de refuerzo para perforación, la perforación, limpieza de la perforación con chorro de aire, suministro de materiales (relleno epóxico et o equivalente, brocas), equipos, transportes, manejo, almacenamiento, manejo de desperdicios, mano de obra. 	CM.PER	1841
Nuevo - DTM	CONCRETO Y ACERO PARA ESTRUCTURAS	ESTRUCTURAS EN ACERO	7887	ANCLAJE EPÓXICO DE VARILLA DE 1/2" SUMINISTRO E INSTALACIÓN. Incluye la detección de refuerzo para perforación, la perforación, limpieza de la perforación con chorro de aire, suministro de materiales (relleno epóxico et o equivalente, brocas), equipos, transportes, manejo, almacenamiento, manejo de desperdicios, mano de obra. 	CM.PER	2039
Nuevo - DTM	REDES ALCANTARILLADO / DRENAJE	REDES ALCANTARILLADO / DRENAJE	7888	TAPA PARA POZO DE INSPECCIÓN, D=0.70 M. INCLUYE SUMINISTRO E INSTALACIÓN.	UN	284083
Nuevo - DTM	CONCRETO Y ACERO PARA ESTRUCTURAS	ESTRUCTURAS EN ACERO	7889	PERFORACIÓN PARA ANCLAJE DE VARILLA DE 1" INCLUYE ADHESIVO ESTRUCTURAL. SUMINISTRO E INSTALACIÓN. INCLUYE LA PERFORACIÓN, LIMPIEZA DE LA PERFORACIÓN CON CHORRO DE AIRE, SUMINISTRO DE BROCAS, EQUIPOS, TRANSPORTES, MANEJO, ALMACENAMIENTO MANO DE OBRA.	CM.PER	2417
Nuevo - DTM	REDES TELEFONICAS / DATOS	RED TELEFONICA ETB	7892	REPARADUCTO PVC D=4" - DUCTO TELEFÓNICO. SUMINISTRO E INSTALACIÓN	ML	107026
Nuevo - DTM	REDES ALCANTARILLADO / DRENAJE	REDES ALCANTARILLADO / DRENAJE	7893	DEMOLICIÓN MANUAL DE TAPA EXISTENTE DE POZO DE INSPECCIÓN Y REPOSICIÓN TAPA PARA POZO DE D= 0.70 M. SUMINISTRO E INSTALACIÓN.	UN	298919
Nuevo - DTM	GESTION SOCIAL	GESTION SOCIAL	7894	AVISO PUNTO IDU 1.50M X 0.90M (MATERIAL DE IMPRESIÓN VINILO PARA EXTERIORES. INCLUYE SUMINISTRO E INSTALACIÓN).	UN	799680
Nuevo - DTM	SEÑALIZACIÓN	SEÑALES DE TRANSITO	7895	CARTELERA TIPO PUNTO IDU DE 1.00M X 1.00M EN ALUMINIO ANODIZADO, CON PAÑO COLOR GRIS, CENEFA SUPERIOR, PUERTAS CORREDIZAS, LOGO INSTITUCIONAL. INCLUYE SUMINISTRO E INSTALACION.	UN	573905
Nuevo - DTM	PAVIMENTOS	JUNTAS PARA PAVIMENTOS	7896	CORTE DE VARILLA DE DIÁMETRO VARIADO ENTRE 1/2" A 1 1/4".	UN	1156
Nuevo - DTM	PAVIMENTOS	PAVIMENTOS EN CONCRETO HIDRAULICO	7898	LOSA DE CONCRETO MR45 ACELERADO A 3 DÍAS (SUMINISTRO, FORMALETEADO, COLOCACIÓN Y ACABADO. NO INCLUYE ACERO, CURADO Y JUNTAS).	M3	1072096
Nuevo - DTM	PAVIMENTOS	PAVIMENTOS EN CONCRETO HIDRAULICO	7899	LOSA DE CONCRETO MR50 ACELERADO A 3 DÍAS (SUMINISTRO, FORMALETEADO, COLOCACIÓN Y ACABADO. NO INCLUYE ACERO, CURADO Y JUNTAS).	M3	1110635
Nuevo - DTM	GEOSINTETICOS	GEOTEXTILES	7900	GEOCELDA DE POLIETILENO DE ALTA DENSIDAD (PEAD-HDPE) CON ALTURA DE 150 MM. (INCLUYE SUMINISTRO E INSTALACION).	M2	74534
Nuevo - DTM	REDES ALCANTARILLADO / DRENAJE	REDES ALCANTARILLADO / DRENAJE	7901	MANEJO DE AGUAS (INCLUYE MOTOBOMBA CON COMBUSTIBLE Y OPERADOR)	HR	12135
Nuevo - DTM	GEOSINTETICOS	GEOTEXTILES	7902	GEOCOMPUESTO PARA DRENAJE, CONFORMADO POR GEODREN (RED DRENANTE DE POLIETILENO DE ALTA DENSIDAD PEAD-HDPE Y GEOTEXTIL NO TEJIDO) CON ALTURA DE 1.0 M Y TUBERIA FLEXIBLE CORRUGADA DE DRENAJE CON DIAMETRO DE 100 MM. (INCLUYE SUMINISTRO E INSTALACION).	ML	87421
Nuevo - DTM	SEÑALIZACIÓN	OTROS-SEÑALIZACIÓN	7903	PENDONES ELABORADOS EN BANNER, CON UNA DIMENSIÓN DE 1.00 M DE ANCHO POR 1.50 M DE LARGO. IMPRESIÓN A FULL COLOR SEGÚN DISEÑOS DE OJALETES.	UN	107244
Nuevo - DTM	SEÑALIZACIÓN	OTROS-SEÑALIZACIÓN	7904	ALQUILER BASTÓN LUMINOSO 5 FUNCIONES GRANDE ST -900 -1 55 X 4.5 CM RECARGABLE.	UN/MES	5215
Nuevo	EXCAVACIONES	EXC. CONFORMACIÓN DE SUBRASANTE	7905	EXCAVACIÓN MECÁNICA EN MATERIAL DE ROCA PARA CONFORMACIÓN DE LA SUBRASANTE (EXCAVACIÓN, PERFORACIÓN, REMOCIÓN, CARGUE)	M3	70342
Nuevo	EXCAVACIONES	EXC. CONFORMACIÓN DE SUBRASANTE	7944	EXCAVACIÓN MECÁNICA EN MATERIAL COMÚN PARA CONFORMACIÓN DE LA SUBRASANTE CON RETROEXCAVADORA (EXCAVACIÓN, REMOCIÓN Y CARGUE)	M3	5155
Nuevo	EXCAVACIONES	EXC. CONFORMACIÓN DE SUBRASANTE	7945	EXCAVACIONES VARIAS SIN CLASIFICAR CON RETROEXCAVADORA (INCLUYE: EXCAVACIÓN, REMOCIÓN Y CARGUE)	M3	4356
Nuevo	EXCAVACIONES	EXC. CONFORMACIÓN DE SUBRASANTE	7946	EXCAVACIONES VARIAS SIN CLASIFICAR CON RETROCARGADOR (INCLUYE: EXCAVACIÓN, REMOCIÓN Y CARGUE)	M3	7392
Nuevo - DTM	REDES ELECTRICAS	RED ELECTRICA CODENSA	7947	CANALIZACIÓN SUBTERRÁNEA CON 1 DUCTO DE 2 " PVC DB, ACCESORIOS, EXCAVACIÓN, RELLENOS Y ACABADO (INCLUYE SUMINISTRO E INSTALACIÓN)	ML	89441
Nuevo - DTM	REDES ELECTRICAS	RED ELECTRICA CODENSA	7948	CANALIZACIÓN SUBTERRÁNEA CON 1 DUCTO DE 3" PVC TDP, ACCESORIOS, EXCAVACIÓN, RELLENOS Y ACABADO (INCLUYE SUMINISTRO E INSTALACIÓN)	ML	102897
Nuevo - DTM	REDES ELECTRICAS	RED ELECTRICA CODENSA	7949	CANALIZACIÓN SUBTERRÁNEA CON 1 DUCTO DE 4" PVC TDP, ACCESORIOS, EXCAVACIÓN, RELLENOS Y ACABADO (INCLUYE SUMINISTRO E INSTALACIÓN)	ML	107480
Nuevo - DTM	REDES ELECTRICAS	RED ELECTRICA CODENSA	7950	CANALIZACIÓN SUBTERRÁNEA CON 2 DUCTOS DE 3" PVC TDP, ACCESORIOS, EXCAVACIÓN, RELLENOS Y ACABADO (INCLUYE SUMINISTRO E INSTALACIÓN)	ML	133442
Nuevo - DTM	REDES ELECTRICAS	RED ELECTRICA CODENSA	7951	CANALIZACIÓN SUBTERRÁNEA CON 3 DUCTOS DE 3" PVC TDP, ACCESORIOS, EXCAVACIÓN, RELLENOS Y ACABADO (INCLUYE SUMINISTRO E INSTALACIÓN)	ML	176204
Nuevo - DTM	ACTIVIDADES CONSERVACIÓN	ACTIVIDADES CONSERVACIÓN	7953	REDUCTOR DE VELOCIDAD TIPO RESALTO PARABOLICO DE 4 METROS DE ANCHO. EN CONCRETO PREMEZCLADO 4000 PSI  (280 Kg/cm2) GRAVA COMÚN.  SUMINISTRO E INSTALACION. (INCLUYE FORMALETA,  REFUERZO, CURADO Y PINTURA).	ML	1822438
Nuevo - DTM	ACTIVIDADES CONSERVACIÓN	ACTIVIDADES CONSERVACIÓN	7954	CAJA DE PASO SENCILLA PARA SEMAFORIZACIÓN PARA ANDÉN, MEDIDAS INTERNAS (60 CM X 50 CM), MEDIDAS EXTERNAS (75 CM X 85 CM) , ALTURA: 70 CM. INCLUYE BASE, FILTRO, MUROS EN LADRILLO PRECOCIDO, PAÑETE, BORDILLO PERIMETRAL, MARCO Y TAPA SEGÚN ESPECIFICACIONES DE LA SDM.	UN	926257
Nuevo - DTM	REDES TELEFONICAS / DATOS	RED TELEFONICA ETB	7955	CAJA DE PASO SENCILLA PARA SEMAFORIZACIÓN (60 CM X 50 CM, ALTURA 120CM) PARA CALZADA . INCLUYE BASE, FILTRO, MUROS EN LADRILLO PRECOCIDO, PAÑETE, BORDILLO PERIMETRAL, MARCO Y TAPA SEGÚN ESPECIFICACIONES DE LA SDM.	UN	1257466
Nuevo - DTM	REDES TELEFONICAS / DATOS	RED TELEFONICA ETB	7956	CAJA DE PASO SENCILLA PARA SEMAFORIZACIÓN (70 CM X 120 CM, ALTURA 120CM) PARA ANDÉN . INCLUYE BASE, FILTRO, MUROS EN LADRILLO PRECOCIDO, PAÑETE, BORDILLO PERIMETRAL, MARCO Y TAPA SEGÚN ESPECIFICACIONES DE LA SDM.	UN	2018228
Nuevo - DTM	SEÑALIZACIÓN	DEMARCACION DE PAVIMENTOS	7958	DEMARCACIÓN LINEA DISCONTINUA A=0.10 M (E=2.3 MM,TERMOPLÁSTICA. INCLUYE SUMINISTRO Y APLICACIÓN CON EQUIPO. INCLUYE MICROESFERA	ML	17184
Nuevo - DTM	SEÑALIZACIÓN	DEMARCACION DE PAVIMENTOS	7959	DEMARCACIÓN LINEA CONTINUA BLANCA O AMARILLA A=0.12 M (E=2.3 MM, TERMOPLÁSTICA. INCLUYE SUMINISTRO Y APLICACIÓN CON EQUIPO. INCLUYE MICROESFERAS)	ML	20621
Nuevo - DTM	SEÑALIZACIÓN	DEMARCACION DE PAVIMENTOS	7960	DEMARCACIÓN LINEA CONTINUA BLANCA O AMARILLA A=0.10 M (E=2.3 MM, TERMOPLÁSTICA. INCLUYE SUMINISTRO Y APLICACIÓN CON EQUIPO. INCLUYE MICROESFERAS)	ML	17184
Nuevo - DTM	SEÑALIZACIÓN	DEMARCACION DE PAVIMENTOS	7961	DEMARCACIÓN LINEA CONTINUA BLANCA O AMARILLA A=0.15 M (E=2.3 MM, TERMOPLÁSTICA. INCLUYE SUMINISTRO Y APLICACIÓN CON EQUIPO. INCLUYE MICROESFERAS)	ML	25776
Nuevo - DTM	SEÑALIZACIÓN	DEMARCACION DE PAVIMENTOS	7962	TACHA REFLECTIVA UNIDIRECCIONAL BLANCA/ROJA (INCLUYE SUMINISTRO E INSTALACIÓN)	UN	12755
Nuevo - DTM	SEÑALIZACIÓN	SEÑALES DE TRANSITO	7963	SEÑAL VERTICAL INFORMATIVA SI-27C (70 CM X 100 CM). INCLUYE SUMINISTRO E INSTALACION.	UN	673479
Nuevo - DTM	SEÑALIZACIÓN	SEÑALES DE TRANSITO	7964	SEÑAL VERTICAL PREVENTIVA SP-47B TIPO PENTÁGONO CON FLECHA. (INCLUYE SUMINISTRO E INSTALACION).	UN	673479
Nuevo - DTM	SEÑALIZACIÓN	SEÑALES DE TRANSITO	7965	POSTE TIPO MENSULA T2 (2.50M) EN TUBO SCH 40 GALVANIZADO Y PINTADO. INCLUYE SUMINISTRO E INSTALACIÓN.	UN	5819194
Nuevo - DTM	REDES TELEFONICAS / DATOS	RED TELEFONICA ETB	7966	PEDESTAL EN CONCRETO DE 3000 PSI PARA EQUIPO DE CONTROL C800VK, ARMARIO PEQUEÑO (0.33 M X 0.60 M X 0.70 M) . CONSTRUCCIÓN. CON CUATRO DUCTOS PESADOS DE PVC TIPO DB D= 2".	UN	236691
Nuevo - DTM	TRANSPORTES Y ACARREOS	TRANSPORTES Y ACARREOS	7967	TRANSPORTE DE MATERIAL FRESADO PROVENIENTE DE SITIO DE OBRA AL SITIO DISPUESTO PARA MEZCLAS, ESTABILIZAR O DEJAR EN PATIOS DE ACOPIO DEL IDU.	M3	9674
Nuevo - DTM	CONCRETO Y ACERO PARA ESTRUCTURAS	ESTRUCTURAS EN ACERO	7968	PERFORACIÓN PARA ANCLAJE DE VARILLA DE 1". NO INCLUYE ADHESIVO ESTRUCTURAL. INCLUYE LA PERFORACIÓN, LIMPIEZA DE LA PERFORACIÓN CON CHORRO DE AIRE, SUMINISTRO DE BROCAS, EQUIPOS, TRANSPORTES, MANEJO, ALMACENAMIENTO MANO DE OBRA.	CM.PER	2175
Nuevo - DTM	CONCRETO Y ACERO PARA ESTRUCTURAS	ESTRUCTURAS EN ACERO	7969	PERFORACIÓN PARA ANCLAJE DE VARILLA DE D=1 1/4" NO INCLUYE ADHESIVO ESTRUCTURAL. INCLUYE LA PERFORACIÓN, LIMPIEZA DE LA PERFORACIÓN CON CHORRO DE AIRE, SUMINISTRO DE BROCAS, EQUIPOS, TRANSPORTES, MANEJO, ALMACENAMIENTO, MANO DE OBRA. PARA UTILIZAR EN LOSAS DE CONCRETO.	CM.PER	2175
Nuevo	PAVIMENTOS	PAVIMENTOS EN CONCRETO ASFALTICO	7972	INSTALACIÓN DE MATERIAL DE FRESADO. (EXTENDIDO Y COMPACTACIÓN CON VIBROCOMPACTADOR).	M3	27344
Nuevo	REDES TELEFONICAS / DATOS	RED TELEFONICA ETB	7974	PEDESTAL EN CONCRETO DE 3000 PSI PARA EQUIPO DE CONTROL (1.20 M X 0.93 M X 0.65 M)	UN	875084
Nuevo	REDES ELECTRICAS	RED ELECTRICA CODENSA	7989	5 DUCTOS D=3" PVC-TDP (NO INCLUYE RELLENOS NI EXCAVACIÓN). SUMINISTRO E INSTALACIÓN.	ML	135759
Nuevo	ENSAYOS - LABORATORIOS	ENSAYOS - LABORATORIOS	7991	MEDICIÓN DEL PERFIL TRANSVERSAL (AHUELLAMIENTO) Y DE LA REGULARIDAD SUPERFICIAL (IRI) EN PAVIMENTOS RÍGIDOS Y FLEXIBLES CON EQUIPO DE ALTO RENDIMIENTO. INCLUYE MOVILIZACIÓN, TOMA DE INFORMACIÓN, PROCESAMIENTO, ANÁLISIS Y ENTREGA DE RESULTADOS. NO INCLUYE VEHÍCULO ESCOLTA.	Km-Car	165595
Nuevo - Proyecto	ACTIVIDADES CONSERVACIÓN	ACTIVIDADES CONSERVACIÓN	7992	REPOSICIÓN DE SELLO DE JUNTAS DE PAVIMENTO DE CONCRETO HIDRÁULICO, ANCHO HASTA DE 5/8" (16 MM). (INCLUYE LIMPIEZA, SUMINISTRO E INSTALACIÓN DE FONDO Y SELLANTE).	ML	21989
Nuevo - Proyecto	ACTIVIDADES CONSERVACIÓN	ACTIVIDADES CONSERVACIÓN	7993	REPOSICIÓN DE SELLO DE JUNTAS DE PAVIMENTO DE CONCRETO HIDRÁULICO, ANCHO HASTA DE 7/8" (16 MM). (INCLUYE LIMPIEZA, SUMINISTRO E INSTALACIÓN DE FONDO Y SELLANTE).	ML	29519
Nuevo - Proyecto	ACTIVIDADES CONSERVACIÓN	ACTIVIDADES CONSERVACIÓN	7994	REPOSICIÓN DE SELLO DE JUNTAS DE PAVIMENTO DE CONCRETO HIDRÁULICO, ANCHO HASTA DE 1 1/4" (32 MM). (INCLUYE LIMPIEZA, SUMINISTRO E INSTALACIÓN DE FONDO Y SELLANTE).	ML	66615
Nuevo - Proyecto	ACTIVIDADES CONSERVACIÓN	ACTIVIDADES CONSERVACIÓN	7995	RETIRO DE SELLO EXISTENTE DE JUNTAS DE PAVIMENTO DE CONCRETO HIDRÁULICO (INCLUYE DISCO DIAMANTADO ASFALTO-CONCRETO 350 MM, AGUA Y MANO DE OBRA).	ML	1964
Nuevo - Proyecto	RELLENOS Y CAPAS GRANULARES	CAPAS GRANULARES	7996	MATERIAL ADECUADO. SUMINISTRO, EXTENDIDO MANUAL, NIVELACIÓN, HUMEDECIMIENTO Y COMPACTACIÓN.	M3	115462
Nuevo - Proyecto	RELLENOS Y CAPAS GRANULARES	CAPAS GRANULARES	7997	MATERIAL TOLERABLE. SUMINISTRO, EXTENDIDO MANUAL, NIVELACIÓN, HUMEDECIMIENTO Y COMPACTACIÓN.	M3	111401
Nuevo - Proyecto	GESTIÓN AMBIENTAL	GESTIÓN AMBIENTAL	8000	PROTECCIÓN A ALCANTARILLAS CON POLISOMBRA 47%. (INCLUYE SUMINISTRO Y COLOCACIÓN DE POLISOMBRA 47%)	UN/MES	5994
Nuevo - Proyecto	REDES ALCANTARILLADO / DRENAJE	REDES ALCANTARILLADO / DRENAJE	8001	REHABILITACIÓN RED DE ALCANTARILLADO CON TECNOLOGÍA CIPP, CON RESINA DE GRP CURADA CON RAYOS UV, INCLUYE EQUIPOS, MATERIALES, TRANSPORTES Y PERSONAL. DIÁMETRO 8”. ESPESOR 3,00 MM. EC = 14.200 MPA. (INCLUYE: FABRICACIÓN, IMPORTACIÓN, NACIONALIZACIÓN, LOGÍSTICA Y SUMINISTRO DE MATERIALES (LINER), PROCESO INSTALACIÓN, CURADO CON LUZ ULTRAVIOLETA, PERSONAL Y ACTIVIDADES COMPLEMENTARIAS PARA FINALIZAR LA REHABILITACIÓN, INSPECCIÓN FINAL CON EQUIPO CCTV. (ENTREGA DE VIDEO, INFORME POS REHABILITACIÓN E INFORME DE PROTOCOLO DEL PROCESO DE REHABILITACIÓN CON NORMA TÉCNICA EAB)).	ML	1725500
Nuevo - Proyecto	REDES ALCANTARILLADO / DRENAJE	REDES ALCANTARILLADO / DRENAJE	8002	REHABILITACIÓN RED DE ALCANTARILLADO CON TECNOLOGÍA CIPP, CON RESINA DE GRP CURADA CON RAYOS UV, INCLUYE EQUIPOS, MATERIALES, TRANSPORTES Y PERSONAL. DIÁMETRO 10”. ESPESOR 3,00 MM. EC = 14.200 MPA. (INCLUYE: FABRICACIÓN, IMPORTACIÓN, NACIONALIZACIÓN, LOGÍSTICA Y SUMINISTRO DE MATERIALES (LINER), PROCESO INSTALACIÓN, CURADO CON LUZ ULTRAVIOLETA, PERSONAL Y ACTIVIDADES COMPLEMENTARIAS PARA FINALIZAR LA REHABILITACIÓN, INSPECCIÓN FINAL CON EQUIPO CCTV. (ENTREGA DE VIDEO, INFORME POS REHABILITACIÓN E INFORME DE PROTOCOLO DEL PROCESO DE REHABILITACIÓN CON NORMA TÉCNICA EAB)).	ML	1892100
Nuevo - Proyecto	REDES ALCANTARILLADO / DRENAJE	REDES ALCANTARILLADO / DRENAJE	8003	REHABILITACIÓN RED DE ALCANTARILLADO CON TECNOLOGÍA CIPP, CON RESINA DE GRP CURADA CON RAYOS UV, INCLUYE EQUIPOS, MATERIALES, TRANSPORTES Y PERSONAL. DIÁMETRO 12”. ESPESOR 3,00 MM. EC = 14.200 MPA. (INCLUYE: FABRICACIÓN, IMPORTACIÓN, NACIONALIZACIÓN, LOGÍSTICA Y SUMINISTRO DE MATERIALES (LINER), PROCESO INSTALACIÓN, CURADO CON LUZ ULTRAVIOLETA, PERSONAL Y ACTIVIDADES COMPLEMENTARIAS PARA FINALIZAR LA REHABILITACIÓN, INSPECCIÓN FINAL CON EQUIPO CCTV. (ENTREGA DE VIDEO, INFORME POS REHABILITACIÓN E INFORME DE PROTOCOLO DEL PROCESO DE REHABILITACIÓN CON NORMA TÉCNICA EAB)).	ML	2082500
Nuevo - Proyecto	REDES ALCANTARILLADO / DRENAJE	REDES ALCANTARILLADO / DRENAJE	8004	REHABILITACIÓN RED DE ALCANTARILLADO CON TECNOLOGÍA CIPP, CON RESINA DE GRP CURADA CON RAYOS UV, INCLUYE EQUIPOS, MATERIALES, TRANSPORTES Y PERSONAL. DIÁMETRO 14”. ESPESOR 3,50 MM. EC = 14.200 MPA. (INCLUYE: FABRICACIÓN, IMPORTACIÓN, NACIONALIZACIÓN, LOGÍSTICA Y SUMINISTRO DE MATERIALES (LINER), PROCESO INSTALACIÓN, CURADO CON LUZ ULTRAVIOLETA, PERSONAL Y ACTIVIDADES COMPLEMENTARIAS PARA FINALIZAR LA REHABILITACIÓN, INSPECCIÓN FINAL CON EQUIPO CCTV. (ENTREGA DE VIDEO, INFORME POS REHABILITACIÓN E INFORME DE PROTOCOLO DEL PROCESO DE REHABILITACIÓN CON NORMA TÉCNICA EAB)).	ML	2475200
Nuevo - Proyecto	REDES ALCANTARILLADO / DRENAJE	REDES ALCANTARILLADO / DRENAJE	8005	REHABILITACIÓN RED DE ALCANTARILLADO CON TECNOLOGÍA CIPP, CON RESINA DE GRP CURADA CON RAYOS UV, INCLUYE EQUIPOS, MATERIALES, TRANSPORTES Y PERSONAL. DIÁMETRO 16”. ESPESOR 4.20 MM. EC = 14.200 MPA. (INCLUYE: FABRICACIÓN, IMPORTACIÓN, NACIONALIZACIÓN, LOGÍSTICA Y SUMINISTRO DE MATERIALES (LINER), PROCESO INSTALACIÓN, CURADO CON LUZ ULTRAVIOLETA, PERSONAL Y ACTIVIDADES COMPLEMENTARIAS PARA FINALIZAR LA REHABILITACIÓN, INSPECCIÓN FINAL CON EQUIPO CCTV. (ENTREGA DE VIDEO, INFORME POS REHABILITACIÓN E INFORME DE PROTOCOLO DEL PROCESO DE REHABILITACIÓN CON NORMA TÉCNICA EAB)).	ML	2826250
Nuevo - Proyecto	REDES ALCANTARILLADO / DRENAJE	REDES ALCANTARILLADO / DRENAJE	8006	REHABILITACIÓN RED DE ALCANTARILLADO CON TECNOLOGÍA CIPP, CON RESINA DE GRP CURADA CON RAYOS UV, INCLUYE EQUIPOS, MATERIALES, TRANSPORTES Y PERSONAL. DIÁMETRO 18”. ESPESOR 4.20 MM. EC = 14.200 MPA. (INCLUYE: FABRICACIÓN, IMPORTACIÓN, NACIONALIZACIÓN, LOGÍSTICA Y SUMINISTRO DE MATERIALES (LINER), PROCESO INSTALACIÓN, CURADO CON LUZ ULTRAVIOLETA, PERSONAL Y ACTIVIDADES COMPLEMENTARIAS PARA FINALIZAR LA REHABILITACIÓN, INSPECCIÓN FINAL CON EQUIPO CCTV. (ENTREGA DE VIDEO, INFORME POS REHABILITACIÓN E INFORME DE PROTOCOLO DEL PROCESO DE REHABILITACIÓN CON NORMA TÉCNICA EAB)).	ML	3088050
Nuevo - Proyecto	REDES ALCANTARILLADO / DRENAJE	REDES ALCANTARILLADO / DRENAJE	8007	REHABILITACIÓN RED DE ALCANTARILLADO CON TECNOLOGÍA CIPP, CON RESINA DE GRP CURADA CON RAYOS UV, INCLUYE EQUIPOS, MATERIALES, TRANSPORTES Y PERSONAL. DIÁMETRO 20”. ESPESOR 4.90 MM. EC = 14.200 MPA. (INCLUYE: FABRICACIÓN, IMPORTACIÓN, NACIONALIZACIÓN, LOGÍSTICA Y SUMINISTRO DE MATERIALES (LINER), PROCESO INSTALACIÓN, CURADO CON LUZ ULTRAVIOLETA, PERSONAL Y ACTIVIDADES COMPLEMENTARIAS PARA FINALIZAR LA REHABILITACIÓN, INSPECCIÓN FINAL CON EQUIPO CCTV. (ENTREGA DE VIDEO, INFORME POS REHABILITACIÓN E INFORME DE PROTOCOLO DEL PROCESO DE REHABILITACIÓN CON NORMA TÉCNICA EAB)).	ML	3790150
Nuevo - Proyecto	REDES ALCANTARILLADO / DRENAJE	REDES ALCANTARILLADO / DRENAJE	8008	REHABILITACIÓN RED DE ALCANTARILLADO CON TECNOLOGÍA CIPP, CON RESINA DE GRP CURADA CON RAYOS UV, INCLUYE EQUIPOS, MATERIALES, TRANSPORTES Y PERSONAL. DIÁMETRO 24”. ESPESOR 5.60 MM. EC = 14.200 MPA. (INCLUYE: FABRICACIÓN, IMPORTACIÓN, NACIONALIZACIÓN, LOGÍSTICA Y SUMINISTRO DE MATERIALES (LINER), PROCESO INSTALACIÓN, CURADO CON LUZ ULTRAVIOLETA, PERSONAL Y ACTIVIDADES COMPLEMENTARIAS PARA FINALIZAR LA REHABILITACIÓN, INSPECCIÓN FINAL CON EQUIPO CCTV. (ENTREGA DE VIDEO, INFORME POS REHABILITACIÓN E INFORME DE PROTOCOLO DEL PROCESO DE REHABILITACIÓN CON NORMA TÉCNICA EAB)).	ML	4237152
Nuevo - Proyecto	REDES ALCANTARILLADO / DRENAJE	REDES ALCANTARILLADO / DRENAJE	8009	REHABILITACIÓN RED DE ALCANTARILLADO CON TECNOLOGÍA CIPP, CON RESINA DE GRP CURADA CON RAYOS UV, INCLUYE EQUIPOS, MATERIALES, TRANSPORTES Y PERSONAL. DIÁMETRO 27”. ESPESOR 6.30 MM. EC = 14.200 MPA. (INCLUYE: FABRICACIÓN, IMPORTACIÓN, NACIONALIZACIÓN, LOGÍSTICA Y SUMINISTRO DE MATERIALES (LINER), PROCESO INSTALACIÓN, CURADO CON LUZ ULTRAVIOLETA, PERSONAL Y ACTIVIDADES COMPLEMENTARIAS PARA FINALIZAR LA REHABILITACIÓN, INSPECCIÓN FINAL CON EQUIPO CCTV. (ENTREGA DE VIDEO, INFORME POS REHABILITACIÓN E INFORME DE PROTOCOLO DEL PROCESO DE REHABILITACIÓN CON NORMA TÉCNICA EAB)).	ML	5033700
Nuevo - Proyecto	REDES ALCANTARILLADO / DRENAJE	REDES ALCANTARILLADO / DRENAJE	8010	REHABILITACIÓN RED DE ALCANTARILLADO CON TECNOLOGÍA CIPP, CON RESINA DE GRP CURADA CON RAYOS UV, INCLUYE EQUIPOS, MATERIALES, TRANSPORTES Y PERSONAL. DIÁMETRO 30”. ESPESOR 7.00 MM. EC = 14.200 MPA. (INCLUYE: FABRICACIÓN, IMPORTACIÓN, NACIONALIZACIÓN, LOGÍSTICA Y SUMINISTRO DE MATERIALES (LINER), PROCESO INSTALACIÓN, CURADO CON LUZ ULTRAVIOLETA, PERSONAL Y ACTIVIDADES COMPLEMENTARIAS PARA FINALIZAR LA REHABILITACIÓN, INSPECCIÓN FINAL CON EQUIPO CCTV. (ENTREGA DE VIDEO, INFORME POS REHABILITACIÓN E INFORME DE PROTOCOLO DEL PROCESO DE REHABILITACIÓN CON NORMA TÉCNICA EAB)).	ML	6012016
Nuevo - Proyecto	REDES ALCANTARILLADO / DRENAJE	REDES ALCANTARILLADO / DRENAJE	8011	REHABILITACIÓN RED DE ALCANTARILLADO CON TECNOLOGÍA CIPP, CON RESINA DE GRP CURADA CON RAYOS UV, INCLUYE EQUIPOS, MATERIALES, TRANSPORTES Y PERSONAL. DIÁMETRO 36”. ESPESOR 9.10 MM. EC = 16.875 MPA. (INCLUYE: FABRICACIÓN, IMPORTACIÓN, NACIONALIZACIÓN, LOGÍSTICA Y SUMINISTRO DE MATERIALES (LINER), PROCESO INSTALACIÓN, CURADO CON LUZ ULTRAVIOLETA, PERSONAL Y ACTIVIDADES COMPLEMENTARIAS PARA FINALIZAR LA REHABILITACIÓN, INSPECCIÓN FINAL CON EQUIPO CCTV. (ENTREGA DE VIDEO, INFORME POS REHABILITACIÓN E INFORME DE PROTOCOLO DEL PROCESO DE REHABILITACIÓN CON NORMA TÉCNICA EAB)).	ML	7610050
Nuevo - Proyecto	REDES ALCANTARILLADO / DRENAJE	REDES ALCANTARILLADO / DRENAJE	8012	REHABILITACIÓN RED DE ALCANTARILLADO CON TECNOLOGÍA CIPP, CON RESINA DE GRP CURADA CON RAYOS UV, INCLUYE EQUIPOS, MATERIALES, TRANSPORTES Y PERSONAL. DIÁMETRO 40”. ESPESOR 9.80 MM. EC = 16.875 MPA. (INCLUYE: FABRICACIÓN, IMPORTACIÓN, NACIONALIZACIÓN, LOGÍSTICA Y SUMINISTRO DE MATERIALES (LINER), PROCESO INSTALACIÓN, CURADO CON LUZ ULTRAVIOLETA, PERSONAL Y ACTIVIDADES COMPLEMENTARIAS PARA FINALIZAR LA REHABILITACIÓN, INSPECCIÓN FINAL CON EQUIPO CCTV. (ENTREGA DE VIDEO, INFORME POS REHABILITACIÓN E INFORME DE PROTOCOLO DEL PROCESO DE REHABILITACIÓN CON NORMA TÉCNICA EAB)).	ML	9686600
Nuevo - Proyecto	REDES ALCANTARILLADO / DRENAJE	REDES ALCANTARILLADO / DRENAJE	8013	REHABILITACIÓN RED DE ALCANTARILLADO CON TECNOLOGÍA CIPP, CON RESINA DE GRP CURADA CON RAYOS UV, INCLUYE EQUIPOS, MATERIALES, TRANSPORTES Y PERSONAL. DIÁMETRO 42”. ESPESOR 10.50 MM. EC = 16.875 MPA. (INCLUYE: FABRICACIÓN, IMPORTACIÓN, NACIONALIZACIÓN, LOGÍSTICA Y SUMINISTRO DE MATERIALES (LINER), PROCESO INSTALACIÓN, CURADO CON LUZ ULTRAVIOLETA, PERSONAL Y ACTIVIDADES COMPLEMENTARIAS PARA FINALIZAR LA REHABILITACIÓN, INSPECCIÓN FINAL CON EQUIPO CCTV. (ENTREGA DE VIDEO, INFORME POS REHABILITACIÓN E INFORME DE PROTOCOLO DEL PROCESO DE REHABILITACIÓN CON NORMA TÉCNICA EAB)).	ML	10642406
Nuevo - Proyecto	REDES ALCANTARILLADO / DRENAJE	REDES ALCANTARILLADO / DRENAJE	8016	CANAL DE DRENAJE PREFABRICADO EN POLYCONCRETO, PD-150V, CLASE DE CARGA D400, INCLUYE REJILLA, LONG=1000 MM, H= 270 MM, ANCHO= 200MM, EN COLOR NATURAL, (NO INCLUYE: EXCAVACIÓN, CONCRETO, DRENAJE, RELLENOS, TAPAS O ACCESORIOS)	ML	744818
Nuevo - Proyecto	REDES ALCANTARILLADO / DRENAJE	REDES ALCANTARILLADO / DRENAJE	8017	CANAL DE INSPECCIÓN DE DRENAJE PREFABRICADO EN POLYCONCRETO , PD-150V, CLASE DE CARGA D400, INCLUYE REJILLA, LONG=500 MM, H= 270 MM, ANCHO= 200MM, EN COLOR NATURAL, (NO INCLUYE: EXCAVACIÓN, CONCRETO, DRENAJE, RELLENOS, TAPAS O ACCESORIOS)	UN	1253294
Nuevo - Proyecto	REDES ALCANTARILLADO / DRENAJE	REDES ALCANTARILLADO / DRENAJE	8018	SUMIDERO PARA CANAL DE DRENAJE PREFABRICADO EN POLYCONCRETO CON REJA DE FUNDICIÓN, PD-150V, CLASE DE CARGA D400, LONG=500MM, H= 575 MM, ANCHO= 180 MM, EN COLOR NATURAL, (NO INCLUYE: EXCAVACIÓN, CONCRETO, DRENAJE, RELLENOS, TAPAS O ACCESORIOS)	UN	1548481
Nuevo - Proyecto	REDES ALCANTARILLADO / DRENAJE	REDES ALCANTARILLADO / DRENAJE	8019	CANAL DE DRENAJE PREFABRICADO EN POLYCONCRETO, RD-200V, CLASE DE CARGA F900, INCLUYE REJILLA, LONG=1000MM, H= 530 MM, ANCHO= 260 MM, EN COLOR NATURAL, (NO INCLUYE: EXCAVACIÓN, CONCRETO, DRENAJE, RELLENOS, TAPAS O ACCESORIOS)	ML	1566285
Nuevo - Proyecto	REDES ALCANTARILLADO / DRENAJE	REDES ALCANTARILLADO / DRENAJE	8020	CANAL DE INSPECCIÓN DE DRENAJE PREFABRICADO EN POLYCONCRETO, RD-200V, CLASE DE CARGA F900, INCLUYE REJILLA, LONG=660 MM, H= 530 MM, ANCHO= 260 MM, EN COLOR NATURAL, (NO INCLUYE: EXCAVACIÓN, CONCRETO, DRENAJE, RELLENOS, TAPAS O ACCESORIOS)	UN	2586829
Nuevo - Proyecto	REDES ACUEDUCTO	REDES ACUEDUCTO	8022	NIPLE HD Ø4" BRIDA B16.5 X LISO LONG. 816 MM. CON PASAMURO Z=665MM(INCLUYE SUMINISTRO E INSTALACIÓN)	UN	705854
Nuevo - Proyecto	REDES ACUEDUCTO	REDES ACUEDUCTO	8023	NIPLE HD Ø4" BRIDA B16.5 X LISO LONG. 1274 MM. CON PASAMURO Z=824MM(INCLUYE SUMINISTRO E INSTALACIÓN)	UN	970902
Nuevo - Proyecto	REDES ACUEDUCTO	REDES ACUEDUCTO	8025	NIPLE HD Ø4" BRIDA B16.5 X LISO LONG. 500 MM. CON PASAMURO Z=310MM (INCLUYE SUMINISTRO E INSTALACIÓN)	UN	523783
Nuevo - Proyecto	REDES ACUEDUCTO	REDES ACUEDUCTO	8026	NIPLE HD Ø4" BRIDA B16.5 X LISO LONG. 1020 MM. CON PASAMURO Z=820MM (INCLUYE SUMINISTRO E INSTALACIÓN)	UN	824711
Nuevo - Proyecto	REDES ACUEDUCTO	REDES ACUEDUCTO	8044	CODO EN ACERO F 18" ENTRE 5° Y 22½° JUNTA ESPIGO / CAMPANA CON EMPAQUE DE CAUCHO, CON REVESTIMIENTO INTERIOR Y RECUBRIMIENTO EXTERIOR EN MORTERO DE CEMENTO. L=0,4 X 0,4M. PRESIÓN DE TRABAJO HASTA = 250 PSI . (INCLUYE SUMINISTRO E INSTALACIÓN).	UN	3927818
Nuevo - Proyecto	REDES ACUEDUCTO	REDES ACUEDUCTO	8045	CODO EN ACERO F 18" ENTRE 22½° Y 45° JUNTA ESPIGO / CAMPANA CON EMPAQUE DE CAUCHO, CON REVESTIMIENTO INTERIOR Y RECUBRIMIENTO EXTERIOR EN MORTERO DE CEMENTO. L=0,60 X 0,60M. PRESIÓN DE TRABAJO HASTA = 250 PSI. (INCLUYE SUMINISTRO E INSTALACIÓN).	UN	4822383
Nuevo - Proyecto	REDES ACUEDUCTO	REDES ACUEDUCTO	8046	CODO EN ACERO F 18" ENTRE 45° Y 67½° JUNTA ESPIGO / CAMPANA CON EMPAQUE DE CAUCHO, CON REVESTIMIENTO INTERIOR Y RECUBRIMIENTO EXTERIOR EN MORTERO DE CEMENTO. L=0,90 X 0,90M. (INCLUYE SUMINISTRO E INSTALACIÓN).	UN	5982330
Nuevo - Proyecto	REDES ACUEDUCTO	REDES ACUEDUCTO	8047	CODO EN ACERO F 18" ENTRE 45° Y 67½° JUNTA ESPIGO / CAMPANA CON EMPAQUE DE CAUCHO, CON REVESTIMIENTO INTERIOR Y RECUBRIMIENTO EXTERIOR EN MORTERO DE CEMENTO. L=1,35 X 1,35M. PRESIÓN DE TRABAJO HASTA = 250 PSI. (INCLUYE SUMINISTRO E INSTALACIÓN).	UN	7540350
Nuevo - Proyecto	REDES ACUEDUCTO	REDES ACUEDUCTO	8048	CODO EN ACERO F 20" ENTRE 5° Y 22½° JUNTA ESPIGO / CAMPANA CON EMPAQUE DE CAUCHO, CON REVESTIMIENTO INTERIOR Y RECUBRIMIENTO EXTERIOR EN MORTERO DE CEMENTO. L=0,4 X 0,4M. PRESIÓN DE TRABAJO HASTA = 250 PSI. (INCLUYE SUMINISTRO E INSTALACIÓN).	UN	4300441
Nuevo - Proyecto	REDES ACUEDUCTO	REDES ACUEDUCTO	8049	CODO EN ACERO F 20" ENTRE 22½° Y 45° JUNTA ESPIGO / CAMPANA CON EMPAQUE DE CAUCHO, CON REVESTIMIENTO INTERIOR Y RECUBRIMIENTO EXTERIOR EN MORTERO DE CEMENTO. L=0,65 X 0,65M. PRESIÓN DE TRABAJO = 250 PSI. (INCLUYE SUMINISTRO E INSTALACIÓN).	UN	5423032
Nuevo - Proyecto	REDES ACUEDUCTO	REDES ACUEDUCTO	8050	CODO EN ACERO F 24" ENTRE 5° Y 22½° JUNTA ESPIGO / CAMPANA CON EMPAQUE DE CAUCHO, CON REVESTIMIENTO INTERIOR Y RECUBRIMIENTO EXTERIOR EN MORTERO DE CEMENTO. L=0,45 X 0,45M. PRESIÓN DE TRABAJO HASTA = 250 PSI . (INCLUYE SUMINISTRO E INSTALACIÓN).	UN	4740811
Nuevo - Proyecto	REDES ACUEDUCTO	REDES ACUEDUCTO	8051	CODO EN ACERO F 24" ENTRE 22½° Y 45° JUNTA ESPIGO / CAMPANA CON EMPAQUE DE CAUCHO, CON REVESTIMIENTO INTERIOR Y RECUBRIMIENTO EXTERIOR EN MORTERO DE CEMENTO. L=0,80 X 0,80M. PRESIÓN DE TRABAJO = 250 PSI. (INCLUYE SUMINISTRO E INSTALACIÓN).	UN	7219530
Nuevo - Proyecto	REDES ACUEDUCTO	REDES ACUEDUCTO	8052	CODO EN ACERO F 24" ENTRE 45° Y 67½° JUNTA ESPIGO / CAMPANA CON EMPAQUE DE CAUCHO, CON REVESTIMIENTO INTERIOR Y RECUBRIMIENTO EXTERIOR EN MORTERO DE CEMENTO. L=1,20 X 1,20M. PRESIÓN DE TRABAJO = 250 PSI. (INCLUYE SUMINISTRO E INSTALACIÓN).	UN	9351918
Nuevo - Proyecto	REDES ACUEDUCTO	REDES ACUEDUCTO	8058	TUBERÍA HG Ø1 1/2". (INCLUYE SUMINISTRO E INSTALACIÓN).	ML	45332
Nuevo - Proyecto	REDES ACUEDUCTO	REDES ACUEDUCTO	8060	UNIÓN DE DESMONTAJE AUTOPORTANTE HD Ø4" BRIDA B16.5. (INCLUYE SUMINISTRO E INSTALACIÓN).	UN	1492318
Nuevo - Proyecto	REDES ELECTRICAS	RED ELECTRICA CODENSA	8076	SALIDA PARA ILUMINACIÓN, TUBO PVC 3/4" (LONG= 3M) (INCLUYE SUMINISTRO E INSTALACIÓN).	UN	51792
Nuevo - Proyecto	REDES ELECTRICAS	RED ELECTRICA CODENSA	8077	SALIDA PARA MOTORES PUERTAS, TUBO EMT 3/4", (LONG=10M) (INCLUYE SUMINISTRO E INSTALACIÓN).	UN	307913
Nuevo - Proyecto	REDES ELECTRICAS	RED ELECTRICA CODENSA	8078	SALIDA PARA PUBLICIDAD, TUBO EMT 3/4", (LONG= 10M) (INCLUYE SUMINISTRO E INSTALACIÓN).	UN	252653
Nuevo - Proyecto	REDES ELECTRICAS	RED ELECTRICA CODENSA	8079	SALIDA PARA CCTV E INFORMADORES, TUBO EMT 3/4", (LONG=10M) (INCLUYE SUMINISTRO E INSTALACIÓN).	UN	358648
Nuevo - Proyecto	MOBILIARIO URBANO - ARBOLES Y GRAMAS	SIEMBRA DE ARBOLES Y GRAMA	8080	PLANTACIÓN DE LIQUIDÁMBAR H=1.5 M. (INCLUYE SUMINISTRO AL SITIO DE OBRA, EXCAVACIÓN MANUAL, PLANTACION, CAJA, TIERRA, ABONO, TUTOR, TRANSPORTE Y DISPOSICIÓN FINAL DE ESCOMBROS EN SITIO AUTORIZADO A 28 KM).	UN	153259
Nuevo - Proyecto	REDES ACUEDUCTO	REDES ACUEDUCTO	8081	ADAPTADOR TERMINAL CAMPANA PVC D=6" (SUMINISTRO E INSTALACIÓN)	UN	32751
Nuevo - Proyecto	MOBILIARIO URBANO - ARBOLES Y GRAMAS	SIEMBRA DE ARBOLES Y GRAMA	8082	PLANTACION DE PENNISETUM (INCLUYE SUMINISTRO AL SITIO DE OBRA DE 16 UNIDADES POR M2, PLANTACION Y TRANSPORTE Y DISPOSICIÓN FINAL DE ESCOMBROS EN SITIO AUTORIZADO A 28 KM).	M2	113681
Nuevo - Proyecto	MOBILIARIO URBANO - ARBOLES Y GRAMAS	SIEMBRA DE ARBOLES Y GRAMA	8083	PLANTACIÓN DE LIRIOPE (INCLUYE 16 UNIDADES POR M2) (INCLUYE SUMINISTRO AL SITIO DE OBRA, PLANTACION Y  TRANSPORTE Y DISPOSICIÓN FINAL DE ESCOMBROS EN SITIO AUTORIZADO A 28 KM).	M2	90192
Nuevo - Proyecto	MOBILIARIO URBANO - ARBOLES Y GRAMAS	SIEMBRA DE ARBOLES Y GRAMA	8084	PLANTACIÓN DE CLAVEL CHINO (INCLUYE 16 UNIDADES POR M2) (INCLUYE SUMINISTRO AL SITIO DE OBRA, PLANTACION, TRANSPORTE Y DISPOSICIÓN FINAL DE ESCOMBROS EN SITIO AUTORIZADO A 28 KM).	M2	65967
Nuevo - Proyecto	CONCRETO Y ACERO PARA ESTRUCTURAS	CONCRETO PARA ESTRUCTURAS	8086	CÁMARA EN CONCRETO DE 5000 PSI GRAVA COMÚN (PREMEZCLADO. INCLUYE SUMINISTRO, FORMALETEO, COLOCACIÓN Y CURADO. NO INCLUYE REFUERZO).	M3	1061152
Nuevo - Proyecto	CONCRETO Y ACERO PARA ESTRUCTURAS	CONCRETO PARA ESTRUCTURAS	8087	ZAPATA EN CONCRETO PREMEZCLADO DE 4000 PSI (28Mpa), GRAVA COMÚN (Incluye bombeo, Sumin., Formaleteo en madera, Colocación y Curado. No incl. Refuerzo).	M3	1098380
Nuevo - Proyecto	CONCRETO Y ACERO PARA ESTRUCTURAS	CONCRETO PARA ESTRUCTURAS	8088	DADO DE CIMENTACION EN CONCRETO 4000 PSI, (28 Mpa) GRAVA COMÚN. Premezclado. Incluye Sumin, Formaleteo en madera, Bombeo, Colocación y curado. (No incl. Refuerzo).	M3	1075994
Nuevo Troncal Caracas	ANDENES Y SARDINELES	PISOS EN ADOQUINES Y EN LOSETAS	8090	PISO EN PORCELANATO COLOR GRIS OSCURO TIPO BARI PLUS, ACABADO PULIDO, FORMATO 0,60 CM X 0,60 CM LÍNEA CONVENCIONAL. (INCLUYE SUMINISTRO E INSTALACIÓN).	M2	530380
Nuevo Troncal Caracas	EXCAVACIONES	EXC. CONFORMACIÓN DE SUBRASANTE	8091	BOLSA DE LONA RELLENA DE ARENA DE PEÑA. (INCLUYE SUMINISTRO E INSTALACIÓN).	UN	13551
Nuevo Troncal Caracas	SEÑALIZACIÓN	OTROS-SEÑALIZACIÓN	8092	RETIRO DE SEÑAL VERTICAL CON ENTREGA A ALMACÉN DE LA SDM (APLICA PARA SEÑALES SENCILLAS Y DÚPLEX) (INCLUYE RETIRO DE PEDESTAL Y TABLERO. INCLUYE DEMOLICIÓN DE PISO, RETIRO Y DISPOSICIÓN FINAL DE ESCOMBROS)	UN	45976
Nuevo Troncal Caracas	SEÑALIZACIÓN	OTROS-SEÑALIZACIÓN	8093	REUBICACIÓN DE SEÑALES VERTICALES (APLICA PARA RETIRO Y REINSTALACIÓN DE SEÑALES SENCILLAS Y DÚPLEX. INCLUYE DEMOLICIÓN DE PISO, RETIRO Y DISPOSICIÓN FINAL DE ESCOMBROS)	UN	54009
Nuevo Troncal Caracas	MOBILIARIO URBANO - ARBOLES Y GRAMAS	SIEMBRA DE ARBOLES Y GRAMA	8094	PLANTACION DE PINO ROMERON H=1.5 M. (INCLUYE SUMINISTRO AL SITIO DE OBRA, PLANTACION, EXCAVACION MANUAL, CAJA, TIERRA, ABONO, TUTOR Y TRANSPORTE Y DISPOSICIÓN FINAL DE ESCOMBROS EN SITIO AUTORIZADO A 28 KM).	UN	433315
Nuevo - DTP	ENSAYOS - LABORATORIOS	ENSAYOS - LABORATORIOS	8098	APIQUE MANUAL HASTA 2 M DE 1.5 M X 1.5 M - RELLENO Y ADECUACIÓN DEL SITIO - INCLUYE TRANSPORTE	UN	476000
Nuevo - DTP	GEOSINTETICOS	GEOTEXTILES	8099	FORMALETA FLEXIBLE PARA CONCRETO O MORTERO HIDRÁULICO, A PARTIR DE GEOTEXTIL TEJIDO CON RESISTENCIA A LA TENSION GRAB: ENTRE 700 N Y 770 N, ANCHO DE 1.20 M, LARGO DE 2.4 M Y CAPACIDAD DE 1.0 M3. (SUMINISTRO E INSTALACION. INCLUYE MORTERO 1:3 HECHO EN OBRA).	M3	251102
Nuevo - DTP	REDES ALCANTARILLADO / DRENAJE	REDES ALCANTARILLADO / DRENAJE	8100	CANAL DE INICIO / FIN DE DRENAJE PREFABRICADO EN POLYCONCRETO , PD-150V, CLASE DE CARGA D400, INCLUYE REJILLA, LONG=500 MM, H= 270 MM, ANCHO= 200MM, EN COLOR NATURAL. INCLUYE TAPA CIEGA (NO INCLUYE: EXCAVACIÓN, CONCRETO, DRENAJE, RELLENOS U OTROS ACCESORIOS)	UN	1419331
Nuevo - DTP	REDES ALCANTARILLADO / DRENAJE	REDES ALCANTARILLADO / DRENAJE	8101	CANAL DE INICIO / FIN DE DRENAJE PREFABRICADO EN POLYCONCRETO, RD-200V, CLASE DE CARGA F900, INCLUYE REJILLA, LONG=660 MM, H= 530 MM, ANCHO= 260 MM, EN COLOR NATURAL. INCLUYE TAPA CIEGA (NO INCLUYE: EXCAVACIÓN, CONCRETO, DRENAJE, RELLENOS, U OTROS ACCESORIOS)	UN	3178623
Nuevo - Troncal Caracas	ACTIVIDADES CONSERVACIÓN	ACTIVIDADES CONSERVACIÓN	8103	RETIRO Y LAVADO DE SUPERFICIE DE BIOCAPAS MEDIANTE PRODUCTO LIMPIADOR NEW O SIMILAR. LIMPIADOR PARA CONCRETO-LADRILLO	M2	24656
Nuevo - Troncal Caracas	ACTIVIDADES CONSERVACIÓN	ACTIVIDADES CONSERVACIÓN	8104	APLICACIÓN DE CAPA INHIBIDORA DE CORROSIÓN POR IMPREGNACIÓN (FORMULACIÓN MEJORADA) MÁS RECUBRIMIENTO PROTECTOR EPÓXICO APLICABLE EN ELEMENTOS DE CONCRETO Y METAL BAJO AGUA.	M2	129812
Nuevo Proyecto 	PAVIMENTOS	PAVIMENTOS ARTICULADOS	8106	ADOQUIN DE CONCRETO COLOR 20X10X8CM (SUMINISTRO E INSTALACIÓN. INCLUYE BASE 4CM, MORTERO 2000 PSI Y ARENA DE SELLO)	M2	178212
Nuevo Proyecto 	ANDENES Y SARDINELES	SARDINELES Y BORDILLOS	8107	PIEZA DE REMATE FUNDIDA EN SITIO PARA CAÑUELA TIPO A121 DE 0.3X0.5X0.4 M EN CONCRETO DE 3000 PSI (INCLUYE SUMINISTRO E INSTALACIÓN)	UN	61621
Nuevo Proyecto 	REDES ELECTRICAS	RED ELECTRICA CODENSA	8109	ACOMETIDA EN BAJA TENSIÓN EN CONDUCTORES CU 3X6+8 AWG, 600 V (INCLUYE SUMINISTRO E INSTALACIÓN TUBERIA PVC 3" Y CABLES)	ML	64305
Nuevo Proyecto 	REDES ELECTRICAS	RED ELECTRICA CODENSA	8110	ACOMETIDA EN BAJA TENSIÓN EN CONDUCTORES CU 3X4+8 AWG, 600 V (INCLUYE SUMINISTRO E INSTALACIÓN TUBERIA PVC 3" Y CABLES)	ML	77127
Nuevo Proyecto 	REDES ELECTRICAS	RED ELECTRICA CODENSA	8111	ACOMETIDA EN MEDIA TENSIÓN EN CONDUCTORES ALUMINIO 3X185 MM^2, XLPE, 15KV, 133%, +1 NO. 2 CU DESNUDO, CON CONOS DE ALIVIO, TERMINALES Y ACCESORIOS (INCLUYE SUMINISTRO E INSTALACIÓN TUBERIA PVC 3" Y CABLES)	ML	208838
Nuevo Proyecto 	REDES TELEFONICAS / DATOS	RED TELEFONICA ETB	8112	REUBICACION DE SONORIZADORES PARA INVIDENTES (INCLUYE DESMONTE).	UN	275363
Nuevo Proyecto 	REDES TELEFONICAS / DATOS	RED TELEFONICA ETB	8113	REUBICACION DE DETECTOR DE DEMANDA PEATONAL (BOTONES) NO INCLUYE CABLES. (INCLUYE DESMONTE).	UN	137682
Nuevo Proyecto 	SEÑALIZACIÓN	DEMARCACION DE PAVIMENTOS	8114	PINTURA EN PLASTICO EN FRIO METILMETACRILATO DE A=20CM PARA LINEAS DE DEMARCACIÓN, CON MICROESFERAS Y ESPESOR SECO SEGÚN NORMA NTC 4744. SUMINISTRO Y APLICACIÓN.	ML	29134
Nuevo Proyecto 	SEÑALIZACIÓN	OTROS-SEÑALIZACIÓN	8115	SEPARADORES TIPO TRANSMILENIO DELINEADOR TIPO C EN POLIETILENO (1M X 0.15M X 0.8M) Y 2 TORNILLOS EN ACERO INOXIDABLE DE 1/2" DE ANCHO Y 4 TORNILLOS DE 1/2" DE LARGO. SUMINISTRO E INSTALACION.	UN	191623
Nuevo Proyecto 	REDES TELEFONICAS / DATOS	RED TELEFONICA ETB	8116	SEMAFORO (3X200) S2. LENTES DE POLICARBONATO DE 8" BICICLETAS LUCES, SISTEMA DE ILUMINACIÓN A LEDS, COMPATIBILIDAD C800/900, FIJACION A MENSULA. INCLUYE ELEMENTOS DE FIJACION.	UN	4344103
Nuevo Proyecto 	REDES ELECTRICAS	RED ELECTRICA CODENSA	8117	ACOMETIDA EN BAJA TENSIÓN EN CONDUCTORES CU 2X8+8 AWG, 600 V (INCLUYE SUMINISTRO E INSTALACIÓN TUBERIA PVC 3" Y CABLES)	ML	45433
Nuevo Proyecto 	REDES ELECTRICAS	RED ELECTRICA CODENSA	8118	ACOMETIDA EN BAJA TENSIÓN EN CONDUCTORES CU 1X8+8 AWG, 600 V (INCLUYE SUMINISTRO E INSTALACIÓN TUBERIA PVC 3" Y CABLES)	ML	39344
Nuevo Proyecto 	REDES ELECTRICAS	RED ELECTRICA CODENSA	8119	PUESTA A TIERRA PARA BARRAJES PREFORMADOS DE BAJA TENSION CS340	UN	433668
Nuevo Proyecto 	REDES TELEFONICAS / DATOS	RED TELEFONICA ETB	8120	NIVELACIÓN DE CÁMARA ETB T-16 H= 0.30M (DIMENSIONES INTERNAS LARGO:2,66M, ANCHO:2,66M, ALTO 1,80M SEGÚN NORMA ETB) (INCLUYE DEMOLICION, TRANSPORTE Y DISPOSICION DE ESCOMBROS, SUMINISTROS E INSTALACIÓN BLOQUE, CONCRETO PLACA SUPERIOR, REFUERZO,MORTERO, ARO Y TAPA ETB).	UN	2491355
Nuevo Proyecto 	REDES TELEFONICAS / DATOS	RED TELEFONICA ETB	8121	NIVELACIÓN DE CÁMARA ETB T-18 H= 0.30M (DIMENSIONES INTERNAS LARGO:2,20M, ANCHO:2,20M, ALTO 1,80M SEGÚN NORMA ETB) ((INCLUYE DEMOLICION, TRANSPORTE Y DISPOSICION DE ESCOMBROS, SUMINISTROS E INSTALACIÓN BLOQUE, CONCRETO PLACA SUPERIOR, REFUERZO,MORTERO, ARO Y TAPA ETB).	UN	2725167
Nuevo Proyecto 	REDES TELEFONICAS / DATOS	RED TELEFONICA ETB	8122	NIVELACIÓN DE CAJA SENCILLA DE PASO ETB H= 0.30M (DIMENSIONES INTERNAS LARGO:0,53M, ANCHO:0,53M, ALTO 1,08M SEGÚN NORMA ETB) (INCLUYE DEMOLICION, TRANSPORTE Y DISPOSICION DE ESCOMBROS, SUMINISTROS E INSTALACIÓN BLOQUE, MORTERO, MARCO Y TAPA).	UN	1057278
Nuevo Proyecto 	ANDENES Y SARDINELES	PISOS EN ADOQUINES Y EN LOSETAS	8123	LOSETA ACHURADO TIPO A20 ( INCLUYE SUMINISTRO E INSTALACIÓN.INCLUYE BASE 4CM MORTERO 1:5 Y ARENA DE SELLO)	M2	136309
Nuevo Proyecto 	REDES TELEFONICAS / DATOS	RED TELEFONICA ETB	8125	RETIRO DE TELÉFONOS PÚBLICOS (INCLUYE DESCONEXIÓN, DEMOLICIÓN CONCRETO, EXCAVACIÓN, RELLENO CON MATERIAL DE LA EXCAVACIÓN Y DISPOSICIÓN FINAL)	UN	100459
Nuevo Proyecto 	REDES ELECTRICAS	RED ELECTRICA CODENSA	8126	ACOMETIDA EN BAJA TENSIÓN EN CONDUCTORES CU 3X2/0 + 1X2 AWG, 600 V (INCLUYE SUMINISTRO E INSTALACIÓN TUBERIA PVC 3" Y CABLES).	ML	185590
Nuevo Proyecto 	REDES ELECTRICAS	RED ELECTRICA CODENSA	8129	CONDUCTOR MONOPOLAR DE ALUMINIO, AISLADO PARA 15 KV - XLPE, SECCION 95 MM2. (INCLUYE SUMINISTRO E INSTALACIÓN).	ML	72778
Nuevo Proyecto 	REDES ELECTRICAS	RED ELECTRICA CODENSA	8130	ACOMETIDA EN BAJA TENSIÓN EN CONDUCTORES 3X8+8 AWG (INCLUYE SUMINISTRO E INSTALACIÓN).	ML	52986
Nuevo Proyecto 	REDES ELECTRICAS	RED ELECTRICA CODENSA	8131	RETIRO DE RED AÉREA (INCLUYE TRANSPORTE Y DISPOSICIÓN DE SOBRANTES)	ML	4120
Nuevo Proyecto 	REDES ELECTRICAS	RED ELECTRICA CODENSA	8133	TUBERÍA EN POLIETILENO DE 1" (INCLUYE SUMINISTRO E INSTALACIÓN HASTA DOS UNIONES Y 10 M DE TUBERÍA)	ML	8780
Nuevo Proyecto 	REDES TELEFONICAS / DATOS	RED TELEFONICA COLOMBIA TELECOMUNICACIONES	8134	NIVELACIÓN DE CÁMARA DOBLE TIPO 2"F1" COLOMBIA TELECOMUNICACIONES (DIMENSIONES INTERNAS LARGO: 1.56M, ANCHO:0,50M, ALTO 0,90M SEGÚN NORMA TELECOM) (INCLUYE DEMOLICIÓN, TRANSPORTE Y DISPOSICIÓN DE ESCOMBROS, SUMINISTROS E INSTALACIÓN BLOQUE, MORTERO, MARCO Y TAPA).	UN	1006807
Nuevo Proyecto 	CONCRETO Y ACERO PARA ESTRUCTURAS	CONCRETO PARA ESTRUCTURAS	8135	PILOTE D=0.70 M DE CONCRETO TREMIE 4000 PSI (28 MPA) (INCLUYE EXCAVACIÓN, TRANSPORTE Y DISPOSICIÓN FINAL DE ESCOMBROS EN SITIO AUTORIZADO A 21 KM, CARGUE Y RETIRO DE SOBRANTES, MOVILIZACIÓN, MONTAJE Y DESMONTAJE DE EQUIPO ENTRE PERFORACIONES DENTRO DE LA OBRA. SUMINISTRO Y COLOCACIÓN DEL CONCRETO CON BOMBA	ML	915140
Nuevo Proyecto 	REDES ELECTRICAS	RED ELECTRICA CODENSA	8136	ACOMETIDA EN BAJA TENSIÓN EN CONDUCTORES 3X4+6 AWG (INCLUYE SUMINISTRO E INSTALACIÓN).	ML	83016
Nuevo Proyecto 	REDES ELECTRICAS	RED ELECTRICA CODENSA	8138	ACOMETIDA EN BAJA TENSIÓN EN CONDUCTORES 3X2+4 AWG (INCLUYE SUMINISTRO E INSTALACIÓN).	ML	110401
Nuevo Proyecto 	CONCRETO Y ACERO PARA ESTRUCTURAS	CONCRETO PARA ESTRUCTURAS	8139	CONCRETO 4000 PSI GRAVA COMÚN PARA TOPE SÍSMICO (PREMEZCLADO. INCLUYE SUMIN., FORMALETEO Y COLOCACIÓN. NO INCL. REFUERZO, CURADO).	M3	772584
Nuevo Proyecto 	REDES TELEFONICAS / DATOS	RED TELEFONICA COLOMBIA TELECOMUNICACIONES	8140	NIVELACIÓN DE CAMARA TIPO "D" COLOMBIA TELECOMUNICACIONES (DIMENSIONES INTERNAS LARGO:1,90M, ANCHO:1,06M, ALTO:1,60M SEGÚN NORMA TELECOM)(INCLUYE DEMOLICION, TRANSPORTE Y DISPOSICION DE ESCOMBROS, SUMINISTROS E INSTALACIÓN BLOQUE, MORTERO, MARCO Y TAPA).	UN	1505291
Nuevo Proyecto 	REDES ALCANTARILLADO / DRENAJE	REDES ALCANTARILLADO / DRENAJE	8142	TUBERÍA FLEXIBLE DE ALTA DENSIDAD NEGRA. TUBO Ø6", TUBERÍA PEAD, PE100, SDR17, DN50, PE.	ML	133413
Nuevo Proyecto 	REDES TELEFONICAS / DATOS	RED TELEFONICA ETB	8143	NIVELACIÓN DE CÁMARA ETB T-18A H= 0.30M (DIMENSIONES INTERNAS LARGO:2,20M, ANCHO:2,20M, ALTO 1,80M SEGÚN NORMA ETB) (INCLUYE DEMOLICION, TRANSPORTE Y DISPOSICION DE ESCOMBROS, SUMINISTROS E INSTALACIÓN BLOQUE, CONCRETO PLACA SUPERIOR, REFUERZO,MORTERO, ARO Y TAPA ETB).	UN	3209329
Nuevo Proyecto 	REDES ELECTRICAS	RED ELECTRICA CODENSA	8144	NIVELACIÓN DE CAMARA TIPO "JC" COLOMBIA TELECOMUNICACIONES (DIMENSIONES INTERNAS LARGO:2,12M, ANCHO:1,26M, ALTO:1,60M SEGÚN NORMA TELECOM)(INCLUYE DEMOLICION, TRANSPORTE Y DISPOSICION DE ESCOMBROS, SUMINISTROS E INSTALACIÓN BLOQUE, CONCRETO PLACA SUPERIOR, REFUERZO,MORTERO, ARO Y TAPA ).	UN	1535912
Nuevo Proyecto 	REDES TELEFONICAS / DATOS	RED TELEFONICA COLOMBIA TELECOMUNICACIONES	8145	NIVELACIÓN DE CAMARA TIPO "F1" COLOMBIA TELECOMUNICACIONES (DIMENSIONES INTERNAS LARGO:0,69M, ANCHO:0,56M, ALTO 0,90M) (INCLUYE DEMOLICION, TRANSPORTE Y DISPOSICION DE ESCOMBROS, SUMINISTROS E INSTALACIÓN BLOQUE, MORTERO, MARCO Y TAPA).	UN	926700
Nuevo Proyecto 	REDES TELEFONICAS / DATOS	RED TELEFONICA COLOMBIA TELECOMUNICACIONES	8146	NIVELACIÓN DE CAMARA TIPO "F2" COLOMBIA TELECOMUNICACIONES (DIMENSIONES INTERNAS LARGO:0,41M, ANCHO:0,36M, ALTO:0,90M SEGÚN NORMA TELECOM) (INCLUYE DEMOLICION, TRANSPORTE Y DISPOSICION DE ESCOMBROS, SUMINISTROS E INSTALACIÓN BLOQUE, MORTERO, MARCO Y TAPA).	UN	464954
Nuevo Proyecto 	REDES ALCANTARILLADO / DRENAJE	REDES ALCANTARILLADO / DRENAJE	8148	ACOMETIDA DOMICILIARIA DE 1" CON COLLAR DE DERIVACION DE 4" X 1/2". SUMINISTRO E INSTALACION. (INCLUYE TUBERIA PF, REGISTROS Y ACCESORIOS, LONGITUD PROMEDIO DE 6.5M, INCLUYE CAJILLA EN POLIPROPILENO PARA MEDIDOR).	UN	516431
Nuevo Proyecto 	REDES TELEFONICAS / DATOS	RED TELEFONICA ETB	8150	RECONSTRUCCIÓN CAJA DE INSPECCIÓN DOBLE PARA CANALIZACIÓN RED ETB (DIMENSIONES INTERNAS LARGO:1,02M, ANCHO:0,60M, ALTO:0,81M SEGÚN NORMA ETB) (INCLUYE MUROS , PAÑETE, MARCO Y TAPAS)	UN	2551125
Nuevo Proyecto 	REDES ACUEDUCTO	REDES ACUEDUCTO	8151	EMPATES DE TUBERÍA EN PVC A PEAD 6" LINEAL SEGÚN NORMA NS-023 (INCLUYE ACCESORIOS). SUMINISTRO E INSTALACIÓN.	UN	2377885
Nuevo Proyecto 	REDES ALCANTARILLADO / DRENAJE	REDES ALCANTARILLADO / DRENAJE	8152	RENIVELACIÓN DE ACOMETIDA DOMICILIARIA.	UN	61949
Nuevo Proyecto 	REDES ELECTRICAS	RED ELECTRICA CODENSA	8153	TRANSFORMADOR SEMISUMERGIBLE 75 KVA 11.4 /0.208-0.120 KV DYN5. (SUMINISTRO E INSTALACIÓN)	UN	29634175
Nuevo Proyecto 	REDES TELEFONICAS / DATOS	RED TELEFONICA ETB	8154	RECONSTRUCCIÓN CAJA DE INSPECCIÓN SENCILLA PARA CANALIZACIÓN RED ETB (DIMENSIONES INTERNAS LARGO:0,53M, ANCHO:0,53M, ALTO 1,08M SEGÚN NORMA ETB) (INCLUYE MUROS , PAÑETE, MARCO Y TAPAS)	UN	1530280
Nuevo Proyecto 	REDES TELEFONICAS / DATOS	RED TELEFONICA ETB	8155	NIVELACIÓN DE CÁMARA ETB T-13A H= 0.30M (DIMENSIONES INTERNAS LARGO:2,55M, ANCHO:1,85M, ALTO 1,80M SEGÚN NORMA ETB) (INCLUYE DEMOLICION, TRANSPORTE Y DISPOSICION DE ESCOMBROS, SUMINISTROS E INSTALACIÓN BLOQUE, CONCRETO PLACA SUPERIOR, REFUERZO,MORTERO, ARO Y TAPA ETB).	UN	1974496
Nuevo Proyecto 	REDES ALCANTARILLADO / DRENAJE	REDES ALCANTARILLADO / DRENAJE	8156	LAVADO Y MANTENIMIENTO DE SEÑAL VERTICAL (SP-SR-SI), SENCILLA O DUPLEX.	UN	6593
Nuevo Proyecto 	REDES ELECTRICAS	RED ELECTRICA CODENSA	8157	TRANSFORMADOR SEMISUMERGIBLE 45 KVA 11.4 /0.208-0.120 KV DYN5. (SUMINISTRO E INSTALACIÓN)	UN	24094007
Nuevo Proyecto 	CONCRETO Y ACERO PARA ESTRUCTURAS	CONCRETO PARA ESTRUCTURAS	8158	CONCRETO 3000 PSI GRAVA COMÚN PARA PIEZA REMATE TIPO HOMBROS PARA RAMPA (PREMEZCLADO. INCLUYE SUMIN., BOMBEO CON AUTOBOMBA, FORMALETEO Y COLOCACIÓN. NO INCL. REFUERZO, CURADO).	M3	794297
Nuevo Proyecto 	REDES ELECTRICAS	RED ELECTRICA CODENSA	8159	TRANSFORMADOR SEMISUMERGIBLE 225 KVA 11.4 /0.208-0.120 KV DYN5. (SUMINISTRO E INSTALACIÓN)	UN	61785163
Nuevo Proyecto 	PAVIMENTOS	PAVIMENTOS ARTICULADOS	8160	ADOQUÍN DE CONCRETO A26 (20X10X6) CM (SUMINISTRO E INSTALACIÓN. INCLUYE BASE 3CM ARENA NIVELACIÓN Y ARENA DE SELLO)	ML	30547
Nuevo Proyecto 	REDES TELEFONICAS / DATOS	RED TELEFONICA ETB	8161	NIVELACIÓN DE CÁMARA ETB T-16A H= 0.30M (DIMENSIONES INTERNAS LARGO:2,66M, ANCHO:2,66M, ALTO 1,80M SEGÚN NORMA ETB) (INCLUYE DEMOLICION, TRANSPORTE Y DISPOSICION DE ESCOMBROS, SUMINISTROS E INSTALACIÓN BLOQUE, CONCRETO PLACA SUPERIOR, REFUERZO,MORTERO, ARO Y TAPA ETB).	UN	2332428
Nuevo Proyecto 	REDES ALCANTARILLADO / DRENAJE	REDES ALCANTARILLADO / DRENAJE	8162	TUBERÍA FLEXIBLE DE ALTA DENSIDAD NEGRA. TUBO Ø4", TUBERÍA PEAD, PE100, SDR17, DN50, PE.	ML	60830
Nuevo Proyecto 	REDES ALCANTARILLADO / DRENAJE	REDES ALCANTARILLADO / DRENAJE	8163	TUBERÍA FLEXIBLE DE ALTA DENSIDAD NEGRA. TUBO Ø8", TUBERÍA PEAD, PE100, SDR17, DN50, PE.	ML	223022
Nuevo Proyecto 	ANÁLISIS AUXILIARES	OTROS	8165	CAJA PARA VALVULAS GN EN MAMPOSTERÍA 0,5M X 0,5M X 0,7M (INCLUYE SUMINISTRO DE MATERIALES E INSTALACIÓN)	UN	601862
Nuevo Proyecto 	ANDENES Y SARDINELES	PISOS EN ADOQUINES Y EN LOSETAS	8166	CENEFA EN LOSETA PREFABRICADA A58 GUIA (20X20X6) CM. SUMINISTRO E INSTALACIÓN. (INCLUYE 4CM DE MORTERO 1:5 HECHO EN OBRA PARA BASE Y ARENA DE PEÑA PARA SELLO)	M2	137916
Nuevo Proyecto 	MOBILIARIO URBANO - ARBOLES Y GRAMAS	MOBILIARIO URBANO	8167	BLOQUE DE CONCRETO ESTRUCTURAL (0.12X0.2X0.4)M PARA CONTENEDOR DE RAICES (INCLUYE SUMINISTRO E INSTALACIÓN, GROUTING 14 MPA Y GRAFIL D=6 MM PARA REFUERZO HORIZONTAL)	M2	193651
Nuevo Proyecto 	REDES TELEFONICAS / DATOS	RED TELEFONICA ETB	8168	NIVELACIÓN DE CÁMARA ETB T-14A H= 0.30M (DIMENSIONES INTERNAS LARGO:2,55M, ANCHO:2,24M, ALTO 1,80M SEGÚN NORMA ETB) (INCLUYE DEMOLICION, TRANSPORTE Y DISPOSICION DE ESCOMBROS, SUMINISTROS E INSTALACIÓN BLOQUE, CONCRETO PLACA SUPERIOR, REFUERZO,MORTERO, ARO Y TAPA ETB).	UN	2721146
Nuevo Proyecto 	ANDENES Y SARDINELES	PISOS EN ADOQUINES Y EN LOSETAS	8169	CENEFA EN LOSETA PREFABRICADA A57 TÁCTIL ALERTA (20X20X6) CM. SUMINISTRO E INSTALACIÓN. (INCLUYE 4CM DE MORTERO 1:5 HECHO EN OBRA PARA BASE Y ARENA DE PEÑA PARA SELLO)	M2	137916
Nuevo Proyecto 	REDES ELECTRICAS	RED ELECTRICA CODENSA	8170	LUMINARIA LED 103W, 48 LED. 120-227 V. (INCLUYE LUMINARIA, CABLES Y ELEMENTOS DE CONEXIÓN, OBRAS COMPLEMENTARIAS Y ACCESORIOS. INCLUYE SUMINISTRO, INSTALACIÓN, PRUEBAS Y PUESTA EN FUNCIONAMIENTO).	UN	1153609
Nuevo Proyecto 	REDES ALCANTARILLADO / DRENAJE	REDES ALCANTARILLADO / DRENAJE	8171	TUBERÍA FLEXIBLE DE ALTA DENSIDAD NEGRA. TUBO Ø12", TUBERÍA PEAD, PE100, SDR17, DN50, PE.	ML	560060
Nuevo Proyecto 	REDES ELECTRICAS	RED ELECTRICA CODENSA	8172	LUMINARIA LED 37W, 16 LED. 100-227 V. (INCLUYE LUMINARIA, CABLES Y ELEMENTOS DE CONEXIÓN, OBRAS COMPLEMENTARIAS Y ACCESORIOS. INCLUYE SUMINISTRO, INSTALACIÓN, PRUEBAS Y PUESTA EN FUNCIONAMIENTO).	UN	1106731
Nuevo Proyecto 	REDES ELECTRICAS	RED ELECTRICA CODENSA	8173	LUMINARIA LED 70W, 32 LED. 100-227 V. (INCLUYE LUMINARIA, CABLES Y ELEMENTOS DE CONEXIÓN, OBRAS COMPLEMENTARIAS Y ACCESORIOS. INCLUYE SUMINISTRO, INSTALACIÓN, PRUEBAS Y PUESTA EN FUNCIONAMIENTO).	UN	1386038
Nuevo Proyecto 	REDES ALCANTARILLADO / DRENAJE	REDES ALCANTARILLADO / DRENAJE	8177	TUBERÍA FLEXIBLE DE ALTA DENSIDAD NEGRA. TUBO Ø10", TUBERÍA PEAD, PE100, SDR17, DN50, PE.	ML	371082
Nuevo Proyecto 	REDES ACUEDUCTO	REDES ACUEDUCTO	8181	EMPATES DE TUBERÍA EN PVC A PEAD 8" LINEAL SEGÚN NORMA NS-023 (INCLUYE ACCESORIOS). SUMINISTRO E INSTALACIÓN.	UN	2902442
Nuevo Proyecto 	REDES ACUEDUCTO	REDES ACUEDUCTO	8182	EMPATES DE TUBERÍA EN PVC A PEAD 12" LINEAL SEGÚN NORMA NS-023. SUMINISTRO E INSTALACIÓN. (INCLUYE ACCESORIOS).	UN	7262026
Nuevo Proyecto 	OBRAS DE ARTE Y EDIFICACIONES	ACABADOS	8184	ESTUCO PLASTICO EN MUROS (INCLUYE SUMINISTRO E INSTALACIÓN).	M2	9671
Nuevo Proyecto 	REDES ALCANTARILLADO / DRENAJE	REDES ALCANTARILLADO / DRENAJE	8185	TAPA (REJILLA) PARA CAÑUELA A-124. DIMENSIONES: 600X300X100MM. (INCLUYE SUMINISTRO DE MATERIALES E INSTALACIÓN)	UN	56219
Nuevo Proyecto 	MOBILIARIO URBANO - ARBOLES Y GRAMAS	SIEMBRA DE ARBOLES Y GRAMA	8186	PLANTACION DE HORTENCIA (INCLUYE SUMINISTRO AL SITIO DE OBRA, PLANTACION Y TIERRA NEGRA).	M2	115308
Nuevo Proyecto 	REDES TELEFONICAS / DATOS	RED TELEFONICA ETB	8187	SEMÁFORO CUATRO MÓDULOS FIJACIÓN EN MÁSTIL (INCLUYE SUMINISTRO E INSTALACIÓN)	UN	5615487
Nuevo Proyecto 	REDES TELEFONICAS / DATOS	RED TELEFONICA ETB	8188	SEMÁFORO CUATRO MÓDULOS FIJACIÓN EN MÁSTIL CON FLECHA DE GIRO (INCLUYE SUMINISTRO E INSTALACIÓN)	UN	5516735
Nuevo Proyecto 	CONCRETO Y ACERO PARA ESTRUCTURAS	CONCRETO PARA ESTRUCTURAS	8195	SUPER ESTRUCTURA EN CONCRETO DE 7000 PSI PREMEZCLADO, GRAVA COMÚN (Incluye Sumin, bombeo, Formaleteo, Colocación y Curado. No incl. Refuerzo).	M3	1429603
Nuevo Proyecto 	EXCAVACIONES	EXC. CONFORMACIÓN DE SUBRASANTE	8196	ATAGUÍA (SACOS EN SUELO CEMENTO) (CONFINAMIENTO DE TALUDES. PROPORCIÓN 1:0:2. SUMINISTRO, MEZCLADO, LLENADO Y COLOCACIÓN.	M3	963200
Nuevo Proyecto 	CONCRETO Y ACERO PARA ESTRUCTURAS	CONCRETO PARA ESTRUCTURAS	8200	PILOTE D=80 CM CON CONCRETO TREMIE DE 4000 PSI. (INCLUYE EXCAVACIÓN, TRANSPORTE Y DISPOSICIÓN FINAL DE ESCOMBROS EN SITIO AUTORIZADO A 21 KM, CARGUE Y RETIRO DE SOBRANTES, MOVILIZACIÓN, MONTAJE Y DESMONTAJE DE EQUIPO ENTRE PERFORACIONES DENTRO DE LA OBRA. SUMINISTRO Y COLOCACIÓN DEL CONCRETO CON BOMBA	ML	1124804
Nuevo Proyecto 	REDES ELECTRICAS	RED ELECTRICA CODENSA	8202	RETIRO Y REUBICACIÓN DE POSTE DE 10 METROS	UN	364748
Nuevo Proyecto 	CONCRETO Y ACERO PARA ESTRUCTURAS	CONCRETO PARA ESTRUCTURAS	8204	CONCRETO 3000 PSI PARA PEDESTAL (PREMEZCLADO. INCL. SUMINISTRO, FORMALETEO Y COLOCACIÓN. NO INCL. REFUERZO, CURADO).	M3	908984
Nuevo Proyecto 	CONCRETO Y ACERO PARA ESTRUCTURAS	CONCRETO PARA ESTRUCTURAS	8205	PLACA DE PISO EN CONCRETO 3000 PSI (21 MPA) INCLUYE STEEL DECK DE 2" C-22 Y CONECTORES (PREMEZCLADO. INCLUYE SUMINISTRO, FORMALETEO Y COLOCACIÓN. NO INCL. REFUERZO, CURADO).	M2	239913
Nuevo Proyecto 	CONCRETO Y ACERO PARA ESTRUCTURAS	CONCRETO PARA ESTRUCTURAS	8209	PEDESTAL EN CONCRETO DE 3000 PSI IMPERMEABLE CON ACERO DE REFUERZO DE 3/8", ESPESOR DE PARED DE 80MM PARA EQUIPO DE CONTROL (1.20 M X 0.90 M X 0.75 M). CONSTRUCCIÓN. CON CUATRO DUCTOS PESADOS DE PVC TIPO DB D= 2".	UN	687251
Nuevo Proyecto 	ANÁLISIS AUXILIARES	OTROS	8210	RETIRO DE CERCA EN MADERA. (INCLUYE CARGUE MANUAL). NO INCLUYE TRANSPORTE Y DISPOSICIÓN FINAL DE SOBRANTES	ML	7962
Nuevo Proyecto 	ANDENES Y SARDINELES	PISOS EN ADOQUINES Y EN LOSETAS	8212	LOSETA DE CONCRETO A20 TR. LIVIANO 20X20X6CM COLOR GRIS (SUMINISTRO E INSTALACIÓN. INCLUYE BASE 4CM ARENA NIVELACIÓN Y ARENA DE SELLO)	M2	115042
Nuevo Proyecto 	REDES ELECTRICAS	RED ELECTRICA CODENSA	8213	CONDUCTOR RED DE BAJA TENSIÓN 3N2/0+1N1/0 -600V-CU	ML	192226
Nuevo Proyecto 	REDES ELECTRICAS	RED ELECTRICA CODENSA	8214	CONDUCTOR RED DE B.T. 3N1/0+1N2 -600V-CU	ML	179118
Nuevo Proyecto 	REDES ELECTRICAS	RED ELECTRICA CODENSA	8217	ACOMETIDA TRIFASICA (4N8 AWG-THW-600V-CU)	ML	512553
Nuevo Proyecto 	REDES ELECTRICAS	RED ELECTRICA CODENSA	8218	ACOMETIDA TRIFASICA (3N2/0+1N1/0) AWG-THW-600V-CU	UN	1778053
Nuevo Proyecto 	REDES ELECTRICAS	RED ELECTRICA CODENSA	8219	ACOMETIDA TRIFASICA (3N1/0+1N2) AWG-THW-600V-CU	UN	1875866
Nuevo Proyecto 	REDES ELECTRICAS	RED ELECTRICA CODENSA	8220	ACOMETIDA TRIFASICA (3N2+1N4) AWG-THW-600V-CU	UN	1764186
Nuevo Proyecto 	REDES ELECTRICAS	RED ELECTRICA CODENSA	8221	ACOMETIDA BIFASICA (3N8) AWG-THW-600V-CU	UN	492503
Nuevo Proyecto 	SEÑALIZACIÓN	OTROS-SEÑALIZACIÓN	8222	DEMARCACION PICTOGRAMA TEXTOS DERECHOS DE LOS NIÑOS CON PINTURA ACRILICA BASE SOLVENTE (INCLUYE SUMINISTRO Y APLICACIÓN MEDIDO COMO EL AREA DEL PAÑO QUE CONTIENE EL TEXTO)	M2	81832
Nuevo Proyecto 	SEÑALIZACIÓN	DEMARCACION DE PAVIMENTOS	8223	DEMARCACION PICTOGRAMA NIÑOS CON PINTURA ACRILICA BASE SOLVENTE (INCLUYE SUMINISTRO Y APLICACIÓN MEDIDO COMO EL AREA DEL PAÑO QUE CONTIENE EL DIBUJO)	M2	81832
Nuevo Proyecto 	MOBILIARIO URBANO - ARBOLES Y GRAMAS	MOBILIARIO URBANO	8224	CONTENEDOR DE RAICES (2.10X8.50X1.20M. INC. SUMINISTRO, CONSTRUCCIÓN Y FILTRO EN GRAVILLA. NO INC. TIERRA)	UN	8831220
Nuevo Proyecto 	MOBILIARIO URBANO - ARBOLES Y GRAMAS	MOBILIARIO URBANO	8225	CONTENEDOR DE RAICES (1.40X1.80X1.20M. INC. SUMINISTRO, CONSTRUCCIÓN Y FILTRO EN GRAVILLA. NO INC. TIERRA)	UN	1898416
Nuevo Proyecto 	ANDENES Y SARDINELES	PISOS EN ADOQUINES Y EN LOSETAS	8226	ACABADO DE PELDAÑOS PARA ESCALAS SOBRE TERRENO EN LADRILLO PRENSADO 24X12X6 PEGADO DE CANTO ACORDE CON DETALLES. (SUMINISTRO E INSTALACION. INCLUYE 4 CM DE MORTERO 3000 PSI PARA BASE Y PEGA)	M2	71845
Nuevo Proyecto 	ANDENES Y SARDINELES	SARDINELES Y BORDILLOS	8227	CAÑUELA ESPECIAL A=0.10M, E=0.10M CONCRETO 3000 PSI. (FUNDIDO EN SITIO, CONCRETO HECHO EN OBRA. INC. FORMALET. Y CONST.)	ML	80097
Nuevo Proyecto 	ANDENES Y SARDINELES	PISOS EN ADOQUINES Y EN LOSETAS	8228	CENEFA LINEAL EN LOSETA PREFABRICADA TÁCTIL ALERTA A57 / A58 ANCHO 0.20M COLOR AMARILLO. (SUMINISTRO E INSTALACIÓN. INCLUYE BASE EN ARENA DE NIVELACIÓN E= 4CM Y ARENA DE SELLO).	ML	34645
Nuevo Proyecto 	ANDENES Y SARDINELES	PISOS EN ADOQUINES Y EN LOSETAS	8229	FRANJA EN ADOQUIN DE CONCRETO DEMARCADOR VISUAL A26 20X10X6CM COLOR AMARILLO. (SUMINISTRO E INSTALACIÓN. INCLUYE BASE 3CM ARENA NIVELACIÓN Y ARENA DE SELLO).	ML	25750
Nuevo Proyecto 	ANDENES Y SARDINELES	PISOS EN ADOQUINES Y EN LOSETAS	8230	LOSETA DE CONCRETO A20 TIPO PANOT TR. LIVIANO 20X20X6CM COLOR OCRE Y/O TERRACOTA O SIMILAR (SUMINISTRO E INSTALACIÓN. INCLUYE BASE 4CM ARENA NIVELACIÓN Y ARENA DE SELLO)	M2	170998
Nuevo Av. 68	CONCRETO Y ACERO PARA ESTRUCTURAS	ESTRUCTURAS EN ACERO	8231	ACERO ESTRUCTURAL A709 GRADO 50. (INCLUYE TRANSPORTE, FABRICACIÓN Y MONTAJE CON ANTICORROSIVO Y PINTURA DE ACABADO EN EPÓXICO) (INCLUYE MATERIALES, INSUMOS, HERRAMIENTAS Y EQUIPOS, ANDAMIOS, MANO DE OBRA CALIFICADA Y TODO LO NECESARIO PARA DESARROLLAR LA OBRA.	KG	20587
Nuevo Av. 68	OBRAS DE ARTE Y EDIFICACIONES	PISOS	8237	ADOQUIN EN CONCRETO COLOR CHOCOLATE A-25 20X10X6CM  (SUMINISTRO E INSTALACIÓN. INCLUYE BASE 4CM MORTERO 2500 PSI Y ARENA DE SELLO)	ML	26139
Nuevo Av. 68	REDES ACUEDUCTO	REDES ACUEDUCTO	8241	CODO EN ACERO D=36" ENTRE 5° Y 22 1/2°. JUNTA ESPIGO CAMPANA CON EMPAQUE DE CAUCHO, CON REVESTIMIENTO INTERIOR Y EXTERIOR EN MORTERO DE CEMENTO. . L=0.50M X 0.50M.. PRESIÓN DE TRABAJO 150 PSI. SUMINISTRO E INSTALACIÓN	UN	8608323
Nuevo Av. 68	REDES ACUEDUCTO	REDES ACUEDUCTO	8242	TUBERÍA EN ACERO Ø36" CON UNIONES ESPIGO/CAMPANA CON EMPAQUE DE CAUCHO. REVEST. INTERIOR Y RECUBR EXT. EN MORTERO CEMENTO. NORMA AWWA C200. L= 6.00M PRESIÓN TRABAJO 150 PSI. SUMINISTRO E INSTALACIÓN	ML	3718254
Nuevo Av. 68	REDES ACUEDUCTO	REDES ACUEDUCTO	8243	CODO EN ACERO D=36" ENTRE 22 1/2° Y 45°. JUNTA ESPIGO CAMPANA CON EMPAQUE DE CAUCHO, CON REVESTIMIENTO INTERIOR Y EXTERIOR EN MORTERO DE CEMENTO. . L=0.80MX0.80M. PRESIÓN DE TRABAJO 150 PSI. SUMINISTRO E INSTALACIÓN	UN	12112672
Nuevo Av. 68	REDES ACUEDUCTO	REDES ACUEDUCTO	8244	CODO EN ACERO D=36" ENTRE 45° Y 67 1/2°. JUNTA ESPIGO CAMPANA CON EMPAQUE DE CAUCHO, CON REVESTIMIENTO INTERIOR Y EXTERIOR EN MORTERO DE CEMENTO. . L=1.20MX1.20M. PRESIÓN DE TRABAJO 150 PSI. SUMINISTRO E INSTALACIÓN	UN	15550284
Nuevo Av. 68	REDES ACUEDUCTO	REDES ACUEDUCTO	8245	CODO EN ACERO Ø=36" ENTRE 67 1/2° Y 90° JUNTA ESPIGO Y CAMPANA, CON EMPAQUE DE CAUCHO, CON REVEST.INT. Y RECUBR. EXT. EN MORTERO DE CEMENTO. L= 1.65M X 1.65M PRESIÓN DE TRABAJO 150PSI. SUMINISTRO E INSTALACIÓN	UN	19304837
Nuevo Av. 68	REDES ACUEDUCTO	REDES ACUEDUCTO	8246	REDUCCION EN ACERO 36" X 24" CON EXTREMOS ESPIGO CAMPANA, REVEST.INTERIOR Y RECUBR EXT. EN MORTERO CEMENTO. L= 1,45M PRESIÓN TRABAJO 150 PSI. SUMINISTRO E INSTALACIÓN	UN	8593366
Nuevo Av. 68	REDES ACUEDUCTO	REDES ACUEDUCTO	8247	TEE EN ACERO Ø 24" X 24" CON EXTREMOS ESPIGO/CAMPANA Y BRIDA EN LA DERIVACIÓN, CON REVESTIMIENTO INTERIOR Y RECUBRIMIENTO EXTERIOR EN MORTERO CEMENTO, L=1,50X0,90M. SUMINISTRO E INSTALACIÓN	UN	11802826
Nuevo Av. 68	REDES ACUEDUCTO	REDES ACUEDUCTO	8252	NIPLE EN ACERO Ø 16" EXTREMOS BRIDA/CAMPANA, CON REVESTIMIENTO INTERIOR Y EXTERIOR EN MORTERO CEMENTO. L= 1500MM. SUMINISTRO E INSTALACIÓN	UN	4770448
Nuevo Av. 68	REDES ACUEDUCTO	REDES ACUEDUCTO	8253	NIPLE EN ACERO Ø 24" EXTREMOS ESPIGO/BRIDA, CON REVESTIMIENTO INTERIOR Y EXTERIOR EN MORTERO CEMENTO. L= 2000MM CON SALIDA PARA VENTOSA Ø=2". SUMINISTRO E INSTALACIÓN	UN	9969745
Nuevo Av. 68	REDES ACUEDUCTO	REDES ACUEDUCTO	8255	CINTURÓN DE CIERRE EN ACERO PARA EMPATES DE TUBERÍA EN WSP A CCP Ø 24" LINEAL. SUMINISTRO E INSTALACIÓN	UN	1025425
Nuevo Av. 68	REDES ACUEDUCTO	REDES ACUEDUCTO	8257	CODO EN ACERO D=30" ENTRE 45° Y 67 1/2°, JUNTA ESPIGO CAMPANA CON EMPAQUE DE CAUHO, CON REVESTIMIENTO INTERIOR Y EXTERIOR EN MORTERO DE CEMENTO. L=1.00M X 1.00M. PRESIÓN DE TRABAJO 150 PSI. SUMINISTRO E INSTALACIÓN	UN	12106130
Nuevo Av. 68	REDES ACUEDUCTO	REDES ACUEDUCTO	8258	REDUCCION EN ACERO 30" X 24" REDUCCION EN ACERO 30" X 24" CON EXTREMOS ESPIGO CAMPANA, REVEST.INTERIOR Y RECUBR EXT. EN MORTERO CEMENTO. L= 0,84M PRESIÓN TRABAJO 150 PSI. SUMINISTRO E INSTALACIÓN	UN	5864988
Nuevo Av. 68	REDES ACUEDUCTO	REDES ACUEDUCTO	8259	UNIÓN DRESSER D=30" - JUNTA DE MONTAJE (SUMINISTRO E INSTALACIÓN)	UN	5687156
Nuevo Av. 68	REDES ACUEDUCTO	REDES ACUEDUCTO	8262	NIPLE EN ACERO Ø=30" EXTREMOS BRIDA/CAMPANA, REVEST.INTERIOR Y RECUBR EXT. EN MORTERO CEMENTO, CON SALIDA TANGENCIAL PARA PURGA 4" L= 2500MM. SUMINISTRO E INSTALACIÓN	UN	15236649
Nuevo Av. 68	REDES ACUEDUCTO	REDES ACUEDUCTO	8263	TEE EN ACERO Ø 30"X24" EXTREMOS ESPIGO/CAMPANA EN LA RAMA PRINCIPAL Y BRIDA EN LA DERIVACIÓN, REVEST.INTERIOR Y RECUBR EXT. EN MORTERO CEMENTO, L= 3000MM. CON SALIDA PARA BOCA DE ACCESO 24". SUMINISTRO E INSTALACIÓN	UN	16544837
Nuevo Av. 68	REDES ACUEDUCTO	REDES ACUEDUCTO	8265	CINTURÓN DE CIERRE EN ACERO Ø 16" PARA EMPATES DE TUBERÍA EN WSP A CCP LINEAL. SUMINISTRO E INSTALACIÓN	UN	658001
Nuevo Av. 68	REDES ACUEDUCTO	REDES ACUEDUCTO	8267	TEE EN ACERO Ø 20" X 20" CON EXTREMOS ESPIGO/CAMPANA Y BRIDA EN LA DERIVACIÓN (ACERO). SUMINISTRO E INSTALACIÓN	UN	9259886
Nuevo Av. 68	REDES ACUEDUCTO	REDES ACUEDUCTO	8273	UNIÓN DRESSER D=20" (SUMINISTRO E INSTALACIÓN)	UN	2190837
Nuevo Av. 68	REDES ACUEDUCTO	REDES ACUEDUCTO	8274	VÁLVULA DE MARIPOSA Ø 20" (A) (150 PSI). SUMINISTRO E INSTALACIÓN	ML	23440676
Nuevo Av. 68	REDES ACUEDUCTO	REDES ACUEDUCTO	8276	NIPLE EN ACERO Ø 3" CON BRIDA Y EXTREMO LISO L= 300MM, REVESTIMIENTO INTERIOR Y EXTERIOR EN PINTURA EXPOXICA. SUMINISTRO E INSTALACIÓN	UN	409134
Nuevo Av. 68	REDES ACUEDUCTO	REDES ACUEDUCTO	8278	VÁLVULA DE COMPUERTA DE Ø 3" BRONCE T/P RED WHITE - FIG 236 A. SUMINISTRO E INSTALACIÓN	UN	1226914
Nuevo Av. 68	REDES ACUEDUCTO	REDES ACUEDUCTO	8291	CODO EN ACERO D=20" ENTRE 45° Y 67.5° JUNTA ESPIGO-CAMPANA CON EMPAQUE CAUCHO. REVESTIMIENTO INTERIOR Y EXTERIOR EN MORTERO DE CEMENTO. L=1,00X1,00M PRESIÓN TRABAJO 150 PSI. SUMINISTRO E INSTALACIÓN	ML	6983011
Nuevo Av. 68	REDES ACUEDUCTO	REDES ACUEDUCTO	8298	CINTURÓN DE CIERRE 16" (SUMINISTRO E INSTALACIÓN)	UN	3327184
Nuevo Av. 68	REDES ACUEDUCTO	REDES ACUEDUCTO	8301	REDUCCIÓN PVC TIPO U.M. 8"X4" (SUMINISTRO E INSTALACIÓN)	UN	387773
Nuevo Av. 68	REDES ALCANTARILLADO / DRENAJE	REDES ALCANTARILLADO / DRENAJE	8304	EMPATES DE TUBERÍA EN PVC A HA 12" LINEAL SEGÚN NORMA NS-023 (INCLUYE TUBERIA PVC U.M. D=12" RDE 21=1M; TEE HD EXTREMO LISO 12"X12" =1UN; UNION DRESSER HD D=12"=2UN; UNION REPARACION HD EXTREMO LISO D=12"=1UN; UNION PVC U.M. NORMA NTC 382 D=12"=1UN). SUMINISTRO E INSTALACIÓN	UN	9529408
Nuevo Av. 68	OBRAS DE ARTE Y EDIFICACIONES	OBRAS DE ARTE Y EDIFICACIONES	8305	MUEBLE O MESA CON PUERTAS EN ACERO INOXIDABLE 1.23M X 0.60M X 0.90M. SUMINISTRO E INSTALACIÓN	UN	4468799
Nuevo Av. 68	REDES ACUEDUCTO	REDES ACUEDUCTO	8306	CODO 45° PVC PRESION E.L. D=1/2". SUMINISTRO EN INSTALACIÓN	UN	8176
Nuevo Av. 68	REDES ALCANTARILLADO / DRENAJE	REDES ALCANTARILLADO / DRENAJE	8307	TUBERÍA HDPE 1.30M (SUMINISTRO E INSTALACIÓN)	ML	4126513
Nuevo Av. 68	OBRAS DE ARTE Y EDIFICACIONES	OBRAS DE ARTE Y EDIFICACIONES	8308	MUEBLE O MESA CON PUERTAS EN ACERO INOXIDABLE 2.65M X 0.60M X 0.90M. SUMINISTRO E INSTALACIÓN	UN	9592687
Nuevo Av. 68	REDES ALCANTARILLADO / DRENAJE	REDES ALCANTARILLADO / DRENAJE	8309	TUBERÍA HDPE 1.40M (SUMINISTRO E INSTALACIÓN)	ML	4508710
Nuevo Av. 68	REDES ALCANTARILLADO / DRENAJE	REDES ALCANTARILLADO / DRENAJE	8310	TUBERÍA HDPE 1.50M (SUMINISTRO E INSTALACIÓN)	ML	5084376
Nuevo Av. 68	REDES ALCANTARILLADO / DRENAJE	REDES ALCANTARILLADO / DRENAJE	8311	TUBERÍA HDPE 1.60M (SUMINISTRO E INSTALACIÓN)	ML	5699223
Nuevo Av. 68	REDES ALCANTARILLADO / DRENAJE	REDES ALCANTARILLADO / DRENAJE	8312	TUBERÍA HDPE 1.80M (SUMINISTRO E INSTALACIÓN)	ML	7241468
Nuevo Av. 68	REDES ALCANTARILLADO / DRENAJE	REDES ALCANTARILLADO / DRENAJE	8313	TUBERÍA HDPE 2.00M (SUMINISTRO E INSTALACIÓN)	ML	8815265
Nuevo Av. 68	ANÁLISIS AUXILIARES	CARPINTERÍA METÁLICA	8314	GABINETE RED CONTRA INCENDIOS CLASE 2. (INCLUYE ACCESORIOS, SUMINISTRO E INSTALACIÓN)	UN	884518
Nuevo Av. 68	REDES ALCANTARILLADO / DRENAJE	REDES ALCANTARILLADO / DRENAJE	8315	PRUEBA DE HERMETICIDAD POR EL MÉTODO DE PRESIÓN POSITIVA CON AIRE PARA REDES DE ALCANTARILLADO - TRAMOS DE Ø 27" A Ø 40"	UN	833000
Nuevo Av. 68	REDES ACUEDUCTO	REDES ACUEDUCTO	8316	CODO 45°CXE PVC SANITARIA D=3" (INCLUYE SUMINISTRO E INSTALACIÓN).	UN	20680
Nuevo Av. 68	REDES ACUEDUCTO	REDES ACUEDUCTO	8317	TUBERÍA HDPE Ø 3" (SUMINISTRO E INSTALACIÓN) TUBO DE POLIPROPILENO HDPE Ø 3".	ML	47172
Nuevo Av. 68	REDES ACUEDUCTO	REDES ACUEDUCTO	8318	TUBERÍA HDPE Ø 4" (SUMINISTRO E INSTALACIÓN) TUBO DE POLIPROPILENO HDPE Ø 4".	ML	67147
Nuevo Av. 68	REDES ACUEDUCTO	REDES ACUEDUCTO	8319	TUBERÍA HDPE Ø 6" (SUMINISTRO E INSTALACIÓN) TUBO DE POLIPROPILENO HDPE Ø 6".	ML	92620
Nuevo Av. 68	REDES ACUEDUCTO	REDES ACUEDUCTO	8320	CODO G.RAD. HDPE 45º TIPO U.M. D=4" (SUMINISTRO E INSTALACIÓN)	UN	185108
Nuevo Av. 68	REDES ACUEDUCTO	REDES ACUEDUCTO	8321	CODO G.RAD. HDPE 45º TIPO U.M. D=6" (SUMINISTRO E INSTALACIÓN)	UN	339714
Nuevo Av. 68	REDES ACUEDUCTO	REDES ACUEDUCTO	8322	CODO G.RAD. HDPE 90º TIPO U.M. D=6" (SUMINISTRO E INSTALACIÓN)	UN	400964
Nuevo Av. 68	REDES ACUEDUCTO	REDES ACUEDUCTO	8323	CODO G.RAD. HDPE 45º TIPO U.M. D=8" (SUMINISTRO E INSTALACIÓN)	UN	579275
Nuevo Av. 68	REDES ALCANTARILLADO / DRENAJE	REDES ALCANTARILLADO / DRENAJE	8324	EMPATE ORTOGONAL PVC-PVC 12"X8" (INCLUYE SUMINISTRO E INSTALACIÓN DE TEE 12"X8"HD, 4 UNIONES, TUBERÍA RDE 21) (SUMINISTRO E INSTALACIÓN)	UN	4865148
Nuevo Av. 68	REDES ALCANTARILLADO / DRENAJE	REDES ALCANTARILLADO / DRENAJE	8325	EMPATES DE TUBERÍA EN ACERO A AC 6" LINEAL SEGÚN NORMA NS-023 (INCLUYE ACCESORIOS). SUMINISTRO E INSTALACIÓN.	UN	4865148
Nuevo Av. 68	PUENTES	PUENTES	8330	JUNTA DE DILATACION JD, CON SELLO PVC O-22, DE ANCHO 2CM, EN AMBAS CARAS INSTALAR RELLENO DE SOPORTE TIPO ROD DE ESPUMA POLIOLEFINA PARA EL SELLADOR ELASTICO DE POLIURETANO (I-CURE) Y ENTRE LOS ROD INSTALAR ICOPOR DE ALTA DENSIDAD DE 2CM DE ESPESOR. COLOCAR UNA BARRA DE ACERO DE REFUERZO 4 DE 1.00M DE LONGITUD CADA 0.40M, CENTRADA EN EL ANCHO DE LA JUNTA, UNO DE LOS EXTREMOS DEBE SER ENGRASADO.	ML	162509
Nuevo Av. 68	PUENTES	PUENTES	8331	JUNTA DE DILATACION JD, SIN SELLO PVC, EN AMBAS CARAS INSTALAR RELLENO DE SOPORTE TIPO ROD DE ESPUMA POLIOLEFINA PARA EL SELLADOR ELASTICO DE POLIURETANO (I-CURE) Y ENTRE LOS ROD INSTALAR ICOPOR DE ALTA DENSIDAD DE 2CM DE ESPESOR. COLOCAR UNA BARRA DE ACERO DE REFUERZO 4 DE 1.00M DE LONGITUD CADA 0.40M, CENTRADA EN EL ANCHO DE LA JUNTA, UNO DE LOS EXTREMOS DEBE SER ENGRASADO.	ML	40949
Nuevo Av. 68	PUENTES	PUENTES	8332	JUNTA DE CONTRACCION JCC, CON SELLO PVC O-22, DE ANCHO 2CM, EN AMBAS CARAS INSTALAR SELLADOR ELASTICO DE POLIURETANO (I-CURE). COLOCAR UNA BARRA DE ACERO DE REFUERZO 4 DE 1.00M DE LONGITUD CADA 0.40M, CENTRADA EN EL ANCHO DE LA JUNTA. SE DEBE APLICAR PINTURA ACEITOSA PARA EVITAR LA ADHERENCIA ENTRE EL CONCRETO FRESCO Y EL ENDURECIDO	ML	160486
Nuevo Av. 68	CONCRETO Y ACERO PARA ESTRUCTURAS	CONCRETO PARA ESTRUCTURAS	8333	JUNTA DE DILATACION JDE, CON SELLO DE HYPALON, DE ANCHO 20CM, EN AMBAS CARAS INSTALAR RELLENO DE SOPORTE TIPO ROD DE ESPUMA POLIOLEFINA PARA EL SELLADOR ELASTICO DE POLIURETANO (I-CURE) Y ENTRE LOS ROD INSTALAR ICOPOR DE ALTA DENSIDAD DE 2CM DE ESPESOR.	ML	99706
Nuevo Av. 68	CONCRETO Y ACERO PARA ESTRUCTURAS	CONCRETO PARA ESTRUCTURAS	8335	MORTERO ACRILICO DE REPARACIÓN ALTA RESISTENCIA, AUTOIMPRIMANTE. SUMINISTRO Y APLICACIÓN. INCLUYE COSTOS DE SUMINISTRO DE MATERIALES (RECUBRIMIENTO ANTICORROSIVO EN DOS CAPAS).	M3	1225640
Nuevo Av. 68	DEMOLICIONES	DEMOLICIONES	8336	DEMOLICIÓN COLECTOR EN MAMPOSTERIA ESPESOR 0.25. INCLUYE TRANSPORTE Y DISPOSICIÓN FINAL DE SOBRANTES.	M3	168203
Nuevo Av. 68	PUENTES	PUENTES	8337	PROTECCIÓN DE BORDES (SUMINISTRO E INSTALACIÓN ÁNGULO 2"X2"X 1/4" + 5 VARILLAS 3/8" L= 0.40M)	ML	53004
Nuevo Av. 68	CONCRETO Y ACERO PARA ESTRUCTURAS	CONCRETO PARA ESTRUCTURAS	8338	MANIJA DE IZAJE D= 1" PARA TAPA DE CAJA VÁLVULA. SUMINISTRO E INSTALACIÓN	UN	122735
Nuevo Av. 68	REDES ALCANTARILLADO / DRENAJE	REDES ALCANTARILLADO / DRENAJE	8339	ELEMENTOS DE VENTILACIÓN 4" PARA TAPA DE CAJA VÁLVULA. SUMINISTRO E INSTALACIÓN	UN	747027
Nuevo Av. 68	REDES ALCANTARILLADO / DRENAJE	REDES ALCANTARILLADO / DRENAJE	8342	EMPATE ORTOGONAL PVC-PVC 12"X6" (INCLUYE SUMINISTRO E INSTALACIÓN DE TEE 12"X6" HD, 4 UNIONES, TUBERÍA RDE 21) (SUMINISTRO E INSTALACIÓN)	UN	3587010
Nuevo Av. 68	REDES ACUEDUCTO	REDES ACUEDUCTO	8344	TEE PVC U.M. 12" X 12" (SUMINISTRO E INSTALACIÓN)	UN	5065423
Nuevo Av. 68	REDES ACUEDUCTO	REDES ACUEDUCTO	8345	TAPÓN HD EXTREMO LISO D=2" (SUMINISTRO E INSTALACIÓN)	UN	129746
Nuevo Av. 68	REDES ACUEDUCTO	REDES ACUEDUCTO	8346	EMPATES DE TUBERÍA EN PVC A HA 6" LINEAL SEGÚN NORMA NS-023 (INCLUYE ACCESORIOS). SUMINISTRO E INSTALACIÓN.	UN	2577648
Nuevo Av. 68	REDES ACUEDUCTO	REDES ACUEDUCTO	8347	EMPATE ORTOGONAL PVC-PVC 6"X4" (INCLUYE SUMINISTRO E INSTALACIÓN DE TEE 6"X4"PVC, 4 UNIONES, TUBERÍA RDE 21) (SUMINISTRO E INSTALACIÓN)	UN	1983390
Nuevo Av. 68	REDES ACUEDUCTO	REDES ACUEDUCTO	8348	EMPATE ORTOGONAL PEAD-PEAD 6"X4" (INCLUYE SUMINISTRO E INSTALACIÓN DE TEE  6"X4"PEAD, 2 UNIONES, TUBERÍA RDE 21) (SUMINISTRO E INSTALACIÓN)	UN	758258
Nuevo Av. 68	REDES ACUEDUCTO	REDES ACUEDUCTO	8349	EMPATE ORTOGONAL PEAD-PEAD 8"X4" (INCLUYE SUMINISTRO E INSTALACIÓN DE TEE  8"X4"PEAD, 2 UNIONES, TUBERÍA RDE 21 (SUMINISTRO E INSTALACIÓN)	UN	1117192
Nuevo Av. 68	REDES ACUEDUCTO	REDES ACUEDUCTO	8351	EMPATE ORTOGONAL PVC-PVC 6"X6" (INCLUYE SUMINISTRO E INSTALACIÓN DE TEE 6"X6"PVC, 4 UNIONES, TUBERÍA RDE 21) (SUMINISTRO E INSTALACIÓN)	UN	2245880
Nuevo Av. 68	REDES ACUEDUCTO	REDES ACUEDUCTO	8352	EMPATE ORTOGONAL PVC-PVC 8"X6" (INCLUYE SUMINISTRO E INSTALACIÓN DE TEE 8"X6"PVC, 4 UNIONES, TUBERÍA RDE 21) (SUMINISTRO E INSTALACIÓN)	UN	736170
Nuevo Av. 68	REDES ACUEDUCTO	REDES ACUEDUCTO	8353	EMPATE ORTOGONAL PVC-HA 8"X6" (INCLUYE SUMINISTRO E INSTALACIÓN DE TEE 8"X6" HD, 2 ADAPTADORES , 1 BRIDA, TUBERÍA RDE 21)(SUMINISTRO E INSTALACIÓN)	UN	3583198
Nuevo Av. 68	REDES ACUEDUCTO	REDES ACUEDUCTO	8357	EMPATES DE TUBERÍA EN PVC A HA 8" LINEAL SEGÚN NORMA NS-023 (INCLUYE ACCESORIOS). SUMINISTRO E INSTALACIÓN.	UN	4102579
Nuevo Av. 68	REDES ACUEDUCTO	REDES ACUEDUCTO	8361	EMPATES DE TUBERÍA EN PEAD A PEAD 6" LINEAL SEGÚN NORMA NS-023 (INCLUYE ACCESORIOS). SUMINISTRO E INSTALACIÓN.	UN	541250
Nuevo Av. 68	REDES ACUEDUCTO	REDES ACUEDUCTO	8362	EMPATES DE TUBERÍA EN PEAD A PEAD 6"X6" LINEAL SEGÚN NORMA NS-023 (INCLUYE ACCESORIOS). SUMINISTRO E INSTALACIÓN.	UN	401661
Nuevo Av. 68	REDES ACUEDUCTO	REDES ACUEDUCTO	8364	EMPATES DE TUBERÍA EN PVC A PAD 8" LINEAL SEGÚN NORMA NS-023 (INCLUYE ACCESORIOS). SUMINISTRO E INSTALACIÓN.	UN	1325454
Nuevo Av. 68	REDES ALCANTARILLADO / DRENAJE	REDES ALCANTARILLADO / DRENAJE	8365	REJILLA PREFABRICADA EN CONCRETO 0,5M X 1,0M X 0,1. (INCLUYE SUMINISTRO Y COLOCACIÓN, MORTERO DE 2000 PSI Y MANO DE OBRA)	UN	242290
Nuevo Av. 68	REDES ACUEDUCTO	REDES ACUEDUCTO	8366	NIPLE 36" ACERO CARBON EXTREMOS BRIDA/CAMPANA, CON REVESTIMIENTO INTERIOR Y RECUBRIMIENTO EXTERIOR EN MORTERO CEMENTO, CON SALIDA TANGENCIAL PARA PURGA 4" L= 2500MM. SUMINISTRO E INSTALACIÓN	UN	29268167
Nuevo Av. 68	REDES ALCANTARILLADO / DRENAJE	REDES ALCANTARILLADO / DRENAJE	8367	TUBERÍA HDPE 8" (SUMINISTRO E INSTALACIÓN)	ML	127982
Nuevo Av. 68	REDES ALCANTARILLADO / DRENAJE	REDES ALCANTARILLADO / DRENAJE	8368	TUBERÍA HDPE 10" (SUMINISTRO E INSTALACIÓN)	ML	280316
Nuevo Av. 68	REDES ALCANTARILLADO / DRENAJE	REDES ALCANTARILLADO / DRENAJE	8369	TUBERÍA HDPE 12" (SUMINISTRO E INSTALACIÓN)	ML	301911
Nuevo Av. 68	REDES ALCANTARILLADO / DRENAJE	REDES ALCANTARILLADO / DRENAJE	8370	TUBERÍA HDPE 14" (SUMINISTRO E INSTALACIÓN)	ML	435500
Nuevo Av. 68	REDES ALCANTARILLADO / DRENAJE	REDES ALCANTARILLADO / DRENAJE	8371	TUBERÍA HDPE 16" (SUMINISTRO E INSTALACIÓN)	ML	679962
Nuevo Av. 68	REDES ACUEDUCTO	REDES ACUEDUCTO	8384	TEE EN ACERO Ø 30" X 12" CON EXTREMOS ESPIGO/CAMPANA Y BRIDA EN LA DERIVACIÓN, REVESTIMIENTOS INTERIOR Y EXTERIOR EN PINTURA EPÓXICA. SUMINISTRO E INSTALACIÓN	ML	2317571
Nuevo Av. 68	REDES ACUEDUCTO	REDES ACUEDUCTO	8386	UNIÓN JUNTA DE DESMONTAJE Ø 8 (A) (SUMINISTRO E INSTALACIÓN)	UN	2269307
Nuevo Av. 68	REDES ACUEDUCTO	REDES ACUEDUCTO	8388	UNION REPARACION DESLIZANTE PVC D=1" (SUMINISTRO E INSTALACIÓN)	UN	34745
Nuevo Av. 68	REDES ACUEDUCTO	REDES ACUEDUCTO	8389	TUBERIA DE ACERO AL CARBON SIN COSTURA SCH40 D=1". SUMINISTRO E INSTALACION.	ML	47802
Nuevo Av. 68	REDES ACUEDUCTO	REDES ACUEDUCTO	8390	TUBERÍA DE ACERO AL CARBÓN SIN COSTURA SCH40 D=2"	ML	89029
Nuevo Av. 68	REDES ALCANTARILLADO / DRENAJE	REDES ALCANTARILLADO / DRENAJE	8392	TRAGANTE CÚPULA DE 3"X 2" DE ALUMINIO. (INCLUYE SUMINISTRO E INSTALACIÓN)	UN	12206
Nuevo Av. 68	REDES ACUEDUCTO	REDES ACUEDUCTO	8393	EMPATES DE TUBERÍA EN PVC A PEAD 3" LINEAL SEGÚN NORMA NS-023 (INCLUYE ACOPLE UNIVERSAL Ø=3"=1UN; BRIDA LOCA POLIETILENO Ø=3"=1UN; PORTABRIDA POLIETILENO Ø=3"=1UN). SUMINISTRO E INSTALACIÓN.	UN	479377
Nuevo Av. 68	REDES ELECTRICAS	RED ELECTRICA CODENSA	8402	SOPORTE PARA TUBERÍA DIÁMETRO 3" (INCLUYE SUMINISTRO E INSTALACIÓN)	UN	6250
Nuevo - Av. Cali 	CONCRETO Y ACERO PARA ESTRUCTURAS	CONCRETO PARA ESTRUCTURAS	8407	PILOTE D=120 CM CON CONCRETO TREMIE DE 4000 PSI. (INCL. EXCAVACIÓN, CARGUE, MOVILIZACIÓN, MONTAJE Y DESMONTAJE EQUIPO Y CONCRETO)	ML	2020021
Nuevo - Av. Cali 	REDES ACUEDUCTO	REDES ACUEDUCTO	8409	CAMARA DE PASO TIPO P1 TIGO-UNE (H=2.5M. INCLUYE BASE, MUROS, CUBIERTA, ARO-BASE Y ARO-TAPA)	UN	6893662
Nuevo - Av. Cali 	REDES ACUEDUCTO	REDES ACUEDUCTO	8410	CAMARA DE PASO TIPO P3 TIGO-UNE (H=2.5M. INCLUYE BASE, MUROS, CUBIERTA, ARO-BASE Y ARO-TAPA)	UN	5724629
Nuevo - Av. Cali 	CONCRETO Y ACERO PARA ESTRUCTURAS	CONCRETO PARA ESTRUCTURAS	8411	PILOTE D=60 CM CON CONCRETO TREMIE DE 4000 PSI.(INCLUYE EXCAVACIÓN, TRANSPORTE Y DISPOSICIÓN FINAL DE ESCOMBROS EN SITIO AUTORIZADO A 21 KM, CARGUE Y RETIRO DE SOBRANTES, MOVILIZACIÓN, MONTAJE Y DESMONTAJE DE EQUIPO ENTRE PERFORACIONES DENTRO DE LA OBRA. SUMINISTRO Y COLOCACIÓN DEL CONCRETO CON BOMBA.	ML	793606
Nuevo - Av. Cali 	REDES ACUEDUCTO	REDES ACUEDUCTO	8412	CODO HD 90° EXTREMO JUNTA HIDRÁULICA PARA PVC D= 8" (SUMINISTRO E INSTALACIÓN)	UN	1323717
Nuevo - Av. Cali 	REDES ACUEDUCTO	REDES ACUEDUCTO	8413	TAPON HD EXTREMO JUNTA HIDRÁULICA D=8" (SUMINISTRO E INSTALACIÓN)	UN	584377
Nuevo - Av. Cali 	REDES ACUEDUCTO	REDES ACUEDUCTO	8414	TEE HD EXTREMO JUNTA HIDRÁULICA 12"X 12" (SUMINISTRO E INSTALACIÓN)	UN	5089810
Nuevo - Av. Cali 	REDES ACUEDUCTO	REDES ACUEDUCTO	8415	TEE HD EXTREMO JUNTA HIDRÁULICA 8"X 4" (SUMINISTRO E INSTALACIÓN)	UN	1574457
Nuevo - Av. Cali 	REDES ACUEDUCTO	REDES ACUEDUCTO	8416	TEE HD EXTREMO JUNTA HIDRÁULICA 8"X 6" (SUMINISTRO E INSTALACIÓN)	UN	1645857
Nuevo - Av. Cali 	REDES ACUEDUCTO	REDES ACUEDUCTO	8418	VÁLVULA TIPO MARIPOSA DE Ø 18" CLASE 150 CON EXTREMOS BRIDADOS (SUMINISTRO E INSTALACIÓN)	UN	21332837
Nuevo - Av. Cali 	REDES ACUEDUCTO	REDES ACUEDUCTO	8419	CODO HD 22.5° EXTREMO JUNTA HIDRÁULICA PARA PVC D= 3" (SUMINISTRO E INSTALACIÓN)	UN	241090
Nuevo - Av. Cali 	REDES ACUEDUCTO	REDES ACUEDUCTO	8420	CODO HD 45° EXTREMO JUNTA HIDRÁULICA PARA PVC D= 3" (SUMINISTRO E INSTALACIÓN)	UN	241090
Nuevo - Av. Cali 	REDES ACUEDUCTO	REDES ACUEDUCTO	8421	CODO HD 90° EXTREMO JUNTA HIDRÁULICA PARA PVC D= 3" (SUMINISTRO E INSTALACIÓN)	UN	264048
Nuevo - Av. Cali 	REDES ACUEDUCTO	REDES ACUEDUCTO	8422	EMPATE ORTOGONAL PVC - PVC 4"X4" (INCLUYE SUMINISTRO E INSTALACIÓN DE TEE HD, 3 UNIONES RÁPIDAS, TUBERÍA RDE 21)	UN	767193
Nuevo - Av. Cali 	REDES ACUEDUCTO	REDES ACUEDUCTO	8423	EMPATE ORTOGONAL PVC - PVC 6"X6" (INCLUYE SUMINISTRO E INSTALACIÓN DE TEE HD, 3 UNIONES RÁPIDAS, TUBERÍA RDE 21)	UN	1388345
Nuevo - Av. Cali 	REDES ACUEDUCTO	REDES ACUEDUCTO	8425	BRIDA FLANGE SLIP ON D=6" ACERO SOLDABLE RF 150 LB ANSI B16.5 (SUMINISTRO E INSTALACIÓN)	UN	262333
Nuevo - Av. Cali 	REDES ACUEDUCTO	REDES ACUEDUCTO	8427	BRIDA FLANGE SLIP ON D=12" ACERO SOLDABLE RF 150 LB ANSI B16.5 (SUMINISTRO E INSTALACIÓN)	UN	950000
Nuevo - Av. Cali 	REDES TELEFONICAS / DATOS	RED TELEFONICA ETB	8436	REUBICACIÓN DE SEMÁFORO + BASE PEATONAL.	UN	281756
Nuevo - Av. Cali 	SEÑALIZACIÓN	OTROS-SEÑALIZACIÓN	8437	RETIRO SEÑALIZACIÓN TIPO BANDERA	UN	626671
Nuevo - Av. Cali 	OBRAS DE ARTE Y EDIFICACIONES	PISOS	8438	TABLETA PREFABRICADA EN CONCRETO 6X20X20 CM COLOR CHOCOLATE O SIMILAR (SUMINISTRO E INSTALACIÓN)	M2	126882
Nuevo - Av. Cali 	MOBILIARIO URBANO - ARBOLES Y GRAMAS	MOBILIARIO URBANO	8439	TABLETA PREFABRICADA EN CONCRETO 6X20X20 COLOR ARENA O SIMILAR (SUMINISTRO E INSTALACIÓN)	M2	126882
Nuevo - Av. Cali 	MOBILIARIO URBANO - ARBOLES Y GRAMAS	MOBILIARIO URBANO	8440	TABLETA PREFABRICADA EN CONCRETO 6X20X20 COLOR OCRE O SIMILAR (SUMINISTRO E INSTALACIÓN)	M2	126882
Nuevo - Av. Cali 	REDES ELECTRICAS	RED ELECTRICA CODENSA	8442	CABLE MONOPOLAR DE COBRE HFFR PARA 600V C.A CALIBRE NO. 6 AWG. (INCLUYE SUMINISTRO, INSTALACIÓN Y ACCESORIOS DE INSTALACIÓN).	ML	7871
Nuevo - Av. Cali 	REDES ELECTRICAS	RED ELECTRICA CODENSA	8445	TABLERO DE DISTRIBUCIÓN CON PUERTA DE 24 CIRCUITOS, ELABORADO EN LÁMINA COLD ROLLED, IP44, 208/120V BARRAJE TRIFÁSICO, 5 HILOS, 3F+N+T, PARA BREAKER TOTALIZADOR DE CAJA MOLDEADA DESDE 3X60A HASTA 3X100A. BREAKERS DE SALIDAS MONOPOLARES 1X20A. BARRAJES INDEPENDIENTES DE FASE, NEUTRO Y TIERRA. (SUMINISTRO E INSTALACIÓN).	UN	1108848
Nuevo - Av. Cali 	MOBILIARIO URBANO - ARBOLES Y GRAMAS	MOBILIARIO URBANO	8448	TABLETA PREFABRICADA EN CONCRETO 6X20X20 COLOR MARRÓN (SUMINISTRO E INSTALACIÓN)	M2	126882
Nuevo - Av. Cali 	MOBILIARIO URBANO - ARBOLES Y GRAMAS	MOBILIARIO URBANO	8449	TABLETA PREFABRICADA EN CONCRETO 6X20X20 COLOR GRIS NATURAL O SIMILAR (SUMINISTRO E INSTALACIÓN)	M2	126882
Nuevo - Av. Cali 	SEÑALIZACIÓN	DEMARCACION DE PAVIMENTOS	8452	DEMARCACIÓN DE FRANJA TIPO A55 Y A56 MEDIANTE LA APLICACIÓN DE UNA MEZCLA DE PINTURA, RESINA Y PEGAMENTO EPÓXICO, CON ACABADO REALIZADO CON UNA PLANTILLA SOBRE LA SUPERFICIE DEL ESPACIO PÚBLICO. INCLUYE LIMPIEZA Y ALISTAMIENTO DE SUPERFICIE. INCLUYE TODOS LOS ELEMENTOS DE COLOCACIÓN, FIJACIÓN Y MANO DE OBRA. SUMINISTRO E INSTALACIÓN.	ML	336569
Nuevo - Av. Cali 	REDES ELECTRICAS	RED ELECTRICA CODENSA	8453	1 DUCTO D= 3" PVC PESADO DB (NO INCLUYE EXCAVACIÓN NI RELLENOS). SUMINISTRO E INSTALACION.	ML	29707
Nuevo - Av. Cali 	REDES ELECTRICAS	RED ELECTRICA CODENSA	8455	TRANSFORMADOR TIPO PEDESTAL PARA AP DE 30 KVA 11.4/0.380-0.220 KV EN ACEITE VEGETAL (INCLUYE SUMINISTRO E INSTALACIÓN).	UN	56231598
Nuevo - Av. Cali 	REDES ELECTRICAS	RED ELECTRICA CODENSA	8456	TRANSFORMADOR TIPO PEDESTAL PARA AP DE 45 KVA 11.4/0.380-0.220 KV EN ACEITE VEGETAL (INCLUYE SUMINISTRO E INSTALACIÓN).	UN	58627551
Nuevo - Av. Cali 	REDES ELECTRICAS	RED ELECTRICA CODENSA	8457	TRANSFORMADOR TIPO PEDESTAL PARA AP DE 75 KVA 11.4/0.380-0.220 KV EN ACEITE VEGETAL (INCLUYE SUMINISTRO E INSTALACIÓN).	UN	19975413
Nuevo - Av. Cali 	REDES ELECTRICAS	RED ELECTRICA CODENSA	8458	TRANSFORMADOR TIPO PEDESTAL PARA AP DE 45 KVA 11.4/0.208-0.120 KV EN ACEITE VEGETAL (INCLUYE SUMINISTRO E INSTALACIÓN).	UN	6694730
Nuevo - Av. Cali 	REDES ELECTRICAS	RED ELECTRICA CODENSA	8459	TRANSFORMADOR TIPO PEDESTAL PARA AP DE 75 KVA 11.4/0.208-0.120 KV EN ACEITE VEGETAL (INCLUYE SUMINISTRO E INSTALACIÓN).	UN	9132583
Nuevo - Av. Cali 	REDES ELECTRICAS	RED ELECTRICA CODENSA	8460	TRANSFORMADOR TIPO PEDESTAL PARA AP DE 150 KVA 11.4/0.208-0.120 KV EN ACEITE VEGETAL (INCLUYE SUMINISTRO E INSTALACIÓN).	UN	14133951
Nuevo - Ciclo Puentes	ANDENES Y SARDINELES	SARDINELES Y BORDILLOS	8464	BORDILLO EN CONCRETO GRAVA COMÚN 1" 2000 PSI, FUNDIDO EN SITIO, A LA VISTA, DE 10CM X 35CM. REFUERZO SEGÚN DISEÑO ESTRUCTURAL, SIMILAR O EQUIVALENTE. (INCLUYE SUMINISTRO, FORMALETEO, FUNDIDA Y CURADO E INSTALACIÓN).	ML	66014
Nuevo - Ciclo Puentes	ANDENES Y SARDINELES	ANDENES EN CONCRETO	8466	REMATE RAMPA CONCRETO DE 3000 PSI (21 MPA) GRAVA COMÚN FUNDIDO EN SITIO. PREMEZCLADO. INCLUYE SUMINISTRO, FORMALETEO, COLOCACIÓN Y CURADO. NO INCLUYE REFUERZO).	ML	125523
Nuevo - Ciclo Puentes	ACTIVIDADES CONSERVACIÓN	ACTIVIDADES CONSERVACIÓN	8467	PIEDRA RAJÓN HINCADA SOBRE TERRENO NATURAL (INCLUYE SUMINISTRO E INSTALACIÓN)	M2	34592
Nuevo - Ciclo Puentes	ACERO DE REFUERZO	ACERO DE REFUERZO	8471	MALLA ELECTROSOLDADA 0.15 X 0.15 M, D= 8,5 MM, 8,5 MM (INCLUYE SUMINISTRO, FIJACIÓN E INSTALACIÓN)	KG	7085
Nuevo - Ciclo Puentes	REDES ELECTRICAS	RED ELECTRICA CODENSA	8472	LUMINARIA LED RALED II RA02SII 16 LED 72 W. INCLUYE SUMINISTRO LUMINARIA E INSTALACIÓN.	UN	1507751
Nuevo - Ciclo Puentes	REDES ELECTRICAS	RED ELECTRICA CODENSA	8474	TRASLADO POSTE METÁLICO AP, H=12M, (INCLUYE ESTRUCTURAS, RETENIDAS Y SOPORTES DE RED AÉREA).	UN	744930
Nuevo - Ciclo Puentes	ANDENES Y SARDINELES	SARDINELES Y BORDILLOS	8475	BORDILLO EN CONCRETO GRAVA COMÚN 1" 2000 PSI, FUNDIDO EN SITIO, A LA VISTA, DE 20CM X 20CM. REFUERZO SEGÚN DISEÑO ESTRUCTURAL, SIMILAR O EQUIVALENTE. (INCLUYE SUMINISTRO E INSTALACIÓN, FORMALETEO, FUNDIDA Y CURADO, ACERO DE REFUERZO Y NIVELACIÓN EN ARENA)	ML	68238
Nuevo - Ciclo Puentes	MOBILIARIO URBANO - ARBOLES Y GRAMAS	MOBILIARIO URBANO	8476	CONTENEDOR DE RAICES DE 2,50M X 2,50M H=1,40 M. (INCLUYE CONSTRUCCIÓN DE MUROS EN CONCRETO, MALLA ELECTROSOLDADA, COLOCACIÓN DE FILTRO EN GRAVILLA. NO INCLUYE TIERRA NEGRA)	UN	2278752
Nuevo - Ciclo Puentes	REDES ELECTRICAS	RED ELECTRICA CODENSA	8480	TRASLADO POSTE METÁLICO AP H= 14 (INCLUYE ESTRUCTURAS, RETENIDAS Y SOPORTES DE RED AÉREAS)	UN	744930
Nuevo - Ciclo Puentes	REDES ELECTRICAS	RED ELECTRICA CODENSA	8482	LUMINARIA LED RALED II 192L T2 103W. SUMINISTRO E INSTALACIÓN EN POSTE.	UN	1871871
Nuevo - Ciclo Puentes	REDES ELECTRICAS	RED ELECTRICA CODENSA	8483	LUMINARIA LED RALED I 64 LED . T2. 37W. SUMINISTRO E INSTALACIÓN EN POSTE.	UN	1300910
Nuevo - Ciclo Puentes	REDES ELECTRICAS	RED ELECTRICA CODENSA	8484	CAJA METÁLICA PARA DERIVACIÓN 30X30X15 CM ET925 (INCLUYE SUMINISTRO E INSTALACIÓN)	UN	378692
Nuevo - Ciclo Puentes	REDES TELEFONICAS / DATOS	RED TELEFONICA ETB	8486	18 DUCTOS D=6" PVC-TDP (INCLUYE SUMINISTRO E INSTALACIÓN. NO INCLUYE RELLENOS)	ML	1153279
Nuevo - Ciclo Puentes	REDES ELECTRICAS	RED ELECTRICA CODENSA	8487	TUBERÍA DE CORAZA METÁLICA FLEXIBLE 2". INCLUYE SUMINISTRO E INSTALACIÓN. NO INCLUYE EXCAVACIÓN.	ML	35509
Nuevo - Ciclo Puentes	REDES ELECTRICAS	RED ELECTRICA CODENSA	8488	TUBERÍA DE CORAZA METÁLICA FLEXIBLE 3/4". INCLUYE SUMINISTRO E INSTALACIÓN. NO INCLUYE EXCAVACIÓN.	ML	24246
Nuevo - Ciclo Puentes	MOBILIARIO URBANO - ARBOLES Y GRAMAS	MOBILIARIO URBANO	8489	TRASLADO CANECA ACERO INOXIDABLE M121 (INCLUYE TRANSPORTE A SITIO DE ACOPIO E INSTALACION POSTERIOR)	UN	58406
Nuevo - Ciclo Puentes	MOBILIARIO URBANO - ARBOLES Y GRAMAS	MOBILIARIO URBANO	8491	DEMOLICIÓN CICLOPARQUEADERO TIPO 2 REF M101	UN	12721
Nuevo - Ciclo Puentes	MOBILIARIO URBANO - ARBOLES Y GRAMAS	MOBILIARIO URBANO	8492	TRASLADO BANCA CONCRETO CON ESPALDAR. (TRASLADO EN CAMIONETA A ALMACÉN Y REUBICACIÓN POSTERIOR).	UN	204406
Nuevo - Ciclo Puentes	REDES ELECTRICAS	RED ELECTRICA CODENSA	8493	SUMINISTRO Y MONTAJE DE FOTOCONTROL INDEPENDIENTE PARA CONTROL MÚLTIPLE DE UN CIRCUITO DE ALUMBRADO CON CARGA MENOR DE 1 000 W (EXISTENTE) AP322	UN	828130
Nuevo - Ciclo Puentes	REDES ELECTRICAS	RED ELECTRICA CODENSA	8494	LUMINARIA LED RALED II RA02SII 32 LED 72 W. SUMINISTRO E INSTALACIÓN	UN	1504120
Nuevo - Ciclo Puentes	REDES ELECTRICAS	RED ELECTRICA CODENSA	8495	CABLE ELÉCTRICO 4X16 AWG PARA CONTROL DE SEMÁFOROS VEHICULARES TIPO ST CU 600V 75°C. SUMINISTRO E INSTALACIÓN.	ML	35396
Nuevo - Ciclo Puentes	REDES ELECTRICAS	RED ELECTRICA CODENSA	8496	CABLE ELÉCTRICO 3X16 AWG PARA CONTROL DE SEMÁFOROS PEATONALES TIPO ST CU 600V 75°C. SUMINISTRO E INSTALACIÓN.	ML	31491
Nuevo - Ciclo Puentes	REDES ELECTRICAS	RED ELECTRICA CODENSA	8497	CABLE ELÉCTRICO 2X8 AWG PARA ACOMETIDA TIPO ST CU 600V 75°C. SUMINISTRO E INSTALACIÓN.	ML	29531
Nuevo - Ciclo Puentes	ANDENES Y SARDINELES	ANDENES EN CONCRETO	8498	FRANJA DE AJUSTE DE ANCHO VARIABLE ENTRE 0.10 A 0.18MT Y PROFUNDIDAD VARIABLE ENTRE 0.06 Y 0.15MT EN CONCRETO DE 2500 PSI HECHO EN OBRA	ML	12339
Nuevo - Ciclo Puentes	ANDENES Y SARDINELES	PISOS EN ADOQUINES Y EN LOSETAS	8499	LOSETA PREFABRICADA EN CONCRETO A20 TIPO PANOT DE 20X20X6CM COLOR GRIS (SUMINISTRO E INSTALACIÓN. INCLUYE MORTERO DE 1500 PSI DE NIVELACIÓN)	M2	152558
Nuevo - Ciclo Puentes	SEÑALIZACIÓN	DEMARCACION DE PAVIMENTOS	8500	BORRADO DE DEMARCACIÓN VIAL POR FRESADO CON MÁQUINA	M2	67582
Nuevo - Troncal Caracas	ANDENES Y SARDINELES	SARDINELES Y BORDILLOS	8501	PIEZA DE REMATE CURVA A117 PARA RAMPA VEHICULAR TIPO C (600X400X450MM). INCLUYE SUMINISTRO E INSTALACIÓN. INCLUYE 3CM DE MORTERO 1:5.	UN	135543
Nuevo - Troncal Caracas	ANDENES Y SARDINELES	SARDINELES Y BORDILLOS	8503	PIEZA DE REMATE CURVA A115 PARA RAMPA VEHICULAR TIPO C (600X400X450MM). INCLUYE SUMINISTRO E INSTALACIÓN. INCLUYE 3CM DE MORTERO 1:5.	UN	130381
Nuevo - Troncal Caracas	REDES ACUEDUCTO	REDES ACUEDUCTO	8504	TEE HD EXTREMO LISO 3"X3" (SUMINISTRO E INSTALACIÓN)	UN	394606
Nuevo - Troncal Caracas	REDES ACUEDUCTO	REDES ACUEDUCTO	8505	KIT DE NIVELACIÓN PARA HIDRANTE DE DIÁMETRO DE 3", LONGITUD 300MM. SUMINISTRO E INSTALACIÓN.	UN	1097504
Nuevo - Troncal Caracas	SEÑALIZACIÓN	SEÑALES DE TRANSITO	8506	SEÑAL VERTICAL PREVENTIVA SP-46B TIPO CUADRADO CON FLECHA. EN LÁMINA GALVANIZADA CAL. 16, ÁNGULO DE 2X14. REFLECTIVO DIAMANTE TIPO XI, VERDE LIMÓN. PINTURA ELECTROSTÁTICA. (INCLUYE PEDESTAL Y DADO DE CIMENTACIÓN. INCLUYE SUMINISTRO, INSTALACION, TRANSPORTE Y DISPOSICIÓN DE TRANSPORTE.	UN	737084
Nuevo - Troncal Caracas	REDES ALCANTARILLADO / DRENAJE	REDES ALCANTARILLADO / DRENAJE	8507	CANAL DE DRENAJE MONOLÍTICO Y REJA EN CONCRETO POLIMÉRICO RD 100V, H265 F900 (1.00 X 0.16 X 0.265 M)(INCLUYE CONCRETO 21 MPA PARA CAMA Y ATRAQUE. INCLUYE SUMINISTRO, INSTALACIÓN Y PRUEBA DE ESTANQUEIDAD)	ML	876809
Nuevo - Troncal Caracas	REDES ALCANTARILLADO / DRENAJE	REDES ALCANTARILLADO / DRENAJE	8508	CANAL DE DRENAJE MONOLÍTICO Y REJA EN CONCRETO POLIMÉRICO RD 150V, H280 F900 (1.00 X 0.21 X 0.28 M)(INCLUYE CONCRETO 21 MPA PARA CAMA Y ATRAQUE. INCLUYE SUMINISTRO, INSTALACIÓN Y PRUEBA DE ESTANQUEIDAD)	ML	893547
Nuevo - Troncal Caracas	REDES ALCANTARILLADO / DRENAJE	REDES ALCANTARILLADO / DRENAJE	8509	CANAL DE DRENAJE MONOLÍTICO Y REJA EN CONCRETO POLIMÉRICO RD 150V, H380 F900 (1.00 X 0.21 X 0.38 M)(INCLUYE CONCRETO 21 MPA PARA CAMA Y ATRAQUE. INCLUYE SUMINISTRO, INSTALACIÓN Y PRUEBA DE ESTANQUEIDAD)	ML	1007908
Nuevo - Troncal Caracas	REDES ACUEDUCTO	REDES ACUEDUCTO	8511	PERFORACIÓN HORIZONTAL PARA DUCTO DE POLIETILENO D=4" (INCLUYE TUBERÍA).SUMINISTRO, INSTALACIÓN, TRANSPORTE Y DISPOSICIÓN FINAL DE SOBRANTES.	ML	530446
Nuevo - Troncal Caracas	ANDENES Y SARDINELES	SARDINELES Y BORDILLOS	8512	SARDINEL ESPECIAL A116 PARA RAMPA VEHICULAR TIPO C (SUMINISTRO E INSTALACIÓN, INCLUYE 3CM DE MORTERO 1:5	ML	237638
Nuevo - Troncal Caracas	REDES ACUEDUCTO	REDES ACUEDUCTO	8513	VÁLVULA DE PIE ANTIGOLPE DE ARIETE - BRONCE D= 3". SUMINISTRO E INSTALACIÓN	UN	708532
Nuevo - Troncal Caracas	REDES ACUEDUCTO	REDES ACUEDUCTO	8514	TUBERÍA CPVC Ø 3/4". SUMINISTRO E INSTALACIÓN	ML	23214
Nuevo - Troncal Caracas	REDES ACUEDUCTO	REDES ACUEDUCTO	8515	PUNTO HIDRÁULICO AGUA CALIENTE CPVC Ø 1/2" DUCHA. INCLUYE SUMINISTRO E INSTALACIÓN, INCLUYE ACCESORIOS, TUBERÍA, SOLDADURA Y CINTA TEFLÓN.	UN	22503
Nuevo - Troncal Caracas	REDES ACUEDUCTO	REDES ACUEDUCTO	8516	PUNTO HIDRÁULICO AGUA CALIENTE CPVC Ø 3/4" CALENTADOR. INCLUYE SUMINISTRO E INSTALACIÓN, INCLUYE ACCESORIOS, TUBERÍA, SOLDADURA Y CINTA TEFLÓN.	UN	48736
Nuevo - Troncal Caracas	REDES ACUEDUCTO	REDES ACUEDUCTO	8518	PUNTO HIDRÁULICO AGUA FRÍA PVCP Ø 1" ORINAL. INCLUYE SUMINISTRO E INSTALACIÓN, INCLUYE ACCESORIOS, TUBERÍA, SOLDADURA Y CINTA TEFLÓN.	UN	37372
Nuevo - Troncal Caracas	REDES ACUEDUCTO	REDES ACUEDUCTO	8519	PUNTO HIDRÁULICO AGUA FRÍA PVCP Ø 1/2" LAVAPLATOS. INCLUYE SUMINISTRO E INSTALACIÓN, INCLUYE ACCESORIOS, TUBERÍA, SOLDADURA Y CINTA TEFLÓN.	UN	27458
Nuevo - Troncal Caracas	REDES ACUEDUCTO	REDES ACUEDUCTO	8522	TUBERÍA CPVC Ø 1/2". SUMINISTRO E INSTALACIÓN, SOLDADURA.	ML	16318
Nuevo - Troncal Caracas	REDES ACUEDUCTO	REDES ACUEDUCTO	8523	UNIÓN CPVC TIPO U.S.Ø 1/2". SUMINISTRO E INSTALACIÓN.	UN	7748
Nuevo - Troncal Caracas	REDES ACUEDUCTO	REDES ACUEDUCTO	8524	UNIÓN CPVC TIPO U.S. Ø 3/4". SUMINISTRO E INSTALACIÓN.	UN	8552
Nuevo - Troncal Caracas	REDES ACUEDUCTO	REDES ACUEDUCTO	8525	CODO 90° CPVC TIPO E.L. Ø 1/2". SUMINISTRO E INSTALACIÓN.	UN	8950
Nuevo - Troncal Caracas	REDES ACUEDUCTO	REDES ACUEDUCTO	8526	TEE CPVC TIPO E.L. Ø 1/2". SUMINISTRO E INSTALACIÓN.	UN	20693
Nuevo - Troncal Caracas	REDES ACUEDUCTO	REDES ACUEDUCTO	8527	TEE CPVC TIPO E.L. Ø 3/4". SUMINISTRO E INSTALACIÓN.	UN	22493
Nuevo - Troncal Caracas	REDES ACUEDUCTO	REDES ACUEDUCTO	8528	PUNTO HIDRÁULICO AGUA FRÍA PVCP Ø 1/2" LLAVE MANGUERA. INCLUYE SUMINISTRO E INSTALACIÓN, INCLUYE ACCESORIOS, TUBERÍA, SOLDADURA Y CINTA TEFLÓN.	UN	27124
Nuevo - Troncal Caracas	REDES ACUEDUCTO	REDES ACUEDUCTO	8529	BUJE SOLDADO SANITARIA PVCS TIPO U.M. Ø4" X Ø2". INCLUYE SUMINISTRO E INSTALACIÓN.	UN	27341
Nuevo - Troncal Caracas	REDES ACUEDUCTO	REDES ACUEDUCTO	8530	BUJE SOLDADO SANITARIA PVCS TIPO U.M. Ø6" X Ø4". INCLUYE SUMINISTRO E INSTALACIÓN.	UN	64492
Nuevo - Troncal Caracas	REDES ACUEDUCTO	REDES ACUEDUCTO	8531	YEE SANITARIA REDUCIDA PVCS TIPO U.M. Ø6" X Ø4". INCLUYE SUMINISTRO E INSTALACIÓN.	UN	189850
Nuevo - Troncal Caracas	REDES ELECTRICAS	RED ELECTRICA CODENSA	8533	INTERRUPTOR TRIPLE CONMUTABLE PARA ENCENDIDO/APAGADO DE ILUMINACIÓN. INCLUYE ACCESORIOS DE INSTALACIÓN, FIJACIÓN, CAJA DE SALIDA Y ELEMENTOS DE CONEXIÓN. NO INCLUYE TUBERÍA NI CABLEADO.	UN	33853
Nuevo Ciclopuentes	MOBILIARIO URBANO - ARBOLES Y GRAMAS	SIEMBRA DE ARBOLES Y GRAMA	8534	TRATAMIENTO INTEGRAL DE ÁRBOLES DE 1M A 5M. (INCLUYE RIEGO, FERTILIZACIÓN EDÁFICA, MANO DE OBRA, PODA GENERAL Y RADICULAR).	UN	509917
Nuevo Ciclopuentes	MOBILIARIO URBANO - ARBOLES Y GRAMAS	SIEMBRA DE ARBOLES Y GRAMA	8535	TRATAMIENTO INTEGRAL DE ÁRBOLES MAYORES A 5M. (INCLUYE RIEGO, FERTILIZACIÓN EDÁFICA, MANO DE OBRA, PODA GENERAL Y RADICULAR).	UN	557517
Nuevo Aceras y CicloRutas	SEÑALIZACIÓN	DEMARCACION DE PAVIMENTOS	8536	PINTURA ACRÍLICA BASE AGUA PARA MARCAS VIALES SIN MICROESFERAS, ESPESOR SECO DE 9 MILS Y 60% DE SÓLIDOS POR VOLUMEN, INCLUYE PICTOGRAMAS (INCLUYE SUMINISTRO Y APLICACIÓN CON EQUIPO).	M2	24781
Nuevo Aceras y CicloRutas	REDES TELEFONICAS / DATOS	RED TELEFONICA ETB	8537	UBICACIÓN DE EQUIPO DE CONTROL C900V. (INCLUYE RETIRO E INSTALACIÓN Y PUESTA EN MARCHA).	UN	2252746
Nuevo Aceras y CicloRutas	REDES ELECTRICAS	RED ELECTRICA CODENSA	8538	1 DUCTO D= 4" PVC PESADO DB (NO INCLUYE EXCAVACIÓN NI RELLENOS). SUMINISTRO E INSTALACION.	ML	52124
Nuevo Aceras y CicloRutas	REDES ELECTRICAS	RED ELECTRICA CODENSA	8539	2 DUCTO D= 3" PVC PESADO DB (NO INCLUYE EXCAVACIÓN NI RELLENOS). SUMINISTRO E INSTALACION.	ML	57482
Nuevo Aceras y CicloRutas	REDES ELECTRICAS	RED ELECTRICA CODENSA	8540	4 DUCTO D= 3" PVC PESADO DB (NO INCLUYE EXCAVACIÓN NI RELLENOS). SUMINISTRO E INSTALACION.	ML	118835
Nuevo Aceras y CicloRutas	REDES ELECTRICAS	RED ELECTRICA CODENSA	8541	6 DUCTO D= 6" + 3 DUCTOS DE 3" PVC PESADO DB (NO INCLUYE EXCAVACIÓN NI RELLENOS). SUMINISTRO E INSTALACION.	ML	493114
Nuevo Aceras y CicloRutas	ANDENES Y SARDINELES	SARDINELES Y BORDILLOS	8542	BORDILLO NO TRASPASABLE (SEPARADOR DE CARRIL NO REBASABLE) EN POLIETILENO DE ALTA DENSIDAD SIN PLOMO DE COLOR AMARILLO, SECCIONADO EN DOS UNIDADES, ALTURA MÍNIMA 15 CM, ANCHO 20 CM Y LARGO 100 CM, CON LENTE SUPERIOR OMNIDIRECCIONAL DE 360°, INCLUYE ANCLAJE EN CHAZO PLÁSTICO Y 4 TORNILLOS TIRAFONDO DE 1/2" X 4 1/2" (INCLUYE SUMINISTRO E INSTALACIÓN).	UN	181413
Nuevo Aceras y CicloRutas	DEMOLICIONES	DEMOLICIONES	8543	RETIRO DE TACHAS REFLECTIVA O ESTOPEROLES CON SU RESPECTIVO ANCLAJE. INCLUYE REPARACIÓN DEL SITIO. (INCLUYE ENTREGA EN PATIO DE LA SDM)	UN	1597
Nuevo Aceras y CicloRutas	DEMOLICIONES	DEMOLICIONES	8544	RETIRO DE TACHONES, HITOS O RESALTOS PORTÁTILES CON SU RESPECTIVO ANCLAJE. INCLUYE REPARACIÓN DEL SITIO. (INCLUYE ENTREGA EN PATIO DE LA SDM)	UN	1597
Nuevo Aceras y CicloRutas	DEMOLICIONES	DEMOLICIONES	8545	DEMOLICIÓN MANUAL DE POZOS, CAJAS O CÁMARAS DE EMPRESAS DE SERVICIOS PÚBLICOS EN MAMPOSTERÍA. (INCLUYE MARTILLO NEUMÁTICO DE 60 LB Y COMPRESOR PARA DEMOLICIÓN DE BASE Y TAPA Y CARGUE). NO INCLUYE TRANSPORTE.	M3	62652
Nuevo Aceras y CicloRutas	SEÑALIZACIÓN	SEÑALES DE TRANSITO	8546	SEÑAL VERTICAL PREVENTIVA DE (60CM X 60CM) EN REFLECTIVO DE ALTA INTENSIDAD TIPO IV O SUPERIOR Y LÁMINA GALVANIZADA CAL. 16. INCLUYE PEDESTAL EN ÁNGULO Y DADO DE CIMENTACIÓN. (INCLUYE SUMINISTRO, INSTALACIÓN, TRANSPORTE Y DISPOSICIÓN DE SOBRANTES).	UN	561716
Nuevo Aceras y CicloRutas	SEÑALIZACIÓN	SEÑALES DE TRANSITO	8547	SEÑAL VERTICAL INFORMATIVA DE (60CM X 60CM) EN REFLECTIVO DE ALTA INTENSIDAD TIPO IV O SUPERIOR Y LÁMINA GALVANIZADA CAL. 16. INCLUYE PEDESTAL EN ÁNGULO Y DADO DE CIMENTACIÓN. (INCLUYE SUMINISTRO, INSTALACIÓN, TRANSPORTE Y DISPOSICIÓN DE SOBRANTES).	UN	561716
Nuevo Aceras y CicloRutas	SEÑALIZACIÓN	SEÑALES DE TRANSITO	8548	SEÑAL VERTICAL INFORMATIVA DE (45CM X 45CM) EN REFLECTIVO DE ALTA INTENSIDAD TIPO I, O SUPERIOR Y LÁMINA GALVANIZADA CAL. 16. INCLUYE TUBO GALVANIZADO DE 2" DE DIÁMETRO INTERNO Y DADO DE CIMENTACIÓN. (INCLUYE SUMINISTRO, INSTALACIÓN, TRANSPORTE Y DISPOSICIÓN DE SOBRANTES).	UN	418432
Nuevo Aceras y CicloRutas	SEÑALIZACIÓN	SEÑALES DE TRANSITO	8549	SEÑAL VERTICAL PREVENTIVA DE (60CM X 60CM) CON PLAQUETA (ALTO MÍNIMO DE 23 CM) EN REFLECTIVO DE ALTA INTENSIDAD TIPO VI, O SUPERIOR Y LÁMINA GALVANIZADA CAL. 16. INCLUYE PEDESTAL EN ÁNGULO Y DADO DE CIMENTACIÓN. (INCLUYE SUMINISTRO, INSTALACIÓN, TRANSPORTE Y DISPOSICIÓN DE SOBRANTES).	UN	648090
Nuevo Centros Fundacionales	MOBILIARIO URBANO - ARBOLES Y GRAMAS	MOBILIARIO URBANO	8553	DESMONTE Y RETIRO DE BANCA EN MADERA M50 (INCLUYE TRANSPORTE A SITIO AUTORIZADO)	UN	65948
Nuevo Centros Fundacionales	OBRAS DE ARTE Y EDIFICACIONES	PISOS	8556	MANTENIMIENTO DE PISO EN PIEDRA.(INCLUYE RETIRO DE PIEZAS SUELTAS Y REINSTALACIÓN,INCLUYE MORTERO DE PEGA 1:3, ÁREA DE NIVELACIÓN E HIDROPROTECCIÓN Y LAVADO)	M2	79992
Nuevo Centros Fundacionales	ANDENES Y SARDINELES	PISOS EN ADOQUINES Y EN LOSETAS	8557	ADOQUÍN EN CONCRETO GRIS-EN TRABA COMÚN A-25 10X20X6CM (SUMINISTRO, INSTALACIÓN, INCLUYE MORTERO DE NIVELACIÓN, Y ARENA DE SELLO)	M2	154498
Nuevo Centros Fundacionales	REDES ELECTRICAS	RED ELECTRICA CODENSA	8558	CAJA SUBTERRÁNEA EN VÍA PACIFICADA CST2. INCLUYE CONCRETO GRAVA COMÚN DE 4000 PSI, ADITIVO IMPERMEABILIZANTE, ACERO, MICROFIBRA DE POLIPROPILENO, PASOS DE ESCALERA DE GATO. SUMINISTRO E INSTALACIÓN. ÁREA TANQUE A1-7.30M A2-2.21M PERÍMETRO 18.25M, ALTURA- 2.55M.	UN	25209604
Nuevo Centros Fundacionales	REDES ELECTRICAS	RED ELECTRICA CODENSA	8559	CAJA DE MANIOBRA EN VÍA PACIFICADA CMV. INCLUYE CONCRETO GRAVA COMÚN DE 4000 PSI, MORTERO IMPERMEABILIZADO, ACERO, PASOS DE ESCALERA DE GATO. SUMINISTRO E INSTALACIÓN. ÁREA TANQUE A1-5.50M PERÍMETRO 9.44M, ALTURA- 2.55M.	UN	18873494
Nuevo Centros Fundacionales	REDES ELECTRICAS	RED ELECTRICA CODENSA	8560	CAJA CS 275-MODIFICADA. INCLUYE CONCRETO GRAVA COMÚN 4000 PSI, ACERO, LADRILLO TOLETE RECOCIDO 24X12X6, MORTERO IMPERMEABILIZANTE, MORTERO 3000 PSI, RECEBO COMÚN, MARCO Y TAPA CAJA SENCILLA CS 275. INCLUYE SUMINISTRO Y CONSTRUCCIÓN.	UN	2692984
Nuevo Centros Fundacionales	SEÑALIZACIÓN	SEÑALES DE TRANSITO	8561	SEÑAL VERTICAL GRUPO DE REGLAMENTARIAS TIPO CIRCULO (D= 45CM). SUMINISTRO E INSTALACIÓN.	UN	438683
Nuevo Centros Fundacionales	SEÑALIZACIÓN	OTROS-SEÑALIZACIÓN	8562	SEÑAL VERTICAL GRUPO DE PREVENTIVAS TIPO CUADRADO (45CM X 45CM). INCLUYE SUMINISTRO E INSTALACION.	UN	397706
Nuevo Centros Fundacionales	SEÑALIZACIÓN	OTROS-SEÑALIZACIÓN	8563	SEÑAL VERTICAL GRUPO DE REGLAMENTARIAS SR-01 TIPO OCTAGONO CON ALTURA DE 45CM. INCLUYE SUMINISTRO E INSTALACION.	UN	438683
Nuevo Centros Fundacionales	SEÑALIZACIÓN	OTROS-SEÑALIZACIÓN	8564	SEÑAL DOBLE DE 0.45X0.45M REFLECTIVO ALTA DENSIDAD TIPO IV EN LÁMINA GALVANIZADA, PEDESTAL EN ÁNGULO SP/SR/SI. SUMINISTRO E INSTALACIÓN.	UN	438683
Nuevo Centros Fundacionales	SEÑALIZACIÓN	DEMARCACION DE PAVIMENTOS	8566	PINTURA EN PLÁSTICO EN FRÍO METILMETACRILATO PARA MARCAS VIALES, CON MICROESFERAS Y ESPESOR SECO SEGÚN NORMA NTC 4744. SUMINISTRO Y APLICACIÓN. (CEBRAS, FLECHAS, PICTOGRAMAS, LINEAS DE PARE, SENDEROS PEATONALES, ACHURADOS, ETC).	M2	148233
Nuevo Centros Fundacionales	REDES ELECTRICAS	RED ELECTRICA CODENSA	8569	TRANSFORMADOR SEMISUMERGIBLE 112,5 KVA 11,4K/208-120V. (SUMINISTRO E INSTALACIÓN)	UN	26978207
Nuevo Troncal Caracas	REDES ACUEDUCTO	REDES ACUEDUCTO	8574	REGISTRO BOLA 3" TIPO PESADO (INCLUYE SUMINISTRO E INSTALACIÓN, SOLDADURA Y CINTA TEFLON)	UN	168754
Nuevo Troncal Caracas	REDES ACUEDUCTO	REDES ACUEDUCTO	8575	BUJE SOLDADO PRESIÓN CPVC D=3/4" A 1/2" (INCLUYE SUMINISTRO E INSTALACIÓN).	UN	10394
Nuevo Troncal Caracas	REDES ACUEDUCTO	REDES ACUEDUCTO	8576	TEE EXTREMO LISO HD 2"X2" (SUMINISTRO E INSTALACIÓN)	UN	207927
Nuevo Troncal Caracas	REDES ACUEDUCTO	REDES ACUEDUCTO	8579	REGISTRO BOLA 4" TIPO PESADO (INCLUYE SUMINISTRO E INSTALACIÓN, SOLDADURA Y CINTA TEFLON)	UN	192408
Nuevo Troncal Caracas	REDES ACUEDUCTO	REDES ACUEDUCTO	8581	UNIÓN PVC TIPO U.M. D= 1" (SUMINISTRO E INSTALACIÓN)	UN	7629
Nuevo Troncal Caracas	REDES ACUEDUCTO	REDES ACUEDUCTO	8582	CODO 45° PVC SOLDAR DE 3/4". (SUMINISTRO E INSTALACIÓN, SOLDADURA)	UN	9452
Nuevo Troncal Caracas	REDES ACUEDUCTO	REDES ACUEDUCTO	8583	TUBERÍA PVC PRESIÓN E.L. D= 3/4` RDE 21 - 200 PSI (INCLUYE LIMPIEZA Y SOLDADURA ) SUMINISTRO E INSTALACIÓN	ML	10881
Nuevo Troncal Caracas	REDES ACUEDUCTO	REDES ACUEDUCTO	8584	UNIÓN PVC TIPO U.M. D= 1 1/2" (SUMINISTRO E INSTALACIÓN)	UN	9972
Nuevo Troncal Caracas	REDES ACUEDUCTO	REDES ACUEDUCTO	8585	UNIÓN PVC TIPO U.M. D= 3/4" (SUMINISTRO E INSTALACIÓN)	UN	7015
Nuevo Troncal Caracas	REDES ACUEDUCTO	REDES ACUEDUCTO	8586	BUJE SOLDADO PRESIÓN PVC E.L. DE 1 1/4" X 1/2"(SUMINISTRO E INSTALACIÓN)	UN	9364
Nuevo Troncal Caracas	REDES ACUEDUCTO	REDES ACUEDUCTO	8587	BUJE SOLDADO PRESIÓN PVC E.L. DE 2" X 1 1/4" (SUMINISTRO E INSTALACIÓN)	UN	21581
Nuevo Troncal Caracas	REDES ACUEDUCTO	REDES ACUEDUCTO	8588	BUJE SOLDADO PRESIÓN PVC E.L. DE 2" X 1"(SUMINISTRO E INSTALACIÓN)	UN	21581
Nuevo Troncal Caracas	REDES ACUEDUCTO	REDES ACUEDUCTO	8589	BUJE SOLDADO PRESIÓN PVC E.L. DE 2" X 3/4"(SUMINISTRO E INSTALACIÓN)	UN	21581
Nuevo Troncal Caracas	CONCRETO Y ACERO PARA ESTRUCTURAS	CONCRETO PARA ESTRUCTURAS	8590	POZO EYECTOR EN CONCRETO 4000 PSI (28 MPA) GRAVA COMÚN - AGUAS LLUVIAS D 1.2M (PREMEZCLADO. INCLUYE SUMINISTRO, FORMALETEO, COLOCACIÓN Y CURADO Y REFUERZO).	UN	2761263
Nuevo Troncal Caracas	OBRAS DE ARTE Y EDIFICACIONES	OBRAS DE ARTE Y EDIFICACIONES	8591	MAMPOSTERÍA EN BLOQUE 4 E= 0.10M (INCLUYE SUMINISTRO, INSUMOS Y CONSTRUCCIÓN)	M2	85907
Nuevo Troncal Caracas	ANDENES Y SARDINELES	SARDINELES Y BORDILLOS	8592	REALCE DE SARDINEL A UNA ALTURA H= 0.20m, e= 0.20m. CONCRETO DE 3000 PSI. (FUNDIDO EN SITIO). Incluye suministro de concreto, formaleta metálica para sardinel, perforaciones con taladro rotopercutor hasta 3/4" y epóxico para anclaje de acero. (No incluye acero). OBRAS DE CONSERVACIÓN	ML	143324
Nuevo Troncal Caracas	REDES ACUEDUCTO	REDES ACUEDUCTO	8593	COPA REDUCIDA GALVANIZADA HD 2" x  3/4". (SUMINISTRO E INSTALACIÓN).	UN	63525
Nuevo Troncal Caracas	REDES ACUEDUCTO	REDES ACUEDUCTO	8594	UNIÓN BRIDA x ACOPLE UNIVERSAL 3"(SUMINISTRO E INSTALACIÓN).	UN	256169
Nuevo Troncal Caracas	REDES ACUEDUCTO	REDES ACUEDUCTO	8595	UNIÓN BRIDA x ACOPLE UNIVERSAL 4"(SUMINISTRO E INSTALACIÓN).	UN	278779
Nuevo Troncal Caracas	REDES ACUEDUCTO	REDES ACUEDUCTO	8597	PASAMUROS ACERO INOXIDABLE D= 1 1/2" x 50 cm PARA TUBO DE 1" (INCLUYE SUMINISTRO E INSTALACIÓN).	UN	181458
Nuevo Troncal Caracas	REDES ACUEDUCTO	REDES ACUEDUCTO	8598	PASAMUROS ACERO INOXIDABLE D= 4" x 50 cm PARA TUBO DE 3" (INCLUYE SUMINISTRO E INSTALACIÓN).	UN	434666
Nuevo Troncal Caracas	REDES ACUEDUCTO	REDES ACUEDUCTO	8599	MANÓMETRO DE PRESIÓN 0-200 PSI. (INCLUYE SUMINISTRO E INSTALACIÓN).	UN	78727
Nuevo Troncal Caracas	REDES ACUEDUCTO	REDES ACUEDUCTO	8601	PASAMUROS ACERO INOXIDABLE D= 2 1/2" x 50 cm PARA TUBO DE 2" (INCLUYE SUMINISTRO E INSTALACIÓN).	UN	300413
Nuevo Troncal Caracas	REDES ACUEDUCTO	REDES ACUEDUCTO	8603	PUNTO HIDRÁULICO AGUA FRÍA PVC 1/2" DUCHA. (INCLUYE SUMINISTRO E INSTALACIÓN, INCLUYE ACCESORIOS, TUBERÍA, SOLDADURA Y CINTA TEFLÓN).	UN	68587
Nuevo Troncal Caracas	OBRAS DE ARTE Y EDIFICACIONES	OBRAS DE ARTE Y EDIFICACIONES	8605	MAMPOSTERÍA EN BLOQUE  3 e= 0.07 m (Incluye suministro, insumos y construcción)	M2	91990
Nuevo Centros Fundacionales	DEMOLICIONES	DEMOLICIONES	8606	DEMOLICIÓN PISOS DE CONCRETO - RAMPAS VEHICULARES Y PEATONALES EXISTENTES. (Espesor variable hasta 0.10 m. Incluye Cargue, transporte y disposición final de sobrantes escombrera autorizada).	M2	14157
Nuevo Centros Fundacionales	REDES ELECTRICAS	RED ELECTRICA CODENSA	8610	TRANSFORMADOR SEMISUMERGIBLE 300 KVA 11,4K/208-120V.  (Suministro e instalación)	UN	37189990
Nuevo DTE	CONCRETO Y ACERO PARA ESTRUCTURAS	PINTURA PARA ESTRUCTURAS	8611	PINTURA SOBRE ESTRUCTURA METÁLICA GALVANIZADA. INCLUYE LIMPIEZA SSPC-SP7, BARRERA EPOXICA e=3mils, ACABADO URETANO e=3mils	KG	5653
Nuevo DTE	ACTIVIDADES CONSERVACIÓN	ACTIVIDADES CONSERVACIÓN	8612	PARCHEO EN PAVIMENTO FLEXIBLE e=0.14m.  (Incluye demolición manual y cargue de pavimento flexible de e=0.14m, transporte y disposición final de escombros, imprimación, colocación y compactación MD19 e=7cm y MD25 e=7cm , riego CRR-1, imprima CLR-0)	M2	236716
Nuevo DTE	PAVIMENTOS	PAVIMENTOS EN CONCRETO ASFALTICO	8613	MEZCLA ASFÁLTICA EN CALIENTE DENSA MD19 CON CEMENTO ASFÁLTICO CA 14. (SUMINISTRO, EXTENDIDO, NIVELACIÓN MANUAL Y COMPACTACIÓN MECÁNICA CON VIBROCOMPACTADOR TÁNDEM PEQUEÑO, INCLUYE OPERARIO Y COMBUSTIBLE).	M3	1472746
Nuevo DTE	PAVIMENTOS	PAVIMENTOS EN CONCRETO ASFALTICO	8614	MEZCLA ASFÁLTICA EN CALIENTE DENSA MD25 CON CEMENTO ASFÁLTICO CA 14. (SUMINISTRO, EXTENDIDO  Y NIVELACIÓN MANUAL, COMPACTACIÓN MECÁNICA CON VIBROCOMPACTADOR TÁNDEM PEQUEÑO, INCLUYE OPERARIO Y COMBUSTIBLE).	M3	1365015
Nuevo DTE	RELLENOS Y CAPAS GRANULARES	CAPAS GRANULARES	8615	BASE GRANULAR CLASE A (BGA_BG38) - HORARIO NOCTURNO. (Suministro, Extendido Manual, Humedecimiento y Compactación)	M3	251932
Nuevo DTE	RELLENOS Y CAPAS GRANULARES	CAPAS GRANULARES	8616	BASE GRANULAR CLASE A (BGA_BG38) (Suministro, Extendido, Nivelación, Humedecimiento y Compactación con vibrocompactador)	M3	230570
Nuevo DTE	RELLENOS Y CAPAS GRANULARES	CAPAS GRANULARES	8617	AGREGADOS RECICLADOS PARA SUBBASE GRANULAR (AR_SBG50) (Suministro, Extendido, Nivelación, Humedecimiento y Compactación con vibrocompactador)	M3	204760
Nuevo DTE	PAVIMENTOS	PAVIMENTOS EN CONCRETO ASFALTICO	8618	MEZCLA ASFÁLTICA EN CALIENTE DENSA MD19 CON CEMENTO ASFÁLTICO CA 14 (Suministro, Extendido, Nivelación y Compactación mecánica con vibrocompactador y compactador de llantas)	M3	1340339
Nuevo DTE	PAVIMENTOS	PAVIMENTOS EN CONCRETO ASFALTICO	8619	MEZCLA ASFÁLTICA EN CALIENTE DENSA MD19 CON CEMENTO ASFÁLTICO CA 14 - HORARIO NOCTURNO.  (SUMINISTRO, EXTENDIDO, NIVELACIÓN MANUAL, HUMEDECIMIENTO Y COMPACTACIÓN MECÁNICA CON VIBROCOMPACTADOR TÁNDEM PEQUEÑO, INCLUYE OPERARIO Y COMBUSTIBLE).	M3	1512912
Nuevo DTE	PAVIMENTOS	PAVIMENTOS EN CONCRETO ASFALTICO	8620	MEZCLA ASFÁLTICA EN CALIENTE DENSA MD25 CON CEMENTO ASFÁLTICO - HORARIO NOCTURNO. (Suministro, Extendido, Nivelación y Compactación mecanica con vibrocompactador y compactador de llantas)	M3	1383715
Nuevo DTE	PAVIMENTOS	PAVIMENTOS EN CONCRETO ASFALTICO	8621	MEZCLA ASFÁLTICA EN CALIENTE DENSA MD25 CON CEMENTO ASFÁLTICO (Suministro, Extendido, Nivelación y Compactación mecanica con vibrocompactador y compactador de llantas)	M3	1342830
Nuevo - Aceras y CicloRutas	REDES TELEFONICAS / DATOS	RED TELEFONICA ETB	8624	RECONSTRUCCIÓN CÁMARA DE INSPECCIÓN T-18A ETB (Incluye muros, cubierta, aro-base y aro-tapa)	UN	5970804
Nuevo - Aceras y CicloRutas	REDES TELEFONICAS / DATOS	RED TELEFONICA EPM	8625	NIVELACIÓN DE CÁMARA TIPO "F" TELECOMUNICACIONES UNE - EPM H= 0.20m (Dimensiones internas L=0.69 m, B=0,56m, A=0.81 m) (Incluye demolición de cinta y retiro de tapa, cargue, transporte y disposición de escombros, suministro e instalación de ladrillos, mortero.	UN	427196
Nuevo - Aceras y CicloRutas	REDES TELEFONICAS / DATOS	RED TELEFONICA EPM	8626	NIVELACIÓN DE CÁMARA TIPO "D" TELECOMUNICACIONES UNE - EPM H= 0.40m (Dimensiones internas L=1.90 m, B=1,06m, A=1.60 m) (Incluye demolición de cinta y retiro de tapa con martillo 60 Lb, cargue, transporte y disposición de escombros, suministro e instalación	UN	3060420
Nuevo - Aceras y CicloRutas	REDES TELEFONICAS / DATOS	RED TELEFONICA EPM	8627	NIVELACIÓN DE CÁMARA TIPO "2F" TELECOMUNICACIONES UNE - EPM H= 0.23m (Dimensiones internas L=1.50 m, B=0,56m, A=0.90 m) (Incluye demolición de cinta y retiro de tapa, transporte y disposición de escombros, suministro e instalación de ladrillos, mortero, minicargador, acero de refuerzo.	UN	716953
Nuevo - Aceras y CicloRutas	REDES TELEFONICAS / DATOS	RED TELEFONICA EPM	8628	NIVELACIÓN DE CÁMARA TIPO "F2" TELECOMUNICACIONES UNE - EPM H= 0.14m (Dimensiones internas L=0.41 m, B=0,36m, A=0.56 m) (Incluye demolición de cinta y retiro de tapa, transporte y disposición de escombros, suministro e instalación de ladrillos, mortero, minicargador, acero de refuerzo.	UN	244110
Nuevo - Aceras y CicloRutas	REDES ALCANTARILLADO / DRENAJE	REDES ALCANTARILLADO / DRENAJE	8629	CANAL DE DRENAJE MONOLÍTICO Y REJA EN CONCRETO POLIMÉRICO RD 150V H480 F900 (1.00 X 0.21 X 0.48) m (Incluye concreto 21 MPa para cama y atraque. Incluye suministro, instalación y prueba de estanqueidad).	ML	1295750
Nuevo - Aceras y CicloRutas	REDES ACUEDUCTO	REDES ACUEDUCTO	8631	EMPATE ORTOGONAL PVC - AC 4"X4" SEGÚN NORMA NS-023, INCLUYE SUMINISTRO E INSTALACIÓN DE TUBERÍA PVC D=4" U.M RDE 21=1 ML, TEE HD 4"X4" PARA AC=1 UN, UG HD D=4"=3 UN, ADAPTADOR U.S. D=4"=1 UN, UR HD D=4"=1 UN (Suministro e instalación).	UN	1487237
Nuevo - Aceras y CicloRutas	REDES ALCANTARILLADO / DRENAJE	REDES ALCANTARILLADO / DRENAJE	8632	CANAL DE DRENAJE MONOLÍTICO Y REJA EN CONCRETO POLIMÉRICO PD 100V H230 D400 (1.00 X 0.15 X 0.23) m (Incluye concreto 21 MPa para cama y atraque. Incluye suministro, instalación y prueba de estanqueidad).	ML	585621
Nuevo - Aceras y CicloRutas	REDES ALCANTARILLADO / DRENAJE	REDES ALCANTARILLADO / DRENAJE	8633	CANAL DE DRENAJE MONOLÍTICO Y REJA EN CONCRETO POLIMÉRICO RD 200V H330 F900 (1.00 X 0.26 X 0.33) m, INCLUYE CONCRETO 21 Mpa PARA CAMA Y ATRAQUE (Incluye suministro, instalación y prueba de estanqueidad).	ML	1287421
Nuevo - Aceras y CicloRutas	REDES ACUEDUCTO	REDES ACUEDUCTO	8634	EMPATE ORTOGONAL PVC - HG 4"X4" SEGÚN NORMA NS-023, INCLUYE SUMINISTRO E INSTALACIÓN DE TUBERÍA PVC D=4" U.M RDE 21=1 ML, TEE HD 4"X4" PARA AC=1 UN, UG HD D=4"=3 UN, ADAPTADOR U.S. D=4"=1 UN, UR HD D=4"=1 UN (Suministro e instalación).	UN	1511563
Nuevo - Aceras y CicloRutas	REDES ACUEDUCTO	REDES ACUEDUCTO	8636	EMPATE ORTOGONAL PVC - PVC 4"X3" SEGÚN NORMA NS-023, INCLUYE SUMINISTRO E INSTALACIÓN DE TUBERÍA PVC D=4" U.M RDE 21=1 ML, TEE HD EL 4"X3"=1 UN, UZ U.M PVC D=4"=1 UN, UZ U.M PVC D=3"=1 UN,  UR U.M PVC D=4"=1 UN, UR U.M PVC D=3"=1 UN (Suministro e instalación).	UN	930322
Nuevo - Aceras y CicloRutas	REDES ACUEDUCTO	REDES ACUEDUCTO	8637	EMPATE ORTOGONAL PVC - AC 6"X6" SEGÚN NORMA NS-023, INCLUYE SUMINISTRO E INSTALACIÓN DE TUBERÍA PVC D=6" U.M RDE 21=1 ML, TEE HD 6"X6" PARA AC=1 UN, UG HD D=6"=3 UN, UZ U.M PVC D=6"=1 UN, UR HD D=6"=1 UN (Suministro e instalación).	UN	2507646
Nuevo - Aceras y CicloRutas	REDES ALCANTARILLADO / DRENAJE	REDES ALCANTARILLADO / DRENAJE	8638	CAJA PARA CONEXIÓN DE DRENAJE EN CONCRETO REFORZADO 28 MPa (Dimensiones internas: (0.9x0.9) m, H=1.94 m, e=0,2 m) (Incluye muros, concreto de limpieza e=0,05 m, placa de base y placa de cubierta e=0,16 m, dos arobases y arotapas HF según NP-024. Suministro y construcción.	UN	5067962
Nuevo - Aceras y CicloRutas	REDES ALCANTARILLADO / DRENAJE	REDES ALCANTARILLADO / DRENAJE	8639	CAJA PARA CONEXIÓN DE DRENAJE EN CONCRETO REFORZADO 28 MPa (Dimensiones internas: (1.4x1.5) m, H=2.23 m, e=0,2 m) (Incluye muros, concreto de limpieza e=0,05 m, placa de base y placa de cubierta e=0,16 m, dos arobases y arotapas HF según NP-024. Suministro y construcción.	UN	8622265
Nuevo - Aceras y CicloRutas	REDES ACUEDUCTO	REDES ACUEDUCTO	8640	TAPÓN HD EXTREMO JUNTA HIDRÁULICA D=3" (Suministro e instalación).	UN	183922
Nuevo - Aceras y CicloRutas	REDES ACUEDUCTO	REDES ACUEDUCTO	8641	TEE HD EXTREMO JUNTA HIDRÁULICA 10"x6" (Suministro e instalación).	UN	2225964
Nuevo - Aceras y CicloRutas	REDES ACUEDUCTO	REDES ACUEDUCTO	8642	CODO HD 22.5° EXTREMO JUNTA HIDRÁULICA PARA PVC D= 2" (Suministro e instalación)	UN	153183
Nuevo - Aceras y CicloRutas	REDES ALCANTARILLADO / DRENAJE	REDES ALCANTARILLADO / DRENAJE	8644	CAJA PARA CONEXIÓN DE DRENAJE EN CONCRETO REFORZADO 28 MPa (Dimensiones internas: (1.6x0.8) m, H=1.5 m, e=0,2 m) (Incluye muros, concreto de limpieza e=0,05 m, placa de base y placa de cubierta e=0,16 m, dos arobases y arotapas HF según NP-024. Suministro y construcción	UN	5149669
Nuevo - Aceras y CicloRutas	REDES ACUEDUCTO	REDES ACUEDUCTO	8645	EMPATE ORTOGONAL PVC - PVC 8"X4" SEGÚN NORMA NS-023, INCLUYE SUMINISTRO E INSTALACIÓN DE TUBERÍA PVC D=8" U.M RDE 21=1 ML, TEE HD EL 8"X4"=1 UN, UZ U.M PVC D=8"=1 UN, UZ U.M PVC D=4"=1 UN,  UR U.M PVC D=8"=1 UN, UR U.M PVC D=4"=1 UN (Suministro e instalación).	UN	3063571
Nuevo - Aceras y CicloRutas	REDES ACUEDUCTO	REDES ACUEDUCTO	8647	EMPATE ORTOGONAL PVC - PVC 12"X4" SEGÚN NORMA NS-023, INCLUYE SUMINISTRO E INSTALACIÓN DE TUBERÍA PVC D=4" U.M RDE 21=1 ML, TEE HD EL 12"X4"=1 UN, UZ U.M PVC D=12"=1 UN, UZ U.M PVC D=4"=1 UN,  UR U.M PVC D=12"=1 UN, UR U.M PVC D=4"=1 UN (Suministro e instalación).	UN	6112710
Nuevo - Aceras y CicloRutas	CONCRETO Y ACERO PARA ESTRUCTURAS	CONCRETO PARA ESTRUCTURAS	8648	PILOTE D=0.50 M DE CONCRETO TREMIE 4000 PSI (28 MPA) (INCLUYE EXCAVACIÓN, DESCABECE, TRANSPORTE Y DISPOSICIÓN FINAL DE ESCOMBROS EN SITIO AUTORIZADO A 21 KM, CARGUE Y RETIRO DE SOBRANTES, MOVILIZACIÓN, MONTAJE Y DESMONTAJE DE EQUIPO ENTRE PERFORACIONES DENTRO DE LA OBRA. SUMINISTRO Y COLOCACIÓN DEL CONCRETO CON BOMBA.	ML	690169
Nuevo - Aceras y CicloRutas	CONCRETO Y ACERO PARA ESTRUCTURAS	CONCRETO PARA ESTRUCTURAS	8649	PILOTE D=0.40 M DE CONCRETO TREMIE 4000 PSI (28 MPA)(INCLUYE EXCAVACIÓN, DESCABECE, TRANSPORTE Y DISPOSICIÓN FINAL DE ESCOMBROS EN SITIO AUTORIZADO A 21 KM, CARGUE Y RETIRO DE SOBRANTES, MOVILIZACIÓN, MONTAJE Y DESMONTAJE DE EQUIPO ENTRE PERFORACIONES DENTRO DE LA OBRA. SUMINISTRO Y COLOCACIÓN DEL CONCRETO CON BOMBA.	ML	575407
Nuevo - Aceras y CicloRutas	ACTIVIDADES CONSERVACIÓN	ACTIVIDADES CONSERVACIÓN	8650	HUMECTACIÓN CON AGUA PARA CONTROL DE EROSIONES (Incluye suministro y riego manual)	LITRO	70
Nuevo - Aceras y CicloRutas	MOBILIARIO URBANO - ARBOLES Y GRAMAS	SIEMBRA DE ARBOLES Y GRAMA	8651	PLANTACIÓN DE ÁRBOL CARISECO H= 1.5 M. (INCLUYE SUMINISTRO AL SITIO DE OBRA, PLANTACION, APLICACIÓN Y MEZCLA DE SUSTRATO, TUTOR Y AMARRE. INCLUYE TRANSPORTE Y DISPOSICIÓN FINAL DE SOBRANTES EN SITIO AUTORIZADO A 28 KM).	UN	204483
Nuevo - Aceras y CicloRutas	MOBILIARIO URBANO - ARBOLES Y GRAMAS	SIEMBRA DE ARBOLES Y GRAMA	8652	PLANTACIÓN DE ÁRBOL CEDRO H=1.5 M. (INCLUYE SUMINISTRO AL SITIO DE OBRA, PLANTACION, CAJA, TIERRA, ABONO Y TUTOR)	UN	160223
Nuevo - Aceras y CicloRutas	MOBILIARIO URBANO - ARBOLES Y GRAMAS	SIEMBRA DE ARBOLES Y GRAMA	8653	PLANTACION DE SIETECUEROS H= 1.5 M. (INCLUYE SUMINISTRO AL SITIO DE OBRA, PLANTACION, APLICACIÓN Y MEZCLA DE SUSTRATO, TUTOR Y AMARRE. INCLUYE TRANSPORTE Y DISPOSICIÓN FINAL DE SOBRANTES EN SITIO AUTORIZADO A 28 KM).	UN	232050
Nuevo - Aceras y CicloRutas	MOBILIARIO URBANO - ARBOLES Y GRAMAS	SIEMBRA DE ARBOLES Y GRAMA	8654	PLANTACION DE PALMA ALEJANDRA H= 1.5 M. (INCLUYE SUMINISTRO AL SITIO DE OBRA, PLANTACION, APLICACIÓN Y MEZCLA DE SUSTRATO, TUTOR Y AMARRE. INCLUYE TRANSPORTE Y DISPOSICIÓN FINAL DE SOBRANTES EN SITIO AUTORIZADOA 28 KM).	UN	324685
Nuevo - Aceras y CicloRutas	RELLENOS Y CAPAS GRANULARES	RELLENOS PARA ANDENES Y REDES	8655	GRAVILLA DE 3/4" - SUMINISTRO E INSTALACIÓN.	M3	107957
Nuevo - Aceras y CicloRutas	ACTIVIDADES CONSERVACIÓN	ACTIVIDADES CONSERVACIÓN	8656	PROCESO DE INSTALACION  DE MATERIAL GRANULAR (INCLUYE EXTENDIDO, NIVELACIÓN Y COMPACTACION)	M3	25458
Nuevo DTE	ACTIVIDADES CONSERVACIÓN	ACTIVIDADES CONSERVACIÓN	8657	CONTROL DE POLVO CON CLORURO DE CALCIO	M2	14560
Demanda	ACTIVIDADES CONSERVACIÓN	ACTIVIDADES CONSERVACIÓN	8659	MANTENIMIENTO RUTINARIO TRONCALES MALLA VIAL URBANA EN CONCRETO HIDRÁULICO	M2	23852
Demanda	ACTIVIDADES CONSERVACIÓN	ACTIVIDADES CONSERVACIÓN	8660	MANTENIMIENTO PERIÓDICO TRONCALES MALLA VIAL URBANA EN CONCRETO ASFÁLTICO (INCLUYE 5% BACHEO, 95% FRESADO Y REPOSICIÓN CARPETA) HORARIO NOCTURNO	M2	193940
Demanda	ACTIVIDADES CONSERVACIÓN	ACTIVIDADES CONSERVACIÓN	8661	MANTENIMIENTO PERIÓDICO TRONCALES MALLA VIAL URBANA EN CONCRETO HIDRÁULICO HORARIO NOCTURNO (incluye limpieza pozos, sellado de juntas y reposición de losas)	M2	378668
Demanda	ACTIVIDADES CONSERVACIÓN	ACTIVIDADES CONSERVACIÓN	8662	REHABILITACIÓN - TRONCALES  MALLA VIAL URBANA - DE PAVIMENTO FLEXIBLE e=0.26 (NO INCLUYE SARDINEL)	M2	581986
Demanda	ACTIVIDADES CONSERVACIÓN	ACTIVIDADES CONSERVACIÓN	8663	REHABILITACIÓN - TRONCALES MALLA VIAL URBANA - DE PAVIMENTO HIDRÁULICO MR 45 e=0.25 (NO INCLUYE SARDINEL)	M2	575268
Demanda	ACTIVIDADES CONSERVACIÓN	ACTIVIDADES CONSERVACIÓN	8664	RECONSTRUCCIÓN - TRONCALES MALLA VIAL URBANA - DE PAVIMENTO FLEXIBLE e=0.26 (NO INCLUYE SARDINEL)	M2	637937
Demanda	ACTIVIDADES CONSERVACIÓN	ACTIVIDADES CONSERVACIÓN	8665	RECONSTRUCCIÓN - TRONCALES MALLA VIAL URBANA - DE PAVIMENTO HIDRÁULICO MR 45 e=0.25 (NO INCLUYE SARDINEL)	M2	657569
Demanda	ACTIVIDADES CONSERVACIÓN	ACTIVIDADES CONSERVACIÓN	8667	MANTENIMIENTO RUTINARIO MALLA VIAL ARTERIAL URBANA EN CONCRETO HIDRÁULICO	M2	20371
Demanda	ACTIVIDADES CONSERVACIÓN	ACTIVIDADES CONSERVACIÓN	8668	MANTENIMIENTO PERIÓDICO MALLA VIAL ARTERIAL URBANA EN CONCRETO ASFÁLTICO (INCLUYE 5% BACHEO, 95% FRESADO Y REPOSICIÓN CARPETA) HORARIO NOCTURNO	M2	191873
Demanda	ACTIVIDADES CONSERVACIÓN	ACTIVIDADES CONSERVACIÓN	8669	MANTENIMIENTO PERIÓDICO MALLA VIAL ARTERIAL URBANA EN CONCRETO HIDRÁULICO  HORARIO NOCTURNO (incluye limpieza pozos, sellado de juntas y reposición de losas)	M2	252605
Demanda	ACTIVIDADES CONSERVACIÓN	ACTIVIDADES CONSERVACIÓN	8670	REHABILITACIÓN DE PAVIMENTO FLEXIBLE MALLA VIAL ARTERIAL URBANA e=0.26	M2	577197
Demanda	ACTIVIDADES CONSERVACIÓN	ACTIVIDADES CONSERVACIÓN	8671	REHABILITACIÓN DE PAVIMENTO HIDRÁULICO MALLA VIAL ARTERIAL URBANA MR 45 e=0.25 (NO INCLUYE SARDINEL)	M2	568233
Demanda	ACTIVIDADES CONSERVACIÓN	ACTIVIDADES CONSERVACIÓN	8672	RECONSTRUCCIÓN  DE PAVIMENTO FLEXIBLE MALLA VIAL ARTERIAL URBANA e=0.26	M2	632700
Demanda	ACTIVIDADES CONSERVACIÓN	ACTIVIDADES CONSERVACIÓN	8673	RECONSTRUCCIÓN DE PAVIMENTO HIDRÁULICO MR 45 e= 0.30 MALLA VIAL ARTERIAL URBANA (NO INCLUYE SARDINEL)	M2	653011
Demanda	ACTIVIDADES CONSERVACIÓN	ACTIVIDADES CONSERVACIÓN	8675	MANTENIMIENTO RUTINARIO MALLA VIAL INTERMEDIA URBANA EN CONCRETO HIDRÁULICO	M2	13458
Demanda	ACTIVIDADES CONSERVACIÓN	ACTIVIDADES CONSERVACIÓN	8676	MANTENIMIENTO PERIÓDICO MALLA VIAL INTERMEDIA URBANA EN CONCRETO ASFÁLTICO HORARIO NOCTURNO (INCLUYE 5% BACHEO Y 95% FRESADO + REPOSICIÓN DE CARPETA)	M2	129582
Demanda	ACTIVIDADES CONSERVACIÓN	ACTIVIDADES CONSERVACIÓN	8677	MANTENIMIENTO PERIÓDICO MALLA VIAL INTERMEDIA URBANA EN CONCRETO HIDRÁULICO HORARIO NOCTURNO (incluye limpieza pozos, sellado de juntas y reposición de losas)	M2	251949
Demanda	ACTIVIDADES CONSERVACIÓN	ACTIVIDADES CONSERVACIÓN	8678	REHABILITACIÓN MALLA VIAL INTERMEDIA URBANA DE PAVIMENTO FLEXIBLE e=0.17 (NO INCLUYE SARDINEL)	M2	442035
Demanda	ACTIVIDADES CONSERVACIÓN	ACTIVIDADES CONSERVACIÓN	8679	REHABILITACIÓN MALLA VIAL INTERMEDIA URBANA DE PAVIMENTO HIDRÁULICO MR 45 e=0.20 (NO INCLUYE SARDINEL)	M2	529969
Demanda	ACTIVIDADES CONSERVACIÓN	ACTIVIDADES CONSERVACIÓN	8680	RECONSTRUCCIÓN MALLA VIAL INTERMEDIA URBANA DE PAVIMENTO FLEXIBLE e=0.17 (NO INCLUYE SARDINEL)	M2	551764
Demanda	ACTIVIDADES CONSERVACIÓN	ACTIVIDADES CONSERVACIÓN	8681	RECONSTRUCCIÓN MALLA VIAL INTERMEDIA URBANA DE PAVIMENTO HIDRÁULICO MR 45 e=0.20 (NO INCLUYE SARDINEL)	M2	604814
Demanda	ACTIVIDADES CONSERVACIÓN	ACTIVIDADES CONSERVACIÓN	8683	MANTENIMIENTO RUTINARIO MALLA VIAL LOCAL URBANA EN CONCRETO HIDRÁULICO	M2	13458
Demanda	ACTIVIDADES CONSERVACIÓN	ACTIVIDADES CONSERVACIÓN	8684	MANTENIMIENTO PERIÓDICO MALLA VIAL LOCAL URBANA EN CONCRETO ASFÁLTICO HORARIO NOCTURNO (INCLUYE 5% BACHEO Y 95% FRESADO + REPOSICIÓN DE CARPETA)	M2	111663
Demanda	ACTIVIDADES CONSERVACIÓN	ACTIVIDADES CONSERVACIÓN	8685	MANTENIMIENTO PERIÓDICO MALLA VIAL LOCAL URBANA EN CONCRETO HIDRÁULICO HORARIO NOCTURNO (incluye limpieza pozos, sellado de juntas y reposición de losas)	M2	251949
Demanda	ACTIVIDADES CONSERVACIÓN	ACTIVIDADES CONSERVACIÓN	8686	REHABILITACIÓN MALLA VIAL LOCAL URBANA DE PAVIMENTO FLEXIBLE e=0.17 (NO INCLUYE SARDINEL)	M2	398659
Demanda	ACTIVIDADES CONSERVACIÓN	ACTIVIDADES CONSERVACIÓN	8687	REHABILITACIÓN MALLA VIAL LOCAL URBANA DE PAVIMENTO HIDRÁULICO MR 45 e=0.20 (NO INCLUYE SARDINEL)	M2	370429
Demanda	ACTIVIDADES CONSERVACIÓN	ACTIVIDADES CONSERVACIÓN	8688	RECONSTRUCCIÓN MALLA VIAL LOCAL URBANA DE PAVIMENTO FLEXIBLE e=0.17 (NO INCLUYE SARDINEL)	M2	508277
Demanda	ACTIVIDADES CONSERVACIÓN	ACTIVIDADES CONSERVACIÓN	8689	RECONSTRUCCIÓN MALLA VIAL LOCAL URBANA DE PAVIMENTO HIDRÁULICO MR 45 e=0.20 (NO INCLUYE SARDINEL)	M2	445876
Demanda	ACTIVIDADES CONSERVACIÓN	ACTIVIDADES CONSERVACIÓN	8690	MANTENIMIENTO RUTINARIO MALLA VIAL RURAL - AFIRMADO NO PRINCIPAL - EN CONCRETO ASFÁLTICO	M2	30516
Demanda	ACTIVIDADES CONSERVACIÓN	ACTIVIDADES CONSERVACIÓN	8691	MANTENIMIENTO PERIÓDICO MALLA VIAL RURAL - AFIRMADO NO PRINCIPAL - EN CONCRETO ASFÁLTICO HORARIO NOCTURNO (INCLUYE 5% BACHEO Y 95% FRESADO + REPOSICIÓN DE CARPETA)	M2	55976
Demanda	ACTIVIDADES CONSERVACIÓN	ACTIVIDADES CONSERVACIÓN	8692	REHABILITACIÓN MALLA VIAL RURAL- AFIRMADO NO PRINCIPAL - DE PAVIMENTO FLEXIBLE e=0.17 (NO INCLUYE SARDINEL)	M2	74146
Demanda	ACTIVIDADES CONSERVACIÓN	ACTIVIDADES CONSERVACIÓN	8693	MANTENIMIENTO RUTINARIO MALLA VIAL RURAL - AFIRMADO PRINCIPAL - EN CONCRETO ASFÁLTICO	M2	30298
Demanda	ACTIVIDADES CONSERVACIÓN	ACTIVIDADES CONSERVACIÓN	8694	MANTENIMIENTO PERIÓDICO MALLA VIAL RURAL - AFIRMADO PRINCIPAL - EN CONCRETO ASFÁLTICO HORARIO NOCTURNO (INCLUYE 5% BACHEO Y 95% FRESADO + REPOSICIÓN DE CARPETA)	M2	59254
Demanda	ACTIVIDADES CONSERVACIÓN	ACTIVIDADES CONSERVACIÓN	8695	REHABILITACIÓN MALLA VIAL RURAL - AFIRMADO PRINCIPAL - DE PAVIMENTO FLEXIBLE e=0.17 (NO INCLUYE SARDINEL)	M2	74146
Demanda	ACTIVIDADES CONSERVACIÓN	ACTIVIDADES CONSERVACIÓN	8697	MANTENIMIENTO RUTINARIO MALLA VIAL RURAL NO PRINCIPAL EN CONCRETO HIDRÁULICO	M2	20338
Demanda	ACTIVIDADES CONSERVACIÓN	ACTIVIDADES CONSERVACIÓN	8698	MANTENIMIENTO PERIÓDICO MALLA VIAL RURAL NO PRINCIPAL EN CONCRETO ASFÁLTICO HORARIO NOCTURNO (INCLUYE 5% BACHEO Y 95% FRESADO + REPOSICIÓN DE CARPETA)	M2	62653
Demanda	ACTIVIDADES CONSERVACIÓN	ACTIVIDADES CONSERVACIÓN	8699	MANTENIMIENTO PERIÓDICO MALLA VIAL RURAL NO PRINCIPAL EN CONCRETO HIDRÁULICO HORARIO NOCTURNO (incluye limpieza pozos, sellado de juntas y reposición de losas)	M2	202725
Demanda	ACTIVIDADES CONSERVACIÓN	ACTIVIDADES CONSERVACIÓN	8700	REHABILITACIÓN MALLA VIAL RURAL NO PRINCIPAL DE PAVIMENTO FLEXIBLE e=0.17 (NO INCLUYE SARDINEL)	M2	404185
Demanda	ACTIVIDADES CONSERVACIÓN	ACTIVIDADES CONSERVACIÓN	8701	REHABILITACIÓN MALLA VIAL RURAL NO PRINCIPAL DE PAVIMENTO HIDRÁULICO MR 45 e=0.20 (NO INCLUYE SARDINEL)	M2	422701
Demanda	ACTIVIDADES CONSERVACIÓN	ACTIVIDADES CONSERVACIÓN	8702	RECONSTRUCCIÓN MALLA VIAL RURAL NO PRINCIPAL DE PAVIMENTO FLEXIBLE e=0.17 (NO INCLUYE SARDINEL)	M2	459761
Demanda	ACTIVIDADES CONSERVACIÓN	ACTIVIDADES CONSERVACIÓN	8703	RECONSTRUCCIÓN MALLA VIAL RURAL NO PRINCIPAL DE PAVIMENTO HIDRÁULICO MR 45 e=0.20 (NO INCLUYE SARDINEL)	M2	478652
Demanda	ACTIVIDADES CONSERVACIÓN	ACTIVIDADES CONSERVACIÓN	8705	MANTENIMIENTO RUTINARIO MALLA VIAL RURAL PRINCIPAL EN CONCRETO HIDRÁULICO	M2	12085
Demanda	ACTIVIDADES CONSERVACIÓN	ACTIVIDADES CONSERVACIÓN	8706	MANTENIMIENTO PERIÓDICO MALLA VIAL RURAL PRINCIPAL EN CONCRETO ASFÁLTICO HORARIO NOCTURNO (INCLUYE 5% BACHEO Y 95% FRESADO + REPOSICIÓN DE CARPETA)	M2	36650
Demanda	ACTIVIDADES CONSERVACIÓN	ACTIVIDADES CONSERVACIÓN	8707	MANTENIMIENTO PERIÓDICO MALLA VIAL RURAL PRINCIPAL EN CONCRETO HIDRÁULICO HORARIO NOCTURNO (incluye limpieza pozos, sellado de juntas y reposición de losas)	M2	211851
Demanda	ACTIVIDADES CONSERVACIÓN	ACTIVIDADES CONSERVACIÓN	8708	REHABILITACIÓN MALLA VIAL RURAL PRINCIPAL DE PAVIMENTO FLEXIBLE e=0.17 (NO INCLUYE SARDINEL)	M2	396304
Demanda	ACTIVIDADES CONSERVACIÓN	ACTIVIDADES CONSERVACIÓN	8709	REHABILITACIÓN MALLA VIAL RURAL PRINCIPAL DE PAVIMENTO HIDRÁULICO MR 45 e=0.20 (NO INCLUYE SARDINEL)	M2	442769
Demanda	ACTIVIDADES CONSERVACIÓN	ACTIVIDADES CONSERVACIÓN	8710	RECONSTRUCCIÓN MALLA VIAL RURAL PRINCIPAL DE PAVIMENTO FLEXIBLE e=0.17 (NO INCLUYE SARDINEL)	M2	451830
Demanda	ACTIVIDADES CONSERVACIÓN	ACTIVIDADES CONSERVACIÓN	8711	RECONSTRUCCIÓN MALLA VIAL RURAL PRINCIPAL DE PAVIMENTO HIDRÁULICO MR 45 e=0.20 (NO INCLUYE SARDINEL)	M2	498720
Nuevo - DTP	REDES ELECTRICAS	RED ELECTRICA CODENSA	8712	5 DUCTOS D=6" +3 DUCTOS D=3" PVC-TDP (Incluye Suministro e Instalación. No Incluye Rellenos).	ML	414516
Nuevo - DTP	REDES ELECTRICAS	RED ELECTRICA CODENSA	8713	2 DUCTOS D=6" +3 DUCTOS D=2" PVC-TDP (Incluye Suministro e Instalación. No Incluye Rellenos).	ML	171771
Nuevo - DTP	REDES ELECTRICAS	RED ELECTRICA CODENSA	8714	2 DUCTOS D=6" +3 DUCTOS D=3" PVC-TDP (Incluye Suministro e Instalación. No Incluye Rellenos).	ML	214073
Nuevo - DTP	REDES TELEFONICAS / DATOS	RED TELEFONICA EPM	8715	CAMARA TIPO "T" TELECOMUNICACIONES UNE - EPM (Dimensiones internas L=0.69 m, B=0,56m, A=0.81 m) (Incluye base, muros en ladrillo, cubierta, aro-base y aro-tapa. Suministro y construcción).	UN	772008
Nuevo - DTP	REDES ELECTRICAS	RED ELECTRICA CODENSA	8716	1 DUCTOS D=6" PVC-TDP (Incluye Suministro e Instalación. No Incluye Rellenos).	ML	67172
Nuevo - DTP	REDES TELEFONICAS / DATOS	RED TELEFONICA EPM	8717	CAMARA TIPO "2T" TELECOMUNICACIONES UNE - EPM  (Dimensiones internas L=1.50 m, B=0,56m, A=0.90 m) (Incluye base, muros en ladrillo, cubierta, aro-base y aro-tapa. Suministro y construcción).	UN	1269256
Nuevo - DTP	REDES ACUEDUCTO	REDES ACUEDUCTO	8718	REDUCCION CONCENTRICA HD 12"x10" (Suministro e Instalación).	UN	2923080
Nuevo - DTP	REDES ACUEDUCTO	REDES ACUEDUCTO	8719	EMPATE ORTOGONAL PVC - HG 6"X6" SEGÚN NORMA NS-023, INCLUYE SUMINISTRO E INSTALACIÓN DE TUBERÍA PVC D=6" U.M RDE 21=1 ML, TEE HD 6"X6" PARA PVC=1 UN, UR HD D=6"=1 UN, UZ U.M PVC D=6"=1 UN, UD HD D=6"=1 UN (Suministro e instalación).	UN	2042131
Nuevo - DTP	REDES ACUEDUCTO	REDES ACUEDUCTO	8720	EMPATE DE TUBERÍA EN PVC A HG 6" LINEAL TIPO B SEGÚN NORMA NS-023, INCLUYE TUBERÍA PVC D=6" U.M RDE 21=1 ML, UR HD D=6"=1 UN, UZ PVC D=6"=1 UN (Suministro e instalación).	UN	774798
Nuevo - DTP	REDES ACUEDUCTO	REDES ACUEDUCTO	8722	UNION DE REPARACION HD EL D=4" (Suministro e Instalación).	UN	228656
Nuevo - DTP	MOBILIARIO URBANO - ARBOLES Y GRAMAS	SIEMBRA DE ARBOLES Y GRAMA	8724	PLANTACION DE CUCHARO H= 1.5 M. (INCLUYE SUMINISTRO AL SITIO DE OBRA, PLANTACION, APLICACIÓN Y MEZCLA DE SUSTRATO, TUTOR Y AMARRE. INCLUYE TRANSPORTE Y DISPOSICIÓN FINAL DE SOBRANTES EN SITIO AUTORIZADO A 28 KM).	UN	153259
Nuevo - DTP	GESTIÓN AMBIENTAL	GESTIÓN AMBIENTAL	8725	PROTECCIÓN TEMPORAL PARA CERRAMIENTOS Y/O FACHADAS DE BIENES INMUEBLES DE INTERÉS CULTURAL, INCLUYE VARA MADERA ROLLIZA H=1.22 m, LISTÓN DE MADERA, TELA COLOR BLANCO, ESPUMA DE POLIETILENO e=5 mm (Incluye suministro y colocación).	ML	69354
Nuevo - DTP	REDES ALCANTARILLADO / DRENAJE	REDES ALCANTARILLADO / DRENAJE	8726	CAJA PARA CONEXIÓN DE DRENAJE EN MAMPOSTERÍA (Dimensiones internas: (0.6x0.6) m, H=0.77 m) (Incluye muros, impermeabilización interna y externa, relleno en recebo e=0.10 m, placa de base e=0.20 m, cañuela, placa de cubierta e=0,20 m y tapa en concreto tipo vehicular. Suministro y construcción).	UN	1378994
Nuevo - DTP	MOBILIARIO URBANO - ARBOLES Y GRAMAS	SIEMBRA DE ARBOLES Y GRAMA	8727	PLANTACIÓN DE HELECHO MACHO, DENSIDAD=6 u/m2.  (INCLUYE SUMINISTRO AL SITIO DE OBRA Y PLANTACION. NO INCLUYE TIERRA NEGRA ADICIONAL, NI TRANSPORTE DE SOBRANTES).	M2	797330
Nuevo - DTP	REDES ACUEDUCTO	REDES ACUEDUCTO	8728	PERFORACIÓN HORIZONTAL PARA DUCTO DE POLIETILENO D=6", INCLUYE TUBERÍA (Incluye suministro, instalación, transporte y disposición final de sobrantes)	ML	758403
Nuevo - DTP	REDES ACUEDUCTO	REDES ACUEDUCTO	8729	PERFORACIÓN HORIZONTAL PARA DUCTO DE POLIETILENO D=12", INCLUYE TUBERÍA (Incluye suministro, instalación, transporte y disposición final de sobrantes)	ML	2004311
Nuevo - DTP	REDES TELEFONICAS / DATOS	RED TELEFONICA ETB	8730	SEMÁFORO (4x200) S2, LENTES DE POLICARBONATO DE 8" PARA BICICLETAS LUCES, SISTEMA DE ILUMINACIÓN A LEDS, FLECHA DE GIRO, COMPATIBILIDAD C800/900, FIJACIÓN A MÉNSULA. INCLUYE ELEMENTOS DE FIJACIÓN	UN	5107308
Nuevo - DTP	REDES TELEFONICAS / DATOS	RED TELEFONICA EPM	8731	NIVELACIÓN DE CÁMARA TIPO "T" TELECOMUNICACIONES UNE - EPM H= 0.20m (Dimensiones internas L=0.69 m, B=0,56m, A=0.81 m) (Incluye demolición de cinta y retiro de tapa, cargue, transporte y disposición de escombros, suministro e instalación de ladrillos, mortero, marco y tapa)	UN	424704
Nuevo - DTP	REDES TELEFONICAS / DATOS	RED TELEFONICA EPM	8732	NIVELACIÓN DE CÁMARA TIPO "2T" TELECOMUNICACIONES UNE - EPM H= 0.23m (Dimensiones internas L=1.50 m, B=0,56m, A=0.90 m) (Incluye demolición de cinta y retiro de tapa, cargue, transporte y disposición de escombros, suministro e instalación de ladrillos, mortero, marco y tapa)	UN	716918
Nuevo - DTP	REDES ELECTRICAS	RED ELECTRICA CODENSA	8733	3 DUCTOS D=6" + 2 DUCTOS D=3" PVC TDP (Incluye suministro e instalación. No Incluye rellenos)	ML	254336
Nuevo - DTP	REDES ELECTRICAS	RED ELECTRICA CODENSA	8734	4 DUCTOS D=6" + 2 DUCTOS D=3" PVC TDP (Incluye suministro e instalación. No Incluye rellenos)	ML	321709
Nuevo - DTP	REDES ELECTRICAS	RED ELECTRICA CODENSA	8735	9 DUCTOS D=6" + 3 DUCTOS D=3" PVC TDP (Incluye suministro e instalación. No Incluye rellenos)	ML	684826
Nuevo - DTP	REDES ELECTRICAS	RED ELECTRICA CODENSA	8736	4 DUCTOS D=6" + 3 DUCTOS D=3" PVC TDP (Incluye suministro e instalación. No Incluye rellenos)	ML	347702
Nuevo - DTP	REDES ACUEDUCTO	REDES ACUEDUCTO	8737	ADAPTADOR TERMINAL CAMPANA PVC D=2" (Suministro e Instalación)	UN	8829
Nuevo - DTP	REDES ELECTRICAS	RED ELECTRICA CODENSA	8738	TRASLADO DE ARMARIOS (Incluye retiro, traslado e instalación de armario. Demolición manual, excavación y colocación de concreto para dados, transporte y disposición de sobrantes)	UN	438658
Nuevo - DTP	REDES ELECTRICAS	RED ELECTRICA CODENSA	8739	2 DUCTOS D=6" + 2 DUCTOS D=3" PVC TDP (Incluye suministro e instalación. No Incluye rellenos)	ML	187343
Nuevo - DTP	REDES ELECTRICAS	RED ELECTRICA CODENSA	8740	5 DUCTOS D=6" + 2 DUCTOS D=3" PVC TDP (Incluye suministro e instalación. No Incluye rellenos)	ML	388092
Nuevo - DTP	REDES ELECTRICAS	RED ELECTRICA CODENSA	8741	1 DUCTOS D=6" + 2 DUCTOS D=3" PVC TDP (Incluye suministro e instalación. No Incluye rellenos)	ML	120071
Nuevo - DTP	REDES ELECTRICAS	RED ELECTRICA CODENSA	8742	3 DUCTOS D=6" + 3 DUCTOS D=3" PVC TDP (Incluye suministro e instalación. No Incluye rellenos)	ML	280709
Nuevo - DTP	REDES ALCANTARILLADO / DRENAJE	REDES ALCANTARILLADO / DRENAJE	8743	CAJA DE INSPECCIÓN EN CONCRETO REFORZADO 28 MPa (Dimensiones internas: (1.0x1.0) m, H=2.36 m, e=0,2 m) (Incluye muros, concreto de limpieza e=0,05 m, placa de base e=0,20 m y placa de cubierta e=0,16 m, arobase y arotapa HF según NP-024 y pasos plásticos c/0.40. Suministro y construcción).	UN	5646890
Nuevo - DTP	REDES ACUEDUCTO	REDES ACUEDUCTO	8744	EMPATE ORTOGONAL PVC - PEAD 6"X6" SEGÚN NORMA NS-023, INCLUYE TEE PE ELECTROFUSIÓN  6"X6"=1 UN, TUBERÍiA POLIETILENO D=6"=2 ML, PORTAFLANCHE PE D=6"=2 UN, BRIDA LOCA PE D=6"=2 UN, BRIDA UNIVERSAL POR ACOPLE UNIVERSAL HD D=6"=2 UN (Suministro e instalación)	UN	2609494
Nuevo - DTP	REDES TELEFONICAS / DATOS	RED TELEFONICA COLOMBIA TELECOMUNICACIONES	8745	CAMARA TIPO "D" TELECOMUNICACIONES UNE - EPM (Dimensiones internas L=1.90 m, B=1,06m, A=1.60 m) (Incluye base, muros en bloque, cubierta, aro-base y aro-tapa. Suministro y construcción)	UN	4443670
Nuevo - DTP	REDES TELEFONICAS / DATOS	RED TELEFONICA COLOMBIA TELECOMUNICACIONES	8746	CÁMARA TIPO "2F" TELECOMUNICACIONES UNE - EPM (Dimensiones internas L=1.50 m, B=0,56m, A=0.90 m) (Incluye base, muros en ladrillo, cubierta, aro-base y aro-tapa. Suministro y construcción)	UN	1396418
Nuevo - DTP	REDES TELEFONICAS / DATOS	RED TELEFONICA COLOMBIA TELECOMUNICACIONES	8747	CÁMARA TIPO "F" TELECOMUNICACIONES UNE - EPM (Dimensiones internas L=0.69 m, B=0,56m, A=0.81 m) (Incluye base, muros en ladrillo, cubierta, aro-base y aro-tapa. Suministro y construcción)	UN	904272
Nuevo - DTP	REDES ALCANTARILLADO / DRENAJE	REDES ALCANTARILLADO / DRENAJE	8748	TEE PE TERMOFUSIÓN  6"X6" (Incluye suministro e instalación)	UN	655166
Nuevo - DTP	REDES ALCANTARILLADO / DRENAJE	REDES ALCANTARILLADO / DRENAJE	8749	REDUCCIÓN CONCÉNTRICA PE TERMOFUSIÓN 6"X4" (Incluye suministro e instalación)	UN	235706
Nuevo - DTP	REDES ACUEDUCTO	REDES ACUEDUCTO	8750	TAPÓN HD EXTREMO JUNTA HIDRÁULICA D=12" (Suministro e instalación)	UN	1738875
Nuevo - DTP	SEÑALIZACIÓN	OTROS-SEÑALIZACIÓN	8753	BARRERA DE SEGURIDAD EN CONCRETO A-165 ( 53x60x150cm). (Suministro, transporte e Instalación).	UN	179522
Nuevo - DTP	SEÑALIZACIÓN	OTROS-SEÑALIZACIÓN	8754	INSTALACIÓN BARRERA DE SEGURIDAD EN CONCRETO (A-165 - 53*60*150). (Instalación).	UN	86526
Nuevo - DTP	SEÑALIZACIÓN	OTROS-SEÑALIZACIÓN	8755	INSTALACIÓN HITO DE 75cm DE ALTURA Y 8 cm DE DIAMETRO CON REFLECTIVOS DE COLOR AMARILLO. (Instalación).	UN	41927
Nuevo - DTP	SEÑALIZACIÓN	OTROS-SEÑALIZACIÓN	8756	INSTALACIÓN SEGREGADOR BICICLETA (TACHÓN PLÁSTICO O CAUCHO ALTA RESISTENCIA COMO POLIPROPILENO DE ALTO IMPACTO, CON INSTALACIÓN ESTRUCTURA DE REFUERZO, ELEMENTOS REFLECTIVOS DE ALTA EFICIENCIA. TIPO TRANSMILENIO 40.5cmx15cmx8.5cm).(Instalación).	UN	41927
Nuevo - Emergencia Sanitaria	GESTION SOCIAL	GESTION SOCIAL	8764	ALQUILER DE DISPENSADOR PLÁSTICO DE TOALLAS TIPO Z_(Según Apéndice Bioseguridad Covid 19)	UN/MES	4443
Nuevo - Emergencia Sanitaria	GESTION SOCIAL	GESTION SOCIAL	8765	ALQUILER DE MESA PLÁSTICA DE 0.72m x 0.72m x 0.72m_(Según Apéndice Bioseguridad Covid 19)	UN/MES	8093
Nuevo - Emergencia Sanitaria	GESTION SOCIAL	GESTION SOCIAL	8766	ALQUILER DE TERMÓMETRO INFRARROJO PARA USO EN HUMANOS, LIBRE DE CONTACTO, IMPERMEABLE_(Según Apéndice Bioseguridad Covid 19)	UN/MES	5858
Nuevo - Emergencia Sanitaria	GESTION SOCIAL	GESTION SOCIAL	8768	ALQUILER LAVAMANOS PORTÁTIL EN ACERO INOXIDABLE CON DOS TANQUES PARA AGUA LIMPIA Y RESIDUAL DE 20 LT C/U_ (Según Apéndice Bioseguridad Covid 19)	UN/MES	82500
Nuevo - Emergencia Sanitaria	GESTION SOCIAL	GESTION SOCIAL	8771	ALQUILER CAMILLA EN FIBRA CON ARNÉS - INMOVILIZADOR Y SEÑAL. _(Según Apéndice Bioseguridad Covid 19)	UN/MES	13388
Nuevo - Emergencia Sanitaria	GESTION SOCIAL	GESTION SOCIAL	8772	ALQUILER DE DISPENSADOR DE JABÓN, METÁLICO DE 1LT. _(Según Apéndice Bioseguridad Covid 19)	UN/MES	8163
Nuevo - Emergencia Sanitaria	GESTION SOCIAL	GESTION SOCIAL	8773	PAQUETE DE ELEMENTOS PARA LIMPIEZA Y DESINFECCIÓN PARA 10 TRABAJADORES DE OBRA - HERRAMIENTAS-MAQUINARIA Y EQUIPO MENOR (INCLUYE ALCOHOL ANTISÉPTICO-70%, TOALLAS DE PAPEL PARA MANOS, JABÓN LIQUIDO PARA MANOS, GEL ANTIBACTERIAL, ALQUILER DE DISPENSADOR DE TOALLAS, ALQUILER DISPENSADOR METÁLICO DE JABÓN, ALQUILER LAVAMANOS PORTÁTIL ACERO INOX. INCLUYE AGUA)	UN/MES	794576
Nuevo - Emergencia Sanitaria	GESTION SOCIAL	GESTION SOCIAL	8774	PAQUETE DE ELEMENTOS PARA LIMPIEZA Y DESINFECCIÓN PARA 10 TRABAJADORES DE CONSULTORÍA / INTERVENTORÍA (INCLUYE ALCOHOL ANTISÉPTICO-70%, TOALLAS DE PAPEL PARA MANOS, JABÓN LIQUIDO PARA MANOS, GEL ANTIBACTERIAL, ALQUILER DE DISPENSADOR DE TOALLAS, ALQUILER DISPENSADOR METÁLICO DE JABÓN)	UN/MES	583892
Nuevo - Emergencia Sanitaria	GESTION SOCIAL	GESTION SOCIAL	8775	ALQUILER DE FUMIGADORA DE ESPALDA. ASPERSOR BOMBA MANUAL 20 LITROS. DESINFECCIÓN_ (Según Apéndice Bioseguridad Covid 19) INCLUYE MEZCLA AGUA-HIPOCLORITO 20 mml/LITRO	UN/MES	53843
Nuevo - DTP	ANDENES Y SARDINELES	PISOS EN ADOQUINES Y EN LOSETAS	8776	CENEFA LINEAL EN LOSETA LISA BICAPA TIPO A51 (40 X 20 X 6) cm PARA FRANJA DE SEGURIDAD (Suministro, colocación y compactación con equipo manual. Incluye base en arena de nivelación e=4 cm y arena de sello)	ML	38206
Nuevo - DTP	MOBILIARIO URBANO - ARBOLES Y GRAMAS	SIEMBRA DE ARBOLES Y GRAMA	8779	ANGEO PLÁSTICO (Suministro e instalación)	M2	3991
Nuevo - DTP	MOBILIARIO URBANO - ARBOLES Y GRAMAS	SIEMBRA DE ARBOLES Y GRAMA	8780	ENROCADO EN PIEDRA PARTIDA CON DIÁMETROS DE 25 A 75 MM (Suministro y colocación)	M3	109359
Nuevo - DTP	REDES ACUEDUCTO	REDES ACUEDUCTO	8781	TEE PE100 PN16 TERMOFUSIÓN 12"X6" (Incluye suministro e instalación)	UN	3449696
Nuevo - DTP	REDES ACUEDUCTO	REDES ACUEDUCTO	8782	TRAGANTE CÚPULA CONCÉNTRICA DE 8"x 6" EN ALUMINIO (Incluye suministro e instalación)	UN	155114
Nuevo - DTP	REDES ACUEDUCTO	REDES ACUEDUCTO	8785	EMPATE ORTOGONAL PVC - PVC 3"X3" SEGÚN NORMA NS-023, INCLUYE SUMINISTRO E INSTALACIÓN DE TUBERÍA PVC D=3" U.M RDE 21=1 ML, TEE HD EL 3"X3"=1 UN, UZ U.M PVC D=3"=2 UN, UR U.M PVC D=3"=1 UN (Suministro e instalación)	UN	702672
Nuevo - DTP	REDES ACUEDUCTO	REDES ACUEDUCTO	8786	EMPATE DE TUBERÍA EN PVC A HG 8" LINEAL TIPO B SEGÚN NORMA NS-023, INCLUYE TUBERÍA PVC D=8" U.M RDE 21=1 ML, UR HD D=8"=1 UN, UZ PVC D=8"=1 UN (Suministro e instalación)	UN	1121945
Nuevo - DTP	REDES ACUEDUCTO	REDES ACUEDUCTO	8787	EMPATE ORTOGONAL PVC - HG 8"X8" SEGÚN NORMA NS-023, INCLUYE SUMINISTRO E INSTALACIÓN DE TUBERÍA PVC D=8" U.M RDE 21=1 ML, TEE HD 8"X8" PARA PVC=1 UN, UR U.M PVC D=8"=1 UN, UZ U.M PVC D=8"=1 UN, UD HD D=8"=2 UN (Suministro e instalación)	UN	4055300
Nuevo - DTP	REDES ACUEDUCTO	REDES ACUEDUCTO	8788	EMPATE ORTOGONAL PVC - AC 8"X8" SEGÚN NORMA NS-023, INCLUYE SUMINISTRO E INSTALACIÓN DE TUBERÍA PVC D=8" U.M RDE 21=1 ML, TEE HD 8"X8" PARA PVC=1 UN, UR U.M PVC D=8"=1 UN, UZ U.M PVC D=8"=1 UN, UD HD D=8"=2 UN (Suministro e instalación)	UN	4055300
Nuevo - DTP	MOBILIARIO URBANO - ARBOLES Y GRAMAS	SIEMBRA DE ARBOLES Y GRAMA	8789	ABONO ORGÁNICO COMPOST (Incluye suministro, transporte y extendido manual)	M3	12487427
Nuevo - DTP	ACTIVIDADES CONSERVACIÓN	ACTIVIDADES CONSERVACIÓN	8791	REJA TIPO PASARELA FUNDICIÓN CLASE DE CARGA C250, Ancho=323 mm (Incluye suministro e instalación)	ML	954919
Nuevo - DTP	REDES ALCANTARILLADO / DRENAJE	REDES ALCANTARILLADO / DRENAJE	8792	TUBERÍA PVC SANITARIA D=10" TIPO U.S. (Incluye suministro e instalación)	ML	242906
Nuevo - DTP	REDES ALCANTARILLADO / DRENAJE	REDES ALCANTARILLADO / DRENAJE	8793	TEE PVC SANITARIA D=6" (Incluye suministro e instalación)	UN	260914
Nuevo - DTP	REDES ACUEDUCTO	REDES ACUEDUCTO	8799	VÁLVULA CHEQUE O ANTIRETORNO DE 2" CLASE 300 (Incluye suministro e instalación).	UN	441945
Nuevo - DTP	CONCRETO Y ACERO PARA ESTRUCTURAS	PINTURA PARA ESTRUCTURAS	8827	RECUBRIMIENTO EPÓXICO DE DOS COMPONENTES, CON ALTA RESISTENCIA AL ATAQUE QUÍMICO Y MECÁNICO EN LOS MUROS INTERNOS DE LOS CÁRCAMOS (DOS CAPAS DE 0.15mm C/U). Suministro e instalación.	M2	116506
Demanda	ACTIVIDADES CONSERVACIÓN	ACTIVIDADES CONSERVACIÓN	8830	MANTENIMIENTO RUTINARIO TRONCALES MALLA VIAL URBANA EN CONCRETO ASFÁLTICO	M2	44316
Demanda	ACTIVIDADES CONSERVACIÓN	ACTIVIDADES CONSERVACIÓN	8831	MANTENIMIENTO RUTINARIO MALLA VIAL ARTERIAL URBANA EN CONCRETO ASFÁLTICO	M2	41796
Demanda	ACTIVIDADES CONSERVACIÓN	ACTIVIDADES CONSERVACIÓN	8832	MANTENIMIENTO RUTINARIO MALLA VIAL INTERMEDIA URBANA EN CONCRETO ASFÁLTICO	M2	14191
Demanda	ACTIVIDADES CONSERVACIÓN	ACTIVIDADES CONSERVACIÓN	8833	MANTENIMIENTO RUTINARIO MALLA VIAL LOCAL URBANA EN CONCRETO ASFÁLTICO	M2	17777
Demanda	ACTIVIDADES CONSERVACIÓN	ACTIVIDADES CONSERVACIÓN	8834	MANTENIMIENTO RUTINARIO MALLA VIAL RURAL NO PRINCIPAL EN CONCRETO ASFÁLTICO	M2	11974
Demanda	ACTIVIDADES CONSERVACIÓN	ACTIVIDADES CONSERVACIÓN	8835	MANTENIMIENTO RUTINARIO MALLA VIAL RURAL PRINCIPAL EN CONCRETO ASFÁLTICO	M2	14203
Nuevo - DTP	REDES ALCANTARILLADO / DRENAJE	REDES ALCANTARILLADO / DRENAJE	8951	TAPA INICIO / FINAL PARA SARDINEL DE DRENAJE RD 200 H33 (Suministro e Instalación) 	UN	542315
Nuevo - DTP	CONCRETO Y ACERO PARA ESTRUCTURAS	ESTRUCTURAS EN ACERO	8953	BARANDA METALICA M-82 PREFABRICADA MOV. REDUCIDA BORDE DE VIA (Incluye dados de concreto 3000psi grava común de 0.20 x 0.20m y recubrimiento en epóxico y esmalte uretano). Suministro e Instalación	ML	639161
Nuevo - DTP	CONCRETO Y ACERO PARA ESTRUCTURAS	ESTRUCTURAS EN ACERO	8955	BARANDA METALICA M-82 PREFABRICADA MOV. REDUCIDA ACCESO A PREDIOS (Incluye recubrimiento en epóxico y esmalte uretano). Suministro e Instalación	ML	610014
Nuevo - DTP	ANDENES Y SARDINELES	PISOS EN ADOQUINES Y EN LOSETAS	8958	BLOQUE DE CEMENTO MACIZO PEATONAL COLORES 20X20X6cm (Suministro e Instalación. Arena de sello, corte de adoquin y emboquillado)	M2	130890
Nuevo - DTP	GESTION SOCIAL	GESTION SOCIAL	8960	ALQUILER DE LAVAMANOS PORTATIL DE PEDAL TIPO MANOS LIBRES	UN/MES	82343
Nuevo - DTP	GESTION SOCIAL	GESTION SOCIAL	8961	ALQUILER DE TERMOMETRO DIGITAL, INFRAROJO PARA USO EN HUMANOS, LIBRE DE CONTACTO, IMPERMEABLE. (INCLUYE CALIBRACION)	UN/MES	74862
Nuevo - DTP	GESTION SOCIAL	GESTION SOCIAL	8962	ALQUILER DE DISPENSADOR DE JABÓN LÍQUIDO O GEL ANTIBACTERIAL - ALCOHOL, CON PEDAL METÁLICO	UN/MES	7200
Nuevo - DTP	GESTION SOCIAL	GESTION SOCIAL	8963	ALQUILER DE DISPENSADOR PLÁSTICO DE TOALLAS DE PAPEL	UN/MES	4443
Nuevo - DTP	GESTION SOCIAL	GESTION SOCIAL	8964	PAQUETE DE ELEMENTOS PARA LIMPIEZA Y DESINFECCIÓN PARA 10 TRABAJADORES EN OBRA (INCLUYE ALCOHOL, TOALLAS DE PAPEL, JABON LIQUIDO, GEL ANTIBACTERIAL, SUMINISTRO AGUA PARA EL LAVAMANOS)	UN/MES	665372
Nuevo - DTP	GESTION SOCIAL	GESTION SOCIAL	8965	RECOLECCION, TRANSPORTE Y DISPOSICION DE RESIDUOS LÍQUIDOS PROVENIENTES DE LAVAMANOS PORTATILES. (INCLUYE EQUIPO DE SUCCIÓN)	M3	399826
Nuevo - DTP	GESTION SOCIAL	GESTION SOCIAL	8966	ALQUILER DE BOTIQUIN TIPO B DOTADO PORTATIL	UN/MES	29093
Nuevo - DTP	REDES ACUEDUCTO	REDES ACUEDUCTO	8970	CAJILLA PLASTICA Y TAPA EN POLIPROPILENO PARA MEDIDOR. SUMINISTRO E INSTALACION	UN	425210
Nuevo - DTP	ANÁLISIS AUXILIARES	TARIFAS DE EVALUACIÓN Y DIAGNÓSTICO	8972	AFOROS DE TRANSITO (MOTORIZADOS Y NO MOTORIZADOS) A PARTIR DE CAPTURA DE VIDEO. Incluye digitación y entrega de base de datos en archivo Excel. Captura día hábil y no hábil, con sus respectivos movimientos. Incluye todos los costos directos e indirectos.	HR	251285
Nuevo DTP	REDES ELECTRICAS	RED ELECTRICA CODENSA	9030	CONSTRUCCION DE CAJA DE INSPECCIÓN PARA ALUMBRADO PUBLICO Y ACOMETIDAS EN BAJA NORMA CODENSA CS 274 (Norma 2018-2019) (Incluye concreto de base, muro de espesor 0.15m, pañete, recebo común, concreto para viga de soporte de marco y marco y tapa. No incluye tuberia). Medidas Externas: 0.90 x 0.90m. Medidas Internas: 0.60 x 0.60m. Altura total: 1.376m	UN	1250839
Nuevo DTP	REDES ELECTRICAS	RED ELECTRICA CODENSA	9031	CONSTRUCCION DE CAJA DE INSPECCIÓN SENCILLA PARA CANALIZACION EN M.T. Y B.T. NORMA CODENSA CS 275 (Norma 2018-2019) (Incluye concreto de base, muros de espesor 0.25m, pañete, recebo comun, concreto para viga de soporte de marco y marco y tapa. No incluye tuberia). Medidas Externas: 1.690mX1.1900m. Medidas Internas: 1.190m X0.690m Altura total: 1.85m	UN	2424307
Nuevo DTP	REDES ELECTRICAS	RED ELECTRICA CODENSA	9032	CONSTRUCCION DE CAJA DE INSPECCION DOBLE PARA CANALIZACION DE M.T. Y B.T. TIPO CS 276  (Norma 2018) (Incluye concreto de base, muro de espesor 0.25m, pañete, recebo comun, escalera de gato, concreto para viga de soporte de marco y marco y tapa. No incluye tuberia). Medidas Externas: 1.69 x 1.99m. Medidas Internas: 1.19 x 1.49m. Altura total: 1.85m	UN	3981431
Nuevo DTP	REDES ELECTRICAS	RED ELECTRICA CODENSA	9033	CONSTRUCCIÓN DE CAJA DE INSPECCION TRIPLE PARA CANALIZACION DE M.T. TIPO CS 277 (Norma 2018) (Incluye concreto de base, muro de espesor 0.25m, pañete, recebo comun, concreto para viga de soporte de marco y marco y tapa. No incluye tuberia). Medidas Externas: 1.69 x 2.79m. Medidas Internas: 1.19 x 2.29m. Altura total: 1.85m. 	UN	5304265
Nuevo DTP	REDES ELECTRICAS	RED ELECTRICA CODENSA	9034	CONSTRUCCION DE CAJA  DE  INSPECCIÓN  TIPO  VEHICULAR  NORMA  CODENSA  CS  280 (Norma 2018) (Incluye concreto de base, muro de espesor 0.25m, pañete, recebo comun, concreto para viga de soporte de marco y marco y tapa. No incluye tuberia) Medidas Externas: 2.00 x 2.00m. Medidas Internas: 1.50 x 1.50m. ALTURA  LIBRE 1.80 M	UN	5330508
Nuevo DTP	REDES ELECTRICAS	RED ELECTRICA CODENSA	9035	CONSTRUCCION DE CAJA DE INSPECCION PARA ALOJAR SECCIONADOR DE MANIOBRA EN MEDIA TENSION  NORMA  CODENSA  CS290 (Norma 2018-2019) (Incluye concreto de base, muro de espesor 0.25m, pañete, recebo comun, escalera de gato, concreto para viga de soporte de marco y marco y tapa. No incluye tuberia). Medidas Externas: 2.50 x 2.00m. Medidas Internas: 2.00 x 1.50 m. Altura Total: 1.85m	UN	8411153
Nuevo DTP	PUENTES	PUENTES	9042	DESMONTE DE BARRERAS METÁLICAS (A TODO COSTO)	ML	91209
Nuevo DTP	DEMOLICIONES	DEMOLICIONES	9045	DESMONTE Y MONTAJE DE DUCTERÍA EMT EXISTENTE INCLUYE MANO DE OBRA NO INCLUYE MATERIALES       	ML	10856
Nuevo DTP	DEMOLICIONES	DEMOLICIONES	9046	DESMONTE Y MONTAJE DE CAJAS ELÉCTRICAS METÁLICAS EXISTENTES INCLUYE MANO DE OBRA NO INCLUYE MATERIALES       	UN	40045
Nuevo DTP	DEMOLICIONES	DEMOLICIONES	9047	DESMONTE Y MONTAJE DE LUMINARIAS EXISTENTES INCLUYE MANO DE OBRA NO INCLUYE MATERIALES       	UN	113949
Nuevo DTP	DEMOLICIONES	DEMOLICIONES	9048	DESMONTE Y MONTAJE DE CABLE EXISTENTE INCLUYE MANO DE OBRA NO INCLUYE MATERIALES       	ML	5429
Nuevo DTP	CONCRETO Y ACERO PARA ESTRUCTURAS	ESTRUCTURAS EN ACERO	9052	ANCLAJE EPÓXICO DE VARILLA DE 1-1/4'' SUMINSITRO E INSTALACIÓN, INCLUYE LA DETENCIÓN DE REFUERZO PARA LA PERFORACIÓN, LA PERFORACIÓN, LIMPIEZA DE LA PERFORACIÓN CON EL CHORRO DE AIRE, SUMINISTRO DE MATERIALES (RELLENO EPÓXICO ET O EQUIVALENTE, BROCAS), EQUIPOS, TRANSPORTES, MANEJO, ALMACENAMIENTO, MANEJO DE DESPERDICIOS, MANO DE OBRA. 	CM.PER	3573
Nuevo DTP	CONCRETO Y ACERO PARA ESTRUCTURAS	PINTURA PARA ESTRUCTURAS	9055	SUMINISTRO Y APLICACIÓN DE UNA CAPA DE ANTICORROSIVO DE 3 MILS DE ESPESOR DE PELÍCULA SECA IMPRIMANTE EPÓXICO, PREVIA PREPARACIÓN DE LA SUPERFICIE MEDIANTE LIMPIEZA MANUAL O MECÁNICA, SEGÚN LAS NORMAS SSPC-SP2	ML	19806
Nuevo DTP	PUENTES	PUENTES PEATONALES	9056	BARRERA METALICA PARA PUENTE PEATONAL - INCLUYE SUMINISTRO E INSTALACION	ML	823706
Nuevo DTP	ACTIVIDADES CONSERVACIÓN	ACTIVIDADES CONSERVACIÓN	9058	MANTENIMIENTO PERIÓDICO - MEJORAMIENTO DE LA SUPERFICIE EXISTENTE CON FRESADO ESTABILIZADO AL 5% CON EMULSIÓN CRL-1	M2	147167
Nuevo DTP	CONCRETO Y ACERO PARA ESTRUCTURAS	CONCRETO PARA ESTRUCTURAS	9072	LOSA DE CONCRETO MR45 ACELERADO A 7 DIAS (Suministro, Formaleteado, Colocación y Acabado. No Incluye Acero, Curado, Juntas) VIA TEXTURIZADA	M3	1002716
Nuevo DTP	REDES ACUEDUCTO	REDES ACUEDUCTO	9075	SUMINISTRO E INSTALACIÓN DE REDUCCIÓN EN ACERO Ø 20" x 16" CON ESPIGO Ø 20" Y CAMPANA Ø 16, REVESTIDA INTERIOR Y EXTERIOR CON MORTERO CEMENTO. L= 0,58m PRESIÓN DE TRABAJO= 150 PSI	UN	3137706
Nuevo DTP	REDES ACUEDUCTO	REDES ACUEDUCTO	9076	CODO EN ACERO Ø24" ENTRE 67 1/2° Y 90° JUNTA ESPIGO Y CAMPANA, CON EMPAQUE DE CAUCHO, CON REVEST.INT. Y RECUBR. EXT. EN MORTERO DE CEMENTO. L= 1.65m x 1.65m PRESIÓN DE TRABAJO 150PSI. SUMINISTRO E INSTALACIÓN	UN	11137040
Nuevo DTP	REDES ACUEDUCTO	REDES ACUEDUCTO	9077	TAPÓN DE ACERO 16" SOLDADO (INCLUYE SUMINISTRO E INSTALACIÓN)	UN	841309
Nuevo DTP	PAVIMENTOS	JUNTAS PARA PAVIMENTOS	9087	JUNTA DE DILATACION ELASTOMÉRICA MOVIMIENTO 160 MM (+/- 80 MM)  (INCLUYE SUMINISTRO, INSTALACIÓN Y ELEMENTOS PARA ANCLAJES).	ML	4005674
Nuevo DTP	PAVIMENTOS	JUNTAS PARA PAVIMENTOS	9088	JUNTA DE DILATACION ELASTOMÉRICA MOVIMIENTO 230 MM (+/- 115 MM)  (INCLUYE SUMINISTRO, INSTALACIÓN Y ELEMENTOS PARA ANCLAJES).	ML	7185905
Nuevo DTP	CONCRETO Y ACERO PARA ESTRUCTURAS	CONCRETO PARA ESTRUCTURAS	9094	VIGA CABEZAL EN CONCRETO DE 5000 PSI GRAVA COMÚN PREMEZCLADO (INCLUYE SUMINISTRO, FORMALETEO, BOMBEO CON AUTOBOMBA Y CURADO. NO INCLUYE REFUERZO)	M3	1163460
Nuevo DTP	CONCRETO Y ACERO PARA ESTRUCTURAS	CONCRETO PARA ESTRUCTURAS	9095	PLACA DE APROXIMACIÓN PARA PUENTE VEHICULAR EN CONCRETO DE 5000 PSI GRAVA COMÚN (PREMEZCLADO. INCLUYE SUMIN., FORMALETEO, CURADO Y COLOCACIÓN. NO INCL. REFUERZO).	M3	875426
Nuevo DTP	CONCRETO Y ACERO PARA ESTRUCTURAS	CONCRETO Y ACERO PARA ESTRUCTURAS	9096	VIGA DIAFRAGMA EN CONCRETO DE 5000 PSI GRAVA COMÚN PREMEZCLADO (INCLUYE SUMINISTRO, FORMALETEO, BOMBEO CON AUTOBOMBA Y CURADO. NO INCLUYE REFUERZO)	M3	1330922
Nuevo DTP	ARQUEOLOGÍA	ARQUEOLOGÍA	9097	Conteo cualitativo y cuantitativo de fitolitos en las muestras de suelo, interpretando y reconstruyendo el contexto arqueobótanico. Incluye informe.	UN	2320500
Nuevo DTP	ARQUEOLOGÍA	ARQUEOLOGÍA	9098	Datación por Carbono 14 y extracción de colageno oseo. Incluye transporte aereo de muestra desde Bogota hasta Ciudad de Mexico. Incluye informe.	UN	5048618
Nuevo DTP	ARQUEOLOGÍA	ARQUEOLOGÍA	9099	Elaboración, digitalización y descripción de sección delgada de fragmento ceramica. Incluye informe.	UN	1433935
Nuevo DTP	PUENTES	PRUEBAS DE CARGA	9100	Prueba de carga estatica en Pilote  hasta 100 Ton. ASTM D1143-07. Incluye Transporte de Equipos 	UN	19499839
Nuevo DTP	ARQUEOLOGÍA	ARQUEOLOGÍA	9101	Analisis Bioantropologico de  restos oseos humanos, cuarteta basica , informe y base de datos detallada. (Incluye limpieza, registro fotográfico e informe detallado).	UN	2750000
Nuevo DTP	CONCRETO Y ACERO PARA ESTRUCTURAS	CONCRETO PARA ESTRUCTURAS	9109	CONCRETO 2000 PSI GRAVA COMÚN 14 MPA (140 Kg/Cm2) PARA SOLADOS (PREMEZCLADO. INCLUYE SUMINISTRO Y COLOCACIÓN).	M3	666000
Nuevo DTP	CONCRETO Y ACERO PARA ESTRUCTURAS	PINTURA PARA ESTRUCTURAS	9122	PINTURA SOBRE ESTRUCTURA METÁLICA GALVANIZADA. INCLUYE LIMPIEZA SSPC-SP10, BARRERA EPOXICA e=3mils, ACABADO URETANO e=3mils	KG	6308
DTP - OGA	ELEMENTOS DE BIOSEGURIDAD SEGÚN APÉNDICE	ELEMENTOS DE BIOSEGURIDAD SEGÚN APÉNDICE	9129	PAQUETE DE ELEMENTOS PARA LIMPIEZA Y DESINFECCIÓN PARA 10 TRABAJADORES DE CONSULTORÍA / INTERVENTORÍA (INCLUYE ALCOHOL ANTISÉPTICO-70%, TOALLAS DE PAPEL PARA MANOS, JABÓN LIQUIDO PARA MANOS, GEL ANTIBACTERIAL, ALQUILER DE DISPENSADOR DE TOALLAS, ALQUILER DISPENSADOR METÁLICO DE JABÓN)._(Según Apéndice Bioseguridad Covid 19_V1)	UN/MES	491545
DTP - OGA	ELEMENTOS DE BIOSEGURIDAD SEGÚN APÉNDICE	ELEMENTOS DE BIOSEGURIDAD SEGÚN APÉNDICE	9130	PAQUETE DE ELEMENTOS PARA LIMPIEZA Y DESINFECCIÓN PARA 10 TRABAJADORES DE OBRA - HERRAMIENTAS-MAQUINARIA Y EQUIPO MENOR (INCLUYE ALCOHOL ANTISÉPTICO-70%, TOALLAS DE PAPEL PARA MANOS, JABÓN LIQUIDO PARA MANOS, GEL ANTIBACTERIAL, ALQUILER DE DISPENSADOR DE TOALLAS, ALQUILER DISPENSADOR METÁLICO DE JABÓN, ALQUILER LAVAMANOS PORTÁTIL ACERO INOX. INCLUYE AGUA)_(Según Apéndice Bioseguridad Covid 19_V1)	UN/MES	689057
DTP - OGA	ELEMENTOS DE BIOSEGURIDAD SEGÚN APÉNDICE	ELEMENTOS DE BIOSEGURIDAD SEGÚN APÉNDICE	9131	PAQUETE DE ELEMENTOS PARA LIMPIEZA Y DESINFECCIÓN PARA 10 TRABAJADORES EN OBRA (INCLUYE ALCOHOL, TOALLAS DE PAPEL, JABON LIQUIDO, GEL ANTIBACTERIAL, SUMINISTRO AGUA PARA EL LAVAMANOS)._(Según Apéndice Bioseguridad Covid 19_V2)	UN/MES	579615
DTP - OGA	ELEMENTOS DE BIOSEGURIDAD SEGÚN APÉNDICE	ELEMENTOS DE BIOSEGURIDAD SEGÚN APÉNDICE	9132	RECOLECCION, TRANSPORTE Y DISPOSICION DE RESIDUOS LÍQUIDOS PROVENIENTES DE LAVAMANOS PORTATILES. (INCLUYE EQUIPO DE SUCCIÓN)_(Según Apéndice Bioseguridad Covid 19_V2)	M3	335988
DTP - OGA	ELEMENTOS DE BIOSEGURIDAD SEGÚN APÉNDICE	ELEMENTOS DE BIOSEGURIDAD SEGÚN APÉNDICE	9133	ALQUILER CAMILLA FÉRULA ESPINAL LARGA - FEL PARA ADULTO (POLIETILENO). INCLUYE ARNES TIPO ARAÑA CON SECCIONES REFLECTIVAS ._(Según Apéndice Bioseguridad Covid 19_V1 y V2)	UN/MES	9385
DTP - OGA	ELEMENTOS DE BIOSEGURIDAD SEGÚN APÉNDICE	ELEMENTOS DE BIOSEGURIDAD SEGÚN APÉNDICE	9134	ALQUILER CARPA VESTIER 2.0M X 2.0M CON ESTRUCTURA, TECHO Y LATERALES EN LONA._(Según Apéndice Bioseguridad Covid 19_V1 y V2)	UN/MES	143032
DTP - OGA	ELEMENTOS DE BIOSEGURIDAD SEGÚN APÉNDICE	ELEMENTOS DE BIOSEGURIDAD SEGÚN APÉNDICE	9135	ALQUILER DE DISPENSADOR DE JABÓN LÍQUIDO O GEL ANTIBACTERIAL - ALCOHOL, CON PEDAL METÁLICO_(Según Apéndice Bioseguridad Covid 19_V2)	UN/MES	6051
DTP - OGA	ELEMENTOS DE BIOSEGURIDAD SEGÚN APÉNDICE	ELEMENTOS DE BIOSEGURIDAD SEGÚN APÉNDICE	9136	ALQUILER DE DISPENSADOR DE JABÓN, METÁLICO DE 1LT. _(Según Apéndice Bioseguridad Covid 19_V1)	UN/MES	7148
DTP - OGA	ELEMENTOS DE BIOSEGURIDAD SEGÚN APÉNDICE	ELEMENTOS DE BIOSEGURIDAD SEGÚN APÉNDICE	9137	ALQUILER DE DISPENSADOR PLÁSTICO DE TOALLAS DE PAPEL_(Según Apéndice Bioseguridad Covid 19_V2)	UN/MES	3734
DTP - OGA	ELEMENTOS DE BIOSEGURIDAD SEGÚN APÉNDICE	ELEMENTOS DE BIOSEGURIDAD SEGÚN APÉNDICE	9138	ALQUILER DE DISPENSADOR PLÁSTICO DE TOALLAS TIPO Z_(Según Apéndice Bioseguridad Covid 19_V1)	UN/MES	3734
DTP - OGA	ELEMENTOS DE BIOSEGURIDAD SEGÚN APÉNDICE	ELEMENTOS DE BIOSEGURIDAD SEGÚN APÉNDICE	9139	ALQUILER DE FUMIGADORA DE ESPALDA. ASPERSOR BOMBA MANUAL 20 LITROS. DESINFECCIÓN INCLUYE MEZCLA AGUA-HIPOCLORITO 20 mml/LITRO._(Según Apéndice Bioseguridad Covid 19_V1 y V2)	UN/MES	46222
DTP - OGA	ELEMENTOS DE BIOSEGURIDAD SEGÚN APÉNDICE	ELEMENTOS DE BIOSEGURIDAD SEGÚN APÉNDICE	9140	ALQUILER DE LAVAMANOS PORTATIL DE PEDAL TIPO MANOS LIBRES._(Según Apéndice Bioseguridad Covid 19_V2)	UN/MES	69196
DTP - OGA	ELEMENTOS DE BIOSEGURIDAD SEGÚN APÉNDICE	ELEMENTOS DE BIOSEGURIDAD SEGÚN APÉNDICE	9141	ALQUILER DE MESA PLÁSTICA DE 0.72m x 0.72m x 0.72m._(Según Apéndice Bioseguridad Covid 19_V1 y V2)	UN/MES	6801
DTP - OGA	ELEMENTOS DE BIOSEGURIDAD SEGÚN APÉNDICE	ELEMENTOS DE BIOSEGURIDAD SEGÚN APÉNDICE	9142	ALQUILER DE SILLA PLÁSTICA SIN BRAZOS._(Según Apéndice Bioseguridad Covid 19_V1 y V2)	UN/MES	2554
DTP - OGA	ELEMENTOS DE BIOSEGURIDAD SEGÚN APÉNDICE	ELEMENTOS DE BIOSEGURIDAD SEGÚN APÉNDICE	9143	ALQUILER DE TERMOMETRO DIGITAL, INFRAROJO PARA USO EN HUMANOS, LIBRE DE CONTACTO, IMPERMEABLE. (INCLUYE CALIBRACION)._(Según Apéndice Bioseguridad Covid 19_V2)	UN/MES	62910
DTP - OGA	ELEMENTOS DE BIOSEGURIDAD SEGÚN APÉNDICE	ELEMENTOS DE BIOSEGURIDAD SEGÚN APÉNDICE	9144	ALQUILER DE TERMÓMETRO INFRARROJO PARA USO EN HUMANOS, LIBRE DE CONTACTO, IMPERMEABLE_(Según Apéndice Bioseguridad Covid 19_V1)	UN/MES	4923
DTP - OGA	ELEMENTOS DE BIOSEGURIDAD SEGÚN APÉNDICE	ELEMENTOS DE BIOSEGURIDAD SEGÚN APÉNDICE	9145	ALQUILER LAVAMANOS PORTÁTIL EN ACERO INOXIDABLE CON DOS TANQUES PARA AGUA LIMPIA Y RESIDUAL DE 20 LT C/U._(Según Apéndice Bioseguridad Covid 19_V1)	UN/MES	69328
Nuevo	EXCAVACIONES	FORMALETAS, ENTIBADOS, ANDAMIOS Y ACCESORIOS	9146	ALQUILER DE ENTIBADO METALICO TIPO CAJON (E1A - E1B) (Incluye colocación y transporte)	M2	31368
Nuevo	EXCAVACIONES	FORMALETAS, ENTIBADOS, ANDAMIOS Y ACCESORIOS	9147	ALQUILER DE ENTIBADO METÁLICO TIPO DESLIZANTE (E2) (Incluye colocación y transporte)	M2	34276
Nuevo	GESTION SOCIAL	GESTION SOCIAL	9148	MALLA TEXTIL EN POLIESTER DE 2,8m X 7,0m CON SUBLIMACIÓN EN EL TOTAL DE LA SUPERFICIE Y REFUERZO EXTERNO EN REATA PARA TENSAR, Y OJALES EN REATA CADA 75cm. SUMINISTRO, INSTALACION Y TRANSPORTE.(CON VARA DE CORREDOR DE 14cm DE DIÁMETRO Y 4,00m DE ALTURA, ENTERRADO COMO MIN. 0.80, CON 1,50m., ENTRE VARAS)	UN	1249834
DTP - OGA	ELEMENTOS DE BIOSEGURIDAD SEGÚN APÉNDICE	ELEMENTOS DE BIOSEGURIDAD SEGÚN APÉNDICE	9149	RECOLECCION, TRANSPORTE Y DISPOSICION DE RESIDUOS LÍQUIDOS PROVENIENTES DE LAVAMANOS PORTATILES. (INCLUYE EQUIPO DE SUCCIÓN)._(Según Apéndice Bioseguridad Covid 19_V3)	M3	335988
DTP - OGA	ELEMENTOS DE BIOSEGURIDAD SEGÚN APÉNDICE	ELEMENTOS DE BIOSEGURIDAD SEGÚN APÉNDICE	9150	ALQUILER DE DISPENSADOR PLÁSTICO DE TOALLAS TIPO Z_(Según Apéndice Bioseguridad Covid 19_V3)	UN/MES	3734
DTP - OGA	ELEMENTOS DE BIOSEGURIDAD SEGÚN APÉNDICE	ELEMENTOS DE BIOSEGURIDAD SEGÚN APÉNDICE	9151	ALQUILER DE FUMIGADORA DE ESPALDA. ASPERSOR BOMBA MANUAL 20 LITROS. DESINFECCIÓN INCLUYE MEZCLA AGUA-HIPOCLORITO 20 mml/LITRO._(Según Apéndice Bioseguridad Covid 19_V3)	UN/MES	46222
DTP - OGA	ELEMENTOS DE BIOSEGURIDAD SEGÚN APÉNDICE	ELEMENTOS DE BIOSEGURIDAD SEGÚN APÉNDICE	9152	ALQUILER DE LAVAMANOS PORTATIL DE PEDAL TIPO MANOS LIBRES._(Según Apéndice Bioseguridad Covid 19_V3)	UN/MES	69196
DTP - OGA	ELEMENTOS DE BIOSEGURIDAD SEGÚN APÉNDICE	ELEMENTOS DE BIOSEGURIDAD SEGÚN APÉNDICE	9153	PAQUETE ELEMENTOS PARA LIMPIEZA Y DESINFECCIÓN PARA 10 TRABAJADORES EN OBRA (INCLUYE ALCOHOL GLICERINADO, TOALLAS DE PAPEL, JABON LIQUIDO, SUMINISTRO AGUA PARA EL LAVAMANOS). _(Según Apéndice Bioseguridad Covid 19_V3)	UN/MES	442668
DTP - OGA	ELEMENTOS DE BIOSEGURIDAD SEGÚN APÉNDICE	ELEMENTOS DE BIOSEGURIDAD SEGÚN APÉNDICE	9154	ALQUILER DE DISPENSADOR DE JABÓN LÍQUIDO O ALCOHOL GLICERINADO, CON PEDAL METÁLICO._(Según Apéndice Bioseguridad Covid 19_V3)	UN/MES	6051
Nuevo DTINI	PUENTES	PUENTES PEATONALES	9322	PISO EN POLIPROPILENO DE ALTO IMPACTO e: 25MM PARA TABLERO DE PUENTES PEATONALES TIPO TRANSMILENIO. INCLUYE SUMINISTRO, INSTALACIÓN Y TRANSPORTE	M2	2076848
Nuevo DTINI	PUENTES	PUENTES PEATONALES	9323	REPOSICIÓN DE PISO EN POLIPROPILENO DE ALTO IMPACTO e: 25MM PARA TABLERO DE PUENTES PEATONALES TIPO TRANSMILENIO. INCLUYE SUMINISTRO, INSTALACIÓN, TRANSPORTE A OBRA DE PISO EN POLIPROPILENO  Y RETIRO PISO EXISTENTE EN ALUMINIO. NO INCLUYE TRANSPORTE NI DISPOSICIÓN FINAL DE ESCOMBROS	M2	2872692
Nuevo DTINI	PUENTES	PUENTES PEATONALES	9324	REPOSICIÓN DE PISO EN POLIPROPILENO DE ALTO IMPACTO e: 25MM PARA TABLERO DE PUENTES PEATONALES TIPO TRANSMILENIO. INCLUYE SUMINISTRO, INSTALACIÓN, TRANSPORTE A OBRA DE PISO EN POLIPROPILENO Y RETIRO PISO EXISTENTE EN PANELES PREFABRICADOS EN CONCRETO. NO INCLUYE TRANSPORTE NI DISPOSICIÓN FINAL DE ESCOMBROS	M2	2867366
Nuevo DTINI	PUENTES	PUENTES PEATONALES	9325	PISO EN POLIPROPILENO DE ALTO IMPACTO PARA ESCALERA DE PUENTES PEATONALES, ANCHO 38cm e=2cm. INCLUYE SUMINISTRO, INSTALACIÓN Y TRANSPORTE	ML	1072223
Nuevo DTINI	PUENTES	PUENTES PEATONALES	9326	REPOSICIÓN DE PISO EN POLIPROPILENO DE ALTO IMPACTO PARA ESCALERA DE PUENTES PEATONALES, ANCHO 38cm e=2cm. INCLUYE SUMINISTRO, INSTALACIÓN, SOPORTE PARA ANCLAJE, TRANSPORTE A OBRA DE PISO EN POLIPROPILENO Y RETIRO PISO EXISTENTE EN ALUMINIO.NO INCLUYE TRANSPORTE NI DISPOSICIÓN FINAL DE ESCOMBROS	ML	1592761
Nuevo DTINI	PUENTES	PUENTES PEATONALES	9327	REPOSICIÓN DE PISO EN POLIPROPILENO DE ALTO IMPACTO PARA ESCALERA DE PUENTES PEATONALES, ANCHO 38cm e=2cm. INCLUYE SUMINISTRO, INSTALACIÓN, SOPORTE PARA ANCLAJE, TRANSPORTE A OBRA DE PISO EN POLIPROPILENO Y RETIRO PISO EXISTENTE EN PANELES PREFABRICADOS EN CONCRETO. NO INCLUYE TRANSPORTE NI DISPOSICIÓN FINAL DE ESCOMBROS	ML	1590737
Nuevo STEST 	REDES ACUEDUCTO	REDES ACUEDUCTO	9394	TUBO EN ACERO Φ 24" CON EXTREMOS DE JUNTA ESPIGO / CAMPANA CON EMPAQUE DE CAUCHO, CON REVESTIMIENTO INTERIOR Y RECUBRIMIENTO EXTERIOR EN MORTERO DE CEMENTO. FABRICADO DE CONFORMIDAD CON LA NORMA AWWA C 200, MANUAL M11 DE LA AWWA Y NORMA NP-032 DE LA EAAB, A PARTIR DE LÁMINA ASTM A 36 DE ESPESOR E=3MM. L=6,0M. PRESIÓN DE TRABAJO = 150 PSI. (INCLUYE SUMINISTRO E INSTALACIÓN)	ML	2321399
Nuevo STEST 	REDES ACUEDUCTO	REDES ACUEDUCTO	9395	TUBO EN ACERO Φ 24" CON EXTREMOS DE JUNTA ESPIGO / CAMPANA CON EMPAQUE DE CAUCHO, CON REVESTIMIENTO INTERIOR Y RECUBRIMIENTO EXTERIOR EN MORTERO DE CEMENTO. FABRICADO DE CONFORMIDAD CON LA NORMA AWWA C 200, MANUAL M11 DE LA AWWA Y NORMA NP-032 DE LA EAAB, A PARTIR DE LÁMINA ASTM A 36 DE ESPESOR E=6MM. L=6,0M. PRESIÓN DE TRABAJO HASTA 330 PSI. (INCLUYE SUMINISTRO E INSTALACIÓN)	ML	2748202
Nuevo STEST 	REDES ACUEDUCTO	REDES ACUEDUCTO	9396	TUBO EN ACERO Φ 12" CON EXTREMOS DE JUNTA ESPIGO / CAMPANA CON EMPAQUE DE CAUCHO, CON REVESTIMIENTO INTERIOR Y RECUBRIMIENTO EXTERIOR EN MORTERO DE CEMENTO. FABRICADO DE CONFORMIDAD CON LA NORMA AWWA C 200, MANUAL M11 DE LA AWWA Y NORMA NP-032 DE LA EAAB, A PARTIR DE LÁMINA ASTM A 36. L=6,0M. PRESIÓN DE TRABAJO = 150 PSI. (INCLUYE SUMINISTRO E INSTALACIÓN).	ML	1237212
Nuevo STEST 	REDES ACUEDUCTO	REDES ACUEDUCTO	9397	TUBO EN ACERO Φ 12" CON EXTREMOS DE JUNTA ESPIGO / CAMPANA CON EMPAQUE DE CAUCHO, CON REVESTIMIENTO INTERIOR Y RECUBRIMIENTO EXTERIOR EN MORTERO DE CEMENTO. FABRICADO DE CONFORMIDAD CON LA NORMA AWWA C 200, MANUAL M11 DE LA AWWA Y NORMA NP-032 DE LA EAAB, A PARTIR DE LÁMINA ASTM A 36. L=6,0M. PRESIÓN DE TRABAJO = 250 PSI. (INCLUYE SUMINISTRO E INSTALACIÓN).	ML	1237212
Nuevo STEST 	REDES ACUEDUCTO	REDES ACUEDUCTO	9398	TUBO EN ACERO Φ 12" CON EXTREMOS DE JUNTA ESPIGO / CAMPANA CON EMPAQUE DE CAUCHO, CON REVESTIMIENTO INTERIOR Y RECUBRIMIENTO EXTERIOR EN MORTERO DE CEMENTO. FABRICADO DE CONFORMIDAD CON LA NORMA AWWA C 200, MANUAL M11 DE LA AWWA Y NORMA NP-032 DE LA EAAB, A PARTIR DE LÁMINA ASTM A 36. L=6,0M. PRESIÓN DE TRABAJO = 330 PSI. (INCLUYE SUMINISTRO E INSTALACIÓN).	ML	1237212
Nuevo DTC	REDES ACUEDUCTO	REDES ACUEDUCTO	9425	TUBERIA EN ACERO Φ 30" CON EXTREMOS DE JUNTA ESPIGO / CAMPANA CON EMPAQUE DE CAUCHO, CON REVESTIMIENTO INTERIOR Y RECUBRIMIENTO EXTERIOR EN MORTERO DE CEMENTO. FABRICADO DE CONFORMIDAD CON LA NORMA AWWA C 200, MANUAL M11 DE LA AWWA Y NORMA NP-032 DE LA EAAB, A PARTIR DE LÁMINA ASTM A 36. L=6,0M. PRESIÓN DE TRABAJO = 150 PSI. (INCLUYE SUMINISTRO E INSTALACIÓN).	ML	2989892
DTP - OGA	ELEMENTOS DE BIOSEGURIDAD SEGÚN APÉNDICE	ELEMENTOS DE BIOSEGURIDAD SEGÚN APÉNDICE	9466	PAQUETE ELEMENTOS PARA LIMPIEZA Y DESINFECCIÓN PARA 10 TRABAJADORES EN OBRA (INCLUYE ALCOHOL GLICERINADO, TOALLAS DE PAPEL, JABON LIQUIDO, SUMINISTRO AGUA PARA EL LAVAMANOS). _(Según Apéndice Bioseguridad Covid 19_V4)	UN/MES	442668
DTP - OGA	ELEMENTOS DE BIOSEGURIDAD SEGÚN APÉNDICE	ELEMENTOS DE BIOSEGURIDAD SEGÚN APÉNDICE	9467	RECOLECCION, TRANSPORTE Y DISPOSICION DE RESIDUOS LÍQUIDOS PROVENIENTES DE LAVAMANOS PORTATILES. (INCLUYE EQUIPO DE SUCCIÓN)._(Según Apéndice Bioseguridad Covid 19_V4)	M3	335988
DTP - OGA	ELEMENTOS DE BIOSEGURIDAD SEGÚN APÉNDICE	ELEMENTOS DE BIOSEGURIDAD SEGÚN APÉNDICE	9468	ALQUILER DE LAVAMANOS PORTATIL DE PEDAL TIPO MANOS LIBRES._(Según Apéndice Bioseguridad Covid 19_V4)	UN/MES	69196
DTP - OGA	ELEMENTOS DE BIOSEGURIDAD SEGÚN APÉNDICE	ELEMENTOS DE BIOSEGURIDAD SEGÚN APÉNDICE	9469	ALQUILER DE DISPENSADOR DE JABÓN LÍQUIDO O ALCOHOL GLICERINADO, CON PEDAL METÁLICO._(Según Apéndice Bioseguridad Covid 19_V4)	UN/MES	6051
DTP - OGA	ELEMENTOS DE BIOSEGURIDAD SEGÚN APÉNDICE	ELEMENTOS DE BIOSEGURIDAD SEGÚN APÉNDICE	9470	ALQUILER DE DISPENSADOR PLÁSTICO DE TOALLAS TIPO Z_(Según Apéndice Bioseguridad Covid 19_V4)	UN/MES	3734
Nuevo STED	REDES ALCANTARILLADO / DRENAJE	REDES ALCANTARILLADO / DRENAJE	9563	RETIRO DE TUBERIA DE CONCRETO Diámetro = 1,40m  (Incluye cargue, retiro de material, transporte y disposición final de escombros en sitio autorizado).	ML	168369
Demanda	RELLENOS Y CAPAS GRANULARES	CAPAS GRANULARES	9997	NIVELACIÓN Y COMPACTACIÓN DE SUBRASANTE PARA ESPACIO PÚBLICO	M2	2880
Demanda	PAVIMENTOS	PAVIMENTOS EN CONCRETO ASFALTICO	9998	MEZCLA ASFÁLTICA EN CALIENTE MCCh25-A CON CEMENTO ASFÁLTICO MODIFICADO CON CAUCHO (SUMINISTRO, EXTENDIDO, NIVELACIÓN Y COMPACTACIÓN MECÁNICA)	M3	1570181
Nuevo DTP	ANDENES Y SARDINELES	PISOS EN ADOQUINES Y EN LOSETAS	9999	ADOQUIN DE CONCRETO TR. PESADO 20X10X8CM (SUMINISTRO E INSTALACIÓN. INCLUYE BASE 4CM MORTERO NIVELACIÓN Y ARENA DE SELLO)	M2	183361
Nuevo DTP	ANDENES Y SARDINELES	PISOS EN ADOQUINES Y EN LOSETAS	10000	PISO EN LOSETA PREFABRICADA A-50 (SUMINISTRO E INSTALACIÓN. INCLUYE BASE 4CM MORTERO DE 2000 PSI, NIVELACION Y ARENA DE SELLO), INCLUYE TRANSPORTE DE PÉTREOS	M2	153607
Nuevo DTINI	RELLENOS Y CAPAS GRANULARES	CAPAS GRANULARES	10014	ESTABILIZACION O MEJORAMIENTO DE SUBRASANTE CON RAJON = 6" A 12" (15 - 30 cm) Y SELLO CON SUBBASE GRANULAR CLASE C - Gr1 (SBGC_Gr1). INCLUYE (SUMINISTRO, EXTENDIDO Y NIVELACION MANUAL , COMPACTACION MECANICA VIBROCOMPACTADOR TIPO RANA, TRANSPORTE DEL RAJON Y SELLO HASTA 21 KM)	M3	183113
Nuevo DTINI	RELLENOS Y CAPAS GRANULARES	CAPAS GRANULARES	10015	ESTABILIZACION O MEJORAMIENTO DE SUBRASANTE CON RAJON = 6" A 12" (15 - 30 cm) Y SELLO CON SUBBASE GRANULAR CLASE C - Gr1 (SBGC_Gr1). INCLUYE (SUMINISTRO, EXTENDIDO, NIVELACION Y COMPACTACION MECANICA CON RETROEXCAVADORA, TRANSPORTE DEL RAJON Y SELLO HASTA 21 KM)	M3	182509
Nuevo DTINI	RELLENOS Y CAPAS GRANULARES	CAPAS GRANULARES	10016	ESTABILIZACION O MEJORAMIENTO DE SUBRASANTE CON RAJON = 6" A 12" (15 - 30 cm) Y SELLO CON SUBBASE GRANULAR CLASE C - Gr1 (SBGC_Gr1). INCLUYE (SUMINISTRO, EXTENDIDO, NIVELACION Y COMPACTACIÓN MECANICA CON EXCAVADORA MEDIANA SOBRE ORUGAS Y RODILLO VIBROCOMPACTADOR TANDEM (2,5 - 3,0 TON), TRANSPORTE DEL RAJON Y SELLO HASTA 21 KM)	M3	191937
Nuevo DTINI	RELLENOS Y CAPAS GRANULARES	CAPAS GRANULARES	10017	ESTABILIZACION O MEJORAMIENTO DE SUBRASANTE CON RAJON = 6" A 12" (15 - 30 cm) Y SELLO CON SUBBASE GRANULAR CLASE B - SBG50 (SBGB_SBG50). INCLUYE (SUMINISTRO, EXTENDIDO Y NIVELACION MANUAL , COMPACTACION MECANICA VIBROCOMPACTADOR TIPO RANA, TRANSPORTE DEL RAJON Y SELLO HASTA 21 KM)	M3	186090
Nuevo DTINI	RELLENOS Y CAPAS GRANULARES	CAPAS GRANULARES	10018	ESTABILIZACION O MEJORAMIENTO DE SUBRASANTE CON RAJON = 6" A 12" (15 - 30 cm) Y SELLO CON SUBBASE GRANULAR CLASE B - SBG50 (SBGB_SBG50). INCLUYE (SUMINISTRO, EXTENDIDO, NIVELACION Y COMPACTACION MECANICA CON RETROEXCAVADORA, TRANSPORTE DEL RAJON Y SELLO HASTA 21 KM)	M3	185484
Nuevo DTINI	RELLENOS Y CAPAS GRANULARES	CAPAS GRANULARES	10019	ESTABILIZACION O MEJORAMIENTO DE SUBRASANTE CON RAJON = 6" A 12" (15 - 30 cm) Y SELLO CON SUBBASE GRANULAR CLASE B - SBG50 (SBGB_SBG50). INCLUYE (SUMINISTRO, EXTENDIDO, NIVELACION Y COMPACTACIÓN MECANICA CON EXCAVADORA MEDIANA SOBRE ORUGAS Y RODILLO VIBROCOMPACTADOR TANDEM (2,5 - 3,0 TON), TRANSPORTE DEL RAJON Y SELLO HASTA 21 KM)	M3	194912
Nuevo DTINI	RELLENOS Y CAPAS GRANULARES	CAPAS GRANULARES	10020	ESTABILIZACION O MEJORAMIENTO DE SUBRASANTE CON RAJON = 6" A 12" (15 - 30 cm) Y SELLO CON SUBBASE GRANULAR RECICLADA AR_SBG50. INCLUYE (SUMINISTRO, EXTENDIDO Y NIVELACION MANUAL , COMPACTACION MECANICA VIBROCOMPACTADOR TIPO RANA, TRANSPORTE DEL RAJON Y SELLO HASTA 21 KM)	M3	185292
Nuevo DTINI	RELLENOS Y CAPAS GRANULARES	CAPAS GRANULARES	10021	ESTABILIZACION O MEJORAMIENTO DE SUBRASANTE CON RAJON = 6" A 12" (15 - 30 cm) Y SELLO CON SUBBASE GRANULAR RECICLADA AR_SBG50. INCLUYE (SUMINISTRO, EXTENDIDO, NIVELACION Y COMPACTACION MECANICA CON RETROEXCAVADORA, TRANSPORTE DEL RAJON Y SELLO HASTA 21 KM)	M3	184686
Nuevo DTINI	RELLENOS Y CAPAS GRANULARES	CAPAS GRANULARES	10022	ESTABILIZACION O MEJORAMIENTO DE SUBRASANTE CON RAJON = 6" A 12" (15 - 30 cm) Y SELLO CON SUBBASE GRANULAR RECICLADA AR_SBG50. INCLUYE (SUMINISTRO, EXTENDIDO, NIVELACION Y COMPACTACIÓN MECANICA CON EXCAVADORA MEDIANA SOBRE ORUGAS Y RODILLO VIBROCOMPACTADOR TANDEM (2,5 - 3,0 TON), TRANSPORTE DEL RAJON Y SELLO HASTA 21 KM)	M3	194114
Nuevo DTINI (Actualización con ET 2018) 	RELLENOS Y CAPAS GRANULARES	CAPAS GRANULARES	10030	SUBBASE GRANULAR PEA CLASE B - (SBG_PEA_B_50). SUMINISTRO, EXTENDIDO MANUAL, NIVELACIÓN MANUAL Y COMPACTACIÓN MECÁNICA CON VIBROCOMPACTADOR TÁNDEM PEQUEÑO, INCLUYE OPERARIO Y COMBUSTIBLE).	M3	212974
Nuevo STEST 	RELLENOS Y CAPAS GRANULARES	RELLENOS PARA ANDENES Y REDES	10072	RELLENO PARA REDES EN ARENA DE PEÑA (NORMA NP-040) (SUMINISTRO, EXTENDIDO, HUMEDECIMIENTO Y COMPACTACIÓN)	M3	197892
Nuevo OAC	GESTION SOCIAL	GESTION SOCIAL	10074	VALLA UNA CARA, DE 3.0M X 6.0M CON ESTRUCTURA METÁLICA - ESTRUCTURA TIPO VALLA EN CERCHA + BANNER. INCLUYE SUMINISTRO E INSTALACIÓN. IMPRESIÓN 720 DPI; TINTAS PARA EXTERIORES. ESTRUCTURA METÁLICA, INCLUYE BANDEJAS EN ALUMINIO, CERCHAS, 6 METROS HORIZONTALES Y 3 VERTICALES, CON 2 METROS DE PROFUNDIDAD, 9 BANDEJAS EN LAMINA GALVANIZADA CALIBRE 24, 4 CERCHAS EN ÁNGULO DE 1 1/2" Y ÁNGULOS DE 1" X 1/8", CERCHA CON ANTICORROSIVO NEGRO. BANNER DE 13 OZ EN TINTAS PARA EXTERIOR Y RESISTENTES A LA INTERPERIE.	UN	7360812
Nuevo OAC	GESTION SOCIAL	GESTION SOCIAL	10075	VALLA DOBLE CARA, DE 3.0M X 6.0M CON ESTRUCTURA METÁLICA - ESTRUCTURA TIPO VALLA EN CERCHA + BANNER. INCLUYE SUMINISTRO E INSTALACIÓN. IMPRESIÓN 720 DPI; TINTAS PARA EXTERIORES. ESTRUCTURA METÁLICA, INCLUYE BANDEJAS EN ALUMINIO, CERCHAS, 6 METROS HORIZONTALES Y 3 VERTICALES, CON 2 METROS DE PROFUNDIDAD - 9 BANDEJAS EN LAMINA GALVANIZADA CALIBRE 24 - 4 CERCHAS EN ÁNGULO DE 1 1/2" Y ÁNGULOS DE 1" X 1/8" - CERCHA CON ANTICORROSIVO NEGRO. BANNER DE 13 OZ EN TINTAS PARA EXTERIOR Y RESISTENTES A LA INTERPERIE.	UN	9812204
Depuración	CONCRETO Y ACERO PARA ESTRUCTURAS	CONCRETO PARA ESTRUCTURAS	10214	PILOTE D=30 CM CONCRETO TREMIE DE 3000 PSI. (INCLUYE EXCAVACIÓN, TRANSPORTE Y DISPOSICIÓN FINAL DE ESCOMBROS EN SITIO AUTORIZADO A 21 KM, CARGUE Y RETIRO DE SOBRANTES, MOVILIZACIÓN, MONTAJE Y DESMONTAJE DE EQUIPO ENTRE PERFORACIONES DENTRO DE LA OBRA. SUMINISTRO Y COLOCACIÓN DEL CONCRETO CON BOMBA.	ML	406766
Demanada DTP	ANDENES Y SARDINELES	ANDENES EN CONCRETO	10246	PISO EN CONCRETO ESTAMPADO DE COLOR SUPERFICIAL GRIS. E=0.12M. (INCLUYE SUMINISTRO Y COLOCACIÓN DE CONCRETO, ENDURECEDOR COLOR GRIS, DESMOLDANTE, MOLDE Y SELLANTE ACRILICO)	M2	123747
Demanada DTP	ANDENES Y SARDINELES	ANDENES EN CONCRETO	10247	PISO EN CONCRETO ESTAMPADO DE COLOR SUPERFICIAL AMARILLO. E=0.12M. (INCLUYE SUMINISTRO Y COLOCACIÓN DE CONCRETO, ENDURECEDOR COLOR AMARILLO, DESMOLDANTE, MOLDE Y SELLANTE ACRILICO)	M2	126655
Demanada DTP	ANDENES Y SARDINELES	ANDENES EN CONCRETO	10248	PISO EN CONCRETO ESTAMPADO DE COLOR SUPERFICIAL SALMON. E=0.12M. (INCLUYE SUMINISTRO Y COLOCACIÓN DE CONCRETO, ENDURECEDOR COLOR SALMON, DESMOLDANTE, MOLDE Y SELLANTE ACRILICO)	M2	127617
Demanada DTP	ANDENES Y SARDINELES	ANDENES EN CONCRETO	10249	PISO EN CONCRETO ESTAMPADO DE COLOR SUPERFICIAL OCRE. E=0.12M. (INCLUYE SUMINISTRO Y COLOCACIÓN DE CONCRETO, ENDURECEDOR COLOR OCRE, DESMOLDANTE, MOLDE Y SELLANTE ACRILICO)	M2	126160
Demanda-Depuración	MOBILIARIO URBANO - ARBOLES Y GRAMAS	SIEMBRA DE ARBOLES Y GRAMA	10250	PLANTACION DE JARDINERÍA DE PORTE BAJO. (INCLUYE SUMINISTRO AL SITIO DE OBRA, PLANTACION, TIERRA NEGRA Y ABONO. EN BOLSA DE 7" A 15" DE ALTURA DE 10CM A 20CM)	M2	113180
Demanda-Depuración	MOBILIARIO URBANO - ARBOLES Y GRAMAS	SIEMBRA DE ARBOLES Y GRAMA	10251	PLANTACION DE JARDINERÍA DE PORTE ALTO. (INCLUYE SUMINISTRO AL SITIO DE OBRA, PLANTACION, TIERRA NEGRA Y ABONO. EN BOLSA DE 26" DE ALTURA DE 50CM A 80CM)	M2	122393
Demanda-Depuración	CONCRETO Y ACERO PARA ESTRUCTURAS	ESTRUCTURAS EN ACERO	10252	TORONES POSTENSADOS PARA REFORZAMIENTO EXTERNO DE 1/2" TENSIONADO 16,9 TON. INCLUYE SUMINISTRO E INSTALACIÓN, TENSIONAMIENTO, MANO DE OBRA, EQUIPOS EN GENERAL, MORTERO. 	TON-M	8537
Demanda-Depuración	REDES TELEFONICAS / DATOS	RED TELEFONICA COLOMBIA TELECOMUNICACIONES	10253	CONTROLADOR CON CAPACIDAD PARA 16 GRUPOS VEHICULARES O PEATONALES CON POSIBILIDAD DE AMPLIACIÓN HASTA 32 GRUPOS, RELOJ EN TIEMPO REAL, 32 PROGRAMAS, AUTOMÁTICO SEMANAL PROGRAMABLE CON DÍAS FESTIVOS, MODO DE OPERACIÓN COORDINADA CON CENTRAL DE TRÁFICO, LOCAL CON AUTOMÁTICO DE SEMANA, MANUAL O CON DEPENDENCIA DE TRÁFICO, CIRCUÍTOS DE SUPERVISIÓN DE VERDES CONFLICTIVOS, RUTINA DE SEGURIDAD POR FALLA LÁMPARAS ROJAS, ACTIVACIÓN ERRÓNEAS DE SEÑALES, RUTINAS DE SOFTWARE PARA EL MANEJO PRIORITARIO DE TRANSPORTE PÚBLICO CON EL EMPLEO DE DETECTORES DE TRÁFICO.  PROTOCOLO ABIERTO OCIT. (INCLUYE SUMINISTRO DE CONTROLADOR, INSTALACIÓN, PUESTA EN SERVICIO,  Y TRANSPORTE).	UN	139588930
Demanda-Depuración	REDES TELEFONICAS / DATOS	RED TELEFONICA COLOMBIA TELECOMUNICACIONES	10254	CONTROLADOR CON CAPACIDAD PARA 24 GRUPOS VEHICULARES O PEATONALES.CON POSIBILIDAD DE AMPLIACIÓN HASTA 32 GRUPOS, RELOJ EN TIEMPO REAL, 32 PROGRAMAS, AUTOMÁTICO SEMANAL PROGRAMABLE CON DÍAS FESTIVOS, MODO DE OPERACIÓN COORDINADA CON CENTRAL DE TRÁFICO, LOCAL CON AUTOMÁTICO DE SEMANA, MANUAL O CON DEPENDENCIA DE TRÁFICO, CIRCUÍTOS DE SUPERVISIÓN DE VERDES CONFLICTIVOS, RUTINA DE SEGURIDAD POR FALLA LÁMPARAS ROJAS, ACTIVACIÓN ERRÓNEAS DE SEÑALES, RUTINAS DE SOFTWARE PARA EL MANEJO PRIORITARIO DE TRANSPORTE PÚBLICO CON EL EMPLEO DE DETECTORES DE TRÁFICO.  PROTOCOLO ABIERTO OCIT.  (INCLUYE SUMINISTRO DE CONTROLADOR, INSTALACIÓN, PUESTA EN SERVICIO,  Y TRANSPORTE).	UN	158302102
Demanda-Depuración	REDES TELEFONICAS / DATOS	RED TELEFONICA COLOMBIA TELECOMUNICACIONES	10255	CONTROLADOR CON CAPACIDAD PARA 32 GRUPOS VEHICULARES O PEATONALES.CON POSIBILIDAD DE AMPLIACIÓN HASTA 32 GRUPOS, RELOJ EN TIEMPO REAL, 32 PROGRAMAS, AUTOMÁTICO SEMANAL PROGRAMABLE CON DÍAS FESTIVOS, MODO DE OPERACIÓN COORDINADA CON CENTRAL DE TRÁFICO, LOCAL CON AUTOMÁTICO DE SEMANA, MANUAL O CON DEPENDENCIA DE TRÁFICO, CIRCUÍTOS DE SUPERVISIÓN DE VERDES CONFLICTIVOS, RUTINA DE SEGURIDAD POR FALLA LÁMPARAS ROJAS, ACTIVACIÓN ERRÓNEAS DE SEÑALES, RUTINAS DE SOFTWARE PARA EL MANEJO PRIORITARIO DE TRANSPORTE PÚBLICO CON EL EMPLEO DE DETECTORES DE TRÁFICO.  PROTOCOLO ABIERTO OCIT.  (INCLUYE SUMINISTRO DE CONTROLADOR, INSTALACIÓN, PUESTA EN SERVICIO,  Y TRANSPORTE).	UN	175904917
Demanda-Depuración	REDES TELEFONICAS / DATOS	RED TELEFONICA COLOMBIA TELECOMUNICACIONES	10256	INSTALACION Y PUESTA EN SERVICIO DE CONTROLADOR DE TRAFICO sX EN LA CIUDAD DE BOGOTÁ, (INCLUYE TRANSPORTE DE CONTROLADOR DESDE LA SDM HASTA LUGAR DE INSTALACIÓN EN BOGOTÁ, MANO DE OBRA E IVA, NO INCLUYE SUMINISTRO DE CONTROLADOR.	UN	1848266
Demanda-Depuración	SEÑALIZACIÓN	DEMARCACION DE PAVIMENTOS	10257	PINTURA EN PLASTICO EN FRIO METILMETACRILATO PARA MARCAS VIALES, SIN MICROESFERAS Y ESPESOR SECO SEGÚN NORMA NTC 4744. INCLUYE SUMINISTRO Y APLICACIÓN PARA: CEBRAS, FLECHAS, PICTOGRAMAS, LINEAS DE PARE, SENDEROS PEATONALES, ACHURADOS, ETC).	M2	142832
Demanda-Depuración	CONCRETO Y ACERO PARA ESTRUCTURAS	ESTRUCTURAS EN ACERO	10258	LAMINA ALFAJOR. (INCLUYE SUMINSITRO E INSTALACIÓN)	KG	19333
Demanda-Depuración	GESTIÓN AMBIENTAL	GESTIÓN AMBIENTAL	10259	POLISOMBRA VERDE PARA CERRAMIENTO. (INCLUYE SUMINISTRO E INSTALACION).	M2	2147
Demanda-Depuración	SEÑALIZACIÓN	DEMARCACION DE PAVIMENTOS	10260	DEMARCACION METROS CUADRADO EN PINTURA TIPO TRAFICO BASE SOLVENTE COLOR AZUL 16 MILS PARA PRIMERA CAPA. (PARADEROS) (INCLUYE SUMINISTRO Y APLICACION CON EQUIPO. INCLUYE MICROESFERAS). 	M2	50360
Demanda-Depuración	SEÑALIZACIÓN	DEMARCACION DE PAVIMENTOS	10261	DEMARCACION METROS CUADRADO EN PINTURA TIPO TRAFICO BASE SOLVENTE COLOR AZUL 18 MILS (PARADEROS) (INCLUYE SUMINISTRO Y APLICACION CON EQUIPO. INCLUYE MICROESFERAS).	M2	99255
Demanda-Depuración	SEÑALIZACIÓN	OTROS-SEÑALIZACIÓN	10262	BANDAS SONORAS REDUCTORAS DE VELOCIDAD DE 5CM DE ALTURA POR 10CM DE ANCHO, CONSTRUIDA CON GRAVILLA DE 1/2", PINTURA DE LARGA DURACIÓN BLANCA Y RESINA EPÓXICA.	ML	60466
Demanda-Depuración	SEÑALIZACIÓN	OTROS-SEÑALIZACIÓN	10263	BANDAS SONORAS REDUCTORAS DE VELOCIDAD DE 2CM DE ALTURA, CONSTRUIDA CON GRAVILLA DE 1/2", PINTURA DE LARGA DURACIÓN BLANCA Y RESINA EPÓXICA	M2	251250
Demanda-Depuración	SEÑALIZACIÓN	OTROS-SEÑALIZACIÓN	10264	BANDAS SONORAS REDUCTORAS DE VELOCIDAD DE 3CM DE ALTURA, CONSTRUIDA CON GRAVILLA DE 1/2", PINTURA DE LARGA DURACIÓN BLANCA Y RESINA EPÓXICA.	M2	252298
Demanda-Depuración	CONCRETO Y ACERO PARA ESTRUCTURAS	CONCRETO PARA ESTRUCTURAS	10265	BOX CULVERT EN CONCRETO 4000 PSI GRAVA COMÚN (PREMEZCLADO. INCLUYE SUMINISTRO, FORMALETEO Y COLOCACIÓN. NO INCL. REFUERZO, CURADO)	M3	1361268
Demanda-Depuración	CONCRETO Y ACERO PARA ESTRUCTURAS	CONCRETO PARA ESTRUCTURAS	10266	PLACA DE APROXIMACIÓN PUENTE VEHICULAR EN CONCRETO 3000 PSI GRAVA COMÚN DE 5.00M X 3.50M X 0.20M (PREMEZCLADO. INCLUYE SUMINISTRO, FORMALETEO Y COLOCACIÓN. NO INCL. REFUERZO, CURADO).	M3	1113988
Demanda-Depuración	ANDENES Y SARDINELES	PISOS EN ADOQUINES Y EN LOSETAS	10267	PISO EN CONCRETO COLOR OCRE 4000 PSI ESTAMPADO TIPO ESPINA DE PESCADO E=0.12M (INCLUYE SUMINISTRO Y COLOCACIÓN DE CONCRETO, MOLDE, DESMOLDANTE, COLOR ENDURECEDOR DE CUARZO, SELLANTE. INCLUYE CORTE Y SELLADO DE JUNTAS.	M2	159398
Demanda-Depuración	PAVIMENTOS	PAVIMENTOS EN CONCRETO HIDRAULICO	10268	PISO EN CONCRETO COLOR OCRE MR41 (280 Kg/Cm2) GRAVA 1" 28 DIAS  ESTAMPADO e=0.10m (INCLUYE SUMINISTRO Y COLOCACIÓN DE CONCRETO, JUEGO DE MOLDES,  DESMOLDANTE EN POLVO, CURADOR PARA CONCRETO, INCLUYE CORTE Y SELLADO DE JUNTAS	M2	267477
Demanda-Depuración	PAVIMENTOS	PAVIMENTOS EN CONCRETO HIDRAULICO	10269	PISO EN CONCRETO MR43 (315 KG/CM2) GRAVA COMÚN ACELERADO A 7 DÍAS, ESTAMPADO PARA POMPEYANOS, e=0.23m (INCLUYE SUMINISTRO Y COLOCACIÓN DE CONCRETO, JUEGO DE MOLDES, DESMOLDANTE EN POLVO, CURADOR PARA CONCRETO, CORTE Y SELLADO DE JUNTAS	M2	323391
Demanda-Depuración	PAVIMENTOS	PAVIMENTOS EN CONCRETO HIDRAULICO	10270	PISO EN CONCRETO MR43 (315 KG/CM2) GRAVA COMÚN ACELERADO A 7 DÍAS, ESTAMPADO PARA POMPEYANOS, E=0.20M (INCLUYE SUMINISTRO Y COLOCACIÓN DE CONCRETO, JUEGO DE MOLDES, DESMOLDANTE EN POLVO, CURADOR PARA CONCRETO, CORTE Y SELLADO DE JUNTAS	M2	294162
Demanda-Depuración	ANDENES Y SARDINELES	PISOS EN ADOQUINES Y EN LOSETAS	10271	ESTAMPADO PARA CONCRETO MR DE POMPEYANOS, ACCESOS VEHICULARES A PREDIOS Y VÍAS (ACABADO Y CURADO, SUMINISTRO Y MANO DE OBRA. INCLUYE JUEGO DE MOLDES, COLOR ENDURECEDOR DE CUARZO, DESMOLDANTE EN POLVO COLOR, SELLADOR ACRÍLICO TRANSPARENTE SEMILUSTRE)	M2	54247
Demanda-Depuración	PAVIMENTOS	PAVIMENTOS EN CONCRETO HIDRAULICO	10272	PISO EN CONCRETO MR 41 (280 Kg/Cm2) GRAVA 1" 28 DIAS, ESTAMPADO e=0.10m (INCLUYE SUMINISTRO Y COLOCACIÓN DE CONCRETO, JUEGO DE MOLDES,  DESMOLDANTE EN POLVO, CURADOR PARA CONCRETO, CORTE Y SELLADO DE JUNTAS.).	M2	201952
Demanda-Depuración	PAVIMENTOS	PAVIMENTOS EN CONCRETO HIDRAULICO	10273	PISO EN CONCRETO MR 43 (300 Kg/Cm2) GRAVA COMÚN ACELERADO A 7 DÍAS, ESTAMPADO PARA POMPEYANOS Y VIAS A DESNIVEL, COLOR OCRE  (INCLUYE SUMINISTRO Y COLOCACIÓN DE CONCRETO, JUEGO DE MOLDES,  DESMOLDANTE EN POLVO, CURADOR PARA CONCRETO, CORTE Y SELLADO DE JUNTAS Y TRANSPORTE FINAL DE ESCOMBROS.)	M3	1547743
Demanda-Depuración	PAVIMENTOS	PAVIMENTOS EN CONCRETO HIDRAULICO	10274	PISO EN CONCRETO MR 41 (280 KG/CM2) GRAVA COMÚN ACELERADO A 7 DÍAS, ESTAMPADO PARA POMPEYANOS Y VIAS A DESNIVEL, COLOR OCRE (INCLUYE SUMINISTRO Y COLOCACIÓN DE CONCRETO, JUEGO DE MOLDES, DESMOLDANTE EN POLVO, CURADOR PARA CONCRETO, CORTE Y SELLADO DE JUNTAS.).	M3	1979469
Demanda-Depuración	CONCRETO Y ACERO PARA ESTRUCTURAS	CONCRETO PARA ESTRUCTURAS	10275	PISO EN CONCRETO MR45 (315 Kg/Cm2) GRAVA COMÚN ACELERADO A 7 DÍAS, ESTAMPADO PARA POMPEYANOS Y VIAS A DESNIVEL, COLOR OCRE (Incluye suministro y colocación de concreto, juego de moldes, desmoldante en polvo, curador para concreto, corte y sellado de juntas)	M2	327717
Demanda-Depuración	PAVIMENTOS	PAVIMENTOS EN CONCRETO HIDRAULICO	10276	PISO EN CONCRETO MR 43 (300 KG/CM2) GRAVA COMÚN ACELERADO A 7 DÍAS, LISO PARA POMPEYANOS Y VIAS A DESNIVEL, COLOR OCRE (INCLUYE SUMINISTRO Y COLOCACIÓN DE CONCRETO, DESMOLDANTE EN POLVO, CURADOR PARA CONCRETO, CORTE Y SELLADO DE JUNTAS.).	M3	1154644
Demanda-Depuración	PAVIMENTOS	PAVIMENTOS EN CONCRETO HIDRAULICO	10277	PISO EN CONCRETO MR 41 (280 Kg/Cm2) GRAVA COMÚN ACELERADO A 7 DÍAS, LISO PARA POMPEYANOS Y VIAS A DESNIVEL, COLOR OCRE (INCLUYE SUMINISTRO Y COLOCACIÓN DE CONCRETO, JUEGO DE MOLDES,  DESMOLDANTE EN POLVO, CURADOR PARA CONCRETO, CORTE Y SELLADO DE JUNTAS.).	M3	1605576
Solicitud SGI	TRANSMILENIO	ELEMENTOS DE SEÑALIZACION TRANSMILENIO	10321	SEÑAL TIPO DE FRECUENCIA EN LAMINA DE 15X15CM REMACHADA A LA ESTRUCTURA CON UNA LAMINA DE 4X15CM, RECUBIERTA POR AMBAS CARAS EN PELICULA REFLECTIVA GRADO INGENIERIA AZUL PARA EL FONDO Y BLANCO PARA EL NUMERO O LETRA. SEGUN CARTILLA DE ESTACIONES SENCILLAS DE TRANSMILENIO. (INCLUYE SUMINISTRO E INSTALACIÓN)  	UN	57566
Solicitud SGI	TRANSMILENIO	ELEMENTOS DE SEÑALIZACION TRANSMILENIO	10322	SEÑAL TIPO DE VAGON EN LAMINA DE 25X25CM REMACHADA A LA ESTRUCTURA CON UNA LAMINA DE 4X25CM, RECUBIERTA POR AMBAS CARAS EN PELICULA REFLECTIVA GRADO INGENIERIA AZUL PARA EL FONDO Y BLANCO PARA EL NUMERO O LETRA. SEGUN CARTILLA DE ESTACIONES SENCILLAS DE TRANSMILENIO. (INCLUYE SUMINISTRO E INSTALACIÓN)  	UN	83072
Solicitud SGI	TRANSMILENIO	ELEMENTOS DE SEÑALIZACION TRANSMILENIO	10323	SEÑAL ADHESIVA PARA ALINEACION BUS, COLOR ROJO Y AMARILLO, CADA UNA DE 5X50CM. SEGUN CARTILLA DE ESTACIONES SENCILLAS DE TRANSMILENIO. (INCLUYE SUMINISTRO E INSTALACIÓN)  	UN	63003
Solicitud SGI	TRANSMILENIO	ELEMENTOS DE SEÑALIZACION TRANSMILENIO	10324	BANDERA DE APROXIMACION Y ANGULO PORTABANDERA. BANDERA DE APROXIMACIÓN, COMPUESTA POR 9 ALETAS DE ACERO TEMPLADO DE 0.3 MM DE ESPESOR, CADA ALETA DE 10X5CM, RECUBIERTAS POR AMBAS CARAS EN PELICULA REFLECTIVA GRADO INGENIERIA AMARILLO (5 ALETAS) Y NEGRO OPACO (4 ALETAS). ANGULO PORTABANDERA EN ALUMINIO DE 1/8” DE ESPESOR Y 90CM DE LARGO. SEGUN CARTILLA DE ESTACIONES SENCILLAS DE TRANSMILENIO. (INCLUYE SUMINISTRO E INSTALACIÓN)  	UN	262470
Solicitud SGI	TRANSMILENIO	ELEMENTOS DE SEÑALIZACION TRANSMILENIO	10325	IDENTIFICACION DE ESTACION TRANSMILENIO EN LAMINA GALVANIZADA CALIBRE 18 DE 25 CM DE ALTO, CON DOS VINILOS: FONDO BLANCO DE CORTE Y LINEA DEL COLOR SEGUN TRONCAL. FIJADA A LA ESTRUCTURA DE LA FACHADA DE LA ESTACION MEDIANTE REMACHE TIPO POP, A UNA ALTURA DE 1.0M MEDIDA DESDE EL PISO AL BORDE INFERIOR DE LA LAMINA. (INCLUYE SUMINISTRO E INSTALACIÓN) 	ML	265615
Solicitud SGI	TRANSMILENIO	ELEMENTOS DE SEÑALIZACION TRANSMILENIO	10326	VALLA TRANSVERSAL DE SEÑALIZACION PARA SALIDA DE ESTACION (75X42CM) EN VINILO ADHESIVO FOTOLUMINISCENTE SOBRE ALUCOBOND DE 4MM. SEGUN CARTILLA DE SEÑALETICA TRANSMILENIO 2023 PARA ESTACIONES TIPO - ANCHO 5 MT. . (INCLUYE SUMINISTRO E INSTALACIÓN) 	UN	1707455
Solicitud SGI	TRANSMILENIO	ELEMENTOS DE SEÑALIZACION TRANSMILENIO	10327	VALLA TRANSVERSAL DE SEÑALIZACION PARA RUTA DE EVACUACION (75X34.7CM) EN VINILO ADHESIVO FOTOLUMINISCENTE IMPRESION 1440 DPI, SOBRE ALUCOBOND DE 4MM. SEGUN CARTILLA DE SEÑALETICA TRANSMILENIO 2023 PARA ESTACIONES TIPO - ANCHO 5 MT. (INCLUYE SUMINISTRO E INSTALACIÓN) 	UN	1468835
Solicitud SGI	TRANSMILENIO	ELEMENTOS DE SEÑALIZACION TRANSMILENIO	10328	VALLA TRANSVERSAL DE SEÑALIZACION PARA INTERCAMBIO DE VAGON (100X32CM) EN VINILO ADHESIVO SOBRE ALUCOBOND DE 4MM. SEGUN CARTILLA DE SEÑALETICA TRANSMILENIO 2023 PARA ESTACIONES TIPO - ANCHO 5 MT. (INCLUYE SUMINISTRO E INSTALACIÓN) 	UN	1383189
Solicitud SGI	TRANSMILENIO	ELEMENTOS DE SEÑALIZACION TRANSMILENIO	10329	VALLA TRANSVERSAL DE SEÑALIZACION PARA INGRESO A VAGON (100X40CM) EN VINILO ADHESIVO SOBRE ALUCOBOND DE 4MM. SEGUN CARTILLA DE SEÑALETICA TRANSMILENIO 2023 PARA ESTACIONES TIPO - ANCHO 5 MT. (INCLUYE SUMINISTRO E INSTALACIÓN) 	UN	1407846
Solicitud SGI	TRANSMILENIO	ELEMENTOS DE SEÑALIZACION TRANSMILENIO	10330	VALLA TRANSVERSAL DE SEÑALIZACION PARA INGRESO A SERVICIO (100X40CM) EN VINILO ADHESIVO SOBRE ALUCOBOND DE 4MM. SEGUN CARTILLA DE SEÑALETICA TRANSMILENIO 2023 PARA ESTACIONES TIPO - ANCHO 5 MT. (INCLUYE SUMINISTRO E INSTALACIÓN) 	UN	1407846
Solicitud SGI	TRANSMILENIO	ELEMENTOS DE SEÑALIZACION TRANSMILENIO	10331	VALLA TRANSVERSAL DE SEÑALIZACION PARA TAQUILLA (190X40CM) EN VINILO ADHESIVO SOBRE ALUCOBOND DE 4MM. SEGUN CARTILLA DE SEÑALETICA TRANSMILENIO 2023 PARA ESTACIONES TIPO - ANCHO 5 MT. . (INCLUYE SUMINISTRO E INSTALACIÓN) 	UN	3703234
Solicitud SGI	TRANSMILENIO	ELEMENTOS DE SEÑALIZACION TRANSMILENIO	10332	VALLA TRANSVERSAL DE SEÑALIZACION PARA TAQUILLA (240X40CM) EN VINILO ADHESIVO SOBRE ALUCOBOND DE 4MM. SEGUN CARTILLA DE SEÑALETICA TRANSMILENIO 2023 PARA ESTACIONES TIPO - ANCHO 5 MT.. (INCLUYE SUMINISTRO E INSTALACIÓN) 	UN	4281858
Solicitud SGI	TRANSMILENIO	ELEMENTOS DE SEÑALIZACION TRANSMILENIO	10333	VALLA TRANSVERSAL DE SEÑALIZACION PARA ACCESO A ESTACION (335X32CM) EN VINILO ADHESIVO SOBRE ALUCOBOND DE 4MM. SEGUN CARTILLA DE SEÑALETICA TRANSMILENIO 2023 PARA ESTACIONES TIPO - ANCHO 5 MT. (INCLUYE SUMINISTRO E INSTALACIÓN) 	UN	4768460
Solicitud SGI	TRANSMILENIO	ELEMENTOS DE SEÑALIZACION TRANSMILENIO	10334	VALLA TRANSVERSAL DE SEÑALIZACION PARA ACCESO A BICI ESTACION (400X30CM) EN VINILO ADHESIVO SOBRE ALUCOBOND DE 4MM. SEGUN CARTILLA DE SEÑALETICA TRANSMILENIO 2023 PARA ESTACIONES TIPO - ANCHO 5 MT. (INCLUYE SUMINISTRO E INSTALACIÓN) 	UN	5035408
Solicitud SGI	TRANSMILENIO	ELEMENTOS DE SEÑALIZACION TRANSMILENIO	10335	PORTA MAPAS INFORMATIVO PARA BICI ESTACION (115X85CM APROX). SEGUN CARTILLA DE SEÑALETICA TRANSMILENIO 2023. (INCLUYE SUMINISTRO E INSTALACIÓN) 	UN	14096122
Solicitud SGI	TRANSMILENIO	ELEMENTOS DE SEÑALIZACION TRANSMILENIO	10336	PORTA MAPAS INFORMATIVO PARA ESTACION (205X168CM APROX). SEGUN CARTILLA DE SEÑALETICA TRANSMILENIO 2023. (INCLUYE SUMINISTRO E INSTALACIÓN) 	UN	18038517
Solicitud SGI-STCST	DEMOLICIONES	DEMOLICIONES	10338	DEMOLICION DE LOSAS DE PAVIMENTO EN CONCRETO HIDRAULICO (MR) REFORZADAS, CON MARTILLO HIDRAULICO EN RETROEXCAVADORA - HORARIO NOCTURNO. (INCLUYE CARGUE CON MINICARGADOR Y CORTE DE REFUERZO CON PULIDORA MANUAL)	M3	156403
Solicitud SGI-STCST	DEMOLICIONES	DEMOLICIONES	10339	DEMOLICION DE LOSAS DE PAVIMENTO EN CONCRETO HIDRAULICO (MR) REFORZADAS, CON MARTILLO HIDRAULICO EN MINICARGADOR - HORARIO NOCTURNO. (INCLUYE CARGUE CON MINICARGADOR Y CORTE DE REFUERZO CON PULIDORA MANUAL)	M3	180145
Solicitud SGI-STCST	DEMOLICIONES	DEMOLICIONES	10340	DEMOLICION DE LOSAS DE PAVIMENTO EN CONCRETO HIDRAULICO (MR) REFORZADAS, CON MARTILLO HIDRAULICO EN RETROEXCAVADORA. (INCLUYE CARGUE CON MINICARGADOR Y CORTE DE REFUERZO CON PULIDORA MANUAL)	M3	144132
Solicitud SGI-STCST	DEMOLICIONES	DEMOLICIONES	10341	DEMOLICION DE LOSAS DE PAVIMENTO EN CONCRETO HIDRAULICO (MR) REFORZADAS, CON MARTILLO HIDRAULICO EN MINICARGADOR. (INCLUYE CARGUE CON MINICARGADOR Y CORTE DE REFUERZO CON PULIDORA MANUAL) 	M3	167874
Solicitud OCIT	REDES TELEFONICAS / DATOS	RED TELEFÓNICA CLARO	10342	CAMARA TELEMATICA TIPO F1 CLARO, Dimensiones: 0.60m x 0.75m distancia entre bordes internos. Profundidad de 1 metro. (Incluye base, muros en ladrillo, cubierta, tapa, 4 ductos, suministro y construcción).	UN	1979014
Solicitud OCIT	REDES TELEFONICAS / DATOS	RED TELEFÓNICA CLARO	10343	CAMARA TELEMATICA TIPO 2F1 CLARO, Dimensiones: 1.20m x 0.75m distancia entre bordes internos; profundidad de 1 metro.  (Incluye base, muros en ladrillo, cubierta, tapa, 4 ductos, suministro y construcción).	UN	2398016
Solicitud DTCI	GESTION SOCIAL	GESTION SOCIAL	10344	AVISO EN BANNER 13 ONZAS MATE, DE 7, 00m X 1,00m, CON OJALETES Y ARANDELAS METÁLICAS DE 3/8, HORIZONTALES Y VERTICALES CADA 50 CM.	UN	273700
Solicitud DTCI	GESTION SOCIAL	GESTION SOCIAL	10345	AVISO EN BANNER 13 ONZAS MATE, DE 5,00m X 1,00m, CON OJALETES Y ARANDELAS METÁLICAS DE 3/8, HORIZONTALES Y VERTICALES CADA 50 CM.	UN	196350
Solicitud DTCI	GESTION SOCIAL	GESTION SOCIAL	10346	VALLA MÓVIL DE PISO, UNA CARA, DE 1.80M X 1.20M, EN LÁMINA GALVANIZADA CALIBRE 20, ÁNGULO EN HIERRO DE 2 X 1-1/8" IMPRESO EN VINILO ADHESIVO. IMPRESIÓN 720 DPI; TINTAS PARA EXTERIORES. 	UN	856800
Solicitud DTCI	GESTION SOCIAL	GESTION SOCIAL	10347	VALLA MÓVIL DE PISO, UNA CARA, DE 1.80M X 1.20M, EN VINILO ADHESIVO SOBRE ALUCOBOND DE 4MM, ÁNGULO EN HIERRO DE 2 X 1-1/8".  IMPRESIÓN 720 DPI; TINTAS PARA EXTERIORES.	UN	214200
Solicitud DTP	GESTION SOCIAL	GESTION SOCIAL	10348	PASACALLE EN BANNER 13 ONZAS MATE, DE 7.00m x 1.00m, INCLUYE UN PALO DE 1,20m DE LARGO EN CADA EXTREMO. INCLUYE SUMINISTRO E INSTALACION.	UN	410726
Solicitud DTP	REDES ACUEDUCTO	REDES ACUEDUCTO	10349	CARCAMO PROTECCIÓN DE TUBERÍA Ø 32" (TIPO PLACA) NORMA EAAB NS-090	ML	532612
Solicitud DTP	RELLENOS Y CAPAS GRANULARES	CAPAS GRANULARES	10350	BASE GRANULAR CLASE A (BGA_BG25) - HORARIO NOCTURNO. (Suministro, Extendido Manual, Humedecimiento y Compactación)	M3	226228
Solicitud DTP	RELLENOS Y CAPAS GRANULARES	CAPAS GRANULARES	10351	BASE GRANULAR CLASE A (BGA_BG25) (Suministro, Extendido, Nivelación, Humedecimiento y Compactación con vibrocompactador) 	M3	204866
Solicitud DTP	REDES ACUEDUCTO	REDES ACUEDUCTO	10352	CARCAMO PROTECCIÓN DE TUBERÍA Ø 8" (TIPO C) NORMA EAAB NS-090.	ML	927826
Solicitud DTP	REDES ACUEDUCTO	REDES ACUEDUCTO	10353	CARCAMO PROTECCIÓN DE TUBERÍA Ø 10" (TIPO C) NORMA EAAB NS-090.	ML	953583
Solicitud DTP	REDES ACUEDUCTO	REDES ACUEDUCTO	10354	CARCAMO PROTECCIÓN DE TUBERÍA Ø 12" (TIPO C) NORMA EAAB NS-090.	ML	1042659
Solicitud DTP	REDES ACUEDUCTO	REDES ACUEDUCTO	10355	CARCAMO PROTECCIÓN DE TUBERÍA Ø 16" (TIPO C) NORMA EAAB NS-090.	ML	1281124
Solicitud DTP	REDES ACUEDUCTO	REDES ACUEDUCTO	10356	CARCAMO PROTECCIÓN DE TUBERÍA Ø 18" (TIPO C) NORMA EAAB NS-090.	ML	1347754
Solicitud DTP	REDES ACUEDUCTO	REDES ACUEDUCTO	10357	CARCAMO PROTECCIÓN DE TUBERÍA Ø 20" (TIPO C) NORMA EAAB NS-090.	ML	1462597
Solicitud DTP	REDES ACUEDUCTO	REDES ACUEDUCTO	10358	CARCAMO PROTECCIÓN DE TUBERÍA Ø 24" (TIPO C) NORMA EAAB NS-090.	ML	1726736
Solicitud DTP	REDES ACUEDUCTO	REDES ACUEDUCTO	10359	CARCAMO PROTECCIÓN DE TUBERÍA Ø 27" (TIPO C) NORMA EAAB NS-090.	ML	2104388
Solicitud DTP	REDES ACUEDUCTO	REDES ACUEDUCTO	10360	CARCAMO PROTECCIÓN DE TUBERÍA Ø 30" (TIPO C) NORMA EAAB NS-090.	ML	2282686
Solicitud DTP	REDES ACUEDUCTO	REDES ACUEDUCTO	10361	CARCAMO PROTECCIÓN DE TUBERÍA Ø 32" (TIPO C) NORMA EAAB NS-090.	ML	2411756
Solicitud DTP	REDES ACUEDUCTO	REDES ACUEDUCTO	10362	CARCAMO PROTECCIÓN DE TUBERÍA Ø 36" (TIPO C) NORMA EAAB NS-090.	ML	2531894
Solicitud DTP	REDES ACUEDUCTO	REDES ACUEDUCTO	10363	CARCAMO PROTECCIÓN DE TUBERÍA Ø 8" (TIPO BOX CULVERT) NORMA EAAB NS-090.	ML	962792
Solicitud DTP	REDES ACUEDUCTO	REDES ACUEDUCTO	10364	CARCAMO PROTECCIÓN DE TUBERÍA Ø 10" (TIPO BOX CULVERT) NORMA EAAB NS-090.	ML	1011231
Solicitud DTP	REDES ACUEDUCTO	REDES ACUEDUCTO	10365	CARCAMO PROTECCIÓN DE TUBERÍA Ø 12" (TIPO BOX CULVERT) NORMA EAAB NS-090.	ML	1112716
Solicitud DTP	REDES ACUEDUCTO	REDES ACUEDUCTO	10366	CARCAMO PROTECCIÓN DE TUBERÍA Ø 16" (TIPO BOX CULVERT) NORMA EAAB NS-090.	ML	1342837
Solicitud DTP	REDES ACUEDUCTO	REDES ACUEDUCTO	10367	CARCAMO PROTECCIÓN DE TUBERÍA Ø 18" (TIPO BOX CULVERT) NORMA EAAB NS-090.	ML	1436077
Solicitud DTP	REDES ACUEDUCTO	REDES ACUEDUCTO	10368	CARCAMO PROTECCIÓN DE TUBERÍA Ø 20" (TIPO BOX CULVERT) NORMA EAAB NS-090.	ML	1581375
Solicitud DTP	REDES ACUEDUCTO	REDES ACUEDUCTO	10369	CARCAMO PROTECCIÓN DE TUBERÍA Ø 24" (TIPO BOX CULVERT) NORMA EAAB NS-090.	ML	1751043
Solicitud DTP	REDES ACUEDUCTO	REDES ACUEDUCTO	10370	CARCAMO PROTECCIÓN DE TUBERÍA Ø 27" (TIPO BOX CULVERT) NORMA EAAB NS-090.	ML	2108442
Solicitud DTP	REDES ACUEDUCTO	REDES ACUEDUCTO	10371	CARCAMO PROTECCIÓN DE TUBERÍA Ø 30" (TIPO BOX CULVERT) NORMA EAAB NS-090.	ML	2287770
Solicitud DTP	REDES ACUEDUCTO	REDES ACUEDUCTO	10372	CARCAMO PROTECCIÓN DE TUBERÍA Ø 32" (TIPO BOX CULVERT) NORMA EAAB NS-090.	ML	2406566
Solicitud DTP	REDES ACUEDUCTO	REDES ACUEDUCTO	10373	CARCAMO PROTECCIÓN DE TUBERÍA Ø 36" (TIPO BOX CULVERT) NORMA EAAB NS-090.	ML	2550050
Solicitud DTP	MOBILIARIO URBANO - ARBOLES Y GRAMAS	SIEMBRA DE ARBOLES Y GRAMA	10374	TALA DE ARBOLES MENORES A 5M DE ALTURA. (INCLUYE DESENRAÍCE, RETIRO Y DISPOSICIÓN FINAL)	UN	299254
Solicitud DTP	MOBILIARIO URBANO - ARBOLES Y GRAMAS	SIEMBRA DE ARBOLES Y GRAMA	10375	TALA DE ARBOLES ENTRE 5M Y 10M DE ALTURA. (INCLUYE DESENRAÍCE, RETIRO Y DISPOSICIÓN FINAL)	UN	684422
Solicitud DTP	MOBILIARIO URBANO - ARBOLES Y GRAMAS	SIEMBRA DE ARBOLES Y GRAMA	10376	TALA DE ARBOLES ENTRE 10M A 20 M DE ALTURA. (INCLUYE DESENRAÍCE, RETIRO Y DISPOSICIÓN FINAL)	UN	1488576
Solicitud DTP	MOBILIARIO URBANO - ARBOLES Y GRAMAS	SIEMBRA DE ARBOLES Y GRAMA	10377	TALA DE ARBOLES ENTRE 20M A 30M DE ALTURA. (INCLUYE DESENRAÍCE, RETIRO Y DISPOSICIÓN FINAL)	UN	2079679
Solicitud DTP	MOBILIARIO URBANO - ARBOLES Y GRAMAS	SIEMBRA DE ARBOLES Y GRAMA	10378	TALA DE ARBOLES MAYORES A 30M. (INCLUYE DESENRAÍCE, CARGUE, TRANSPORTE Y DISPOSICIÓN FINAL)	UN	2373699
Demanda	REDES TELEFONICAS / DATOS	RED TELEFONICA COLOMBIA TELECOMUNICACIONES	10454	CONSTRUCCION DE CARCAMO PARA TELECOMUNICACIONES EN MAMPOSTERIA - CUATRO DUCTOS DE 4" (INCLUYE SUMINISTRO E INSTALACION, ACERO DE REFUERZO Y SUBBASE GRANULAR. NO INCLUYE BANCO DE DUCTOS)	ML	250207
Demanda	REDES TELEFONICAS / DATOS	RED TELEFONICA COLOMBIA TELECOMUNICACIONES	10455	CONSTRUCCION DE CARCAMO PARA TELECOMUNICACIONES EN MAMPOSTERIA - OCHO DUCTOS DE 4" (INCLUYE SUMINISTRO E INSTALACION, ACERO DE REFUERZO Y SUBBASE GRANULAR. NO INCLUYE BANCO DE DUCTOS) 	ML	312429
Demanda	REDES TELEFONICAS / DATOS	RED TELEFONICA COLOMBIA TELECOMUNICACIONES	10456	CONSTRUCCION DE CARCAMO PARA TELECOMUNICACIONES EN MAMPOSTERIA - DOCE DUCTOS DE 4" (INCLUYE SUMINISTRO E INSTALACION, ACERO DE REFUERZO Y SUBBASE GRANULAR. NO INCLUYE BANCO DE DUCTOS)	ML	371416
Demanda	REDES TELEFONICAS / DATOS	RED TELEFONICA COLOMBIA TELECOMUNICACIONES	10457	CONSTRUCCION DE CARCAMO PARA TELECOMUNICACIONES EN MAMPOSTERIA - DIECISEIS DUCTOS DE 4" (INCLUYE SUMINISTRO E INSTALACION, ACERO DE REFUERZO Y SUBBASE GRANULAR. NO INCLUYE BANCO DE DUCTOS)	ML	403571
Demanda	REDES TELEFONICAS / DATOS	RED TELEFONICA COLOMBIA TELECOMUNICACIONES	10458	CONSTRUCCION DE CARCAMO PARA TELECOMUNICACIONES EN CONCRETO - CUATRO DUCTOS DE 4" (INCLUYE SUMINISTRO E INSTALACION, ACERO DE REFUERZO Y SUBBASE GRANULAR. NO INCLUYE BANCO DE DUCTOS)	ML	257853
Demanda	REDES TELEFONICAS / DATOS	RED TELEFONICA COLOMBIA TELECOMUNICACIONES	10459	CONSTRUCCION DE CARCAMO PARA TELECOMUNICACIONES EN CONCRETO - OCHO DUCTOS DE 4" (INCLUYE SUMINISTRO E INSTALACION, ACERO DE REFUERZO Y SUBBASE GRANULAR. NO INCLUYE BANCO DE DUCTOS)	ML	323924
Demanda	REDES TELEFONICAS / DATOS	RED TELEFONICA COLOMBIA TELECOMUNICACIONES	10460	CONSTRUCCION DE CARCAMO PARA TELECOMUNICACIONES EN CONCRETO - DOCE DUCTOS DE 4" (INCLUYE SUMINISTRO E INSTALACION, ACERO DE REFUERZO Y SUBBASE GRANULAR. NO INCLUYE BANCO DE DUCTOS)	ML	383210
Demanda	REDES TELEFONICAS / DATOS	RED TELEFONICA COLOMBIA TELECOMUNICACIONES	10461	CONSTRUCCION DE CARCAMO PARA TELECOMUNICACIONES EN CONCRETO - DIECISEIS DUCTOS DE 4" (INCLUYE SUMINISTRO E INSTALACION, ACERO DE REFUERZO Y SUBBASE GRANULAR. NO INCLUYE BANCO DE DUCTOS)	ML	415723
Demanda	ACTIVIDADES CONSERVACIÓN	ACTIVIDADES CONSERVACIÓN	10462	REHABILITACION DE ESPACIO PUBLICO EN ADOQUIN DE ARCILLA TRAFICO LIVIANO SOBRE MORTERO. RETIRO ADOQUIN E INSTALAR NUEVO, INCLUYE EXCAVACIÓN, SARDINEL, BORDILLO, INCLUYE MOBILIARIO, INCLUYE TRANSPORTE Y DISPOSICION DE ESCOMBROS A 21KM	M2	349454
Demanda	ACTIVIDADES CONSERVACIÓN	ACTIVIDADES CONSERVACIÓN	10465	MANTENIMIENTO PERIODICO ESPACIO PÚBLICO EN ADOQUÍN DE ARCILLA TRAFICO LIVIANO SOBRE ARENA. INCLUYE RETIRO Y LIMPIEZA ADOQUÍN E INSTALAR NUEVO,TRANSPORTE Y DISPOSICION DE ESCOMBROS A 21KM	M2	101072
Demanda	REDES TELEFONICAS / DATOS	RED TELEFONICA COLOMBIA TELECOMUNICACIONES	10484	CONSTRUCCION DE CARCAMO PARA TELECOMUNICACIONES EN MAMPOSTERIA - CUATRO DUCTOS DE 8" (INCLUYE SUMINISTRO E INSTALACION, ACERO DE REFUERZO Y SUBBASE GRANULAR. NO INCLUYE BANCO DE DUCTOS)	ML	356356
Demanda	REDES TELEFONICAS / DATOS	RED TELEFONICA COLOMBIA TELECOMUNICACIONES	10485	CONSTRUCCION DE CARCAMO PARA TELECOMUNICACIONES EN MAMPOSTERIA - OCHO DUCTOS DE 8" (INCLUYE SUMINISTRO E INSTALACION, ACERO DE REFUERZO Y SUBBASE GRANULAR. NO INCLUYE BANCO DE DUCTOS)	ML	460878
Demanda	REDES TELEFONICAS / DATOS	RED TELEFONICA COLOMBIA TELECOMUNICACIONES	10486	CONSTRUCCION DE CARCAMO PARA TELECOMUNICACIONES EN MAMPOSTERIA - DOCE DUCTOS DE 8" (INCLUYE SUMINISTRO E INSTALACION, ACERO DE REFUERZO Y SUBBASE GRANULAR. NO INCLUYE BANCO DE DUCTOS)	ML	554338
Demanda	REDES TELEFONICAS / DATOS	RED TELEFONICA COLOMBIA TELECOMUNICACIONES	10487	CONSTRUCCION DE CARCAMO PARA TELECOMUNICACIONES EN MAMPOSTERIA - DIECISEIS DUCTOS DE 8" (INCLUYE SUMINISTRO E INSTALACION, ACERO DE REFUERZO Y SUBBASE GRANULAR. NO INCLUYE BANCO DE DUCTOS)	ML	602582
Demanda	REDES TELEFONICAS / DATOS	RED TELEFONICA COLOMBIA TELECOMUNICACIONES	10488	CONSTRUCCION DE CARCAMO PARA TELECOMUNICACIONES EN CONCRETO - CUATRO DUCTOS DE 8" (INCLUYE SUMINISTRO E INSTALACION, ACERO DE REFUERZO Y SUBBASE GRANULAR. NO INCLUYE BANCO DE DUCTOS)	ML	373901
Demanda	REDES TELEFONICAS / DATOS	RED TELEFONICA COLOMBIA TELECOMUNICACIONES	10489	CONSTRUCCION DE CARCAMO PARA TELECOMUNICACIONES EN CONCRETO - OCHO DUCTOS DE 8" (INCLUYE SUMINISTRO E INSTALACION, ACERO DE REFUERZO Y SUBBASE GRANULAR. NO INCLUYE BANCO DE DUCTOS)	ML	486127
Demanda	REDES TELEFONICAS / DATOS	RED TELEFONICA COLOMBIA TELECOMUNICACIONES	10490	CONSTRUCCION DE CARCAMO PARA TELECOMUNICACIONES EN CONCRETO - DOCE DUCTOS DE 8" (INCLUYE SUMINISTRO E INSTALACION, ACERO DE REFUERZO Y SUBBASE GRANULAR. NO INCLUYE BANCO DE DUCTOS)	ML	586116
Demanda	REDES TELEFONICAS / DATOS	RED TELEFONICA COLOMBIA TELECOMUNICACIONES	10491	CONSTRUCCION DE CARCAMO PARA TELECOMUNICACIONES EN CONCRETO - DIECISEIS DUCTOS DE 8" (INCLUYE SUMINISTRO E INSTALACION, ACERO DE REFUERZO Y SUBBASE GRANULAR. NO INCLUYE BANCO DE DUCTOS)	ML	635330
Demanda	REDES TELEFONICAS / DATOS	RED TELEFONICA COLOMBIA TELECOMUNICACIONES	10492	CONSTRUCCION DE CARCAMO PARA TELECOMUNICACIONES EN MAMPOSTERIA - CUATRO DUCTOS DE 10" (INCLUYE SUMINISTRO E INSTALACION, ACERO DE REFUERZO Y SUBBASE GRANULAR. NO INCLUYE BANCO DE DUCTOS)	ML	431097
Demanda	REDES TELEFONICAS / DATOS	RED TELEFONICA COLOMBIA TELECOMUNICACIONES	10493	CONSTRUCCION DE CARCAMO PARA TELECOMUNICACIONES EN MAMPOSTERIA - OCHO DUCTOS DE 10" (INCLUYE SUMINISTRO E INSTALACION, ACERO DE REFUERZO Y SUBBASE GRANULAR. NO INCLUYE BANCO DE DUCTOS)	ML	560017
Demanda	REDES TELEFONICAS / DATOS	RED TELEFONICA COLOMBIA TELECOMUNICACIONES	10494	CONSTRUCCION DE CARCAMO PARA TELECOMUNICACIONES EN MAMPOSTERIA - DOCE DUCTOS DE 10" (INCLUYE SUMINISTRO E INSTALACION, ACERO DE REFUERZO Y SUBBASE GRANULAR. NO INCLUYE BANCO DE DUCTOS)	ML	672131
Demanda	REDES TELEFONICAS / DATOS	RED TELEFONICA COLOMBIA TELECOMUNICACIONES	10495	CONSTRUCCION DE CARCAMO PARA TELECOMUNICACIONES EN MAMPOSTERIA - DIECISEIS DUCTOS DE 10" (INCLUYE SUMINISTRO E INSTALACION, ACERO DE REFUERZO Y SUBBASE GRANULAR. NO INCLUYE BANCO DE DUCTOS)	ML	819500
Demanda	REDES TELEFONICAS / DATOS	RED TELEFONICA COLOMBIA TELECOMUNICACIONES	10496	CONSTRUCCION DE CARCAMO PARA TELECOMUNICACIONES EN CONCRETO - CUATRO DUCTOS DE 10" (INCLUYE SUMINISTRO E INSTALACION, ACERO DE REFUERZO Y SUBBASE GRANULAR. NO INCLUYE BANCO DE DUCTOS)	ML	452938
Demanda	REDES TELEFONICAS / DATOS	RED TELEFONICA COLOMBIA TELECOMUNICACIONES	10497	CONSTRUCCION DE CARCAMO PARA TELECOMUNICACIONES EN CONCRETO - OCHO DUCTOS DE 10" (INCLUYE SUMINISTRO E INSTALACION, ACERO DE REFUERZO Y SUBBASE GRANULAR. NO INCLUYE BANCO DE DUCTOS)	ML	590823
Demanda	REDES TELEFONICAS / DATOS	RED TELEFONICA COLOMBIA TELECOMUNICACIONES	10498	CONSTRUCCION DE CARCAMO PARA TELECOMUNICACIONES EN CONCRETO - DOCE DUCTOS DE 10" (INCLUYE SUMINISTRO E INSTALACION, ACERO DE REFUERZO Y SUBBASE GRANULAR. NO INCLUYE BANCO DE DUCTOS)	ML	712240
Demanda	REDES TELEFONICAS / DATOS	RED TELEFONICA COLOMBIA TELECOMUNICACIONES	10499	CONSTRUCCION DE CARCAMO PARA TELECOMUNICACIONES EN CONCRETO - DIECISEIS DUCTOS DE 10" (INCLUYE SUMINISTRO E INSTALACION, ACERO DE REFUERZO Y SUBBASE GRANULAR. NO INCLUYE BANCO DE DUCTOS)	ML	862429
Demanda	REDES TELEFONICAS / DATOS	RED TELEFONICA COLOMBIA TELECOMUNICACIONES	10500	CONSTRUCCION DE CARCAMO PARA TELECOMUNICACIONES EN MAMPOSTERIA - CUATRO DUCTOS DE 12" (INCLUYE SUMINISTRO E INSTALACION, ACERO DE REFUERZO Y SUBBASE GRANULAR. NO INCLUYE BANCO DE DUCTOS)	ML	504021
Demanda	REDES TELEFONICAS / DATOS	RED TELEFONICA COLOMBIA TELECOMUNICACIONES	10501	CONSTRUCCION DE CARCAMO PARA TELECOMUNICACIONES EN MAMPOSTERIA - OCHO DUCTOS DE 12" (INCLUYE SUMINISTRO E INSTALACION, ACERO DE REFUERZO Y SUBBASE GRANULAR. NO INCLUYE BANCO DE DUCTOS)	ML	674927
Demanda	REDES TELEFONICAS / DATOS	RED TELEFONICA COLOMBIA TELECOMUNICACIONES	10502	CONSTRUCCION DE CARCAMO PARA TELECOMUNICACIONES EN MAMPOSTERIA - DOCE DUCTOS DE 12" (INCLUYE SUMINISTRO E INSTALACION, ACERO DE REFUERZO Y SUBBASE GRANULAR. NO INCLUYE BANCO DE DUCTOS)	ML	787182
Demanda	REDES TELEFONICAS / DATOS	RED TELEFONICA COLOMBIA TELECOMUNICACIONES	10503	CONSTRUCCION DE CARCAMO PARA TELECOMUNICACIONES EN MAMPOSTERIA - DIECISEIS DUCTOS DE 12" (INCLUYE SUMINISTRO E INSTALACION, ACERO DE REFUERZO Y SUBBASE GRANULAR. NO INCLUYE BANCO DE DUCTOS)	ML	961289
Demanda	REDES TELEFONICAS / DATOS	RED TELEFONICA COLOMBIA TELECOMUNICACIONES	10504	CONSTRUCCION DE CARCAMO PARA TELECOMUNICACIONES EN CONCRETO - CUATRO DUCTOS DE 12" (INCLUYE SUMINISTRO E INSTALACION, ACERO DE REFUERZO Y SUBBASE GRANULAR. NO INCLUYE BANCO DE DUCTOS)	ML	527925
Demanda	REDES TELEFONICAS / DATOS	RED TELEFONICA COLOMBIA TELECOMUNICACIONES	10505	CONSTRUCCION DE CARCAMO PARA TELECOMUNICACIONES EN CONCRETO - OCHO DUCTOS DE 12" (INCLUYE SUMINISTRO E INSTALACION, ACERO DE REFUERZO Y SUBBASE GRANULAR. NO INCLUYE BANCO DE DUCTOS)	ML	697249
Demanda	REDES TELEFONICAS / DATOS	RED TELEFONICA COLOMBIA TELECOMUNICACIONES	10506	CONSTRUCCION DE CARCAMO PARA TELECOMUNICACIONES EN CONCRETO - DOCE DUCTOS DE 12" (INCLUYE SUMINISTRO E INSTALACION, ACERO DE REFUERZO Y SUBBASE GRANULAR. NO INCLUYE BANCO DE DUCTOS)	ML	830281
Demanda	REDES TELEFONICAS / DATOS	RED TELEFONICA COLOMBIA TELECOMUNICACIONES	10507	CONSTRUCCION DE CARCAMO PARA TELECOMUNICACIONES EN CONCRETO - DIECISEIS DUCTOS DE 12" (INCLUYE SUMINISTRO E INSTALACION, ACERO DE REFUERZO Y SUBBASE GRANULAR. NO INCLUYE BANCO DE DUCTOS)	ML	1009898
Demanda	PAVIMENTOS	JUNTAS PARA PAVIMENTOS	10508	JUNTA DE DILATACION ELASTOMÉRICA MOVIMIENTO 50 MM (+/- 25 MM)  (INCLUYE SUMINISTRO, INSTALACIÓN Y ELEMENTOS PARA ANCLAJES).	ML	776543
Demanda	PAVIMENTOS	JUNTAS PARA PAVIMENTOS	10509	JUNTA DE DILATACIÓN ELASTOMERICA MOVIMIENTO 64 mm  (+/- 32 mm)  (INCLUYE SUMINISTRO, INSTALACIÓN Y ELEMENTOS PARA ANCLAJES).	ML	1157528
Demanda	PAVIMENTOS	JUNTAS PARA PAVIMENTOS	10510	JUNTA DE DILATACIÓN ELASTOMERICA MOVIMIENTO 80 mm  (+/- 40 mm)  (INCLUYE SUMINISTRO, INSTALACIÓN Y ELEMENTOS PARA ANCLAJES).	ML	1484235
Demanda	PAVIMENTOS	JUNTAS PARA PAVIMENTOS	10511	JUNTA DE DILATACIÓN ELASTOMERICA MOVIMIENTO 100 mm  (+/- 50 mm) (INCLUYE SUMINISTRO, INSTALACIÓN Y ELEMENTOS PARA ANCLAJES).	ML	1971465
Demanda	PAVIMENTOS	JUNTAS PARA PAVIMENTOS	10512	JUNTA DE DILATACIÓN ELASTOMERICA MOVIMIENTO 140 mm  (+/- 70 mm) (INCLUYE SUMINISTRO, INSTALACIÓN Y ELEMENTOS PARA ANCLAJES).	ML	2757030
Demanda	PAVIMENTOS	JUNTAS PARA PAVIMENTOS	10513	JUNTA DE DILATACIÓN ELASTOMERICA MOVIMIENTO 180 mm  (+/- 90 mm) (INCLUYE SUMINISTRO, INSTALACIÓN Y ELEMENTOS PARA ANCLAJES).	ML	4404375
Demanda	PAVIMENTOS	JUNTAS PARA PAVIMENTOS	10514	JUNTA DE DILATACIÓN ELASTOMERICA MOVIMIENTO 250 mm  (+/- 125 mm) (INCLUYE SUMINISTRO, INSTALACIÓN Y ELEMENTOS PARA ANCLAJES).	ML	7190132
Demanda	PAVIMENTOS	JUNTAS PARA PAVIMENTOS	10515	JUNTA DE DILATACIÓN ELASTOMERICA MOVIMIENTO 270 mm  (+/- 135 mm) (INCLUYE SUMINISTRO, INSTALACIÓN Y ELEMENTOS PARA ANCLAJES).	ML	7194359
Demanda	PAVIMENTOS	JUNTAS PARA PAVIMENTOS	10516	JUNTA DE DILATACIÓN ELASTOMERICA MOVIMIENTO 330 mm  (+/- 165 mm) (INCLUYE SUMINISTRO, INSTALACIÓN Y ELEMENTOS PARA ANCLAJES).	ML	8477314
Demanda	REDES ACUEDUCTO	REDES ACUEDUCTO	10529	TEE REDUCIDA PVC U.M. D= 4" x 3" (INCLUYE SUMINISTRO E INSTALACIÓN).	UN	875180
Demanda	REDES ACUEDUCTO	REDES ACUEDUCTO	10530	UNION UNIVERSAL PVC D=2". SUMINISTRO E INSTALACIÓN.	UN	61831
Demanda	REDES ACUEDUCTO	REDES ACUEDUCTO	10531	BUJE SOLDADO PRESION PVC D= 3" x 1 1/2" (SUMINISTRO E INSTALACIÓN)	UN	40784
Demanda	MOBILIARIO URBANO - ARBOLES Y GRAMAS	SIEMBRA DE ARBOLES Y GRAMA	10540	PODA DE ÁRBOLES  CLASE I (H<5m) (ELIMINAR RAMAS SECAS, CON RIESGO DE ROTURA, RAMAS QUE ESTORBEN EL PASO DE PERSONAS O TOQUEN CABLES O EDIFICIOS) (INCLUYE PODA, PLATAFORMA ELEVADORA, BOLSA DE LONA Y TRANSPORTE Y DISPOSICION DE ESCOMBROS)	UN	99210
Demanda	MOBILIARIO URBANO - ARBOLES Y GRAMAS	SIEMBRA DE ARBOLES Y GRAMA	10541	PODA DE ÁRBOLES CLASE II (5m < H < 10m) (ELIMINAR RAMAS SECAS, CON RIESGO DE ROTURA, RAMAS QUE ESTORBEN EL PASO DE PERSONAS O TOQUEN CABLES O EDIFICIOS) (INCLUYE PODA, PLATAFORMA ELEVADORA, BOLSA DE LONA Y TRANSPORTE Y DISPOSICION DE ESCOMBROS)	UN	259386
Demanda	MOBILIARIO URBANO - ARBOLES Y GRAMAS	SIEMBRA DE ARBOLES Y GRAMA	10542	PODA DE ÁRBOLES CLASE III (10m < H <  20 m) (ELIMINAR RAMAS SECAS, CON RIESGO DE ROTURA, RAMAS QUE ESTORBEN EL PASO DE PERSONAS O TOQUEN CABLES O EDIFICIOS) (INCLUYE PODA, PLATAFORMA ELEVADORA, BOLSA DE LONA Y TRANSPORTE Y DISPOSICION DE ESCOMBROS)	UN	404106
Demanda	CONCRETO Y ACERO PARA ESTRUCTURAS	CONCRETO Y ACERO PARA ESTRUCTURAS	10543	CÁMARAS ESPECIALES DE INTERCONEXIÓN DE ALCANTARILLADO EN CONCRETO GRAVA COMÚN 4000 PSI (280 KG/CM2) (PREMEZCLADO, INCLUYE SUMINISTRO, FORMALETA METALICA Y COLOCACIÓN. NO INCLUYE REFUERZO NI CURADO).	M3	956975
Demanda	ANDENES Y SARDINELES	PISOS EN ADOQUINES Y EN LOSETAS	10544	LOSETA PODOTACTIL ALERTA/GUÍA EN POLIURETANO DE ALTA DENSIDAD, 40 x 40 x 0.08 cm. EN COLOR AMARILLO SEGÚN NTC 5610 (Incluye limpieza y alistamiento de superficie, suministro e instalación).	ML	230449
Demanda	RETRIBUCION POR APROVECHAMIENTO ECONOMICO DEL ESPACIO PUBLICO	RETRIBUCION POR APROVECHAMIENTO ECONOMICO DEL ESPACIO PUBLICO	10545	DESMONTE, CORTE Y REINSTALACION ADOQUIN PEGADO PARA EL COBRO DE LA RETRIBUCION POR APROVECHAMIENTO ECONOMICO. (INCLUYE SUMINISTRO E INSTALACION, ADOQUIN DE ARCILLA, AGUA, MORTERO DE PEGA, TRANSPORTE Y DISPOSICION FINAL DE SOBRANTES).	M2	14941
Demanda	RETRIBUCION POR APROVECHAMIENTO ECONOMICO DEL ESPACIO PUBLICO	RETRIBUCION POR APROVECHAMIENTO ECONOMICO DEL ESPACIO PUBLICO	10546	CENEFA / DILATACIÓN ADOQUÍN ARCILLA E=0.12M; A=0.24M PARA EL COBRO DE LA RETRIBUCION POR APROVECHAMIENTO ECONOMICO. (INCLUYE SUMINISTRO E INSTALACION, ADOQUIN DE ARCILLA, AGUA, MORTERO DE PEGA, TRANSPORTE Y DISPOSICION FINAL DE SOBRANTES).	M2	3360
Demanda	RETRIBUCION POR APROVECHAMIENTO ECONOMICO DEL ESPACIO PUBLICO	RETRIBUCION POR APROVECHAMIENTO ECONOMICO DEL ESPACIO PUBLICO	10547	DESMONTE, CORTE Y REINSTALACIÓN DE ADOQUIN PARA EL COBRO DE LA RETRIBUCION POR APROVECHAMIENTO ECONOMICO (INCLUYE CORTE, AGUA, MORTERO DE PEGA, TRANSPORTE Y DISPOSICION FINAL DE SOBRANTES. NO INCLUYE SUMINISTRO).	M2	3018
Demanda	RETRIBUCION POR APROVECHAMIENTO ECONOMICO DEL ESPACIO PUBLICO	RETRIBUCION POR APROVECHAMIENTO ECONOMICO DEL ESPACIO PUBLICO	10548	LIMPIEZA DE CARCAMO H=0.20 M PARA EL COBRO DE LA RETRIBUCION POR APROVECHAMIENTO ECONOMICO (INCLUYE DESMONTE, SUMINISTRO E INSTALACION DE LADRILLO NUEVO Y TRANSPORTE Y DISPOSICION FINAL DE SOBRANTES).	ML	2056
Demanda	RETRIBUCION POR APROVECHAMIENTO ECONOMICO DEL ESPACIO PUBLICO	RETRIBUCION POR APROVECHAMIENTO ECONOMICO DEL ESPACIO PUBLICO	10549	MANTENIMIENTO PARA ARBOLADO PARA EL COBRO DE LA RETRIBUCION POR APROVECHAMIENTO ECONOMICO	UN	6295
Demanda	RETRIBUCION POR APROVECHAMIENTO ECONOMICO DEL ESPACIO PUBLICO	RETRIBUCION POR APROVECHAMIENTO ECONOMICO DEL ESPACIO PUBLICO	10550	MANTENIMIENTO PARA JARDINERIA PARA EL COBRO DE LA RETRIBUCION POR APROVECHAMIENTO ECONOMICO	UN	7252
Demanda	RETRIBUCION POR APROVECHAMIENTO ECONOMICO DEL ESPACIO PUBLICO	RETRIBUCION POR APROVECHAMIENTO ECONOMICO DEL ESPACIO PUBLICO	10551	DESMONTE, CORTE Y REINSTALACIÓN DE ADOQUIN PARA EL COBRO DE LA RETRIBUCION POR APROVECHAMIENTO ECONOMICO (INCLUYE EXCAVACION, AGUA, MORTERO Y TRANSPORTE Y DISPOSICION FINAL DE SOBRANTES. NO INCLUYE SUMINISTRO DE ADOQUIN). 	M2	5344
Demanda	RETRIBUCION POR APROVECHAMIENTO ECONOMICO DEL ESPACIO PUBLICO	RETRIBUCION POR APROVECHAMIENTO ECONOMICO DEL ESPACIO PUBLICO	10552	DESMONTE Y REINSTALACIÓN LOSETA IDU A50 PARA EL COBRO DE LA RETRIBUCION POR APROVECHAMIENTO ECONOMICO (INCLUYE SUMINISTRO E INSTALACION, EXCAVACION, ARENA DE PEÑA, MORTERO, CEMENTO GRIS, GEOTEXTIL NO TEJIDO, SUBBASE GRANULAR CLASE A Y CLASE B, RETIRO Y DISPOSICION DE SOBRANTES)	M2	10737
Demanda	RETRIBUCION POR APROVECHAMIENTO ECONOMICO DEL ESPACIO PUBLICO	RETRIBUCION POR APROVECHAMIENTO ECONOMICO DEL ESPACIO PUBLICO	10553	ADOQUÍN RECTANGULAR EN CONCRETO PARA EL COBRO DE LA RETRIBUCION POR APROVECHAMIENTO ECONOMICO (INCLUYE SUMINISTRO E INSTALACION, ESTRUCTURA EN GRAVILLA Y ARENA, GEOTEXTIL NO TEJIDO, CEMENTO GRIS, ADOQUIN  Y EXCAVACION)	M2	56390
Demanda	RETRIBUCION POR APROVECHAMIENTO ECONOMICO DEL ESPACIO PUBLICO	RETRIBUCION POR APROVECHAMIENTO ECONOMICO DEL ESPACIO PUBLICO	10554	MANTENIMIENTO DEL ESPACIO PUBLICO PLAZA Y PLAZOLETA EN ADOQUIN DE ARCILLA PARA EL COBRO DE LA RETRIBUCION POR APROVECHAMIENTO ECONOMICO. COSTO DEL MANTENIMIENTO POR M2/MES	M2/MES	84842
Demanda	RETRIBUCION POR APROVECHAMIENTO ECONOMICO DEL ESPACIO PUBLICO	RETRIBUCION POR APROVECHAMIENTO ECONOMICO DEL ESPACIO PUBLICO	10555	MANTENIMIENTO DEL ESPACIO PUBLICO PLAZA Y PLAZOLETA EN ADOQUIN DE CEMENTO / CONCRETO / LOSETAS PARA EL COBRO DE LA RETRIBUCION POR APROVECHAMIENTO ECONOMICO. COSTO DEL MANTENIMIENTO POR M2/MES	M2/MES	163347
Demanda	RETRIBUCION POR APROVECHAMIENTO ECONOMICO DEL ESPACIO PUBLICO	RETRIBUCION POR APROVECHAMIENTO ECONOMICO DEL ESPACIO PUBLICO	10556	MANTENIMIENTO DEL ESPACIO PUBLICO ANDÉN EN ADOQUIN DE CEMENTO / CONCRETO / LOSETAS PARA EL COBRO DE LA RETRIBUCION POR APROVECHAMIENTO ECONOMICO. COSTO DEL MANTENIMIENTO POR M2/MES	M2/MES	143770
Demanda	RETRIBUCION POR APROVECHAMIENTO ECONOMICO DEL ESPACIO PUBLICO	RETRIBUCION POR APROVECHAMIENTO ECONOMICO DEL ESPACIO PUBLICO	10557	MANTENIMIENTO DEL ESPACIO PUBLICO ÁREAS DE PAVIMENTOS FLEXIBLES PARA EL COBRO DE LA RETRIBUCION POR APROVECHAMIENTO ECONOMICO. COSTO DEL MANTENIMIENTO POR M2/DIA	M2/DIA	1404
Demanda	RETRIBUCION POR APROVECHAMIENTO ECONOMICO DEL ESPACIO PUBLICO	RETRIBUCION POR APROVECHAMIENTO ECONOMICO DEL ESPACIO PUBLICO	10558	MANTENIMIENTO PERIODICO DE ESPACIO PUBLICO ADOQUIN DE ARCILLA TRAFICO PESADO SOBRE MORTERO PARA EL COBRO DE LA RETRIBUCION POR APROVECHAMIENTO ECONOMICO (INCLUYE RETIRO Y LIMPIEZA ADOQUÍN y REINSTALACION,TRANSPORTE Y DISPOSICION DE ESCOMBROS A 21KM).	M2	47934
Demanda	RETRIBUCION POR APROVECHAMIENTO ECONOMICO DEL ESPACIO PUBLICO	RETRIBUCION POR APROVECHAMIENTO ECONOMICO DEL ESPACIO PUBLICO	10559	MANTENIMIENTO PREVENTIVO ESPACIO PUBLICO PARA EL COBRO DE LA RETRIBUCION POR APROVECHAMIENTO ECONOMICO (INCLUYE LIMPIEZA E INSTALACION DE SELLO DE ARENA PARA ADOQUÍN)	M2	2147
Demanda	GEOSINTETICOS	GEOMEMBRANAS	10596	NEOPRENO DE 35X25X4,6 CMS - DUREZA 60 SIN REFUERZO (INCLUYE LIMPIEZA DE LA SUPERFICIE CON CHORRO DE AIRE A PRESIÓN, COMPRESOR Y TODOS LOS ELEMENTOS NECESARIOS PARA LA INSTALACIÓN)	UN	321164
Demanda	GEOSINTETICOS	GEOMEMBRANAS	10597	NEOPRENO DE 20X35X4 CMS - DUREZA 60 SIN REFUERZO (INCLUYE LIMPIEZA DE LA SUPERFICIE CON CHORRO DE AIRE A PRESIÓN, COMPRESOR Y TODOS LOS ELEMENTOS NECESARIOS PARA LA INSTALACIÓN)	UN	241030
Demanda	GEOSINTETICOS	GEOMEMBRANAS	10598	NEOPRENO DE 30X35X4 CMS - DUREZA 60 SIN REFUERZO (INCLUYE LIMPIEZA DE LA SUPERFICIE CON CHORRO DE AIRE A PRESIÓN, COMPRESOR Y TODOS LOS ELEMENTOS NECESARIOS PARA LA INSTALACIÓN)	UN	338383
Demanda	GEOSINTETICOS	GEOMEMBRANAS	10599	NEOPRENO DE 50X12X2 CMS - DUREZA 60 SIN REFUERZO (INCLUYE LIMPIEZA DE LA SUPERFICIE CON CHORRO DE AIRE A PRESIÓN, COMPRESOR Y TODOS LOS ELEMENTOS NECESARIOS PARA LA INSTALACIÓN)	UN	120690
Demanda	GEOSINTETICOS	GEOMEMBRANAS	10600	NEOPRENO DE 50X10X2 CMS - DUREZA 60 SIN REFUERZO (INCLUYE LIMPIEZA DE LA SUPERFICIE CON CHORRO DE AIRE A PRESIÓN, COMPRESOR Y TODOS LOS ELEMENTOS NECESARIOS PARA LA INSTALACIÓN)	UN	106783
Demanda	GEOSINTETICOS	GEOMEMBRANAS	10601	NEOPRENO DE 60X30X2 CMS - DUREZA 50 SIN REFUERZO (INCLUYE LIMPIEZA DE LA SUPERFICIE CON CHORRO DE AIRE A PRESIÓN, COMPRESOR Y TODOS LOS ELEMENTOS NECESARIOS PARA LA INSTALACIÓN)	UN	242925
Demanda	GEOSINTETICOS	GEOMEMBRANAS	10602	NEOPRENO DE 30X15X2,5 CMS - DUREZA 50 SIN REFUERZO (INCLUYE LIMPIEZA DE LA SUPERFICIE CON CHORRO DE AIRE A PRESIÓN, COMPRESOR Y TODOS LOS ELEMENTOS NECESARIOS PARA LA INSTALACIÓN)	UN	115474
Demanda	GEOSINTETICOS	GEOMEMBRANAS	10603	NEOPRENO DE 80X50X4 CMS - DUREZA 50 SIN REFUERZO (INCLUYE LIMPIEZA DE LA SUPERFICIE CON CHORRO DE AIRE A PRESIÓN, COMPRESOR Y TODOS LOS ELEMENTOS NECESARIOS PARA LA INSTALACIÓN)	UN	753258
Demanda	GEOSINTETICOS	GEOMEMBRANAS	10604	NEOPRENO DE 40X50X5 CMS - DUREZA 60 CON REFUERZO DE DOS LAMINAS DE 1/4" (INCLUYE LIMPIEZA DE LA SUPERFICIE CON CHORRO DE AIRE A PRESIÓN, COMPRESOR Y TODOS LOS ELEMENTOS NECESARIOS PARA LA INSTALACIÓN)	UN	719270
Demanda	GEOSINTETICOS	GEOMEMBRANAS	10605	NEOPRENO DE 30X30X4 CMS - DUREZA 60 CON REFUERZO DE DOS LAMINAS DE 1/4" (INCLUYE LIMPIEZA DE LA SUPERFICIE CON CHORRO DE AIRE A PRESIÓN, COMPRESOR Y TODOS LOS ELEMENTOS NECESARIOS PARA LA INSTALACIÓN)	UN	395450
Demanda	GEOSINTETICOS	GEOMEMBRANAS	10606	NEOPRENO DE 60X15X1 CMS - DUREZA 60 CON REFUERZO DE DOS LAMINAS DE 1/4" (INCLUYE LIMPIEZA DE LA SUPERFICIE CON CHORRO DE AIRE A PRESIÓN, COMPRESOR Y TODOS LOS ELEMENTOS NECESARIOS PARA LA INSTALACIÓN)	UN	183882
Demanda	GEOSINTETICOS	GEOMEMBRANAS	10607	APOYO FIJO EN NEOPRENO DE 30X50X0,72 CMS - DUREZA 60 CON REFUERZO DE DOS LAMINAS DE 1/4" (INCLUYE LIMPIEZA DE LA SUPERFICIE CON CHORRO DE AIRE A PRESIÓN, COMPRESOR Y TODOS LOS ELEMENTOS NECESARIOS PARA LA INSTALACIÓN)	UN	956857
Demanda	GEOSINTETICOS	GEOMEMBRANAS	10608	APOYO FIJO EN NEOPRENO DE 40X60X0,47 CMS - DUREZA 60 CON REFUERZO DE DOS LAMINAS DE 1/4" (INCLUYE LIMPIEZA DE LA SUPERFICIE CON CHORRO DE AIRE A PRESIÓN, COMPRESOR Y TODOS LOS ELEMENTOS NECESARIOS PARA LA INSTALACIÓN)	UN	871780
Demanda	GEOSINTETICOS	GEOMEMBRANAS	10609	APOYO MÓVIL EN NEOPRENO DE 30X50X0,72 CMS - DUREZA 60 CON REFUERZO DE DOS LAMINAS DE 1/4" (INCLUYE LIMPIEZA DE LA SUPERFICIE CON CHORRO DE AIRE A PRESIÓN, COMPRESOR Y TODOS LOS ELEMENTOS NECESARIOS PARA LA INSTALACIÓN)	UN	965937
Demanda	GEOSINTETICOS	GEOMEMBRANAS	10610	APOYO MÓVIL EN NEOPRENO DE 60X20X1,5 CMS - DUREZA 50 CON REFUERZO DE UNA LAMINA DE 1/8" (INCLUYE LIMPIEZA DE LA SUPERFICIE CON CHORRO DE AIRE A PRESIÓN, COMPRESOR Y TODOS LOS ELEMENTOS NECESARIOS PARA LA INSTALACIÓN)	UN	152459
Demanda	ENSAYOS - LABORATORIOS	ENSAYOS - LABORATORIOS	10611	MEDICION DEL COEFICIENTE DE FRICCION EN ESTRUCTURA DE PAVIMENTO. Incluye movilización, carro escolta del equipo, toma de información, procesamiento, cálculo y entrega de resultados, se incluye el agua para la realización de la prueba. Norma técnica: INVE-815-13 ASTM E2340/E2340M-11(21) ASTM E274-15(20) ASTM F408-21 ASTM E1551-16 (20), ASTM E670-09 (20)	Km-Car	246449
Demanda	REDES ACUEDUCTO	REDES ACUEDUCTO	10612	TUBERIA DE ACERO AL CARBON SIN COSTURA SCH40 D=4". SUMINISTRO E INSTALACION.	ML	198139
Demanda	CONCRETO Y ACERO PARA ESTRUCTURAS	CONCRETO PARA ESTRUCTURAS	10613	VIGA CABEZAL SOBRE PILOTES EN CONCRETO PREMEZCLADO DE 3500 PSI (24 Mpa) (Incluye suministro, formaleteo metalico, bombeo, colocacion y curado. No incluye refuerzo	M3	1000918
Demanda	CONCRETO Y ACERO PARA ESTRUCTURAS	CONCRETO PARA ESTRUCTURAS	10614	VIGA CABEZAL SOBRE COLUMNAS EN CONCRETO PREMEZCLADO DE 3500 PSI (24 Mpa) (Incluye suministro, formaleteo metalico, bombeo, colocacion y curado. No incluye refuerzo)	M3	1004655
Demanda	ARQUEOLOGÍA	ARQUEOLOGÍA	10636	IMPLEMENTACIÓN DE LA FASE DE RESCATE ARQUEOLÓGICO PARA UNA CUADRÍCULA MÍNIMA PARA UN CORTE ARQUEOLÓGICO ( 1m x 1m x 1m) PARA LA IMPLEMENTACIÓN DEL MANEJO DE ARQUEOLOGÍA. (INFORME CON REGISTRO ARQUEOLÓGICO, DIBUJOS, REGISTRO FOTOGRÁFICO Y GEOREFERENCIACIÓN) (INCLUYE ARQUEÓLOGO DE RESCATE, PROFESIONAL SIG Y AYUDANTES).	GLB/MES	26849568
Demanda	ARQUEOLOGÍA	ARQUEOLOGÍA	10637	MONITOREO DE LAS MEDIDAS DE MANEJO APROBADAS PARA LA IMPLEMENTACIÓN DEL PLAN DE MANEJO ARQUEOLÓGICO. (MONITOREO DE ARQUEOLOGÍA PÚBLICA Y DE POZOS DE SONDEO E INFORME CON GEOREFERENCIACIÓN) (INCLUYE ARQUEÓLOGO DE MONITOREO, PROFESIONAL SIG Y AYUDANTES).	GLB/MES	26631155
Demanda	ARQUEOLOGÍA	ARQUEOLOGÍA	10638	EJECUCIÓN DE LABORATORIO DE ARQUEOLOGÍA PARA ANÁLISIS DEL MATERIAL ENCONTRADO DURANTE LA IMPLEMENTACIÓN DEL PLAN DE MANEJO ARQUEOLÓGICO. (LAVADO, CLASIFICACIÓN Y ANÁLISIS DEL MATERIAL ARQUEOLÓGICO E INFORME CON GEOREFERENCIACIÓN) (INCLUYE ARQUEÓLOGO DE LABORATORIO, PROFESIONAL SIG, AYUDANTE Y ESPACIO FÍSICO).	GLB/MES	29947355
Demanda	ARQUEOLOGÍA	ARQUEOLOGÍA	10639	ARQUEOLOGÍA PÚBLICA (SOCIALIZACIÓN DE LA IMPLEMENTACIÓN DEL PLAN DE MANEJO ARQUEOLÓGICO INCLUYE PIEZAS DE COMUNICACIÓN).	GLB/MES	12834
Demanda	RELLENOS Y CAPAS GRANULARES	CAPAS GRANULARES	10888	SUBBASE GRANULAR CLASE A - Gr1 (SBGA_Gr1) ESTABILIZADA CON CEMENTO AL 4% (SUMINISTRO, EXTENDIDO, NIVELACIÓN, HUMEDECIMIENTO Y COMPACTACIÓN CON VIBROCOMPACTADOR), DISTANCIA DE TRANSPORTE A 21 KM	M3	264399
