ORIGEN	GRUPO	CODIGO	NOMBRE	UM	PRECIO
Demanda	CONCRETOS Y MORTEROS PREMEZCLADOS	322	CONCRETO GRAVA COMÚN 2000 PSI 14 MPa (140 Kg/m2)	M3	564303
Demanda	CONCRETOS Y MORTEROS PREMEZCLADOS	323	CONCRETO GRAVA COMÚN 2500 PSI 17 MPa (175 Kg/cm2)	M3	599299
Demanda	CONCRETOS Y MORTEROS PREMEZCLADOS	324	CONCRETO GRAVA COMÚN 3000 PSI  21 MPa (210 Kg/cm2)	M3	603117
Demanda	CONCRETOS Y MORTEROS PREMEZCLADOS	325	CONCRETO GRAVA COMÚN 3500 PSI 24 MPa (245 Kg/cm2)	M3	619564
Demanda	CONCRETOS Y MORTEROS PREMEZCLADOS	326	CONCRETO GRAVA COMÚN 4000 PSI 28 MPa (280 Kg/cm2)	M3	637080
Demanda	CONCRETOS Y MORTEROS PREMEZCLADOS	328	CONCRETO GRAVA COMÚN 5000 PSI 34 MPa (350 Kg/cm2)	M3	663148
Demanda	CONCRETOS Y MORTEROS PREMEZCLADOS	333	CONCRETO GRAVA FINA 3000 PSI 21 MPa (210 Kg/cm2)	M3	616932
Demanda	CONCRETOS Y MORTEROS PREMEZCLADOS	366	MORTERO 2000 PSI 14 MPa (140 Kg/cm2)	M3	724353
Demanda	EQUIPO PESADO	1505	COMPACTADOR DE LLANTAS - MASA SIN LASTRES DE 9 A 11 TONELADAS - INCLUYE OPERARIO Y COMBUSTIBLE	HR	196044
Demanda	ARBOLES-GRAMAS-VEGETACIÓN Y PLANTACIÓN PAISAJÍSTIC	1512	GRAMA	M2	19722
Demanda	FORMALETAS, ANDAMIOS Y ACCESORIOS	1515	FORMALETA METÁLICA SARDINEL	ML/DI	1131
Demanda	MALLAS Y ACEROS PARA REFUERZO	1794	ALAMBRE RECOCIDO No.18	KG	5711
Demanda	LADRILLOS, BLOQUES Y ADOQUINES	2273	LADRILLO TOLETE RECOCIDO 24x12x6	UN	1050
Demanda	AGREGADOS PÉTREOS, BASES Y SUBBASES GRANULARES	2307	ARENA DE PEÑA	M3	82110
Demanda	AGREGADOS PÉTREOS, BASES Y SUBBASES GRANULARES	2308	ARENA DE RIO	M3	133130
Demanda	MARCOS, TAPAS, REJILLAS, HERRAJES Y CAJILLAS	2551	MARCO Y TAPA PARA CAJA DE INSPECCIÓN 0.5x0.5m	UN	224910
Demanda	LADRILLOS, BLOQUES Y ADOQUINES	2798	LADRILLO TOLETE COMUN	UN	850
Demanda	AGREGADOS PÉTREOS, BASES Y SUBBASES GRANULARES	2910	RECEBO COMUN	M3	11900
Demanda	FORMALETAS, ANDAMIOS Y ACCESORIOS	3386	FORMALETA MADERA (CAMILLA  0.73x1.4m, CRUCETA, CERCHA, PARAL CORTO)	M2/MES	12964
Demanda	FORMALETAS, ANDAMIOS Y ACCESORIOS	3995	FORMALETA MADERA PARA TAPAS-CAJAS Y CAMARAS	M2	30615
Demanda	DUCTOS PVC - ELECTRICOS/TELEFONICOS TIPO TDP-DB-EB	4513	DUCTO TELEFONICO LIVIANO PVC TIPO EB D=3"	ML	16925
Demanda	DUCTOS PVC - ELECTRICOS/TELEFONICOS TIPO TDP-DB-EB	4514	DUCTO TELEFONICO LIVIANO PVC TIPO EB D=4"	ML	29139
Demanda	DUCTOS PVC - ELECTRICOS/TELEFONICOS TIPO TDP-DB-EB	4520	DUCTO PVC TIPO TDP D=3"	ML	24074
Demanda	DUCTOS PVC - ELECTRICOS/TELEFONICOS TIPO TDP-DB-EB	4521	DUCTO PVC TIPO TDP D=4"	ML	28524
Demanda	TUBERIAS Y ACCESORIOS DE PVC - ACUEDUCTO	4594	CODO G.RAD. PVC U.M. 90° D=2" RDE 21. NORMA NTC 382	UN	88599
Demanda	TUBERIAS Y ACCESORIOS DE PVC - ACUEDUCTO	4596	CODO G.RAD. PVC U.M. 90° D=4" RDE 21. NORMA NTC 382	UN	176735
Demanda	TUBERIAS Y ACCESORIOS DE PVC - ACUEDUCTO	4598	CODO G.RAD. PVC U.M. 90° D=8" RDE 21. NORMA NTC 382	UN	1323832
Demanda	TUBERIAS Y ACCESORIOS DE PVC - ACUEDUCTO	4600	CODO G.RAD. PVC U.M. 90° D=12" RDE 21. NORMA NTC 382	UN	3907698
Demanda	TUBERIAS Y ACCESORIOS DE PVC - ACUEDUCTO	4608	UNION PVC U.M. D=2". NORMA NTC 382	UN	42792
Demanda	TUBERIAS Y ACCESORIOS DE PVC - ACUEDUCTO	4609	UNION PVC U.M. D=3". NORMA NTC 382	UN	70485
Demanda	TUBERIAS Y ACCESORIOS DE PVC - ACUEDUCTO	4610	UNION PVC U.M. D=4". NORMA NTC 382	UN	102656
Demanda	TUBERIAS Y ACCESORIOS DE PVC - ACUEDUCTO	4611	UNION PVC U.M. D=6". NORMA NTC 382	UN	239697
Demanda	TUBERIAS Y ACCESORIOS DE PVC - ACUEDUCTO	4612	UNION PVC U.M. D=8". NORMA NTC 382	UN	440388
Demanda	TUBERIAS Y ACCESORIOS DE PVC - ACUEDUCTO	4613	UNION PVC U.M. D=10". NORMA NTC 382	UN	786838
Demanda	TUBERIAS Y ACCESORIOS DE PVC - ACUEDUCTO	4614	UNION PVC U.M. D=12". NORMA NTC 382	UN	1219423
Demanda	MATERIALES BÁSICOS	4675	CEMENTO GRIS TIPO III (Bulto x 50 Kg)	UN	32600
Demanda	TUBERÍA Y ACCESORIOS CONDUIT GALVANIZADAS	4694	TUBERIA CONDUIT METALICA RMC D= 1"	ML	40737
Demanda	TUBERÍA Y ACCESORIOS CONDUIT GALVANIZADAS	4697	TUBERIA CONDUIT METALICA RMC D= 1 1/2"	ML	43372
Demanda	MALLAS Y ACEROS PARA REFUERZO	5038	ACERO FIGURADO No. 3 (Ø 3/8") F'y=60000 PSI	KG	4657
Demanda	MALLAS Y ACEROS PARA REFUERZO	5041	ACERO FIGURADO No. 5 (Ø 5/8") F'y=60000 PSI	KG	4665
Demanda	MALLAS Y ACEROS PARA REFUERZO	5042	ACERO FIGURADO No. 6 (Ø 3/4") F'y=60000 PSI	KG	4665
Demanda	CONCRETOS Y MORTEROS PREMEZCLADOS	5056	MORTERO 1500 PSI 10,5 MPa (105 Kg/cm2)	M3	691033
Demanda	COMBUSTIBLES Y LUBRICANTES	5115	A.C.P.M.	GLN	11276
Demanda	LADRILLOS, BLOQUES Y ADOQUINES	5481	BLOQUE PARA CAMARA TELEFONICA ETB	UN	9735
Demanda	EQUIPO LIVIANO Y HERRAMIENTAS	5661	VIBROCOMPACTADORA TIPO RANA - VIBRACIONES POR MINUTO DE 5320 A 5880 - INCLUYE COMBUSTIBLE	DIA	61982
Demanda	EQUIPO PESADO	5890	GRUA EXTENSION PARA POSTES DE BRAZO ARTICULADO. INCLUYE OPERARIO Y COMBUSTIBLE	HR	81813
Demanda	AGREGADOS PÉTREOS, BASES Y SUBBASES GRANULARES	5915	GRAVILLA 1/2"	M3	99960
Demanda	EQUIPO PESADO	6013	MOTONIVELADORA - MASA DE 16 A 18 TONELADAS - POTENCIA DE 93 A 122 KW - INCLUYE OPERARIO Y COMBUSTIBLE	HR	327250
Demanda	EQUIPO PESADO	6026	RETROEXCAVADORA - MASA DE 7 A 9 TONELADAS - POTENCIA DE 74 A 99 HP - INCLUYE OPERARIO Y COMBUSTIBLE.	HR	168662
Demanda	EQUIPO PESADO	6062	VIBROCOMPACTADOR DE CILINDRO LISO - MASA DE 10 A 13 TONELADAS - AMPLITUD DE COMPACTACIÓN  MÁXIMA 2mm - INCLUYE OPERARIO Y COMBUSTIBLE	HR	207611
Demanda	CONCRETOS Y MORTEROS PREMEZCLADOS	6072	CONCRETO MR41	M3	762557
Demanda	CONCRETOS Y MORTEROS PREMEZCLADOS	6073	CONCRETO MR43	M3	777131
Demanda	SUELDOS Y JORNALES 	6087	TARIFA JORNAL - PERSONAL DE OBRA - AYUDANTE (INCLUYE FACTOR DE PRESTACIONES)	JR	97414
Demanda	SUELDOS Y JORNALES 	6088	TARIFA JORNAL - PERSONAL DE OBRA - OFICIAL (INCLUYE FACTOR DE PRESTACIONES)	JR	121212
Demanda	EQUIPO LIVIANO Y HERRAMIENTAS	6092	HERRAMIENTA MENOR	GLB	2000
Demanda	MATERIALES BÁSICOS	6098	AGUA	LT	28
Demanda	CONCRETOS Y MORTEROS PREMEZCLADOS	6107	MORTERO 4000 PSI 28 MPa (280 Kg/cm2)	M3	902020
Demanda	BORDILLOS Y LOSETAS	6109	SARDINEL PREFABRICADO A10 (800x200x500mm)	UN	53256
Demanda	BORDILLOS Y LOSETAS	6115	LOSETA PREFABRICADA A60 (400x200x60mm)	M2	111250
Demanda	BORDILLOS Y LOSETAS	6116	BORDILLO PREFABRICADO A80 (800x200x350mm)	UN	46992
Demanda	BORDILLOS Y LOSETAS	6117	PIEZA REMATE A105 - RAMPA A (800x400x275mm)	UN	83638
Demanda	BORDILLOS Y LOSETAS	6118	SARDINEL ESPECIAL A100 - RAMPA A (600x200x500mm)	UN	49109
Demanda	BORDILLOS Y LOSETAS	6122	BORDE SEPARADOR VERDE A170 (800x300x820mm)	UN	380800
Demanda	TUBERÍA Y ACCESORIOS DE PVC PARA ALCANTARILLADO	6126	TUBERIA PVC U.M. EXT CORRUGADO/INT LISO D=4". NORMA NTC 3722-3	ML	27659
Demanda	TUBERÍA Y ACCESORIOS DE PVC PARA ALCANTARILLADO	6127	TUBERIA PVC U.M. EXT CORRUGADO/INT LISO D=6". NORMA NTC 3722-3	ML	52567
Demanda	TUBERÍA Y ACCESORIOS DE PVC PARA ALCANTARILLADO	6128	TUBERIA PVC U.M. EXT CORRUGADO/INT LISO D=8". NORMA NTC 3722-3	ML	75144
Demanda	TUBERÍA Y ACCESORIOS DE PVC PARA ALCANTARILLADO	6129	TUBERIA PVC U.M. EXT CORRUGADO/INT LISO D=10". NORMA NTC 3722-3	ML	109752
Demanda	TUBERÍA Y ACCESORIOS DE PVC PARA ALCANTARILLADO	6130	TUBERIA PVC U.M. EXT CORRUGADO/INT LISO D=12". NORMA NTC 3722-3	ML	157926
Demanda	TUBERÍA Y ACCESORIOS DE PVC PARA ALCANTARILLADO	6131	TUBERIA PVC U.M. EXT CORRUGADO/INT LISO D=16". NORMA NTC 3722-3	ML	289477
Demanda	TUBERÍA Y ACCESORIOS DE PVC PARA ALCANTARILLADO	6132	TUBERIA PVC U.M. EXT CORRUGADO/INT LISO D=18". NORMA NTC 3722-3	ML	397651
Demanda	TUBERÍA Y ACCESORIOS DE PVC PARA ALCANTARILLADO	6133	TUBERIA PVC U.M. EXT CORRUGADO/INT LISO D=20". NORMA NTC 3722-3	ML	487403
Demanda	EQUIPO LIVIANO Y HERRAMIENTAS	6140	COMPRESOR REMOLCABLE PARA MARTILLOS NEUMATICOS - CAUDAL DE AIRE DE 185 CFM - INCLUYE COMBUSTIBLE	HR	60640
Demanda	PINTURAS	6143	MICROESFERAS REFLECTIVAS	KG	17441
Demanda	TUBERÍA Y ACCESORIOS DE CONCRETO	6147	TUBERIA CONCRETO CL.1 D=6" (15cm)	ML	50397
Demanda	TUBERÍA Y ACCESORIOS DE CONCRETO	6148	TUBERIA CONCRETO CL.1 D=8" (20cm)	ML	84329
Demanda	TUBERÍA Y ACCESORIOS DE CONCRETO	6149	TUBERIA CONCRETO CL.1 D=10" (25cm)	ML	103454
Demanda	TUBERÍA Y ACCESORIOS DE CONCRETO	6150	TUBERIA CONCRETO CL.1 D=12" (30cm)	ML	122921
Demanda	TUBERÍA Y ACCESORIOS DE CONCRETO	6151	TUBERIA CONCRETO CL.1 D=14" (35cm)	ML	154688
Demanda	TUBERÍA Y ACCESORIOS DE CONCRETO	6152	TUBERIA CONCRETO CL.1 D=16" (40cm)	ML	203714
Demanda	TUBERÍA Y ACCESORIOS DE CONCRETO	6153	TUBERIA CONCRETO CL.1 D=18" (45cm)	ML	264383
Demanda	TUBERÍA Y ACCESORIOS DE CONCRETO	6154	TUBERIA CONCRETO CL.1 D=20" (50cm)	ML	342278
Demanda	TUBERÍA Y ACCESORIOS DE CONCRETO	6155	TUBERIA CONCRETO CL.1 D=24" (60cm)	ML	504325
Demanda	TUBERÍA Y ACCESORIOS DE CONCRETO	6156	TUBERIA CONCRETO CL.2 D=6" (15cm)	ML	61154
Demanda	TUBERÍA Y ACCESORIOS DE CONCRETO	6157	TUBERIA CONCRETO CL.2 D=8" (20cm)	ML	103654
Demanda	TUBERÍA Y ACCESORIOS DE CONCRETO	6158	TUBERIA CONCRETO CL.2 D=10" (25cm)	ML	132681
Demanda	TUBERÍA Y ACCESORIOS DE CONCRETO	6159	TUBERIA CONCRETO CL.2 D=12" (30cm)	ML	169311
Demanda	TUBERÍA Y ACCESORIOS DE CONCRETO	6160	TUBERIA CONCRETO CL.2 D=14" (35cm)	ML	224688
Demanda	TUBERÍA Y ACCESORIOS DE CONCRETO	6161	TUBERIA CONCRETO CL.2 D=16" (40cm)	ML	292178
Demanda	TUBERÍA Y ACCESORIOS DE CONCRETO	6162	TUBERIA CONCRETO CL.2 D=18" (45cm)	ML	393530
Demanda	TUBERÍA Y ACCESORIOS DE CONCRETO	6163	TUBERIA CONCRETO CL.2 D=20" (50cm)	ML	471267
Demanda	TUBERÍA Y ACCESORIOS DE CONCRETO	6164	TUBERIA CONCRETO CL.2 D=24"(60cm)	ML	677770
Demanda	TUBERÍA Y ACCESORIOS DE CONCRETO	6165	TUBERIA CONCRETO REF. CL.I D=24" (60cm)	ML	738945
Demanda	TUBERÍA Y ACCESORIOS DE CONCRETO	6166	TUBERIA CONCRETO REF. CL.I D=27" (70cm)	ML	902144
Demanda	TUBERÍA Y ACCESORIOS DE CONCRETO	6167	TUBERIA CONCRETO REF. CL.I D=32" (80cm)	ML	1126691
Demanda	TUBERÍA Y ACCESORIOS DE CONCRETO	6168	TUBERIA CONCRETO REF. CL.I D=36" (90cm)	ML	1417338
Demanda	TUBERÍA Y ACCESORIOS DE CONCRETO	6169	TUBERIA CONCRETO REF. CL.I D=40" (100cm)	ML	1772836
Demanda	TUBERÍA Y ACCESORIOS DE CONCRETO	6170	TUBERIA CONCRETO REF. CL.I D=44" (110cm)	ML	1994913
Demanda	TUBERÍA Y ACCESORIOS DE CONCRETO	6171	TUBERIA CONCRETO REF. CL.I D=48" (120cm)	ML	2327567
Demanda	TUBERÍA Y ACCESORIOS DE CONCRETO	6172	TUBERIA CONCRETO REF. CL.I D=52" (130cm)	ML	2577285
Demanda	TUBERÍA Y ACCESORIOS DE CONCRETO	6173	TUBERIA CONCRETO REF. CL.I D=56" (140cm)	ML	2893384
Demanda	TUBERÍA Y ACCESORIOS DE CONCRETO	6174	TUBERIA CONCRETO REF. CL.I D=60" (150cm)	ML	3213691
Demanda	TUBERÍA Y ACCESORIOS DE CONCRETO	6175	TUBERIA CONCRETO REF. CL.I D=64" (160cm)	ML	3636087
Demanda	TUBERÍA Y ACCESORIOS DE CONCRETO	6176	TUBERIA CONCRETO REF. CL.I D=68" (170cm)	ML	4109880
Demanda	TUBERÍA Y ACCESORIOS DE CONCRETO	6177	TUBERIA CONCRETO REF. CL.I D=72" (180cm)	ML	4636694
Demanda	TUBERÍA Y ACCESORIOS DE CONCRETO	6178	TUBERIA CONCRETO REF. CL.I D=80" (200cm)	ML	5828518
Demanda	TUBERÍA Y ACCESORIOS DE CONCRETO	6179	TUBERIA CONCRETO REF. CL.I D=86" (215cm)	ML	6577314
Demanda	TUBERÍA Y ACCESORIOS DE CONCRETO	6180	TUBERIA CONCRETO REF. CL.I D=92" (230cm)	ML	7402208
Demanda	TUBERÍA Y ACCESORIOS DE CONCRETO	6181	TUBERIA CONCRETO REF. CL.II D=24" (60cm)	ML	738945
Demanda	TUBERÍA Y ACCESORIOS DE CONCRETO	6182	TUBERIA CONCRETO REF. CL.II D=27" (70cm)	ML	928371
Demanda	TUBERÍA Y ACCESORIOS DE CONCRETO	6183	TUBERIA CONCRETO REF. CL.II D=32" (80cm)	ML	1159154
Demanda	TUBERÍA Y ACCESORIOS DE CONCRETO	6184	TUBERIA CONCRETO REF. CL.II D=36" (90cm)	ML	1453800
Demanda	TUBERÍA Y ACCESORIOS DE CONCRETO	6185	TUBERIA CONCRETO REF. CL.II D=40" (100cm)	ML	1819293
Demanda	TUBERÍA Y ACCESORIOS DE CONCRETO	6188	TUBERIA CONCRETO REF. CL.II D=44" (110cm)	ML	2037467
Demanda	TUBERÍA Y ACCESORIOS DE CONCRETO	6189	TUBERIA CONCRETO REF. CL.II D=48" (120cm)	ML	2388257
Demanda	TUBERÍA Y ACCESORIOS DE CONCRETO	6190	TUBERIA CONCRETO REF. CL.II D=52" (130cm)	ML	2650066
Demanda	TUBERÍA Y ACCESORIOS DE CONCRETO	6191	TUBERIA CONCRETO REF. CL.II D=56" (140cm)	ML	2935986
Demanda	TUBERÍA Y ACCESORIOS DE CONCRETO	6192	TUBERIA CONCRETO REF. CL.II D=60" (150cm)	ML	3280521
Demanda	TUBERÍA Y ACCESORIOS DE CONCRETO	6193	TUBERIA CONCRETO REF. CL.II D=64" (160cm)	ML	3729050
Demanda	TUBERÍA Y ACCESORIOS DE CONCRETO	6194	TUBERIA CONCRETO REF. CL.II D=68" (170cm)	ML	4214980
Demanda	TUBERÍA Y ACCESORIOS DE CONCRETO	6195	TUBERIA CONCRETO REF. CL.II D=72" (180cm)	ML	4658828
Demanda	TUBERÍA Y ACCESORIOS DE CONCRETO	6196	TUBERIA CONCRETO REF. CL.II D=80" (200cm)	ML	5856793
Demanda	TUBERÍA Y ACCESORIOS DE CONCRETO	6197	TUBERIA CONCRETO REF. CL.II D=86" (215cm)	ML	6686556
Demanda	TUBERÍA Y ACCESORIOS DE CONCRETO	6198	TUBERIA CONCRETO REF. CL.II D=92" (230cm)	ML	7523684
Demanda	TUBERÍA Y ACCESORIOS DE CONCRETO	6199	TUBERIA CONCRETO REF. CL.III D=24" (60cm)	ML	738945
Demanda	TUBERÍA Y ACCESORIOS DE CONCRETO	6200	TUBERIA CONCRETO REF. CL.III D=27" (70cm)	ML	983206
Demanda	TUBERÍA Y ACCESORIOS DE CONCRETO	6201	TUBERIA CONCRETO REF. CL.III D=32" (80cm)	ML	1225890
Demanda	TUBERÍA Y ACCESORIOS DE CONCRETO	6202	TUBERIA CONCRETO REF. CL.III D=36" (90cm)	ML	1536767
Demanda	TUBERÍA Y ACCESORIOS DE CONCRETO	6203	TUBERIA CONCRETO REF. CL.III D=40" (100cm)	ML	1926441
Demanda	TUBERÍA Y ACCESORIOS DE CONCRETO	6204	TUBERIA CONCRETO REF. CL.III D=44" (110cm)	ML	2154516
Demanda	TUBERÍA Y ACCESORIOS DE CONCRETO	6205	TUBERIA CONCRETO REF. CL.III D=48" (120cm)	ML	2527963
Demanda	TUBERÍA Y ACCESORIOS DE CONCRETO	6206	TUBERIA CONCRETO REF. CL.III D=52" (130cm)	ML	2803909
Demanda	TUBERÍA Y ACCESORIOS DE CONCRETO	6207	TUBERIA CONCRETO REF. CL.III D=56" (140cm)	ML	3101872
Demanda	TUBERÍA Y ACCESORIOS DE CONCRETO	6208	TUBERIA CONCRETO REF. CL.III D=60" (150cm)	ML	3699258
Demanda	TUBERÍA Y ACCESORIOS DE CONCRETO	6209	TUBERIA CONCRETO REF. CL.III D=64" (160cm)	ML	3896935
Demanda	TUBERÍA Y ACCESORIOS DE CONCRETO	6210	TUBERIA CONCRETO REF. CL.III D=68" (170cm)	ML	4407189
Demanda	TUBERÍA Y ACCESORIOS DE CONCRETO	6211	TUBERIA CONCRETO REF. CL.III D=72" (180cm)	ML	5146442
Demanda	TUBERÍA Y ACCESORIOS DE CONCRETO	6212	TUBERIA CONCRETO REF. CL.III D=80" (200cm)	ML	6113690
Demanda	TUBERÍA Y ACCESORIOS DE CONCRETO	6213	TUBERIA CONCRETO REF. CL.III D=86" (215cm)	ML	6862534
Demanda	TUBERÍA Y ACCESORIOS DE CONCRETO	6214	TUBERIA CONCRETO REF. CL.III D=92" (230cm)	ML	7655107
Demanda	TUBERÍA Y ACCESORIOS DE CONCRETO	6215	TUBERIA CONCRETO REF. CL.IV D=24" (60cm)	ML	838048
Demanda	TUBERÍA Y ACCESORIOS DE CONCRETO	6216	TUBERIA CONCRETO REF. CL.IV D=27" (70cm)	ML	1118533
Demanda	TUBERÍA Y ACCESORIOS DE CONCRETO	6217	TUBERIA CONCRETO REF. CL.IV D=32" (80cm)	ML	1401724
Demanda	TUBERÍA Y ACCESORIOS DE CONCRETO	6218	TUBERIA CONCRETO REF. CL.IV D=36" (90cm)	ML	1757012
Demanda	TUBERÍA Y ACCESORIOS DE CONCRETO	6219	TUBERIA CONCRETO REF. CL.IV D=40" (100cm)	ML	2199617
Demanda	TUBERÍA Y ACCESORIOS DE CONCRETO	6220	TUBERIA CONCRETO REF. CL.IV D=44" (110cm)	ML	2462107
Demanda	TUBERÍA Y ACCESORIOS DE CONCRETO	6221	TUBERIA CONCRETO REF. CL.IV D=48" (120cm)	ML	2888247
Demanda	TUBERÍA Y ACCESORIOS DE CONCRETO	6222	TUBERIA CONCRETO REF. CL.IV D=52" (130cm)	ML	3228644
Demanda	TUBERÍA Y ACCESORIOS DE CONCRETO	6223	TUBERIA CONCRETO REF. CL.IV D=56" (140cm)	ML	3421411
Demanda	TUBERÍA Y ACCESORIOS DE CONCRETO	6224	TUBERIA CONCRETO REF. CL.IV D=60" (150cm)	ML	3919646
Demanda	TUBERÍA Y ACCESORIOS DE CONCRETO	6225	TUBERIA CONCRETO REF. CL.IV D=64" (160cm)	ML	4457282
Demanda	TUBERÍA Y ACCESORIOS DE CONCRETO	6226	TUBERIA CONCRETO REF. CL.IV D=68" (170cm)	ML	5044410
Demanda	TUBERÍA Y ACCESORIOS DE CONCRETO	6227	TUBERIA CONCRETO REF. CL.IV D=72" (180cm)	ML	5640197
Demanda	TUBERÍA Y ACCESORIOS DE CONCRETO	6228	TUBERIA CONCRETO REF. CL.IV D=80" (200cm)	ML	6991767
Demanda	TUBERÍA Y ACCESORIOS DE CONCRETO	6229	TUBERIA CONCRETO REF. CL.IV D=86" (215cm)	ML	8383687
Demanda	TUBERÍA Y ACCESORIOS DE CONCRETO	6230	TUBERIA CONCRETO REF. CL.IV D=92" (230cm)	ML	9160076
Demanda	TUBERÍA Y ACCESORIOS DE CONCRETO	6236	YEE CONCRETO 8" x 6" x 0.60m	UN	141233
Demanda	TUBERÍA Y ACCESORIOS DE CONCRETO	6237	YEE CONCRETO 10" x 6" x 1.25m	UN	248638
Demanda	TUBERÍA Y ACCESORIOS DE CONCRETO	6238	YEE CONCRETO 12" x 6" x 1.25m	UN	319056
Demanda	TUBERÍA Y ACCESORIOS DE CONCRETO	6239	YEE CONCRETO 14" x 6" x 1.25m	UN	380479
Demanda	TUBERÍA Y ACCESORIOS DE CONCRETO	6240	YEE CONCRETO 16" x 6" x 1.25m	UN	486203
Demanda	TUBERÍA Y ACCESORIOS DE CONCRETO	6241	YEE CONCRETO 18" x 6" x 1.25m	UN	572448
Demanda	TUBERÍA Y ACCESORIOS DE CONCRETO	6242	YEE CONCRETO 20" x 6" x 1.25m	UN	690278
Demanda	TUBERÍA Y ACCESORIOS DE CONCRETO	6243	YEE CONCRETO 24" x 6" x 1.25m	UN	1026295
Demanda	TUBERIAS Y ACCESORIOS DE PVC - ACUEDUCTO	6257	TUBERIA PVC U.M. D=2" RDE 21. NORMA NTC 382	ML	19650
Demanda	TUBERIAS Y ACCESORIOS DE PVC - ACUEDUCTO	6258	TUBERIA PVC U.M. D=2 1/2" RDE 21. NORMA NTC 382	ML	29250
Demanda	TUBERIAS Y ACCESORIOS DE PVC - ACUEDUCTO	6259	TUBERIA PVC U.M. D=3" RDE 21. NORMA NTC 382	ML	51431
Demanda	TUBERIAS Y ACCESORIOS DE PVC - ACUEDUCTO	6260	TUBERIA PVC U.M. D=4" RDE 21. NORMA NTC 382	ML	64984
Demanda	TUBERIAS Y ACCESORIOS DE PVC - ACUEDUCTO	6261	TUBERIA PVC U.M. D=6" RDE 21. NORMA NTC 382	ML	133504
Demanda	TUBERIAS Y ACCESORIOS DE PVC - ACUEDUCTO	6262	TUBERIA PVC U.M. D=8" RDE 21. NORMA NTC 382	ML	226138
Demanda	TUBERIAS Y ACCESORIOS DE PVC - ACUEDUCTO	6263	TUBERIA PVC U.M. D=10" RDE 21. NORMA NTC 382	ML	355986
Demanda	TUBERIAS Y ACCESORIOS DE PVC - ACUEDUCTO	6264	TUBERIA PVC U.M. D=12" RDE 21. NORMA NTC 382	ML	498094
Demanda	TUBERIAS Y ACCESORIOS DE PVC - ACUEDUCTO	6265	TUBERIA PVC U.M. D=2" RDE 26. NORMA NTC 382	ML	16305
Demanda	TUBERIAS Y ACCESORIOS DE PVC - ACUEDUCTO	6266	TUBERIA PVC U.M. D=3" RDE 26. NORMA NTC 382	ML	42650
Demanda	TUBERIAS Y ACCESORIOS DE PVC - ACUEDUCTO	6267	TUBERIA PVC U.M. D=2 1/2" RDE 26. NORMA NTC 382	ML	24300
Demanda	TUBERIAS Y ACCESORIOS DE PVC - ACUEDUCTO	6268	TUBERIA PVC U.M. D=4" RDE 26. NORMA NTC 382	ML	54714
Demanda	TUBERIAS Y ACCESORIOS DE PVC - ACUEDUCTO	6269	TUBERIA PVC U.M. D=6" RDE 26. NORMA NTC 382	ML	109342
Demanda	TUBERIAS Y ACCESORIOS DE PVC - ACUEDUCTO	6270	TUBERIA PVC U.M. D=8" RDE 26. NORMA NTC 382	ML	186019
Demanda	TUBERIAS Y ACCESORIOS DE PVC - ACUEDUCTO	6271	TUBERIA PVC U.M. D=10" RDE 26. NORMA NTC 382	ML	289540
Demanda	TUBERIAS Y ACCESORIOS DE PVC - ACUEDUCTO	6272	TUBERIA PVC U.M. D=12" RDE 26. NORMA NTC 382	ML	426706
Demanda	TUBERIAS Y ACCESORIOS DE PVC - ACUEDUCTO	6273	TUBERIA PVC U.M. D=3" RDE 32.5. NORMA NTC 382	ML	34368
Demanda	TUBERIAS Y ACCESORIOS DE PVC - ACUEDUCTO	6274	TUBERIA PVC U.M. D=4" RDE 32.5. NORMA NTC 382	ML	43680
Demanda	TUBERIAS Y ACCESORIOS DE PVC - ACUEDUCTO	6275	TUBERIA PVC U.M. D=6" RDE 32.5. NORMA NTC 382	ML	89215
Demanda	TUBERIAS Y ACCESORIOS DE PVC - ACUEDUCTO	6276	TUBERIA PVC U.M. D=8" RDE 32.5. NORMA NTC 382	ML	151802
Demanda	TUBERIAS Y ACCESORIOS DE PVC - ACUEDUCTO	6277	TUBERIA PVC U.M. D=10" RDE 32.5. NORMA NTC 382	ML	237290
Demanda	TUBERIAS Y ACCESORIOS DE PVC - ACUEDUCTO	6278	TUBERIA PVC U.M. D=12" RDE 32.5. NORMA NTC 382	ML	349472
Demanda	TUBERIAS Y ACCESORIOS DE PVC - ACUEDUCTO	6279	TUBERIA PVC U.M. D=4" RDE 41. NORMA NTC 382	ML	33921
Demanda	TUBERIAS Y ACCESORIOS DE PVC - ACUEDUCTO	6280	TUBERIA PVC U.M. D=6" RDE 41. NORMA NTC 382	ML	71911
Demanda	TUBERIAS Y ACCESORIOS DE PVC - ACUEDUCTO	6281	TUBERIA PVC U.M. D=8" RDE 41. NORMA NTC 382	ML	121461
Demanda	TUBERIAS Y ACCESORIOS DE PVC - ACUEDUCTO	6282	TUBERIA PVC U.M. D=10" RDE 41. NORMA NTC 382	ML	189934
Demanda	TUBERIAS Y ACCESORIOS DE PVC - ACUEDUCTO	6283	TUBERIA PVC U.M. D=12" RDE 41. NORMA NTC 382	ML	264191
Demanda	CONCRETOS Y MORTEROS PREMEZCLADOS	6285	CONCRETO GRAVA COMÚN 1500 PSI 10.5 MPa (105 Kg/cm2)	M3	547199
Demanda	POSTES Y ALUMBRADO PUBLICO	6295	POSTE EN CONCRETO LA, H=8m, CR=510 KG	UN	584290
Demanda	POSTES Y ALUMBRADO PUBLICO	6296	POSTE EN CONCRETO LA, H=8m, CR=750 KG	UN	729470
Demanda	POSTES Y ALUMBRADO PUBLICO	6297	POSTE EN CONCRETO LA, H=8m, CR=1050 KG	UN	980560
Demanda	POSTES Y ALUMBRADO PUBLICO	6298	POSTE EN CONCRETO AP, H=8m, CR=510 KG	UN	800000
Demanda	POSTES Y ALUMBRADO PUBLICO	6303	POSTE EN CONCRETO LA, H=10m, CR=510 KG	UN	759220
Demanda	POSTES Y ALUMBRADO PUBLICO	6304	POSTE EN CONCRETO LA, H=10m, CR=750 KG	UN	917490
Demanda	POSTES Y ALUMBRADO PUBLICO	6305	POSTE EN CONCRETO LA, H=10m, CR=1050 KG	UN	1276823
Demanda	POSTES Y ALUMBRADO PUBLICO	6306	POSTE EN CONCRETO AP, H=10m, CR=510 KG	UN	807508
Demanda	POSTES Y ALUMBRADO PUBLICO	6307	POSTE EN CONCRETO AP, H=10m, CR=750 KG	UN	1248072
Demanda	POSTES Y ALUMBRADO PUBLICO	6308	POSTE EN CONCRETO AP, H=10m, CR=1050 KG	UN	1382185
Demanda	POSTES Y ALUMBRADO PUBLICO	6309	POSTE EN CONCRETO LA, H=12m, CR=510 KG	UN	994840
Demanda	POSTES Y ALUMBRADO PUBLICO	6310	POSTE EN CONCRETO LA, H=12m, CR=750 KG	UN	1296000
Demanda	POSTES Y ALUMBRADO PUBLICO	6311	POSTE EN CONCRETO LA, H=12m, CR=1050 KG	UN	2000000
Demanda	POSTES Y ALUMBRADO PUBLICO	6312	POSTE EN CONCRETO AP, H=12m, CR=510 KG	UN	1352078
Demanda	POSTES Y ALUMBRADO PUBLICO	6314	POSTE EN CONCRETO AP, H=12m, CR=1050 KG	UN	2000000
Demanda	POSTES Y ALUMBRADO PUBLICO	6315	POSTE EN CONCRETO LA, H=14m, CR=750 KG	UN	1806420
Demanda	POSTES Y ALUMBRADO PUBLICO	6316	POSTE EN CONCRETO LA, H=14m, CR=1050 KG	UN	2290750
Demanda	POSTES Y ALUMBRADO PUBLICO	6317	POSTE EN CONCRETO LA, H=14m, CR=1350 KG	UN	2696540
Demanda	POSTES Y ALUMBRADO PUBLICO	6318	POSTE EN CONCRETO AP, H=14m, CR=750 KG	UN	2096542
Demanda	POSTES Y ALUMBRADO PUBLICO	6319	POSTE EN CONCRETO AP, H=14m, CR=1050 KG	UN	2782161
Demanda	POSTES Y ALUMBRADO PUBLICO	6320	POSTE EN CONCRETO AP, H=14m, CR=1350 KG	UN	3486938
Demanda	POSTES Y ALUMBRADO PUBLICO	6324	POSTE METALICO H=12m BRAZO DOBLE (PINTADO)	UN	4983839
Demanda	POSTES Y ALUMBRADO PUBLICO	6326	POSTE METALICO H=10m BRAZO DOBLE (PINTADO)	UN	4292330
Demanda	POSTES Y ALUMBRADO PUBLICO	6327	POSTE METALICO GALVANIZADO PEATONAL M130 H=6m BRAZO SENCILLO	UN	1553188
Demanda	POSTES Y ALUMBRADO PUBLICO	6328	POSTE METALICO GALVANIZADO PEATONAL M130 H=6m BRAZO DOBLE	UN	1682601
Demanda	POSTES Y ALUMBRADO PUBLICO	6329	LUMINARIA DE SODIO 70W, 208/220V PARA AP	UN	214200
Demanda	MOBILIARIO URBANO Y DE PARQUES	6332	CANECA EN MALLA METALICA M120	UN	449820
Demanda	MOBILIARIO URBANO Y DE PARQUES	6333	BANCA EN CONCRETO CON ESPALDAR M30	UN	856800
Demanda	MOBILIARIO URBANO Y DE PARQUES	6334	BOLARDO EN CONCRETO M60	UN	157981
Demanda	MOBILIARIO URBANO Y DE PARQUES	6335	BOLARDO ALTO EN HIERRO M63	UN	237405
Demanda	MOBILIARIO URBANO Y DE PARQUES	6337	CICLO-PARQUEADERO M100	UN	714000
Demanda	EQUIPO LIVIANO Y HERRAMIENTAS	6356	REGLA VIBRATORIA A GASOLINA. INCLUYE COMBUSTIBLE	DIA	65006
Demanda	ACCESORIOS HD PARA REDES DE ACUEDUCTO	6370	TEE HD E.L. D=6" x 2"	UN	848470
Demanda	ACCESORIOS HD PARA REDES DE ACUEDUCTO	6371	TEE HD E.L. D=6" x 3"	UN	813960
Demanda	ACCESORIOS HD PARA REDES DE ACUEDUCTO	6372	TEE HD E.L. D=6" x 4"	UN	773500
Demanda	ACCESORIOS HD PARA REDES DE ACUEDUCTO	6373	TEE HD E.L. D=6" x 6"	UN	967470
Demanda	ACCESORIOS HD PARA REDES DE ACUEDUCTO	6375	TEE HD E.L. D=8" x 2"	UN	1238790
Demanda	ACCESORIOS HD PARA REDES DE ACUEDUCTO	6376	TEE HD E.L. D=8" x 3"	UN	1367310
Demanda	ACCESORIOS HD PARA REDES DE ACUEDUCTO	6377	TEE HD E.L. D=8" x 4"	UN	1549380
Demanda	ACCESORIOS HD PARA REDES DE ACUEDUCTO	6378	TEE HD E.L. D=8" x 6"	UN	1620780
Demanda	ACCESORIOS HD PARA REDES DE ACUEDUCTO	6379	TEE HD E.L. D=8" x 8"	UN	1689800
Demanda	ACCESORIOS HD PARA REDES DE ACUEDUCTO	6380	TEE HD E.L. D=10" x 2"	UN	1793330
Demanda	ACCESORIOS HD PARA REDES DE ACUEDUCTO	6381	TEE HD E.L. D=10" x 3"	UN	2169370
Demanda	ACCESORIOS HD PARA REDES DE ACUEDUCTO	6382	TEE HD E.L. D=10" x 4"	UN	2251480
Demanda	ACCESORIOS HD PARA REDES DE ACUEDUCTO	6383	TEE HD E.L. D=10" x 6"	UN	2468060
Demanda	ACCESORIOS HD PARA REDES DE ACUEDUCTO	6384	TEE HD E.L. D=10" x 8"	UN	2738190
Demanda	ACCESORIOS HD PARA REDES DE ACUEDUCTO	6385	TEE HD E.L. D=10" x 10"	UN	3336760
Demanda	ACCESORIOS HD PARA REDES DE ACUEDUCTO	6387	TEE HD E.L. D=12" x 3"	UN	2142000
Demanda	ACCESORIOS HD PARA REDES DE ACUEDUCTO	6388	TEE HD E.L. D=12" x 4"	UN	2773890
Demanda	ACCESORIOS HD PARA REDES DE ACUEDUCTO	6389	TEE HD E.L. D=12" x 6"	UN	2308600
Demanda	ACCESORIOS HD PARA REDES DE ACUEDUCTO	6390	TEE HD E.L. D=12" x 8"	UN	2778650
Demanda	ACCESORIOS HD PARA REDES DE ACUEDUCTO	6391	TEE HD E.L. D=12" x 10"	UN	3790150
Demanda	ACCESORIOS HD PARA REDES DE ACUEDUCTO	6392	TEE HD E.L. D=12" x 12"	UN	4199510
Demanda	ACCESORIOS HD PARA REDES DE ACUEDUCTO	6393	TEE HD E.L. D=24" x 8"	UN	10579100
Demanda	ACCESORIOS HD PARA REDES DE ACUEDUCTO	6394	TEE HD E.L. D=24" x 10"	UN	10959900
Demanda	ACCESORIOS HD PARA REDES DE ACUEDUCTO	6395	TEE HD E.L. D=24" x 12"	UN	12828200
Demanda	ACCESORIOS HD PARA REDES DE ACUEDUCTO	6396	TEE HD E.L. D=24" x 14"	UN	13458900
Demanda	ACCESORIOS HD PARA REDES DE ACUEDUCTO	6397	TEE HD E.L. D=24" x 16"	UN	14422800
Demanda	ACCESORIOS HD PARA REDES DE ACUEDUCTO	6398	TEE HD E.L. D=24" x 18"	UN	14839300
Demanda	ACCESORIOS HD PARA REDES DE ACUEDUCTO	6399	TEE HD E.L. D=24" x 20"	UN	15791300
Demanda	ACCESORIOS HD PARA REDES DE ACUEDUCTO	6400	TEE HD E.L. D=24" x 24"	UN	16798040
Demanda	ACCESORIOS HD PARA REDES DE ACUEDUCTO	6401	TEE HD E.L. D=4" x 3"	UN	484330
Demanda	ACCESORIOS HD PARA REDES DE ACUEDUCTO	6402	TEE HD E.L. D=4" x 4"	UN	568820
Demanda	ACCESORIOS HD PARA REDES DE ACUEDUCTO	6404	CODO HD E.L. 90° D=2"	UN	146370
Demanda	ACCESORIOS HD PARA REDES DE ACUEDUCTO	6405	CODO HD E.L. 90° D=3"	UN	210630
Demanda	ACCESORIOS HD PARA REDES DE ACUEDUCTO	6406	CODO HD E.L. 90° D=4"	UN	327250
Demanda	ACCESORIOS HD PARA REDES DE ACUEDUCTO	6407	CODO HD E.L. 90° D=6"	UN	704480
Demanda	ACCESORIOS HD PARA REDES DE ACUEDUCTO	6408	CODO HD E.L. 90° D=8"	UN	1306620
Demanda	ACCESORIOS HD PARA REDES DE ACUEDUCTO	6409	CODO HD E.L. 90° D=10"	UN	2288370
Demanda	ACCESORIOS HD PARA REDES DE ACUEDUCTO	6410	CODO HD E.L. 90° D=12"	UN	2900030
Demanda	ACCESORIOS HD PARA REDES DE ACUEDUCTO	6411	CODO HD E.L. 90° D=14"	UN	6461700
Demanda	ACCESORIOS HD PARA REDES DE ACUEDUCTO	6412	CODO HD E.L. 90° D=16"	UN	8068200
Demanda	ACCESORIOS HD PARA REDES DE ACUEDUCTO	6413	CODO HD E.L. 90° D=18"	UN	9305800
Demanda	ACCESORIOS HD PARA REDES DE ACUEDUCTO	6414	CODO HD E.L. 90° D=20"	UN	13042400
Demanda	ACCESORIOS HD PARA REDES DE ACUEDUCTO	6416	CODO HD E.L. 45° D=2"	UN	170170
Demanda	ACCESORIOS HD PARA REDES DE ACUEDUCTO	6417	CODO HD E.L. 45° D=3"	UN	208250
Demanda	ACCESORIOS HD PARA REDES DE ACUEDUCTO	6418	CODO HD E.L. 45° D=4"	UN	315350
Demanda	ACCESORIOS HD PARA REDES DE ACUEDUCTO	6419	CODO HD E.L. 45° D=6"	UN	592620
Demanda	ACCESORIOS HD PARA REDES DE ACUEDUCTO	6420	CODO HD E.L. 45° D=8"	UN	1234030
Demanda	ACCESORIOS HD PARA REDES DE ACUEDUCTO	6421	CODO HD E.L. 45° D=10"	UN	2119390
Demanda	ACCESORIOS HD PARA REDES DE ACUEDUCTO	6422	CODO HD E.L. 45° D=12"	UN	2658460
Demanda	ACCESORIOS HD PARA REDES DE ACUEDUCTO	6423	CODO HD E.L. 45° D=14"	UN	4129300
Demanda	ACCESORIOS HD PARA REDES DE ACUEDUCTO	6424	CODO HD E.L. 45° D=16"	UN	6021400
Demanda	ACCESORIOS HD PARA REDES DE ACUEDUCTO	6425	CODO HD E.L. 45° D=18"	UN	7996800
Demanda	ACCESORIOS HD PARA REDES DE ACUEDUCTO	6426	CODO HD E.L. 45° D=20"	UN	10126900
Demanda	ACCESORIOS HD PARA REDES DE ACUEDUCTO	6430	CODO HD E.L. 22.5° D=4"	UN	278460
Demanda	ACCESORIOS HD PARA REDES DE ACUEDUCTO	6431	CODO HD E.L. 22.5° D=6"	UN	564060
Demanda	ACCESORIOS HD PARA REDES DE ACUEDUCTO	6434	CODO HD E.L. 22.5° D=12"	UN	2344300
Demanda	ACCESORIOS HD PARA REDES DE ACUEDUCTO	6440	CODO HD E.L. 11.25° D=2"	UN	130900
Demanda	ACCESORIOS HD PARA REDES DE ACUEDUCTO	6441	CODO HD E.L. 11.25° D=3"	UN	195160
Demanda	ACCESORIOS HD PARA REDES DE ACUEDUCTO	6442	CODO HD E.L. 11.25° D=4"	UN	257040
Demanda	ACCESORIOS HD PARA REDES DE ACUEDUCTO	6443	CODO HD E.L. 11.25° D=6"	UN	492660
Demanda	ACCESORIOS HD PARA REDES DE ACUEDUCTO	6446	CODO HD E.L. 11.25° D=12"	UN	1987300
Demanda	ACCESORIOS HD PARA REDES DE ACUEDUCTO	6454	UNION REPARACION HD E.L. D=6"	UN	263915
Demanda	ACCESORIOS HD PARA REDES DE ACUEDUCTO	6455	UNION REPARACION HD E.L. D=8"	UN	420951
Demanda	ACCESORIOS HD PARA REDES DE ACUEDUCTO	6456	UNION REPARACION HD E.L. D=10"	UN	931151
Demanda	ACCESORIOS HD PARA REDES DE ACUEDUCTO	6457	UNION REPARACION HD E.L. D=12"	UN	1120879
Demanda	ACCESORIOS HD PARA REDES DE ACUEDUCTO	6458	UNION REPARACION HD E.L. D=14"	UN	1351869
Demanda	ACCESORIOS HD PARA REDES DE ACUEDUCTO	6459	UNION REPARACION HD E.L. D=16"	UN	1455859
Demanda	ACCESORIOS HD PARA REDES DE ACUEDUCTO	6462	TAPON HD E.L. D=4"	UN	179690
Demanda	ACCESORIOS HD PARA REDES DE ACUEDUCTO	6463	TAPON HD E.L. D=6"	UN	411740
Demanda	ACCESORIOS HD PARA REDES DE ACUEDUCTO	6464	TAPON HD E.L. D=8"	UN	828240
Demanda	DUCTOS PVC - ELECTRICOS/TELEFONICOS TIPO TDP-DB-EB	6472	TUBERIA CONDUIT PVC D=1"	ML	5567
Demanda	DUCTOS PVC - ELECTRICOS/TELEFONICOS TIPO TDP-DB-EB	6473	TUBERIA CONDUIT PVC D=1 1/4"	ML	8609
Demanda	DUCTOS PVC - ELECTRICOS/TELEFONICOS TIPO TDP-DB-EB	6474	TUBERIA CONDUIT PVC D=1 1/2"	ML	10973
Demanda	DUCTOS PVC - ELECTRICOS/TELEFONICOS TIPO TDP-DB-EB	6475	TUBERIA CONDUIT PVC D=2"	ML	16880
Demanda	ACCESORIOS HD PARA REDES DE ACUEDUCTO	6476	VALVULA HD COMPUERTA ELASTICA VNA E.L. D=2"	UN	602140
Demanda	ACCESORIOS HD PARA REDES DE ACUEDUCTO	6477	VALVULA HD COMPUERTA ELASTICA VNA E.L. D=3"	UN	857990
Demanda	ACCESORIOS HD PARA REDES DE ACUEDUCTO	6479	VALVULA HD COMPUERTA ELASTICA VNA E.L. D=6"	UN	2193170
Demanda	ACCESORIOS HD PARA REDES DE ACUEDUCTO	6480	VALVULA HD COMPUERTA ELASTICA VNA E.L. D=8"	UN	3712800
Demanda	ACCESORIOS HD PARA REDES DE ACUEDUCTO	6481	HIDRANTE TIPO TRAFICO E.B D=3". DOS SALIDAS DE 2 1/2"	UN	4358970
Demanda	ACCESORIOS HD PARA REDES DE ACUEDUCTO	6482	HIDRANTE TIPO TRAFICO E.B D=4". TRES SALIDAS, DOS DE 2 1/2" Y UNA DE 4 1/2"	UN	6092800
Demanda	ACCESORIOS HD PARA REDES DE ACUEDUCTO	6483	HIDRANTE TIPO TRAFICO E.B D=6". TRES SALIDAS, DOS DE 2 1/2" Y UNA DE 4 1/2"	UN	8772680
Demanda	ACCESORIOS HD PARA REDES DE ACUEDUCTO	6484	HIDRANTE TIPO POSTE E.B D=4". TRES SALIDAS, DOS DE 2 1/2" Y UNA DE 4 1/2"	UN	3102330
Demanda	ACCESORIOS HD PARA REDES DE ACUEDUCTO	6485	HIDRANTE TIPO POSTE E.B D=6". TRES SALIDAS, DOS DE 2 1/2" Y UNA DE 4 1/2"	UN	3316530
Demanda	EQUIPO PESADO	6507	TERMINADORA DE ASFALTO - ANCHO DE PAVIMENTACIÓN ESTÁNDAR DE 2 A 6m - VOLUMEN DE LA TOLVA DE 5 A 8 M3 - INCLUYE OPERARIO Y COMBUSTIBLE	HR	311238
Demanda	TUBERIAS Y ACCESORIOS DE PVC - ACUEDUCTO	6527	UNION REPARACION PVC U.M. D=6". NORMA NTC 382	UN	267400
Demanda	TUBERIAS Y ACCESORIOS DE PVC - ACUEDUCTO	6528	UNION REPARACION PVC U.M. D=8". NORMA NTC 382	UN	491665
Demanda	TUBERIAS Y ACCESORIOS DE PVC - ACUEDUCTO	6530	UNION REPARACION PVC U.M. D=12". NORMA NTC 382	UN	1537259
Demanda	MOBILIARIO URBANO Y DE PARQUES	6534	BANCA EN CONCRETO SIN ESPALDAR M31	UN	474810
Demanda	MOBILIARIO URBANO Y DE PARQUES	6535	BANCA MODULAR EN CONCRETO M40	UN	226100
Demanda	DUCTOS PVC - ELECTRICOS/TELEFONICOS TIPO TDP-DB-EB	6539	ADAPTADOR TERMINAL CAMPANA PVC D=3"	UN	9100
Demanda	DUCTOS PVC - ELECTRICOS/TELEFONICOS TIPO TDP-DB-EB	6540	ADAPTADOR TERMINAL CAMPANA PVC D=4"	UN	17600
Demanda	MARCOS, TAPAS, REJILLAS, HERRAJES Y CAJILLAS	6543	MARCO Y TAPA CAJA PASO SENCILLA ANDEN ETB	UN	394464
Demanda	MARCOS, TAPAS, REJILLAS, HERRAJES Y CAJILLAS	6545	MARCO Y TAPAS CAJA PASO DOBLE ANDEN ETB	UN	681540
Demanda	SEÑALES, BARRERAS Y DEMARCACIÓN VIAL	6551	SEÑAL DOBLE CARA PARA CICLORUTA PARAL 3m	UN	575069
Demanda	SEÑALES, BARRERAS Y DEMARCACIÓN VIAL	6552	SEÑAL DE TRANSITO GRUPO I (60x60cm) POSTE 3.5m	UN	400124
Demanda	SEÑALES, BARRERAS Y DEMARCACIÓN VIAL	6553	SEÑAL DE TRANSITO GRUPO I (75x75cm) POSTE 3.5m	UN	520664
Demanda	SEÑALES, BARRERAS Y DEMARCACIÓN VIAL	6554	SEÑAL DE TRANSITO GRUPO I (90x90cm) POSTE 3.5m	UN	701498
Demanda	SEÑALES, BARRERAS Y DEMARCACIÓN VIAL	6555	TACHON EN CONCRETO 0.4x0.15x0.08m	UN	58505
Demanda	SEÑALES, BARRERAS Y DEMARCACIÓN VIAL	6556	TACHA REFLECTIVA UNIDIRECCIONAL, NO INCLUYE ELEMENTOS DE ANCLAJE	UN	8923
Demanda	TUBERIAS Y ACCESORIOS DE PVC - ACUEDUCTO	6559	ADAPTADOR MACHO PVC E.L. D=2"	UN	8716
Demanda	TUBERIAS Y ACCESORIOS DE PVC - ACUEDUCTO	6560	ADAPTADOR MACHO PVC E.L. D=3"	UN	34260
Demanda	TUBERIAS Y ACCESORIOS DE PVC - ACUEDUCTO	6561	ADAPTADOR MACHO PVC E.L  D=4"	UN	63022
Demanda	EQUIPO PESADO	6567	CARROTANQUE IRRIGADOR DE AGUA - HORA	HR	114404
Demanda	AGREGADOS PÉTREOS, BASES Y SUBBASES GRANULARES	6578	TRITURADO 3/4"	M3	99960
Demanda	AGREGADOS PÉTREOS, BASES Y SUBBASES GRANULARES	6624	RAJÓN SUELTO > = 12" (30 - 50 cm)	M3	61285
Demanda	EQUIPO LIVIANO Y HERRAMIENTAS	6625	MEZCLADORA DE CONCRETO (1,5 BULTOS) - INCLUYE COMBUSTIBLE	DIA	74066
Demanda	POSTES Y ALUMBRADO PUBLICO	6629	FOTOCELDA CON BASE	UN	48490
Demanda	POSTES Y ALUMBRADO PUBLICO	6636	POSTE METALICO H=10m BRAZO SENCILLO (PINTADO)	UN	4130371
Demanda	TUBERIAS Y ACCESORIOS DE PVC - ACUEDUCTO	6645	CODO G.RAD. PVC U.M. 90° D=2 1/2" RDE 21. NORMA NTC 382	UN	95971
Demanda	TUBERIAS Y ACCESORIOS DE PVC - ACUEDUCTO	6646	CODO G.RAD. PVC U.M. 90° D=3" RDE 21. NORMA NTC 382	UN	133412
Demanda	TUBERIAS Y ACCESORIOS DE PVC - ACUEDUCTO	6647	CODO G.RAD. PVC U.M. 90° D=6" RDE 21. NORMA NTC 382	UN	361384
Demanda	TUBERIAS Y ACCESORIOS DE PVC - ACUEDUCTO	6648	CODO G.RAD. PVC U.M. 90° D=10" RDE 21. NORMA NTC 382	UN	2879273
Demanda	TUBERIAS Y ACCESORIOS DE PVC - ACUEDUCTO	6649	CODO G.RAD. PVC U.M. 45° D=2 1/2" RDE 21. NORMA NTC 382	UN	110061
Demanda	TUBERIAS Y ACCESORIOS DE PVC - ACUEDUCTO	6650	CODO G.RAD. PVC U.M. 45° D=2" RDE 21. NORMA NTC 382	UN	85021
Demanda	TUBERIAS Y ACCESORIOS DE PVC - ACUEDUCTO	6651	CODO G.RAD. PVC U.M. 45° D=3" RDE 21. NORMA NTC 382	UN	126615
Demanda	TUBERIAS Y ACCESORIOS DE PVC - ACUEDUCTO	6652	CODO G.RAD. PVC U.M. 45° D=4" RDE 21. NORMA NTC 382	UN	167099
Demanda	TUBERIAS Y ACCESORIOS DE PVC - ACUEDUCTO	6653	CODO G.RAD. PVC U.M. 45° D=6" RDE 21. NORMA NTC 382	UN	313678
Demanda	TUBERIAS Y ACCESORIOS DE PVC - ACUEDUCTO	6654	CODO G.RAD. PVC U.M. 45° D=8" RDE 21. NORMA NTC 382	UN	879529
Demanda	TUBERIAS Y ACCESORIOS DE PVC - ACUEDUCTO	6655	CODO G.RAD. PVC U.M. 45° D=10" RDE 21. NORMA NTC 382	UN	1883600
Demanda	TUBERIAS Y ACCESORIOS DE PVC - ACUEDUCTO	6656	CODO G.RAD. PVC U.M. 45° D=12" RDE 21. NORMA NTC 382	UN	2644021
Demanda	TUBERIAS Y ACCESORIOS DE PVC - ACUEDUCTO	6657	CODO G.RAD. PVC U.M. 22.5° D=2" RDE 21. NORMA NTC 382	UN	41166
Demanda	TUBERIAS Y ACCESORIOS DE PVC - ACUEDUCTO	6658	CODO G.RAD. PVC U.M. 22.5° D=2 1/2" RDE 21. NORMA NTC 382	UN	58167
Demanda	TUBERIAS Y ACCESORIOS DE PVC - ACUEDUCTO	6659	CODO G.RAD. PVC U.M. 22.5° D=3" RDE 21. NORMA NTC 382	UN	80149
Demanda	TUBERIAS Y ACCESORIOS DE PVC - ACUEDUCTO	6660	CODO G.RAD. PVC U.M. 22.5° D=4" RDE 21. NORMA NTC 382	UN	131656
Demanda	TUBERIAS Y ACCESORIOS DE PVC - ACUEDUCTO	6661	CODO G.RAD. PVC U.M. 22.5° D=6" RDE 21. NORMA NTC 382	UN	323491
Demanda	TUBERIAS Y ACCESORIOS DE PVC - ACUEDUCTO	6662	CODO G.RAD. PVC U.M. 22.5° D=8" RDE 21. NORMA NTC 382	UN	684455
Demanda	TUBERIAS Y ACCESORIOS DE PVC - ACUEDUCTO	6663	CODO G.RAD. PVC U.M. 22.5° D=10" RDE 21. NORMA NTC 382	UN	1533707
Demanda	TUBERIAS Y ACCESORIOS DE PVC - ACUEDUCTO	6664	CODO G.RAD. PVC U.M. 22.5° D=12" RDE 21. NORMA NTC 382	UN	2065344
Demanda	TUBERIAS Y ACCESORIOS DE PVC - ACUEDUCTO	6665	CODO G.RAD. PVC U.M. 11.25° D=2" RDE 21. NORMA NTC 382	UN	47593
Demanda	TUBERIAS Y ACCESORIOS DE PVC - ACUEDUCTO	6666	CODO G.RAD. PVC U.M. 11.25° D=2 1/2" RDE 21. NORMA NTC 382	UN	55001
Demanda	TUBERIAS Y ACCESORIOS DE PVC - ACUEDUCTO	6667	CODO G.RAD. PVC U.M. 11.25° D=3" RDE 21. NORMA NTC 382	UN	73048
Demanda	TUBERIAS Y ACCESORIOS DE PVC - ACUEDUCTO	6668	CODO G.RAD. PVC U.M. 11.25° D=4" RDE 21. NORMA NTC 382	UN	125084
Demanda	TUBERIAS Y ACCESORIOS DE PVC - ACUEDUCTO	6669	CODO G.RAD. PVC U.M. 11.25° D=6" RDE 21. NORMA NTC 382	UN	289254
Demanda	TUBERIAS Y ACCESORIOS DE PVC - ACUEDUCTO	6670	CODO G.RAD. PVC U.M. 11.25° D=8" RDE 21. NORMA NTC 382	UN	587743
Demanda	TUBERIAS Y ACCESORIOS DE PVC - ACUEDUCTO	6671	CODO G.RAD. PVC U.M. 11.25° D=10" RDE 21. NORMA NTC 382	UN	1254705
Demanda	TUBERIAS Y ACCESORIOS DE PVC - ACUEDUCTO	6672	CODO G.RAD. PVC U.M. 11.25° D=12" RDE 21. NORMA NTC 382	UN	1660804
Demanda	MOBILIARIO URBANO Y DE PARQUES	6673	CABINA TELEFONICA PEDESTAL M20	UN	10710000
Demanda	MOBILIARIO URBANO Y DE PARQUES	6674	PARADERO EN ACERO INOXIDABLE M10 	UN	10948000
Demanda	MOBILIARIO URBANO Y DE PARQUES	6675	CICLO-PARQUEADERO M101	UN	1047200
Demanda	MOBILIARIO URBANO Y DE PARQUES	6677	BANCA EN MADERA M50	UN	812175
Demanda	MOBILIARIO URBANO Y DE PARQUES	6679	PROTECTOR DE ARBOL M90	UN	999600
Demanda	MOBILIARIO URBANO Y DE PARQUES	6680	PROTECTOR DE ARBOL DE DOS TUBOS M91	UN	238000
Demanda	MOBILIARIO URBANO Y DE PARQUES	6681	POSTE HISTORICO M131 H=5m	UN	4713114
Demanda	MOBILIARIO URBANO Y DE PARQUES	6682	BOLARDO BAJO EN HIERRO M62	UN	237405
Demanda	MOBILIARIO URBANO Y DE PARQUES	6683	BOLARDO BAJO EN CONCRETO M61	UN	127786
Demanda	LADRILLOS, BLOQUES Y ADOQUINES	6684	BLOQUE ESTRUCTURAL TIPO PIEDRA GRIS	UN	6148
Demanda	GEOSINTETICOS	6698	GEOTEXTIL NO TEJIDO PARA REPAVIMENTACION CON RESISTENCIA A LA TENSION GRAB: ENTRE 400 N Y 470 N, Y PUNTO DE FUSION: ENTRE 150°C Y 160°C	M2	7521
Demanda	GEOSINTETICOS	6700	GEOTEXTIL NO TEJIDO CON RESISTENCIA A LA TENSION GRAB: ENTRE 720 N Y 780 N, Y RESISTENCIA AL RASGADO TRAPEZOIDAL: ENTRE 270 N Y 295 N	M2	9978
Demanda	GEOSINTETICOS	6701	GEOTEXTIL NO TEJIDO CON RESISTENCIA A LA TENSION GRAB: ENTRE 850 N Y 980 N, Y RESISTENCIA AL RASGADO TRAPEZOIDAL: ENTRE 315 N Y 350 N	M2	17705
Demanda	GEOSINTETICOS	6702	GEOTEXTIL NO TEJIDO CON RESISTENCIA A LA TENSION GRAB: ENTRE 1070 N Y 1165 N, Y RESISTENCIA AL RASGADO TRAPEZOIDAL: ENTRE 400 N Y 420 N	M2	21975
Demanda	GEOSINTETICOS	6703	GEOTEXTIL NO TEJIDO CON RESISTENCIA A LA TENSION GRAB DE 1310 N, Y RESISTENCIA AL RASGADO TRAPEZOIDAL DE 470 N	M2	25129
Demanda	GEOSINTETICOS	6704	GEOTEXTIL NO TEJIDO CON RESISTENCIA A LA TENSION GRAB DE 1530 N, Y RESISTENCIA AL RASGADO TRAPEZOIDAL DE 570 N	M2	31384
Demanda	GEOSINTETICOS	6710	GEOTEXTIL TEJIDO CON RESISTENCIA A LA TENSION METODO TIRA ANCHA SENTIDO LONGITUDINAL: ENTRE 30 KN/M Y 39 KN/M, Y RESISTENCIA A LA TENSION GRAB: ENTRE 1140 N Y 1480 N	M2	8469
Demanda	TUBERIAS Y ACCESORIOS DE PVC - ACUEDUCTO	6715	UNION PVC E.L. D=2 1/2". NORMA NTC 382	UN	25395
Demanda	AGREGADOS PÉTREOS, BASES Y SUBBASES GRANULARES	6722	SUBBASE GRANULAR B-400	M3	29750
Demanda	LADRILLOS, BLOQUES Y ADOQUINES	6733	ADOQUIN DE ARCILLA CUARTERON 26x6x6	UN	1230
Demanda	CONCRETOS Y MORTEROS PREMEZCLADOS	6739	BOMBEO DE CONCRETO CON AUTOBOMBA (No incluye suministro ni instalación de concreto)	M3	75041
Demanda	EQUIPO LIVIANO Y HERRAMIENTAS	6780	MOTOSIERRA - POTENCIA 2 A 3 KW (INCLUYE COMBUSTIBLE)	DIA	134708
Demanda	MALLAS Y ACEROS PARA REFUERZO	6789	ACERO FIGURADO No. 7 (Ø 7/8") F'y=60000 PSI	KG	4665
Demanda	MARCOS, TAPAS, REJILLAS, HERRAJES Y CAJILLAS	6792	MARCO Y TAPA CIRCULAR CAMARA INSPECCIÓN ETB PL0025	UN	571200
Demanda	MARCOS, TAPAS, REJILLAS, HERRAJES Y CAJILLAS	6793	MARCO Y TAPA CAJA INSPECCION SENCILLA CODENSA CS 275	UN	543830
Demanda	FORMALETAS, ANDAMIOS Y ACCESORIOS	6807	FORMALETA MADERA SUMIDEROS	M2	50700
Demanda	TRANSPORTES DE MATERIALES Y ACARREOS	6824	TRANSPORTE TUBERIA Y PREFABRICADOS	KG	42
Demanda	SEÑALES, BARRERAS Y DEMARCACIÓN VIAL	6825	BARRERA MONODIRECCIONAL NEW JERSEY (900x290x1000)	UN	281961
Demanda	SEÑALES, BARRERAS Y DEMARCACIÓN VIAL	6826	BARRERA BIDIRECCIONAL NEW JERSEY (800x600x1500)	UN	435504
Demanda	CONCRETOS Y MORTEROS PREMEZCLADOS	6830	GROUTING 10,5 MPa 1500 PSI (105 Kg/cm2)	M3	609200
Demanda	CONCRETOS Y MORTEROS PREMEZCLADOS	6831	GROUTING 2000 PSI 14 MPa (140 Kg/cm2)	M3	641109
Demanda	CONCRETOS Y MORTEROS PREMEZCLADOS	6832	GROUTING 17 MPa 2500 PSI (175 Kg/cm2)	M3	650233
Demanda	TUBERÍA Y ACCESORIOS EN POLIETILENO	6834	TUBERIA PF D=1/2" RDE 9	ML	4121
Demanda	TUBERIAS Y ACCESORIOS DE PVC - ACUEDUCTO	6835	UNION PVC E.L. D=1/2". NORMA NTC 382	UN	605
Demanda	LADRILLOS, BLOQUES Y ADOQUINES	6846	ADOQUIN DE CONCRETO (200x100x80mm)	UN	2255
Demanda	LADRILLOS, BLOQUES Y ADOQUINES	6847	ADOQUIN DE CONCRETO (200x100x80mm) COLOR	UN	2337
Demanda	LADRILLOS, BLOQUES Y ADOQUINES	6853	ADOQUIN DE CONCRETO A25 (20x10x6cm)	UN	1745
Demanda	CONCRETOS Y MORTEROS PREMEZCLADOS	6858	CONCRETO MR50	M3	830381
Demanda	CONCRETOS Y MORTEROS PREMEZCLADOS	6859	CONCRETO MR45	M3	793679
Demanda	BORDILLOS Y LOSETAS	6861	LOSETA PREFABRICADA A50 - A55 - A56 (400x400x60mm)	M2	96196
Demanda	BORDILLOS Y LOSETAS	6863	CAÑUELA PREFABRICADA A120 (800x300x225mm)	UN	51943
Demanda	CONCRETOS Y MORTEROS PREMEZCLADOS	6865	CONCRETO TREMIE 3000 PSI (210 Kg/cm2)	M3	622853
Demanda	EQUIPO PESADO	6867	PILOTEADORA PESO 60.000 KG, DIÁMETRO MAXIMO 1,20 M, PROFUNDIDAD 48 M. - INCLUYE OPERARIO Y COMBUSTIBLE	HR	672130
Demanda	EMULSIONES Y MEZCLAS ASFÁLTICAS	6875	CEMENTO ASFÁLTICO MODIFICADO CON POLÍMEROS TIPO I	KG	5964
Demanda	TRANSPORTES DE MATERIALES Y ACARREOS	6878	TRANSPORTE DE BASES ASFALTICAS	M3-KM	2390
Demanda	POSTES Y ALUMBRADO PUBLICO	6884	POSTE METALICO H=9m BRAZO SENCILLO (PINTADO)	UN	3866489
Demanda	SELLANTES-IMPERMEABILIZANTES Y ADITIVOS CONCRETOS	6889	FONDO DE JUNTA EN ESPUMA DE POLIETILENO DE BAJA DENSIDAD D=10 mm	ML	915
Demanda	SELLANTES-IMPERMEABILIZANTES Y ADITIVOS CONCRETOS	6914	CURADOR PARA CONCRETOS Y MORTEROS	KG	13823
Demanda	PINTURAS	6919	ESMALTE URETANO GRIS (COMPONENTE A)	GLN	305251
Demanda	MARCOS, TAPAS, REJILLAS, HERRAJES Y CAJILLAS	6944	MARCO Y TAPA CIRCULAR CAJA VEHICULAR CODENSA CS280	UN	597900
Demanda	GEOSINTETICOS	6958	GEOTEXTIL TEJIDO CON RESISTENCIA A LA TENSION METODO TIRA ANCHA SENTIDO LONGITUDINAL DE 60 KN/M, Y RESISTENCIA A LA TENSION GRAB DE 2400 N	M2	19656
Demanda	EMULSIONES Y MEZCLAS ASFÁLTICAS	6962	EMULSION ASFALTICA CRL-1	LT	2494
Demanda	EMULSIONES Y MEZCLAS ASFÁLTICAS	6963	EMULSION ASFALTICA CRR-1	LT	2494
Demanda	EMULSIONES Y MEZCLAS ASFÁLTICAS	6964	EMULSION ASFALTICA CRR-2	LT	2788
Demanda	AGREGADOS PÉTREOS, BASES Y SUBBASES GRANULARES	7004	BASE GRANULAR B-600	M3	57120
Demanda	AGREGADOS PÉTREOS, BASES Y SUBBASES GRANULARES	7005	SUBBASE GRANULAR B-200	M3	21420
Demanda	EQUIPO LIVIANO Y HERRAMIENTAS	7009	CORTADORA DE PAVIMENTOS (SIN DISCO) - PROFUNDIDAD DE CORTE MÁXIMO DE 16 A 20 cm - INCLUYE COMBUSTIBLE	DIA	107849
Demanda	LADRILLOS, BLOQUES Y ADOQUINES	7012	ADOQUIN DE ARCILLA 20x10x8	UN	1290
Demanda	SELLANTES-IMPERMEABILIZANTES Y ADITIVOS CONCRETOS	7018	SELLANTE ELASTOMERICO CON BASE EN POLIURETANO	GLN	390082
Demanda	COMBUSTIBLES Y LUBRICANTES	7019	GASOLINA CORRIENTE	GLN	15491
Demanda	ACCESORIOS HD PARA REDES DE ACUEDUCTO	7020	UNION REPARACION HD E.L. D=3"	UN	164639
Demanda	ACCESORIOS HD PARA REDES DE ACUEDUCTO	7021	UNION GIBAULT HD PARA AC CL 25 D=3"	UN	170182
Demanda	ACCESORIOS HD PARA REDES DE ACUEDUCTO	7022	UNION GIBAULT HD PARA AC CL 25 D=4"	UN	205092
Demanda	ACCESORIOS HD PARA REDES DE ACUEDUCTO	7023	UNION GIBAULT HD PARA AC CL 25 D=8"	UN	302858
Demanda	ACCESORIOS HD PARA REDES DE ACUEDUCTO	7024	UNION GIBAULT HD PARA AC CL 25 D=6"	UN	295275
Demanda	ACCESORIOS HD PARA REDES DE ACUEDUCTO	7025	UNION GIBAULT HD PARA AC CL 25 D=10"	UN	597709
Demanda	ACCESORIOS HD PARA REDES DE ACUEDUCTO	7026	UNION GIBAULT HD PARA AC CL 25 D=12"	UN	878841
Demanda	MARCOS, TAPAS, REJILLAS, HERRAJES Y CAJILLAS	7041	TAPA Y ANILLO EN POLIPROPILENO RECICLADO PARA POZO	UN	1794104
Demanda	SUELDOS Y JORNALES 	7050	TARIFA HORA - PERSONAL DE OBRA - OFICIAL (INCLUYE FACTOR DE PRESTACIONES)	HR	17317
Demanda	MATERIALES BÁSICOS	7055	CAL HIDRATADA	KG	1355
Demanda	SUELDOS Y JORNALES 	7057	TARIFA HORA - PERSONAL DE OBRA - AYUDANTE (INCLUYE FACTOR DE PRESTACIONES)	HR	13917
Demanda	EMULSIONES Y MEZCLAS ASFÁLTICAS	7071	EMULSION ASFALTICA CRL-0	LT	2058
Demanda	TUBERÍA Y ACCESORIOS DE PVC PARA ALCANTARILLADO	7080	TUBERIA PVC SANITARIA D=4"	ML	38436
Demanda	TUBERÍA Y ACCESORIOS DE PVC PARA ALCANTARILLADO	7081	TUBERIA PVC SANITARIA D=6"	ML	80651
Demanda	POZOS Y COMPONENTES - ALCANTARILLADO	7082	PLACA CUBIERTA POZO D=1.70m, e=0.25m - EAAB	UN	1701700
Demanda	POZOS Y COMPONENTES - ALCANTARILLADO	7084	PLACA FONDO POZO D=1.70m, e=0.20m - EAAB	UN	1154300
Demanda	POZOS Y COMPONENTES - ALCANTARILLADO	7085	SECCIÓN CILINDRO POZO D=1.20m, H=1.00m	UN	1576708
Demanda	POZOS Y COMPONENTES - ALCANTARILLADO	7086	SECCIÓN CILINDRO POZO D=1.20m, H=0.50m	UN	871185
Demanda	POZOS Y COMPONENTES - ALCANTARILLADO	7087	SECCIÓN CILINDRO POZO D=1.20m, H=0.25m	UN	604905
Demanda	MALLAS Y ACEROS PARA REFUERZO	7088	ACERO FIGURADO No. 4 (Ø 1/2") F'y=60000 PSI	KG	4665
Demanda	MARCOS, TAPAS, REJILLAS, HERRAJES Y CAJILLAS	7089	MARCO Y TAPA PARA SUMIDERO 0.52 X 0.90 EAAB NP-023	UN	666400
Demanda	SUMIDEROS Y COMPONENTES	7091	SUMIDERO LATERAL SL-100	UN	1689374
Demanda	SUMIDEROS Y COMPONENTES	7092	SUMIDERO LATERAL SL-150	UN	2267576
Demanda	SUMIDEROS Y COMPONENTES	7093	SUMIDERO LATERAL SL-200	UN	2625082
Demanda	SUMIDEROS Y COMPONENTES	7094	SUMIDERO LATERAL SL-250	UN	3633420
Demanda	SUMIDEROS Y COMPONENTES	7096	TAPA SUMIDERO LATERAL SL-100	UN	1713842
Demanda	SUMIDEROS Y COMPONENTES	7097	TAPA SUMIDERO LATERAL SL-150	UN	2648082
Demanda	SUMIDEROS Y COMPONENTES	7098	TAPA SUMIDERO LATERAL SL-200	UN	3364671
Demanda	SUMIDEROS Y COMPONENTES	7099	TAPA SUMIDERO LATERAL SL-250	UN	3481775
Demanda	SUMIDEROS Y COMPONENTES	7101	SOBRETAPA SUMIDERO LATERAL SL-150	UN	937673
Demanda	SUMIDEROS Y COMPONENTES	7104	REJILLA SUMIDERO LATERAL 83.50 X 45	UN	398001
Demanda	TUBERÍA Y ACCESORIOS DE PVC PARA ALCANTARILLADO	7105	TUBERIA PVC DRENAJE D=65MM (TUBO SIN FILTRO)	ML	14753
Demanda	TUBERÍA Y ACCESORIOS DE PVC PARA ALCANTARILLADO	7106	TUBERIA PVC DRENAJE D=100MM (TUBO SIN FILTRO)	ML	26064
Demanda	TUBERÍA Y ACCESORIOS DE PVC PARA ALCANTARILLADO	7107	TUBERIA PVC DRENAJE D=160MM (TUBO SIN FILTRO)	ML	58068
Demanda	TUBERÍA Y ACCESORIOS DE PVC PARA ALCANTARILLADO	7109	TUBERIA PVC DRENAJE D=65MM (EN ROLLO CON FILTRO)	ML	20206
Demanda	TUBERÍA Y ACCESORIOS DE PVC PARA ALCANTARILLADO	7110	TUBERIA PVC DRENAJE D=100MM (EN ROLLO CON FILTRO)	ML	35129
Demanda	TUBERÍA Y ACCESORIOS DE PVC PARA ALCANTARILLADO	7111	TUBERIA PVC DRENAJE D=160MM (EN ROLLO CON FILTRO)	ML	80450
Demanda	CONCRETOS Y MORTEROS PREMEZCLADOS	7114	CONCRETO DE BAJA PERMEABILIDAD 4000 PSI 28 MPa (280 Kg/cm2)	M3	776449
Demanda	SELLANTES-IMPERMEABILIZANTES Y ADITIVOS CONCRETOS	7115	ADITIVO IMPERMEABILIZANTE PARA CONCRETOS Y MORTEROS	KG	15312
Demanda	TUBERÍA Y ACCESORIOS DE PVC PARA ALCANTARILLADO	7119	TUBERIA PVC U.M. EXT/INT LISO D=24". NORMA NTC 5070	ML	658308
Demanda	TUBERÍA Y ACCESORIOS DE PVC PARA ALCANTARILLADO	7120	TUBERIA PVC U.M. EXT/INT LISO D=27". NORMA NTC 5070	ML	793692
Demanda	TUBERÍA Y ACCESORIOS DE PVC PARA ALCANTARILLADO	7121	TUBERIA PVC U.M. EXT/INT LISO D=30". NORMA NTC 5070	ML	979846
Demanda	TUBERÍA Y ACCESORIOS DE PVC PARA ALCANTARILLADO	7122	TUBERIA PVC U.M. EXT/INT LISO D=33". NORMA NTC 5070	ML	1345385
Demanda	TUBERÍA Y ACCESORIOS DE PVC PARA ALCANTARILLADO	7123	TUBERIA PVC U.M. EXT/INT LISO D=36". NORMA NTC 5070	ML	1818385
Demanda	TUBERÍA Y ACCESORIOS DE PVC PARA ALCANTARILLADO	7124	TUBERIA PVC U.M. EXT/INT LISO D=39". NORMA NTC 5070	ML	2435231
Demanda	TUBERÍA Y ACCESORIOS DE PVC PARA ALCANTARILLADO	7125	TUBERIA PVC U.M. EXT/INT LISO D=42". NORMA NTC 5070	ML	2855769
Demanda	GEOSINTETICOS	7131	GEOTEXTIL TEJIDO CON RESISTENCIA A LA TENSION METODO TIRA ANCHA SENTIDO LONGITUDINAL: ENTRE 40 KN/M Y 43 KN/M, Y RESISTENCIA A LA TENSION GRAB: ENTRE 1560 N Y 1700 N	M2	11163
Demanda	GEOSINTETICOS	7133	GEOTEXTIL TEJIDO CON RESISTENCIA A LA TENSION METODO TIRA ANCHA SENTIDO LONGITUDINAL: ENTRE 90 KN/M Y 110 KN/M, Y RESISTENCIA A LA TENSION GRAB DE 2900 N	M2	26709
Demanda	GEOSINTETICOS	7134	GEOTEXTIL NO TEJIDO PARA REPAVIMENTACION CON RESISTENCIA A LA TENSION GRAB: ENTRE 530 N Y 550 N, Y PUNTO DE FUSION: ENTRE 150°C Y 160°C	M2	8935
Demanda	LADRILLOS, BLOQUES Y ADOQUINES	7135	ADOQUIN DE ARCILLA 20x10x6	UN	1000
Demanda	BORDILLOS Y LOSETAS	7138	BORDE CONTENEDOR DE RAICES A70 (1070x120x135mm)	UN	30584
Demanda	BORDILLOS Y LOSETAS	7141	SARDINEL BAJO A85 - RAMPAS (800x200x350mm)	UN	40323
Demanda	DUCTOS PVC - ELECTRICOS/TELEFONICOS TIPO TDP-DB-EB	7142	DUCTO PVC TIPO TDP D=6"	ML	61930
Demanda	MARCOS, TAPAS, REJILLAS, HERRAJES Y CAJILLAS	7145	MARCO Y TAPA CAJA INSPECCION AP / BT CODENSA CS274	UN	401566
Demanda	EQUIPO PESADO	7146	MANLIFT - PLATAFORMA ELEVADORA A COMBUSTIÓN DE BRAZO ARTICULADO - ALTURA MÁXIMA DE TRABAJO DE 16 A 18 M - INCLUYE OPERARIO Y COMBUSTIBLE	HR	136484
Demanda	POSTES Y ALUMBRADO PUBLICO	7147	POSTE EN CONCRETO AP, H=8m, CR=750 KG	UN	968898
Demanda	MARCOS, TAPAS, REJILLAS, HERRAJES Y CAJILLAS	7151	MARCO Y TAPA CAJA PASO SENCILLA EN CALZADA ETB	UN	1065050
Demanda	MARCOS, TAPAS, REJILLAS, HERRAJES Y CAJILLAS	7152	MARCO Y TAPAS CAJA PASO DOBLE EN CALZADA ETB	UN	1832600
Demanda	EMULSIONES Y MEZCLAS ASFÁLTICAS	7153	EMULSION MODIFICADA CON POLIMEROS CRR-1m	LT	3584
Demanda	EMULSIONES Y MEZCLAS ASFÁLTICAS	7154	EMULSION MODIFICADA CON POLIMEROS CRR-2m	LT	3818
Demanda	EQUIPO PESADO	7166	ESTABILIZADORA / RECICLADORA EN FRÍO - ANCHO DE CORTE/MEZCLA DE 2.4 A 2.7 M - PROFUNDIDAD DE CORTE/MEZCLA DE  476 A 518 MM - INCLUYE OPERARIO Y COMBUSTIBLE	HR	735991
Demanda	EMULSIONES Y MEZCLAS ASFÁLTICAS	7172	MEZCLA ASFÁLTICA EN CALIENTE TIPO DENSO MD20 CON CEMENTO ASFÁLTICO 80-100	M3	1035100
Demanda	EMULSIONES Y MEZCLAS ASFÁLTICAS	7174	MEZCLA ASFÁLTICA DENSA EN CALIENTE MD12 CON CEMENTO ASFÁLTICO 80-100	M3	1044316
Demanda	EMULSIONES Y MEZCLAS ASFÁLTICAS	7181	MEZCLA ASFÁLTICA EN CALIENTE TIPO DENSO MD10 CON CEMENTO ASFÁLTICO 80-100	M3	1148470
Demanda	CONCRETOS Y MORTEROS PREMEZCLADOS	7199	CONCRETO MR39 (245 Kg/cm2)	M3	641670
Demanda	CONCRETOS Y MORTEROS PREMEZCLADOS	7200	CONCRETO MR36 (210 Kg/cm2)	M3	611648
Demanda	MALLAS Y ACEROS PARA REFUERZO	7202	MALLA ELECTROSOLDADA S=250x250mm, Ø=4x4mm	KG	6069
Demanda	MALLAS Y ACEROS PARA REFUERZO	7203	MALLA ELECTROSOLDADA S=150x150mm, Ø=5x5mm	KG	6069
Demanda	MALLAS Y ACEROS PARA REFUERZO	7204	MALLA ELECTROSOLDADA S=150x150mm, Ø=6x6mm	KG	6069
Demanda	MALLAS Y ACEROS PARA REFUERZO	7205	MALLA ELECTROSOLDADA S=150x150mm, Ø=7x7mm	KG	6069
Demanda	MALLAS Y ACEROS PARA REFUERZO	7206	MALLA ELECTROSOLDADA S=150x150mm, Ø=8x8mm	KG	6069
Demanda	MALLAS Y ACEROS PARA REFUERZO	7207	MALLA ELECTROSOLDADA S=150x150mm, Ø=4x4mm	KG	6069
Demanda	MALLAS Y ACEROS PARA REFUERZO	7208	MALLA ELECTROSOLDADA S=200x200mm, Ø=4x4mm	KG	6069
Demanda	PINTURAS	7216	PINTURA TERMOPLASTICA (Sum y Aplic. con Microesf.)	M2	171837
Demanda	MARCOS, TAPAS, REJILLAS, HERRAJES Y CAJILLAS	7219	MARCO Y TAPAS CAJA INSPECCION DOBLE CODENSA CS276	UN	942000
Demanda	MARCOS, TAPAS, REJILLAS, HERRAJES Y CAJILLAS	7224	AROBASE AROTAPA HF TIPO 1 EAAB NP-024	UN	382240
Demanda	BORDILLOS Y LOSETAS	7227	TOPELLANTAS (500x200x150mm)	UN	28917
Demanda	SUMIDEROS Y COMPONENTES	7228	MARCO REJILLA SUMIDERO LATERAL 100 X 65	UN	219983
Demanda	ARBOLES-GRAMAS-VEGETACIÓN Y PLANTACIÓN PAISAJÍSTIC	7229	TIERRA NEGRA, incluye fertilizante y cascarilla de arroz	M3	89250
Demanda	TRANSPORTES DE MATERIALES Y ACARREOS	7231	DERECHOS DE BOTADERO	M3	7934
Demanda	TUBERIAS Y ACCESORIOS DE PVC - ACUEDUCTO	7236	LUBRICANTE U.M. (EMPAQUE 500 gr)	UN	33989
Demanda	TUBERÍA Y ACCESORIOS DE PVC PARA ALCANTARILLADO	7244	UNION PVC U.M. EXT CORRUGADO/INT LISO D=4" (110MM). NORMA NTC 3722-3	UN	18972
Demanda	TUBERÍA Y ACCESORIOS DE PVC PARA ALCANTARILLADO	7245	UNION PVC U.M. EXT CORRUGADO/INT LISO D=6" (160MM). NORMA NTC 3722-3	UN	45970
Demanda	SUELDOS Y JORNALES 	7246	TARIFA JORNAL - PERSONAL DE OBRA- TÉCNICO ELÉCTRICO (INCLUYE FACTOR DE PRESTACIONES)	JR	139262
Demanda	SUELDOS Y JORNALES 	7247	TARIFA HORA - PERSONAL DE OBRA- TÉCNICO ELÉCTRICO (INCLUYE FACTOR DE PRESTACIONES)	HR	19895
Demanda	SUELDOS Y JORNALES 	7248	TARIFA JORNAL - PERSONAL DE OBRA -  TECNICO PLOMERO (INCLUYE FACTOR DE PRESTACIONES)	JR	139262
Demanda	SUELDOS Y JORNALES 	7249	TARIFA HORA - PERSONAL DE OBRA -  TECNICO PLOMERO (INCLUYE FACTOR DE PRESTACIONES)	HR	19895
Demanda	MADERAS	7252	PLANCHON EN ORDINARIO 2.90 X 0.18 X 0.04	UN	35700
Demanda	MADERAS	7253	PLANCHON EN ORDINARIO 3.90 X 0.18 X 0.04	UN	63308
Demanda	MADERAS	7254	PLANCHON EN ORDINARIO 4.90 X 0.18 X 0.04	UN	120785
Demanda	MADERAS	7255	PLANCHON EN ORDINARIO 5.90 X 0.18 X 0.04	UN	140063
Demanda	MADERAS	7256	REPISA EN ORDINARIO 2.90 X 0.08 X 0.04	UN	14399
Demanda	MADERAS	7257	REPISA EN ORDINARIO 3.90 X 0.08 X 0.04	UN	34510
Demanda	MADERAS	7258	REPISA EN ORDINARIO 4.90 X 0.08 X 0.04	UN	59500
Demanda	MADERAS	7259	REPISA EN ORDINARIO 5.90 X 0.08 X 0.04	UN	69853
Demanda	MADERAS	7260	DURMIENTE EN ORDINARIO 2.90 X 0.04 X 0.04	UN	7973
Demanda	MADERAS	7261	DURMIENTE EN ORDINARIO 3.90 X 0.04 X 0.04	UN	15827
Demanda	MADERAS	7262	CERCO EN ORDINARIO 2.90 X 0.08 X 0.08	UN	37723
Demanda	MADERAS	7263	CERCO EN ORDINARIO 3.90 X 0.08 X 0.08	UN	63308
Demanda	MADERAS	7264	CERCO EN ORDINARIO 4.90 X 0.08 X 0.08	UN	119000
Demanda	MADERAS	7265	CERCO EN ORDINARIO 5.90 X 0.08 X 0.08	UN	140063
Demanda	MADERAS	7266	TABLA BURRA EN ORDINARIO 2.90 X 0.28 X 0.025	UN	31580
Demanda	MADERAS	7267	TABLA BURRA EN ORDINARIO 2.90 X 0.23 X 0.025	UN	26623
Demanda	MADERAS	7268	TABLA BURRA EN ORDINARIO 2.90 X 0.18 X 0.025	UN	21384
Demanda	MADERAS	7269	TABLA BURRA EN ORDINARIO 2.90 X 0.13 X 0.025	UN	16144
Demanda	MADERAS	7270	TABLA CHAPA EN ORDINARIO 2.90 X 0.28 X 0.02	UN	25349
Demanda	MADERAS	7271	TABLA CHAPA EN ORDINARIO 2.90 X 0.23 X 0.02	UN	21384
Demanda	MADERAS	7272	TABLA CHAPA EN ORDINARIO 2.90 X 0.18 X 0.02	UN	16994
Demanda	MADERAS	7273	TABLA CHAPA EN ORDINARIO 2.90 X 0.13 X 0.02	UN	12887
Demanda	MADERAS	7274	CAMILLA EN ORDINARIO 1.40 X 0.70	UN	44625
Demanda	MADERAS	7275	LISTON EN ORDINARIO 3.00 X 0.08 X 0.02	UN	17943
Demanda	MADERAS	7276	LIMATON 3.00 M	UN	25865
Demanda	MADERAS	7277	LIMATON 4.00 M	UN	28665
Demanda	MADERAS	7278	LIMATON 5.00 M	UN	35805
Demanda	MADERAS	7279	LIMATON 6.00 M	UN	42945
Demanda	MADERAS	7280	LIMATON 7.00 M	UN	86100
Demanda	MADERAS	7281	LIMATON 8.00 M	UN	91214
Demanda	MADERAS	7282	VARA DE CORREDOR 3.0 M	UN	8925
Demanda	MADERAS	7283	VARA DE CORREDOR 4.0 M	UN	14700
Demanda	MADERAS	7284	VARA DE CORREDOR 5.0 M	UN	18375
Demanda	MADERAS	7285	VARA DE CORREDOR 6.0 M	UN	22050
Demanda	MADERAS	7287	VARA DE CLAVO 3.00 M	UN	11025
Demanda	MADERAS	7288	VARA DE CLAVO 6.00 M	UN	22050
Demanda	LADRILLOS, BLOQUES Y ADOQUINES	7289	BLOQUE PARA CAMARA TELEFONICA EPM -TELECOM	UN	5657
Demanda	MARCOS, TAPAS, REJILLAS, HERRAJES Y CAJILLAS	7291	MARCO Y TAPA CIRCULAR TELECOM CT-014 (F)	UN	642600
Demanda	MARCOS, TAPAS, REJILLAS, HERRAJES Y CAJILLAS	7293	MARCO Y TAPA CAMARA F1 TELECOM CT-043 (F)	UN	574620
Demanda	MARCOS, TAPAS, REJILLAS, HERRAJES Y CAJILLAS	7295	MARCO Y TAPAS CAMARA DOBLE F1 TELECOM CT-044 (F)	UN	656880
Demanda	MARCOS, TAPAS, REJILLAS, HERRAJES Y CAJILLAS	7298	MARCO Y TAPA CAMARA F2 TELECOM CT-053 (F)	UN	293026
Demanda	DUCTOS PVC - ELECTRICOS/TELEFONICOS TIPO TDP-DB-EB	7300	DUCTO TELEFONICO LIVIANO PVC TIPO EB D=6"	ML	62035
Demanda	DUCTOS PVC - ELECTRICOS/TELEFONICOS TIPO TDP-DB-EB	7302	DUCTO PESADO PVC TIPO DB D=2"	ML	11010
Demanda	DUCTOS PVC - ELECTRICOS/TELEFONICOS TIPO TDP-DB-EB	7303	DUCTO PESADO PVC TIPO DB D=3"	ML	24411
Demanda	DUCTOS PVC - ELECTRICOS/TELEFONICOS TIPO TDP-DB-EB	7304	DUCTO PESADO PVC TIPO DB D=4"	ML	41175
Demanda	DUCTOS PVC - ELECTRICOS/TELEFONICOS TIPO TDP-DB-EB	7305	DUCTO PESADO PVC TIPO DB D=6"	ML	85883
Demanda	SEÑALES, BARRERAS Y DEMARCACIÓN VIAL	7306	CINTA DE DEMARCACION Cal. 3 (ROLLO 500mx0.10m)	UN	28862
Demanda	SOLDADURA,  PEGANTES Y LIMPIADORES	7307	SOLDADURA SOLVENTE PARA PVC (1/4 GLN)	UN	99900
Demanda	SUELDOS Y JORNALES 	7308	TARIFA MES - SMMLV	MES	1750905
Demanda	MALLAS Y ACEROS PARA REFUERZO	7309	ACERO FIGURADO Ø 1/4" A Ø 1" F'y=60000 PSI - Puesto en obra	KG	4701
Demanda	EQUIPO LIVIANO Y HERRAMIENTAS	7313	VIBRADOR DE EJE FLEXIBLE ELÉCTRICO - POTENCIA DE 2 A 3 HP	DIA	28560
Demanda	GEOSINTETICOS	7317	GEOTEXTIL NO TEJIDO CON RESISTENCIA A LA TENSION GRAB: ENTRE 600 N Y 700 N, Y RESISTENCIA AL RASGADO TRAPEZOIDAL: ENTRE 240 N Y 260 N	M2	8439
Demanda	SOLDADURA,  PEGANTES Y LIMPIADORES	7336	LIMPIADOR (1/4 GLN)	UN	52073
Demanda	SELLANTES-IMPERMEABILIZANTES Y ADITIVOS CONCRETOS	7337	IMPRIMANTE Y PUENTE DE ADHERENCIA	KG	176235
Demanda	SELLANTES-IMPERMEABILIZANTES Y ADITIVOS CONCRETOS	7338	CINTA FLEXIBLE PARA SELLO DE JUNTAS A=15cm	ML	57596
Demanda	MOBILIARIO URBANO Y DE PARQUES	7343	BARANDA METALICA M80 (instalado y pintado)	ML	399840
Demanda	MOBILIARIO URBANO Y DE PARQUES	7344	BARANDA METALICA M81 (instalado y pintado)	ML	474810
Demanda	MOBILIARIO URBANO Y DE PARQUES	7345	CANECA EN ACERO INOXIDABLE TIPO BARCELONA	UN	874650
Demanda	MOBILIARIO URBANO Y DE PARQUES	7346	CABINA TELEFONICA DE PARED M21	UN	7140000
Demanda	ACCESORIOS HD PARA REDES DE ACUEDUCTO	7351	UNION DRESSER HD D=3"	UN	204680
Demanda	ACCESORIOS HD PARA REDES DE ACUEDUCTO	7352	UNION DRESSER HD D=4"	UN	220150
Demanda	ACCESORIOS HD PARA REDES DE ACUEDUCTO	7353	UNION DRESSER HD D=6"	UN	417690
Demanda	ACCESORIOS HD PARA REDES DE ACUEDUCTO	7354	UNION DRESSER HD D=8"	UN	593810
Demanda	ACCESORIOS HD PARA REDES DE ACUEDUCTO	7355	UNION DRESSER HD D=10"	UN	903210
Demanda	ACCESORIOS HD PARA REDES DE ACUEDUCTO	7356	UNION DRESSER HD D=12"	UN	1176910
Demanda	SEÑALES, BARRERAS Y DEMARCACIÓN VIAL	7359	BARRERA RELLENABLE (1.45x0.45x0.55m) CON CINTA RET	UN	363056
Demanda	SEÑALES, BARRERAS Y DEMARCACIÓN VIAL	7360	BARRERA RELLENABLE (2.00x0.55x1.00m) CON CINTA RET	UN	494563
Demanda	LADRILLOS, BLOQUES Y ADOQUINES	7361	BLOQUE No. 4	UN	1400
Demanda	LADRILLOS, BLOQUES Y ADOQUINES	7362	BLOQUE No. 5	UN	1450
Demanda	POZOS Y COMPONENTES - ALCANTARILLADO	7363	TAPA PARA POZO D=0.70m	UN	283101
Demanda	SUMIDEROS Y COMPONENTES	7364	REJILLA SUMIDERO TRANSVERSAL 50 X 50	UN	443590
Demanda	TUBERÍA Y ACCESORIOS DE PVC PARA ALCANTARILLADO	7366	UNION PVC U.M. EXT CORRUGADO/INT LISO D=8" (200MM). NORMA NTC 3722-3	UN	77164
Demanda	TUBERÍA Y ACCESORIOS DE PVC PARA ALCANTARILLADO	7367	UNION PVC U.M. EXT CORRUGADO/INT LISO D=10" (250MM). NORMA NTC 3722-3	UN	219179
Demanda	TUBERÍA Y ACCESORIOS DE PVC PARA ALCANTARILLADO	7368	UNION PVC U.M. EXT CORRUGADO/INT LISO D=12" (315MM). NORMA NTC 3722-3	UN	375019
Demanda	TUBERÍA Y ACCESORIOS DE PVC PARA ALCANTARILLADO	7369	UNION PVC U.M. EXT CORRUGADO/INT LISO D=16" (400MM). NORMA NTC 3722-3	UN	571775
Demanda	TUBERÍA Y ACCESORIOS DE PVC PARA ALCANTARILLADO	7370	UNION PVC U.M. EXT CORRUGADO/INT LISO D=18" (450MM). NORMA NTC 3722-3	UN	601434
Demanda	TUBERÍA Y ACCESORIOS DE PVC PARA ALCANTARILLADO	7371	UNION PVC U.M. EXT CORRUGADO/INT LISO D=20" (500MM). NORMA NTC 3722-3	UN	675703
Demanda	ACCESORIOS HD PARA REDES DE ACUEDUCTO	7372	CODO HD E.L. 11.25° D=8"	UN	928200
Demanda	ACCESORIOS HD PARA REDES DE ACUEDUCTO	7373	CODO HD E.L. 22.5° D=3"	UN	208250
Demanda	ACCESORIOS HD PARA REDES DE ACUEDUCTO	7374	VALVULA HD COMPUERTA ELASTICA VNA E.L. D=4"	UN	1136450
Demanda	ACCESORIOS HD PARA REDES DE ACUEDUCTO	7375	VALVULA HD COMPUERTA ELASTICA VNA E.L. D=10"	UN	6290340
Demanda	ACCESORIOS HD PARA REDES DE ACUEDUCTO	7376	VALVULA HD COMPUERTA ELASTICA VNA E.L. D=12"	UN	7485100
Demanda	ACCESORIOS HD PARA REDES DE ACUEDUCTO	7377	CODO HD J.H. PARA PVC 11.25° D=2"	UN	130900
Demanda	ACCESORIOS HD PARA REDES DE ACUEDUCTO	7378	CODO HD J.H. PARA PVC 11.25° D=3"	UN	224910
Demanda	ACCESORIOS HD PARA REDES DE ACUEDUCTO	7379	CODO HD J.H. PARA PVC 11.25° D=4"	UN	302260
Demanda	ACCESORIOS HD PARA REDES DE ACUEDUCTO	7380	CODO HD J.H. PARA PVC 11.25° D=6"	UN	617610
Demanda	ACCESORIOS HD PARA REDES DE ACUEDUCTO	7381	CODO HD J.H. PARA PVC 11.25° D=8"	UN	919870
Demanda	TUBERIAS Y ACCESORIOS DE PVC - ACUEDUCTO	7382	REDUCCION PVC U.M. D= 4" x 2". NORMA NTC 382	UN	131889
Demanda	TUBERIAS Y ACCESORIOS DE PVC - ACUEDUCTO	7384	REDUCCION PVC U.M. D= 4" x 3". NORMA NTC 382	UN	139150
Demanda	TUBERIAS Y ACCESORIOS DE PVC - ACUEDUCTO	7387	TAPON PVC U.M. D=3". NORMA NTC 382	UN	78401
Demanda	TUBERIAS Y ACCESORIOS DE PVC - ACUEDUCTO	7388	TAPON PVC U.M. D=4". NORMA NTC 382	UN	99680
Demanda	TUBERIAS Y ACCESORIOS DE PVC - ACUEDUCTO	7389	TAPON PVC U.M. D=6". NORMA NTC 382	UN	228057
Demanda	ACCESORIOS HD PARA REDES DE ACUEDUCTO	7391	REDUCCION HD E.L. D=6" x 2"	UN	282030
Demanda	ACCESORIOS HD PARA REDES DE ACUEDUCTO	7392	REDUCCION HD E.L. D=6" x 3"	UN	484330
Demanda	ACCESORIOS HD PARA REDES DE ACUEDUCTO	7393	REDUCCION HD E.L. D=6" x 4"	UN	506940
Demanda	ACCESORIOS HD PARA REDES DE ACUEDUCTO	7396	REDUCCION HD E.L. D=8" x 4"	UN	704480
Demanda	ACCESORIOS HD PARA REDES DE ACUEDUCTO	7397	REDUCCION HD E.L. D=8" x 6"	UN	749700
Demanda	ACCESORIOS HD PARA REDES DE ACUEDUCTO	7398	REDUCCION HD E.L. D=10" x 3"	UN	1250690
Demanda	ACCESORIOS HD PARA REDES DE ACUEDUCTO	7399	REDUCCION HD E.L. D=10" x 4"	UN	1200710
Demanda	ACCESORIOS HD PARA REDES DE ACUEDUCTO	7400	REDUCCION HD E.L. D=10" x 6"	UN	1263780
Demanda	ACCESORIOS HD PARA REDES DE ACUEDUCTO	7401	REDUCCION HD E.L. D=10" x 8"	UN	1242360
Demanda	ACCESORIOS HD PARA REDES DE ACUEDUCTO	7403	REDUCCION HD E.L. D=12" x 4"	UN	1731450
Demanda	ACCESORIOS HD PARA REDES DE ACUEDUCTO	7404	REDUCCION HD E.L. D=12" x 6"	UN	1619590
Demanda	ACCESORIOS HD PARA REDES DE ACUEDUCTO	7405	REDUCCION HD E.L. D=12" x 8"	UN	1955170
Demanda	ACCESORIOS HD PARA REDES DE ACUEDUCTO	7406	REDUCCION HD E.L. D=12" x 10"	UN	2828630
Demanda	TUBERIAS Y ACCESORIOS DE PVC - ACUEDUCTO	7407	UNION REPARACION PVC U.M. D=2". NORMA NTC 382	UN	47186
Demanda	TUBERIAS Y ACCESORIOS DE PVC - ACUEDUCTO	7409	UNION REPARACION PVC U.M. D=3". NORMA NTC 382	UN	75158
Demanda	TUBERIAS Y ACCESORIOS DE PVC - ACUEDUCTO	7410	UNION REPARACION PVC U.M. D=4". NORMA NTC 382	UN	115474
Demanda	TUBERIAS Y ACCESORIOS DE PVC - ACUEDUCTO	7411	UNION REPARACION PVC U.M. D=10". NORMA NTC 382	UN	839761
Demanda	ACCESORIOS HD PARA REDES DE ACUEDUCTO	7412	UNION UNIVERSAL HD D=3" (85 a 103mm)	UN	209440
Demanda	ACCESORIOS HD PARA REDES DE ACUEDUCTO	7413	UNION UNIVERSAL HD D=4" (110 a 128mm)	UN	232050
Demanda	ACCESORIOS HD PARA REDES DE ACUEDUCTO	7414	UNION UNIVERSAL HD D=6" (167 a 189mm) R1-R2	UN	479570
Demanda	ACCESORIOS HD PARA REDES DE ACUEDUCTO	7416	UNION UNIVERSAL HD D=10" (292 a 310mm) R1-R2	UN	1155490
Demanda	ACCESORIOS HD PARA REDES DE ACUEDUCTO	7417	UNION UNIVERSAL HD D=12" (350 a 368mm) R1-R3	UN	1309000
Demanda	SUELDOS Y JORNALES 	7418	TARIFA MES - AUXILIO DE TRANSPORTE	MES	249095
Demanda	CONCRETOS Y MORTEROS PREMEZCLADOS	7419	CONCRETO GRAVA COMÚN 4500 PSI 31.5 MPa (315 Kg/cm2)	M3	649826
Demanda	CONCRETOS Y MORTEROS PREMEZCLADOS	7420	MORTERO 2500 PSI 17 MPa (175 Kg/cm2)	M3	749343
Demanda	CONCRETOS Y MORTEROS PREMEZCLADOS	7421	MORTERO 3000 PSI 21 MPa (210 Kg/cm2)	M3	776713
Demanda	CONCRETOS Y MORTEROS PREMEZCLADOS	7422	MORTERO 3500 PSI 24 MPa (245 Kg/cm2)	M3	866103
Demanda	MALLAS Y ACEROS PARA REFUERZO	7423	ARMADO CANASTAS PARA PILOTES	KG	706
Demanda	GEOSINTETICOS	7426	GEODREN (RED DRENANTE DE POLIETILENO DE ALTA DENSIDAD PEAD-HDPE Y GEOTEXTIL NO TEJIDO) CON ALTURA DE 1.0 M	ML	53812
Demanda	GEOSINTETICOS	7427	GEODREN (RED DRENANTE DE POLIETILENO DE ALTA DENSIDAD PEAD-HDPE Y GEOTEXTIL NO TEJIDO) CON ALTURA DE 2.0 M	ML	108874
Demanda	GEOSINTETICOS	7428	GEOCOMPUESTO PARA DRENAJE, CONFORMADO POR GEODREN (RED DRENANTE DE POLIETILENO DE ALTA DENSIDAD PEAD-HDPE Y GEOTEXTIL NO TEJIDO) CON ALTURA DE 0.5 M Y TUBERIA FLEXIBLE CORRUGADA DE DRENAJE CON DIAMETRO DE 100 MM	ML	58422
Demanda	GEOSINTETICOS	7429	GEOCOMPUESTO PARA DRENAJE, CONFORMADO POR GEODREN (RED DRENANTE DE POLIETILENO DE ALTA DENSIDAD PEAD-HDPE Y GEOTEXTIL NO TEJIDO) CON ALTURA DE 1.0 M Y TUBERIA FLEXIBLE CORRUGADA DE DRENAJE CON DIAMETRO DE 100 MM	ML	84301
Demanda	GEOSINTETICOS	7430	GEOCOMPUESTO PARA DRENAJE, CONFORMADO POR GEODREN (RED DRENANTE DE POLIETILENO DE ALTA DENSIDAD PEAD-HDPE Y GEOTEXTIL NO TEJIDO) CON ALTURA DE 2.0 M Y TUBERIA FLEXIBLE CORRUGADA DE DRENAJE CON DIAMETRO DE 100 MM	ML	138013
Demanda	MATERIALES DE FERRETERÍA Y OTROS	7434	DISCO DIAMANTADO ASFALTO-CONCRETO 14"/350mm, cortes aprox. 1.600 a 1.800 mts. de profundidad máxima hasta 100mm.	UN	582804
Demanda	EQUIPO LIVIANO Y HERRAMIENTAS	7436	MOTOBOMBA SUMERGIBLE Ø 2" O 3" - INCLUYE COMBUSTIBLE	DIA	68508
Demanda	EQUIPO LIVIANO Y HERRAMIENTAS	7437	CORTADORA DE LADRILLO (SIN DISCO) - PROFUNDIDAD DE CORTE DE 10 A 17cm - INCLUYE COMBUSTIBLE	DIA	58857
Demanda	EQUIPO PESADO	7438	RODILLO VIBROCOMPACTADOR TÁNDEM PEQUEÑO - MASA DE 2,5 A 3 TONELADAS - AMPLITUD DE COMPACTACIÓN DE 0.5 MM  - INCLUYE OPERARIO Y COMBUSTIBLE	DIA	491230
Demanda	EQUIPO LIVIANO Y HERRAMIENTAS	7439	MARTILLO DEMOLEDOR NEUMÁTICO - GOLPES POR MINUTO DE 1100 A 1680 - CONSUMO DE AIRE DE 57 A 85 CFM 	HR	5950
Demanda	SELLANTES-IMPERMEABILIZANTES Y ADITIVOS CONCRETOS	7442	FONDO DE JUNTA EN ESPUMA DE POLIETILENO DE BAJA DENSIDAD D= 16 mm	ML	1571
Demanda	SELLANTES-IMPERMEABILIZANTES Y ADITIVOS CONCRETOS	7443	FONDO DE JUNTA EN ESPUMA DE POLIETILENO DE BAJA DENSIDAD D= 22 mm	ML	3123
Demanda	TUBERÍA Y ACCESORIOS DE PVC PARA ALCANTARILLADO	7444	TUBERIA PVC SANITARIA D=1 1/2"	ML	14757
Demanda	ACCESORIOS HD PARA REDES DE ACUEDUCTO	7445	UNION UNIVERSAL HD D=6" (159 a 181mm) R1	UN	364140
Demanda	ACCESORIOS HD PARA REDES DE ACUEDUCTO	7446	UNION UNIVERSAL HD D=8" (218 a 235mm) R1	UN	561680
Demanda	ACCESORIOS HD PARA REDES DE ACUEDUCTO	7448	UNION UNIVERSAL HD D=12" (315 a 333mm) R1	UN	1012690
Demanda	MALLAS Y ACEROS PARA REFUERZO	7451	ACERO FIGURADO No. 8 (Ø 1") F'y=60000 PSI	KG	4701
Demanda	MALLAS Y ACEROS PARA REFUERZO	7452	ACERO FIGURADO No. 10 (Ø 1 1/4") F'y=60000 PSI	KG	4939
Demanda	ACCESORIOS HD PARA REDES DE ACUEDUCTO	7453	UNION REPARACION HD E.L. D=4"	UN	182226
Demanda	ACCESORIOS HD PARA REDES DE ACUEDUCTO	7455	CODO HD E.L. 22.5° D=8"	UN	955570
Demanda	TUBERÍA Y ACCESORIOS CONDUIT GALVANIZADAS	7457	TUBERIA CONDUIT METALICA GALVANIZADA IMC D= 1"	ML	28821
Demanda	TUBERÍA Y ACCESORIOS CONDUIT GALVANIZADAS	7458	TUBERIA CONDUIT METALICA GALVANIZADA IMC D= 1 1/2"	ML	44783
Demanda	TUBERÍA Y ACCESORIOS CONDUIT GALVANIZADAS	7460	TUBERIA CONDUIT METALICA GALVANIZADA EMT D= 1 1/2"	ML	39417
Demanda	AGREGADOS PÉTREOS, BASES Y SUBBASES GRANULARES	7461	ARENA LAVADA DE PEÑA	M3	90566
Demanda	TRANSPORTES DE MATERIALES Y ACARREOS	7462	TRANSPORTE DE PETREOS	M3-KM	1800
Demanda	GEOSINTETICOS	7463	GEOTEXTIL NO TEJIDO CON RESISTENCIA A LA TENSION GRAB DE 400 N, Y RESISTENCIA AL RASGADO TRAPEZOIDAL DE 164 N	M2	5337
Demanda	GEOSINTETICOS	7465	GEOTEXTIL NO TEJIDO CON RESISTENCIA A LA TENSION GRAB: ENTRE 450 N Y 500 N, Y RESISTENCIA AL RASGADO TRAPEZOIDAL: ENTRE 190 N Y 222 N	M2	7572
Demanda	GEOSINTETICOS	7467	GEOTEXTIL TEJIDO CON RESISTENCIA A LA TENSION METODO TIRA ANCHA SENTIDO LONGITUDINAL DE 20 KN/M, Y RESISTENCIA A LA TENSION GRAB DE 790 N	M2	7204
Demanda	GEOSINTETICOS	7468	GEOTEXTIL TEJIDO CON RESISTENCIA A LA TENSION METODO TIRA ANCHA SENTIDO LONGITUDINAL: ENTRE 21 KN/M Y 29 KN/M, Y RESISTENCIA A LA TENSION GRAB: ENTRE 800 N Y 1000 N	M2	7426
Demanda	ENSAYO LABORATORIO - CEMENTOS HIDRÁULICOS	7471	METODO DE ENSAYO PARA DETERMINAR LA DENSIDAD DEL CEMENTO HIDRAULICO. Norma técnica: NTC-221-19 ASTM C188-17 (23)	UN	108000
Demanda	ENSAYO LABORATORIO - CEMENTOS HIDRÁULICOS	7472	METODO DE ENSAYO PARA DETERMINAR EL TIEMPO DE FRAGUADO DEL CEMENTO HIDRAULICO MEDIANTE EL APARATO DE VICAT. Norma técnica: NTC-118-20 ASTM C119-21.	UN	108000
Demanda	ENSAYO LABORATORIO - SUELOS	7482	EQUIVALENTE DE ARENA DE SUELOS Y AGREGADOS FINOS. Norma técnica: INVE-133-13 NTC-6179-16 ASTM D2419-22	UN	129710
Demanda	ENSAYO LABORATORIO - AGREGADOS PETREOS	7485	RESISTENCIA A LA DEGRADACION DE LOS AGREGADOS GRUESOS DE TAMAÑOS MAYORES DE 19 mm (¾") POR ABRASION E IMPACTO EN LA MAQUINA DE LOS ANGELES (CON TRITURACION DE AGREGADOS). Norma técnica: INVE-219-13 NTC 93-22	UN	168623
Demanda	ENSAYO LABORATORIO - AGREGADOS PETREOS	7487	VALOR DE AZUL DE METILENO EN AGREGADOS FINOS. Norma técnica: INVE-235-13 UNE-EN-933-9 (10)	UN	233000
Demanda	ENSAYO LABORATORIO - SUELOS	7488	DETERMINACION EN EL LABORATORIO DEL CONTENIDO DE AGUA (HUMEDAD) DE MUESTRAS DE SUELO, ROCA Y MEZCLAS DE SUELO-AGREGADO. Norma técnica: INVE-122-13 NTC-1495-13 ASTM D2216-19.	UN	14875
Demanda	ENSAYO LABORATORIO - SUELOS	7489	METODO DE PRUEBA ESTANDAR PARA LA DETERMINACION DE LA DENSIDAD (PESO UNITARIO) EN LABORATORIO DE ESPECIMENES DE SUELO. Norma técnica: ASTM D7263-21.	UN	39389
Demanda	ENSAYO LABORATORIO - SUELOS	7490	DETERMINACION DE LOS TAMAÑOS DE LAS PARTICULAS DE LOS SUELOS (GRANULOMETRIA POR TAMIZADO E HIDROMETRIA). Norma técnica: INVE-123-13 ASTM D422-63 (07)e2	UN	164220
Demanda	ENSAYO LABORATORIO - AGREGADOS PETREOS	7493	DETERMINACION DE LA CANTIDAD DE MATERIAL QUE PASA EL TAMIZ DE 75 μm (N° 200) EN LOS AGREGADOS PETREOS MEDIANTE LAVADO. Norma técnica: INVE-214-19 NTC-78-19 ASTM C117-23 ASTM D1140-17	UN	53193
Demanda	ENSAYO LABORATORIO - SUELOS	7494	DETERMINACION DE LA GRAVEDAD ESPECÍFICA DE LAS PARTICULAS SOLIDAS DE LOS SUELOS Y DEL LLENANTE MINERAL, EMPLEANDO UN PICNOMETRO CON AGUA. Norma técnica: INVE-128-13 ASTM D854-23	UN	78778
Demanda	ENSAYO LABORATORIO - SUELOS	7496	DETERMINACION DE LOS FACTORES DE CONTRACCION DE LOS SUELOS. Norma técnica: INVE-127-13 NTC-1503-01 ASTM D427-04	UN	96390
Demanda	ENSAYO LABORATORIO - SUELOS	7497	DETERMINACION DEL CONTENIDO ORGANICO DE UN SUELO MEDIANTE EL ENSAYO DE PERDIDA POR IGNICION. Norma técnica: INVE-121-13 AASHTO T-267-22	UN	93653
Demanda	ENSAYO LABORATORIO - SUELOS	7501	CONSOLIDACION UNIDIMENSIONAL DE SUELOS (METODO B - RAPIDA). Norma técnica: INVE-151-13 NTC-1967-00 ASTM D2435/D2435M-11 (20).	UN	399840
Demanda	ENSAYO LABORATORIO - SUELOS	7502	CONSOLIDACION UNIDIMENSIONAL DE SUELOS (METODO A - LENTA). Norma técnica: INVE-151-13 NTC-1967-00 ASTM D2435/D2435M-11 (20).	UN	737800
Demanda	ENSAYO LABORATORIO - SUELOS	7503	CONSOLIDACION UNIDIMENSIONAL DE SUELOS (DOBLE CICLO DE CARGA Y DESCARGA). Norma técnica: INVE-151-13 NTC-1967-00 ASTM D2435/D2435M-11 (20).	UN	868700
Demanda	ENSAYO LABORATORIO - SUELOS	7511	CBR DE SUELOS COMPACTADOS EN EL LABORATORIO (METODO I). Norma técnica: INVE-148-13 NTC-2122-13 ASTM D1883-21.	UN	323561
Demanda	ENSAYO LABORATORIO - SUELOS	7520	RELACIONES HUMEDAD - PESO UNITARIO SECO EN LOS SUELOS (ENSAYO NORMAL DE COMPACTACION). Norma técnica: INVE-141-13 ASTM D698-12 (21)	UN	136850
Demanda	ENSAYO CAMPO - ELEMENTOS ESTRUCTURALES CONCRETO	7523	OBTENCION DE NUCLEOS DE CONCRETO ENDURECIDO (NUCLEOS DE 3"). Norma técnica: INVE-418-13 NTC-3658-18.	UN	247000
Demanda	ENSAYO CAMPO - ELEMENTOS ESTRUCTURALES CONCRETO	7524	OBTENCION DE NUCLEOS DE CONCRETO ENDURECIDO (NUCLEOS DE 4"). Norma técnica: INVE-418-13 NTC-3658-18.	UN	247000
Demanda	ENSAYO CAMPO - DIAGNOSTICO DE PAVIMENTOS	7530	EXTRACCION DE TESTIGOS DE PAVIMENTOS ASFALTICOS (NUCLEOS DE 4"). Norma técnica: INVE-758-13 Numeral 5.1 ASTM D5361/D5361M-16 (22).	UN	130900
Demanda	ENSAYO LABORATORIO - CONCRETOS HIDRÁULICOS	7542	RESISTENCIA A LA COMPRESION DE CILINDROS DE CONCRETO (MOLDEADOS O NUCLEOS). Norma técnica: INVE-410-13 NTC-673-21 ASTM C39-24	UN	10115
Demanda	ENSAYO LABORATORIO - CONCRETOS HIDRÁULICOS	7544	TRACCION INDIRECTA DE CILINDROS DE CONCRETO. Norma técnica: INVE-411-13 NTC-722-21 ASTM C496/C496M-17	UN	22610
Demanda	ENSAYO LABORATORIO - MATERIALES BITUMINOSOS	7550	ENSAYO DE ADHERENCIA EN BANDEJA. Norma técnica: INVE-740-13.	UN	173740
Demanda	ENSAYO LABORATORIO - MEZCLAS ASFALTICAS	7551	ESTABILIDAD Y FLUJO DE MEZCLAS ASFALTICAS EN CALIENTE EMPLEANDO EL EQUIPO MARSHALL (UNA PROBETA). Norma técnica: INVE-748-13 ASTM D6926-20 ASTM D6927-22	UN	84252
Demanda	SEÑALES, BARRERAS Y DEMARCACIÓN VIAL	7554	SEÑALIZACION TUBULAR COLOMBINA PLASTICA	UN	46520
Demanda	SEÑALES, BARRERAS Y DEMARCACIÓN VIAL	7555	CINTA DE SEÑALIZACION CAL 4 (ROLLO 500mx0.10m)	UN	42090
Demanda	MATERIALES DE FERRETERÍA Y OTROS	7556	PLASTICO NEGRO CALIBRE 6	M2	1802
Demanda	MATERIALES DE FERRETERÍA Y OTROS	7557	BOLSA DE LONA	UN	2931
Demanda	ELEMENTOS DE BIOSEGURIDAD	7558	BAÑO TIPO FLUSHING - ALQUILER MANTENIMIENTO Y ASEO DE BAÑOS PORTÁTILES VIP MENSUAL	UN/MES	863345
Demanda	SEÑALES, BARRERAS Y DEMARCACIÓN VIAL	7559	TELA VERDE DE CERRAMIENTO (2.10mx250)	M2	2763
Demanda	SEÑALES, BARRERAS Y DEMARCACIÓN VIAL	7560	POLISOMBRA 65% (1x7m) R-800 NEGRA	M2	3247
Demanda	SEÑALES, BARRERAS Y DEMARCACIÓN VIAL	7561	POLISOMBRA 47% (4x100m)	M2	1852
Demanda	MADERAS	7562	POSTE ROLLIZO D= 12cm a 15cm	ML	23387
Demanda	SEÑALES, BARRERAS Y DEMARCACIÓN VIAL	7567	SEÑAL EN POLIETILENO ALVEOLAR PARE-SIGA 45cms. DECORADA CON REFLECTIVO, GRADO ALTA INTENSIDAD	UN	95994
Demanda	DOTACIÓN (EPP) Y SEGURIDAD INDUSTRIAL	7568	EXTINTOR x 5LB	UN	42900
Demanda	SEÑALES, BARRERAS Y DEMARCACIÓN VIAL	7571	CONOS H= 0,9- 1,0mt	UN	83781
Demanda	DOTACIÓN (EPP) Y SEGURIDAD INDUSTRIAL	7575	CAPA IMPERMEABLE CALIBRE 14 - 16	UN	34900
Demanda	DOTACIÓN (EPP) Y SEGURIDAD INDUSTRIAL	7576	PROTECCION AUDITIVA DE INSERTAR (PAR)	UN	2040
Demanda	DOTACIÓN (EPP) Y SEGURIDAD INDUSTRIAL	7577	GAFAS DE SEGURIDAD	UN	8100
Demanda	DOTACIÓN (EPP) Y SEGURIDAD INDUSTRIAL	7578	GUANTE DE VAQUETA	PAR	9055
Demanda	DOTACIÓN (EPP) Y SEGURIDAD INDUSTRIAL	7579	MASCARILLA DESECHABLE	UN	750
Demanda	DOTACIÓN (EPP) Y SEGURIDAD INDUSTRIAL	7580	CASCO DE SEGURIDAD DIELECTRICO	UN	21800
Demanda	DOTACIÓN (EPP) Y SEGURIDAD INDUSTRIAL	7582	PETO EN CARNAZA	UN	29738
Demanda	DOTACIÓN (EPP) Y SEGURIDAD INDUSTRIAL	7583	PROTECTOR AUDITIVO TIPO COPA	UN	32800
Demanda	BORDILLOS Y LOSETAS	7585	SARDINEL ALTO RAMPA A86	ML	37506
Demanda	SEÑALES, BARRERAS Y DEMARCACIÓN VIAL	7586	ESTOPEROL 10 cm x 3 cm (NO INCLUYE ELEMENTOS DE ANCLAJE)	UN	3413
Demanda	SOLDADURA,  PEGANTES Y LIMPIADORES	7587	PEGANTE EPOXICO DE DOS COMPONENTES	KG	193800
Demanda	EQUIPO LIVIANO Y HERRAMIENTAS	7596	VIBRADOR DE EJE FLEXIBLE A COMBUSTIÓN - POTENCIA DE 5 A 7 HP - INCLUYE COMBUSTIBLE	DIA	52107
Demanda	AGREGADOS PÉTREOS, BASES Y SUBBASES GRANULARES	7598	TRITURADO 1-1/2"	M3	95200
Demanda	TUBERÍA Y ACCESORIOS EN GRP	7603	TUBERIA GRP 300mm (300mm-800mm PRESION) PN10 BAR SN 5000. Incluye Transporte.	ML	395382
Demanda	TUBERÍA Y ACCESORIOS EN GRP	7604	TUBERIA GRP 400mm (300mm-800mm PRESION) PN 10 BAR SN 5000. Incluye Transporte.	ML	485859
Demanda	TUBERÍA Y ACCESORIOS EN GRP	7606	TUBERIA GRP 500mm (300mm-800mm PRESION) PN 10 BAR SN 5000. Incluye Transporte.	ML	608367
Demanda	TUBERÍA Y ACCESORIOS EN GRP	7607	TUBERIA GRP 600mm (300mm-800mm PRESION) PN 10 BAR SN 5000. INCLUYE TRANSPORTE	ML	658183
Demanda	TUBERÍA Y ACCESORIOS EN GRP	7608	TUBERIA GRP 700mm (300mm-800mm PRESION) PN 10 BAR SN 5000. INCLUYE TRANSPORTE	ML	807048
Demanda	GEOSINTETICOS	7610	GEOMALLA BIAXIAL CON RESISTENCIA ULTIMA A LA TENSION, SENTIDO LONGITUDINAL Y TRANSVERSAL: ENTRE 30 KN/M Y 32 KN/M	M2	9663
Demanda	TUBERÍA Y ACCESORIOS EN GRP	7613	TUBERIA GRP 800mm (300mm-800mm PRESION) PN 10 BAR SN 5000. Incluye Transporte.	ML	954768
Demanda	TUBERÍA Y ACCESORIOS EN GRP	7614	TUBERIA GRP 900mm (600mm-2400mm FLUJO LIBRE) PN 10 BAR SN 5000. Incluye Transporte.	ML	1199074
Demanda	TUBERÍA Y ACCESORIOS EN GRP	7615	TUBERIA GRP 1000mm (600mm-2400mm FLUJO LIBRE) PN 1 BAR SN 5000. Incluye Transporte.	ML	1517164
Demanda	TUBERÍA Y ACCESORIOS EN GRP	7616	TUBERIA GRP 1100mm (600mm-2400mm FLUJO LIBRE) PN 1 BAR SN 5000. Incluye Transporte.	ML	1719583
Demanda	TUBERÍA Y ACCESORIOS EN GRP	7617	TUBERIA GRP 1200mm (600mm-2400mm FLUJO LIBRE) PN 1 BAR SN 5000. INCLUYE TRANSPORTE.	ML	1922002
Demanda	TUBERÍA Y ACCESORIOS EN GRP	7618	TUBERIA GRP 1300 (600mm-2400mm FLUJO LIBRE) PN 1 BAR SN 5000. INCLUYE TRANSPORTE	ML	2159845
Demanda	TUBERÍA Y ACCESORIOS EN GRP	7619	TUBERIA GRP 1400 (600mm-2400mm FLUJO LIBRE) PN 1 BAR SN 5000. INCLUYE TRANSPORTE	ML	2762416
Demanda	TUBERÍA Y ACCESORIOS EN GRP	7620	TUBERIA GRP 1500 (600mm-2400mm FLUJO LIBRE) PN 1 BAR SN 5000. INCLUYE TRANSPORTE	ML	3060985
Demanda	TUBERÍA Y ACCESORIOS EN GRP	7621	TUBERIA GRP 1600 (600mm-2400mm FLUJO LIBRE) PN 1 BAR SN 5000. INCLUYE TRANSPORTE	ML	3384855
Demanda	TUBERÍA Y ACCESORIOS EN GRP	7622	TUBERIA GRP 1700 (600mm-2400mm FLUJO LIBRE) PN 1 BAR SN 5000. INCLUYE TRANSPORTE	ML	3708725
Demanda	TUBERÍA Y ACCESORIOS EN GRP	7626	ACOPLE GRP 300mm (PN 10 Bar) Incluye Transporte.	UN	623930
Demanda	TUBERÍA Y ACCESORIOS EN GRP	7627	ACOPLE GRP 350mm (PN 10 Bar). Incluye Transporte.	UN	647170
Demanda	TUBERÍA Y ACCESORIOS EN GRP	7628	ACOPLE GRP 400mm (PN 10 Bar). INCLUYE TRANSPORTE	UN	669423
Demanda	TUBERÍA Y ACCESORIOS EN GRP	7630	ACOPLE GRP 500mm (PN 10 Bar).  INCLUYE TRANSPORTE	UN	705256
Demanda	TUBERÍA Y ACCESORIOS EN GRP	7631	ACOPLE GRP 600mm (PN 10 Bar). INCLUYE TRANSPORTE	UN	905521
Demanda	TUBERÍA Y ACCESORIOS EN GRP	7632	ACOPLE GRP 700mm (PN 10 Bar). INCLUYE TRANSPORTE	UN	968595
Demanda	TUBERÍA Y ACCESORIOS EN GRP	7633	ACOPLE GRP 800mm (PN 10 Bar). INCLUYE TRANSPORTE	UN	1046753
Demanda	TUBERÍA Y ACCESORIOS EN GRP	7634	ACOPLE GRP 900mm (PN 10 Bar). INCLUYE TRANSPORTE	UN	1126844
Demanda	TUBERÍA Y ACCESORIOS EN GRP	7635	ACOPLE GRP 1000mm  (PN 1 BAR). INCLUYE TRANSPORTE	UN	1183187
Demanda	TUBERÍA Y ACCESORIOS EN GRP	7636	ACOPLE GRP 1100mm  (PN 1 BAR). INCLUYE TRANSPORTE	UN	1242347
Demanda	TUBERÍA Y ACCESORIOS EN GRP	7637	ACOPLE GRP 1200mm  (PN 1 BAR). INCLUYE TRANSPORTE	UN	1304465
Demanda	TUBERÍA Y ACCESORIOS EN GRP	7638	ACOPLE GRP 1300mm  (PN 1 BAR). INCLUYE TRANSPORTE	UN	1369689
Demanda	TUBERÍA Y ACCESORIOS EN GRP	7639	ACOPLE GRP 1400mm  (PN 1 BAR). INCLUYE TRANSPORTE	UN	1438173
Demanda	TUBERÍA Y ACCESORIOS EN GRP	7640	ACOPLE GRP 1500mm  (PN 1 BAR). INCLUYE TRANSPORTE	UN	1510083
Demanda	TUBERÍA Y ACCESORIOS EN GRP	7641	ACOPLE GRP 1600mm  (PN 1 BAR). INCLUYE TRANSPORTE	UN	1644655
Demanda	TUBERÍA Y ACCESORIOS EN GRP	7642	ACOPLE GRP 1700mm  (PN 1 BAR). INCLUYE TRANSPORTE	UN	1705381
Demanda	TUBERÍA Y ACCESORIOS EN GRP	7643	ACOPLE GRP 1800mm  (PN 1 BAR). INCLUYE TRANSPORTE	UN	1978646
Demanda	TUBERÍA Y ACCESORIOS EN GRP	7644	ACOPLE GRP 2000mm  (PN 1 BAR). INCLUYE TRANSPORTE	UN	2105158
Demanda	TUBERÍA Y ACCESORIOS EN GRP	7645	TUBERIA GRP 1800 (600mm-2400mm FLUJO LIBRE) PN 1 BAR SN 5000. INCLUYE TRANSPORTE	ML	4093322
Demanda	TUBERÍA Y ACCESORIOS EN GRP	7646	TUBERIA GRP 2000 (600mm-2400mm FLUJO LIBRE) PN 1 BAR SN 5000. INCLUYE TRANSPORTE	ML	4832151
Demanda	TUBERÍA Y ACCESORIOS EN GRP	7647	ACOPLE GRP 2400mm - PN 1 BAR. INCLUYE TRANSPORTE	UN	2423968
Demanda	TUBERÍA Y ACCESORIOS EN GRP	7648	TUBERIA GRP 2400 (600mm-2400mm FLUJO LIBRE) - PN 1 BAR SN 5000. INCLUYE TRANSPORTE	ML	6593196
Demanda	PINTURAS	7650	RECUBRIMIENTO BARRERA EPOXICO	GLN	217786
Demanda	PINTURAS	7651	CATALIZADOR BARRERA EPOXICA COMPONENTE B	GLN	281697
Demanda	PINTURAS	7652	RECUBRIMIENTO EN ESMALTE URETANO GRIS	GLN	305251
Demanda	PINTURAS	7653	CATALIZADOR ESMALTE  URETANO (COMPONENTE B)	GLN	403920
Demanda	PINTURAS	7654	DISOLVENTE EPOXICO	GLN	75473
Demanda	PINTURAS	7655	DISOLVENTE URETANO	GLN	90335
Demanda	PINTURAS	7656	IMPRIMANTE EPOXICO RICO EN ZINC	GLN	181163
Demanda	PINTURAS	7657	CATALIZADOR PARA IMPRIMANTE EPOXICO RICO EN ZINC	GLN	143612
Demanda	EMULSIONES Y MEZCLAS ASFÁLTICAS	7658	MEZCLA ASFÁLTICA EN CALIENTE CON ASFALTO MODIFICADO CON GRANO DE CAUCHO RECICLADO (GCR)	M3	1238040
Demanda	SEÑALES, BARRERAS Y DEMARCACIÓN VIAL	7664	SEÑALETICA SITP 1-2 RUTAS H=3.75 CON O SIN CENEFA	UN	1163004
Demanda	PINTURAS	7680	PINTURA EN ESMALTE DOMESTICO	GLN	99960
Demanda	AGREGADOS PÉTREOS, BASES Y SUBBASES GRANULARES	7686	BASE GRANULAR BG_B CON RECICLADO DE CONCRETO HIDRAULICO	M3	82381
Demanda	AGREGADOS PÉTREOS, BASES Y SUBBASES GRANULARES	7687	BASE GRANULAR BG_A CON RECICLADO DE CONCRETO HIDRAULICO	M3	95611
Demanda	AGREGADOS PÉTREOS, BASES Y SUBBASES GRANULARES	7688	BASE GRANULAR BG_C CON RECICLADO DE CONCRETO HIDRAULICO	M3	76120
Demanda	AGREGADOS PÉTREOS, BASES Y SUBBASES GRANULARES	7689	SUBBASE GRANULAR SBG_A CON RECICLADO DE CONCRETO HIDRAULICO	M3	74850
Demanda	AGREGADOS PÉTREOS, BASES Y SUBBASES GRANULARES	7690	SUBBASE GRANULAR SBG_B CON RECICLADO DE CONCRETO HIDRAULICO	M3	72616
Demanda	AGREGADOS PÉTREOS, BASES Y SUBBASES GRANULARES	7691	SUBBASE GRANULAR SBG_C CON RECICLADO DE CONCRETO HIDRAULICO	M3	66565
Demanda	AGREGADOS PÉTREOS, BASES Y SUBBASES GRANULARES	7692	SUBBASE GRANULAR CON RECICLADO DE CONCRETO ASFALTICO	M3	104720
Demanda	EQUIPO LIVIANO Y HERRAMIENTAS	7695	SIERRA ELÉCTRICA CALADORA - POTENCIA DE 500 A 563 W	HR	2838
Demanda	EQUIPO LIVIANO Y HERRAMIENTAS	7697	PLANTA ELECTRICA POTENCIA ELÉCTRICA GENERADA 4KW - INCLUYE COMBUSTIBLE	HR	13212
Demanda	EQUIPO LIVIANO Y HERRAMIENTAS	7698	PULIDORA MANUAL ELECTRICA	HR	2549
Demanda	MATERIALES DE FERRETERÍA Y OTROS	7699	DISCO DE CORTE METAL 7 X 1/8"	UN	5206
Demanda	MATERIALES DE FERRETERÍA Y OTROS	7700	DISCO ABRASIVO DESBASTE METAL 7 X 1/4"	UN	9305
Demanda	EQUIPO LIVIANO Y HERRAMIENTAS	7701	TALADRO ROTOPERCUTOR - POTENCIA DE 860 A 1030 WATTS	HR	3363
Demanda	EQUIPO LIVIANO Y HERRAMIENTAS	7707	GUADAÑADORA - POTENCIA DE 1.3 A 1.7 KW - INCLUYE COMBUSTIBLE	DIA	79213
Demanda	MARCOS, TAPAS, REJILLAS, HERRAJES Y CAJILLAS	7710	PLAQUETA TIPO REJILLA (PEATONAL) 0.40 x 0.40 e= 6cm	UN	57596
Demanda	TUBERIAS Y ACCESORIOS DE PVC - ACUEDUCTO	7713	CODO 45° PVC E.L. D=1 1/2"	UN	11566
Demanda	ARBOLES-GRAMAS-VEGETACIÓN Y PLANTACIÓN PAISAJÍSTIC	7714	PLANTACION DE LLAMA AMARILLA (Incluye suministro al sitio de obra, plantación, tierra negra, abono y tutor)	M2	62174
Demanda	ARBOLES-GRAMAS-VEGETACIÓN Y PLANTACIÓN PAISAJÍSTIC	7715	PLANTACION DE COLA DE ZORRO (Incluye suministro al sitio de obra, plantación, tierra negra, abono y tutor)	M2	53550
Demanda	ARBOLES-GRAMAS-VEGETACIÓN Y PLANTACIÓN PAISAJÍSTIC	7717	PLANTACION DE EUCALIPTO POMARROSO H=1.5 m. (Incluye suministro al sitio de obra, plantacion, caja, tierra, abono y tutor)	UN	194812
Demanda	ARBOLES-GRAMAS-VEGETACIÓN Y PLANTACIÓN PAISAJÍSTIC	7718	PLANTACION DE CHICALA H=1.5 m. (Incluye suministro al sitio de obra, plantacion, caja, tierra,  abono y tutor)	UN	113202
Demanda	ARBOLES-GRAMAS-VEGETACIÓN Y PLANTACIÓN PAISAJÍSTIC	7720	PLANTACION DE JAZMIN CHINO H= 1.5 m. (Incluye suministro al sitio de obra, plantacion, caja, tierra, abono y tutor)	UN	177541
Demanda	TUBERIAS Y ACCESORIOS DE PVC - ACUEDUCTO	7722	TUBERIA PVC E.L. D=1 1/2" RDE 21	ML	16703
Demanda	ARBOLES-GRAMAS-VEGETACIÓN Y PLANTACIÓN PAISAJÍSTIC	7723	BLOQUEO Y TRANSPLANTE DE ARBOLES DE 1-5mt (Incluye transporte, recolección)	UN	1104913
Demanda	ARBOLES-GRAMAS-VEGETACIÓN Y PLANTACIÓN PAISAJÍSTIC	7724	BLOQUEO Y TRANSPLANTE DE ARBOLES DE 5 - 10mt (Incluye transporte, recolección)	UN	1657370
Demanda	ARBOLES-GRAMAS-VEGETACIÓN Y PLANTACIÓN PAISAJÍSTIC	7725	BLOQUEO Y TRANSPLANTE DE ARBOLES DE 10 - 15mt (Incluye transporte, recolección)	UN	2209827
Demanda	TUBERÍA Y ACCESORIOS ACERO AL CARBÓN	7727	TUBERIAS ACERO CARBÓN A106 SCH-40 SIN COSTURA D=3"	ML	92820
Demanda	TUBERÍA Y ACCESORIOS ACERO AL CARBÓN	7729	TUBERIAS ACERO CARBÓN A106 SCH-40 SIN COSTURA D=6"	ML	314160
Demanda	TUBERÍA Y ACCESORIOS ACERO AL CARBÓN	7730	TUBERIAS ACERO CARBÓN A106 SCH-40 SIN COSTURA D=8"	ML	568860
Demanda	ENSAYO LABORATORIO - AGREGADOS PETREOS	7737	ANALISIS GRANULOMETRICO DE LOS AGREGADOS GRUESO Y FINO. Norma técnica: INVE-213-13 NTC-77-18.	UN	109956
Demanda	ENSAYO LABORATORIO - AGREGADOS PETREOS	7738	RESISTENCIA A LA DEGRADACION DE LOS AGREGADOS DE TAMAÑOS MENORES DE 37.5 MM (1 1/2") POR MEDIO DE LA MAQUINA DE LOS ANGELES. Norma técnica: INVE-218-13 NTC-98-19 ASTM C131/C131M-20.	UN	152439
Demanda	ENSAYO LABORATORIO - AGREGADOS PETREOS	7743	PORCENTAJE DE PARTICULAS FRACTURADAS EN UN AGREGADO GRUESO. Norma técnica: INVE-227-13 NTC-5987-22	UN	87584
Demanda	ENSAYO LABORATORIO - AGREGADOS PETREOS	7744	INDICES DE APLANAMIENTO Y ALARGAMIENTO DE LOS AGREGADOS PARA CARRETERAS. Norma técnica: INVE-230-13.	UN	137088
Demanda	ENSAYO LABORATORIO - AGREGADOS PETREOS	7750	DENSIDAD, DENSIDAD RELATIVA (GRAVEDAD ESPECIFICA) Y ABSORCION DEL AGREGADO FINO. Norma técnica: INVE-222-13 NTC-237-20 ASTM C128-22	UN	102459
Demanda	ENSAYO LABORATORIO - MATERIALES BITUMINOSOS	7752	PENETRACION DE LOS MATERIALES BITUMINOSOS. Norma técnica: INVE-706-13 NTC-5028-16 ASTM D5/D5M-20	UN	130900
Demanda	ENSAYO LABORATORIO - MATERIALES BITUMINOSOS	7754	DUCTILIDAD DE LOS MATERIALES ASFALTICOS. Norma técnica: INVE-702-13 ASTM D113/D113M-17 (23)e1	UN	176000
Demanda	ENSAYO LABORATORIO - MEZCLAS ASFALTICAS	7755	EVALUACION DE LA SUSCEPTIBILIDAD AL AGUA DE LAS MEZCLAS DE CONCRETO ASFALTICO UTILIZANDO LA PRUEBA DE TRACCION INDIRECTA (SEIS PROBETAS). Norma técnica: INVE-725-13 ASTM D4867/D4867M-22 AASHTO T-283-22	UN	1260210
Demanda	ENSAYO LABORATORIO - MEZCLAS ASFALTICAS	7758	ENSAYO DE TENSION INDIRECTA PARA DETERMINAR EL MODULO RESILIENTE DE MEZCLAS ASFALTICAS (TRES TEMPERATURAS Y TRES FRECUENCIAS). Norma técnica: INVE-749-13 UNE-EN 12697-26-19 Anexo F ASTM D7369-20.	UN	1914710
Demanda	ENSAYO LABORATORIO - CONCRETOS HIDRÁULICOS	7762	MODULO DE ELASTICIDAD ESTATICO Y RELACION DE POISSON DEL CONCRETO EN COMPRESION. Norma técnica: INVE-749-13 ASTM C469/C469M-22.	UN	285600
Demanda	ENSAYO LABORATORIO - MATERIALES BITUMINOSOS	7766	PUNTO DE ABLANDAMIENTO DE MATERIALES BITUMINOSOS (APARATO DE ANILLO Y BOLA). Norma técnica: INVE-712-13 NTC-5118-16 ASTM D36/D36M-14 (20)	UN	168000
Demanda	FORMALETAS, ANDAMIOS Y ACCESORIOS	7767	ANDAMIO TUBULAR DE 1.50m* 1,50m  (incluye dos marcos + dos crucetas)	DIA	1384
Demanda	FORMALETAS, ANDAMIOS Y ACCESORIOS	7769	PLATAFORMA METALICA PARA ANDAMIO	DIA	3085
Demanda	ENSAYO LABORATORIO - MEZCLAS ASFALTICAS	7770	DISEÑO DE MEZCLAS ASFALTICAS METODO MARSHALL.	UN	2170000
Demanda	ENSAYO LABORATORIO - ANÁLISIS DE AGUAS	7772	DETERMINACION DE DEMANDA BIOQUIMICA DE OXIGENO (DBO). Norma técnica: SM-5210-B-17.	UN	74995
Demanda	ENSAYO LABORATORIO - ANÁLISIS DE AGUAS	7773	DETERMINACION DE DEMANDA QUIMICA DE OXIGENO (DQO). Norma técnica: SM-5220-D-17.	UN	72496
Demanda	ENSAYO LABORATORIO - ANÁLISIS DE AGUAS	7774	DETERMINACION DE OXIGENO DISUELTO (MODIFICACION DE AZIDA). Norma técnica: SM-4500-O-C-17.	UN	24217
Demanda	ENSAYO LABORATORIO - ANÁLISIS DE AGUAS	7775	DETERMINACION DE NITROGENO ORGANICO (METODO SEMI-MICRO-KJELDAHL). Norma técnica: SM-4500-Norg-C-17.	UN	58310
Demanda	ENSAYO LABORATORIO - ANÁLISIS DE AGUAS	7776	FOSFORO TOTAL. Norma técnica: SM-4500-P-B-17 SM-4500-P-E-17.	UN	33320
Demanda	ENSAYO LABORATORIO - ANÁLISIS DE AGUAS	7777	COLIFORMES TOTALES FERMENTACION TUBOS MULTIPLES. Norma técnica: SM-9221-B-17.	UN	64617
Demanda	ENSAYO LABORATORIO - ANÁLISIS DE AGUAS	7778	COLIFORMES FECALES FERMENTACION TUBOS MULTIPLES. Norma técnica: SM-9221-E-17	UN	59500
Demanda	ENSAYO LABORATORIO - ANÁLISIS DE AGUAS	7780	DETERMINACION DE POTASIO. Norma técnica: SM-3500-K-B-17.	UN	34510
Demanda	ENSAYO LABORATORIO - ANÁLISIS DE AGUAS	7781	ACIDEZ TOTAL. Norma técnica: SM-2310-B-17.	UN	14280
Demanda	ENSAYO LABORATORIO - ANÁLISIS DE AGUAS	7782	ALCALINIDAD TOTAL. Norma técnica: SM-2320-B-17.	UN	20530
Demanda	ENSAYO LABORATORIO - ANÁLISIS DE AGUAS	7783	DETERMINACION DE TURBIEDAD. (METODO NEFELOMETRICO). Norma técnica: SM-2130-B-17.	UN	9758
Demanda	ENSAYO LABORATORIO - ANÁLISIS DE AGUAS	7784	DETERMINACION DE ACEITES Y GRASAS. Norma técnica: SM-5520-B-17.	UN	65450
Demanda	ENSAYO LABORATORIO - ANÁLISIS DE AGUAS	7785	SOLIDOS SUSPENDIDOS TOTALES, SECADO A 103°C - 105°C. Norma técnica: SM-2540-B-17.	UN	34674
Demanda	ENSAYO LABORATORIO - ANÁLISIS DE AGUAS	7786	SOLIDOS DISUELTOS TOTALES. Norma técnica: SM-2540-C-17.	UN	34748
Demanda	ENSAYO LABORATORIO - ANÁLISIS DE AGUAS	7787	SOLIDOS TOTALES, SECADO A 103°C - 105°C. Norma técnica: SM-2540-D-17 ASTM C 1603 2010	UN	35677
Demanda	ENSAYO LABORATORIO - ANÁLISIS DE AGUAS	7788	DETERMINACION DE SOLIDOS SEDIMENTABLES. Norma técnica: SM-2540-F-17.	UN	9520
Demanda	ENSAYO LABORATORIO - ANÁLISIS DE AGUAS	7798	DETERMINACION DE PH. Norma técnica: SM-4500-H+B-17 ASTM D1293-18	UN	5950
Demanda	ENSAYO LABORATORIO - ANÁLISIS DE AGUAS	7800	DETERMINACION DE TEMPERATURA DEL AGUA. Norma técnica: SM-2550-B-17.	UN	3181
Demanda	ENSAYO LABORATORIO - ANÁLISIS DE AGUAS	7801	DETERMINACION DE COLOR VERDADERO (METODO DE COMPARACION VISUAL). Norma técnica: SM-2120-B-17.	UN	15915
Demanda	MATERIALES DE FERRETERÍA Y OTROS	7811	CEPILLO INDUSTRIAL DE NYLON CON CABO DE 35CM A 42CM X 9CM X 17CM	UN	17190
Demanda	DOTACIÓN (EPP) Y SEGURIDAD INDUSTRIAL	7819	EXTINTOR POLVO QUIMICO SECO DE 20LB TIPO ABC METALICO CON GANCHO Y AVISO	UN	93900
Demanda	DOTACIÓN (EPP) Y SEGURIDAD INDUSTRIAL	7821	BOTA LISA CON PUNTERA EN ACERO DE CAUCHO, CINTA AMARILLA, PUNTERA Y PLANTILLA EN ACERO	PAR	197064
Demanda	DOTACIÓN (EPP) Y SEGURIDAD INDUSTRIAL	7822	BOTA CUERO LISA NEGRA SEGURIDAD PUNTERA DE ACERO	PAR	96900
Demanda	DOTACIÓN (EPP) Y SEGURIDAD INDUSTRIAL	7824	PROTECTOR AUDITIVO TIPO TAPON DESECHABLE SIN CORDON	PAR	865
Demanda	DOTACIÓN (EPP) Y SEGURIDAD INDUSTRIAL	7825	MASCARILLA DESECHABLE CONTRA POLVOS Y PARTICULAS NO TOXICAS	UN	4400
Demanda	DOTACIÓN (EPP) Y SEGURIDAD INDUSTRIAL	7826	MASCARILLA DESECHABLE CON VALVULA CONTRA POLVO Y PARTICULAS NO TOXICAS	UN	9900
Demanda	DOTACIÓN (EPP) Y SEGURIDAD INDUSTRIAL	7827	PROTECTOR AUDITIVO TIPO TAPON INSERCION EN SILICONA CON CORDEL EN ESTUCHE	PAR	2319
Demanda	DOTACIÓN (EPP) Y SEGURIDAD INDUSTRIAL	7832	BARBUQUEJO EN REATA CON MENTONERA CON TRES APOYOS PARA CASCO	UN	6188
Demanda	DOTACIÓN (EPP) Y SEGURIDAD INDUSTRIAL	7836	ARNES MULTIPROPOSITO CON ESLINGA - 4 ANILLOS - PARA RESTRICCION Y DETENCION DE CAIDAS CON PUNTO FIJO	UN	191900
Demanda	DOTACIÓN (EPP) Y SEGURIDAD INDUSTRIAL	7837	ESLINGA SEGURIDAD CINTA DE NYLON EN Y CON AMORTIGUADOR Y 2 MOSQUETONES GRANDES	UN	255000
Demanda	DOTACIÓN (EPP) Y SEGURIDAD INDUSTRIAL	7839	OVEROL IMPERMEABLE INDUSTRIAL AMARILLO 2 PIEZAS CON CAPUCHA	UN	62316
Demanda	DOTACIÓN (EPP) Y SEGURIDAD INDUSTRIAL	7844	GUANTE NITRILO 13" RESISTENTE CONTRA QUIMICOS COMBUSTIBLES SOLVENTES GRASAS	PAR	11900
Demanda	DOTACIÓN (EPP) Y SEGURIDAD INDUSTRIAL	7846	GUANTE DE CARNAZA LARGO REFORZADO 	PAR	11900
Demanda	SEÑALES, BARRERAS Y DEMARCACIÓN VIAL	7850	CINTA PARA SEÑALIZACION DE 500MT X 4" PELIGRO CALIBRE 3.5	ROLLO	26009
Demanda	MATERIALES DE FERRETERÍA Y OTROS	7852	TELA VERDE PARA CERRAMIENTO 2.10 METRO DE ANCHO DE 60GR	ML	3049
Demanda	MUEBLES - EQUIPOS Y ELEMENTOS OFICINA	7870	VÍDEO BEAM - ALQUILER POR DIA	DIA	100862
Demanda	ENSAYO LABORATORIO - MEZCLAS ASFALTICAS	7874	GRAVEDAD ESPECIFICA BULK Y DENSIDAD DE MEZCLAS ASFALTICAS COMPACTADAS NO ABSORBENTES EMPLEANDO ESPECIMENES SATURADOS Y SUPERFICIALMENTE SECOS. Norma técnica: INVE-733-13 ASTM D2726/D2726M-21	UN	54740
Demanda	ENSAYO LABORATORIO - MEZCLAS ASFALTICAS	7876	EXTRACCION CUANTITATIVA DEL ASFALTO EN MEZCLAS PARA PAVIMENTOS. Norma técnica: INVE-732-13 ASTM D2172/D2172M-17e1 (18)	UN	198016
Demanda	ENSAYO LABORATORIO - CONCRETOS HIDRÁULICOS	7877	RESISTENCIA A LA FLEXION DEL CONCRETO USANDO UNA VIGA SIMPLEMENTE APOYADA Y CARGADA EN LOS TERCIOS DE LA LUZ LIBRE. Norma técnica: NTC-2871-18.	UN	41650
Demanda	BORDILLOS Y LOSETAS	7884	SARDINEL ESPECIAL A 110 - RAMPA B (600X400X500MM)	UN	80000
Demanda	PINTURAS	7891	ESMALTE ALQUIDICO	GLN	146452
Demanda	SERV. DIAGNÓSTICO-INSPECCIÓN REDES HIDROSANITARIAS	7892	EQUIPO DE PRESION - SUCCION - SONDEO - LIMPIEZA - RECOLECCIÓN DE LODOS NO PELIGROSOS (No incluye agua).	HR	380000
Demanda	GESTIÓN SOCIAL ELEMENTOS DE PUBLICIDAD	7896	IMPRESIÓN HOJA CARTA, A 1X0 TINTAS EN PAPEL BOND DE 75 GR.	UN	171
Demanda	GESTIÓN SOCIAL ELEMENTOS DE PUBLICIDAD	7897	AFICHE TAMAÑO MEDIO PLIEGO A 4X0 TINTAS EN PROPALCOTE DE 115 GR.	UN	1426
Demanda	GESTIÓN SOCIAL ELEMENTOS DE PUBLICIDAD	7898	PLEGABLES DE SOSTENIBILIDAD EN TRES CUERPOS TAMAÑO CARTA A 4X4 TINTAS EN PROPALCOTE.	UN	762
Demanda	GESTIÓN SOCIAL ELEMENTOS DE PUBLICIDAD	7900	VOLANTES TAMAÑO CARTA POLICROMÍA DE 114 GR.	UN	373
Demanda	GESTIÓN SOCIAL ELEMENTOS DE PUBLICIDAD	7901	VOLANTES TAMAÑO 1/2 CARTA POLICROMÍA COTE DE 115 GR.	UN	152
Demanda	EXÁMENES MÉDICOS	7904	EXÁMEN MÉDICO OCUPACIONAL DE INGRESO O RETIRO	UN	40000
Demanda	EXÁMENES MÉDICOS	7906	EXAMEN DE AUDIOMETRÍA DE INGRESO O EGRESO	UN	25000
Demanda	EXÁMENES MÉDICOS	7908	EXAMEN DE OPTOMETRÍA DE INGRESO O EGRESO	UN	30000
Demanda	EXÁMENES MÉDICOS	7910	EXAMEN DE ESPIROMETRÍA DE INGRESO O EGRESO	UN	30000
Demanda	EQUIPO LIVIANO Y HERRAMIENTAS	7919	COMPRESOR DE AIRE DE PISTÓN - CAUDAL DE AIRE DE 38 A 53 CFM	DIA	59976
Demanda	CONCRETOS Y MORTEROS PREMEZCLADOS	7921	CONCRETO MR41 DE RESISTENCIA ACELERADA (3 días)	M3	838717
Demanda	EQUIPO LIVIANO Y HERRAMIENTAS	7922	HIDROLAVADORA MOTOR A COMBUSTIÓN - CAUDAL DE 8 A 13 LITROS POR MINUTO - PRESIÓN DE 2700 A 2960 PSI - INCLUYE COMBUSTIBLE	HR	8878
Demanda	PRODUCTOS QUÍMICOS - PESTICIDAS - FITOSANITARIOS	7923	DETERGENTE/DESENGRASANTE INDUSTRIAL	KG	7409
Demanda	SEÑALES, BARRERAS Y DEMARCACIÓN VIAL	7926	TACHÓN PLÁSTICO  REFLECTIVO ALTA RESISTENCIA DE L:40cm x Ancho:15cm x Alto:8cm INCLUYE TORNILLOS DE ANCLAJE	UN	34323
Demanda	TUBERIAS Y ACCESORIOS DE PVC - ACUEDUCTO	7932	TUBERIA PVC E.L. D=1/2" RDE 9	ML	5726
Demanda	ACCESORIOS HD PARA REDES DE ACUEDUCTO	7934	KIT DE NIVELACION PARA HIDRANTE TIPO TRAFICO D=6" LONGITUD 400mm	UN	1259020
Demanda	ACCESORIOS HD PARA REDES DE ACUEDUCTO	7939	REDUCCION HD E.L. D=4" x 3"	UN	230860
Demanda	ACCESORIOS HD PARA REDES DE ACUEDUCTO	7941	REDUCCION HD J.H. D=6" x 4"	UN	556920
Demanda	ACCESORIOS HD PARA REDES DE ACUEDUCTO	7942	REDUCCION HD J.H. D=4" x 2"	UN	199920
Demanda	MATERIALES DE FERRETERÍA Y OTROS	7945	CINTA TEFLON - CINTA SELLANTE 1/2" x 0.20 DENSIDAD	ML	130
Demanda	SOLDADURA,  PEGANTES Y LIMPIADORES	7946	SOLDADURA DE ESTAÑO 4060 x LB y 1/16" DE DIÁMETRO	LB	103320
Demanda	MARCOS, TAPAS, REJILLAS, HERRAJES Y CAJILLAS	7947	CAJILLA PLASTICA Y TAPA EN POLIPROPILENO PARA MEDIDOR.	UN	337960
Demanda	TUBERIA Y ACCESORIOS EN ACERO GALVANIZADO	7948	TUBERIA ACERO GALVANIZADO D=1" CALIBRE 16 (E=1.5MM)	ML	24871
Demanda	TUBERÍA Y ACCESORIOS DE PVC PARA ALCANTARILLADO	7949	KIT SILLA YEE PVC D=8" x 6" (200MM x 160MM)	UN	217902
Demanda	TUBERÍA Y ACCESORIOS DE PVC PARA ALCANTARILLADO	7950	KIT SILLA YEE PVC D=12" x 6" (315MM x 160MM)	UN	370391
Demanda	ARBOLES-GRAMAS-VEGETACIÓN Y PLANTACIÓN PAISAJÍSTIC	7953	PASTO KIKUYO CORTADO A MÁQUINA (INCLUYE SUMINISTRO Y RIEGO DE TIERRA FERTIL DE 10 cm DE ESPESOR E INSTALACIÓN Y SIEMBRA DE PASTO Y SALADO Y NIVELACIÓN	M2	12191
Demanda	ARBOLES-GRAMAS-VEGETACIÓN Y PLANTACIÓN PAISAJÍSTIC	7955	PLANTACION DE NOGAL H= 1.5 m. (Incluye suministro al sitio de obra, plantacion, caja, tierra, abono y tutor	UN	149658
Demanda	ARBOLES-GRAMAS-VEGETACIÓN Y PLANTACIÓN PAISAJÍSTIC	7956	PLANTACION DE ROBLE H= 1.5 m. (Incluye suministro al sitio de obra, plantacion, caja, tierra, abono y tutor)	UN	157321
Demanda	ARBOLES-GRAMAS-VEGETACIÓN Y PLANTACIÓN PAISAJÍSTIC	7957	PLANTACION DE CAUCHO SABANERO H= 1.5 m. (Incluye suministro al sitio de obra, plantacion, caja, tierra, abono y tutor)	UN	190667
Demanda	ARBOLES-GRAMAS-VEGETACIÓN Y PLANTACIÓN PAISAJÍSTIC	7958	PLANTACION DE MAGNÓLIO H= 1.5 m. (Incluye suministro al sitio de obra, plantacion, caja, tierra, abono y tutor)	UN	493444
Demanda	ARBOLES-GRAMAS-VEGETACIÓN Y PLANTACIÓN PAISAJÍSTIC	7959	PLANTACION DE YARUMO H= 1.5 m. (Incluye suministro al sitio de obra, plantacion, caja, tierra, abono y tutor)	UN	180304
Demanda	TUBERÍA Y ACCESORIOS DE CONCRETO	7961	TUBO EN CONCRETO ALTA RESISTENCIA D= 10"	ML	359614
Demanda	TUBERÍA Y ACCESORIOS DE CONCRETO	7962	TUBO EN CONCRETO ALTA RESISTENCIA D= 12"	ML	436286
Demanda	TUBERÍA Y ACCESORIOS DE CONCRETO	7963	TUBO EN CONCRETO ALTA RESISTENCIA D= 14"	ML	533825
Demanda	ACCESORIOS HD PARA REDES DE ACUEDUCTO	7965	REDUCCION HD J.H. D=4" x 3"	UN	230860
Demanda	ACCESORIOS HD PARA REDES DE ACUEDUCTO	7966	REDUCCION HD J.H. D=8" x 6"	UN	749700
Demanda	ACCESORIOS HD PARA REDES DE ACUEDUCTO	7967	KIT DE NIVELACION PARA HIDRANTE TIPO TRAFICO D=4" LONGITUD 400mm	UN	1259020
Demanda	FORMALETAS, ANDAMIOS Y ACCESORIOS	7968	MOLDE PARA ESTAMPADO DE CONCRETO	UN	400000
Demanda	SELLANTES-IMPERMEABILIZANTES Y ADITIVOS CONCRETOS	7969	COLOR ENDURECEDOR DE CUARZO (4 Kg/m2)	M2	12576
Demanda	SELLANTES-IMPERMEABILIZANTES Y ADITIVOS CONCRETOS	7970	DESMOLDANTE EN POLVO COLOR (0.2 Kg/m2)	M2	4355
Demanda	SELLANTES-IMPERMEABILIZANTES Y ADITIVOS CONCRETOS	7971	SELLADOR ACRÍLICO TRANSPARENTE SEMILUSTRE (0.25 L/m2)	M2	7000
Demanda	SELLANTES-IMPERMEABILIZANTES Y ADITIVOS CONCRETOS	7973	ADHESIVO TIPO LATEX PARA MORTERO	KG	46285
Demanda	AGREGADOS PÉTREOS, BASES Y SUBBASES GRANULARES	7976	SUBBASE GRANULAR PEA (SBG_PEA)	M3	70196
Demanda	AGREGADOS PÉTREOS, BASES Y SUBBASES GRANULARES	7977	MATERIAL SELECCIONADO	M3	41650
Demanda	MATERIALES DE FERRETERÍA Y OTROS	7979	CINTA MÉTRICA DE 30 MT	UN	76145
Demanda	TARIFA _ ALQUILER DE VEHICULO	7983	TARIFA DIA - ALQUILER DE VEHICULO: CAMPERO, PICK-UP, CAMIONETA, CAMION O SIMILAR DE 1300cc A 2000cc DE CILINDRADA, MODELO 2018 A 2015. 75% DE LA TARIFA ESTABLECIDA. INCLUYE TODOS LOS COSTOS DE OPERACIÓN Y MANTENIMIENTO EXCEPTO EL SALARIO DEL CONDUCTOR.	DIA	219000
Demanda	EQUIPO PESADO	7984	CARROTANQUE IRRIGADOR DE ASFALTO - VOLUMEN DEL TANQUE DE 4500 A 6000 LITROS	HR	111226
Demanda	TARIFA _ ALQUILER DE VEHICULO	7989	TARIFA MES - ALQUILER DE VEHICULO: CAMPERO, PICK-UP, CAMIONETA, CAMION O SIMILAR CON CAPACIDAD DE CARGA DE 3 TON O MAS, MODELO 2018 A 2015. 75% DE LA TARIFA ESTABLECIDA. INCLUYE TODOS LOS COSTOS DE OPERACIÓN Y MANTENIMIENTO EXCEPTO EL SALARIO DEL CONDUCTOR.	MES	12795750
Demanda	ACTIVIDADES A TODO COSTO	7993	CARPA VESTIER 2.0m x 2.0m TECHO Y ESTRUCTURA CON LATERALES EN LONA	UN	2040850
Demanda	MALLAS Y ACEROS PARA REFUERZO	7994	MALLA DE GALLINERO 1 1/4" (ROLLO 0.90m x 10.0m)	M2	2495
Demanda	SELLANTES-IMPERMEABILIZANTES Y ADITIVOS CONCRETOS	7999	ADITIVO POTENCIALIZADOR DE CEMENTO (AUMENTO DE RESISTENCIA Y FLEXIBILIDAD DE SUELO)	KG	7013
Demanda	SERV. DIAGNÓSTICO-INSPECCIÓN REDES HIDROSANITARIAS	8000	INSPECCIÓN DE REDES DE ALCANTARILLADO CON SISTEMA CCTV PARA DIÁMETROS ENTRE 6" Y 36". INCL MANO DE OBRA IDÓNEA, INFORME ESCRITO DE DIAGNÓSTICO Y DVD CON VIDEO. INCL IVA	ML	14999
Demanda	SERV. DIAGNÓSTICO-INSPECCIÓN REDES HIDROSANITARIAS	8001	INSPECCIÓN DE REDES DE ALCANTARILLADO CON SISTEMA CCTV  PARA DIÁMETROS MAYORES A 36". INCL MANO DE OBRA IDÓNEA, INFORME ESCRITO DE DIAGNÓSTICO Y DVD CON VIDEO. INCL IVA	ML	15500
Demanda	SERV. DIAGNÓSTICO-INSPECCIÓN REDES HIDROSANITARIAS	8002	LAVADO Y SONDEO DE REDES DE ALCANTARILLADO ENTRE 6" Y 16" DE DIÁMETRO Y CON GRADO DE COLMATACIÓN MENOR DEL 30%. INCL MANO DE OBRA IDÓNEA, SEÑALIZACIÓN BÁSICA, SUMIN DE COMBUSTIBLE Y AGUA. INCL. IVA	ML	39270
Demanda	SERV. DIAGNÓSTICO-INSPECCIÓN REDES HIDROSANITARIAS	8003	LAVADO Y SONDEO DE REDES DE ALCANTARILLADO ENTRE 18" Y 36" DE DIÁMETRO Y CON GRADO DE COLMATACIÓN MENOR DEL 30%. INCLUYE MANO DE OBRA IDÓNEA, SEÑALIZACIÓN BÁSICA, SUMIN DE COMBUSTIBLE Y AGUA. INCL IVA	ML	45220
Demanda	ENSAYO LABORATORIO - SUELOS	8011	ENSAYO DE COMPRESION TRIAXIAL SOBRE SUELOS COHESIVOS (EN CONDICION CONSOLIDADA, DRENADA CD 3 PUNTOS). Norma técnica: INVE-153-13 UNE-EN-ISO-17892-9-19 Numerales 6.4 y 6.7.3 ASTM D7181-20	UN	2397850
Demanda	ENSAYO LABORATORIO - SUELOS	8012	CBR SOBRE MUESTRA INALTERADA (METODO II). Norma técnica: INVE-148-13 NTC-2122-13 ASTM D1883-21.	UN	186830
Demanda	ENSAYO LABORATORIO - SUELOS	8015	COMPRESION INCONFINADA EN MUESTRAS DE SUELOS. Norma técnica: INVE-152-13 NTC-1527-00 ASTM D2166/D2166M-16.	UN	92463
Demanda	ENSAYO LABORATORIO - SUELOS	8019	RELACIONES HUMEDAD - PESO UNITARIO SECO EN LOS SUELOS (ENSAYO MODIFICADO DE COMPACTACION). Norma técnica: INVE-142-13 ASTM D1557-12 (21) AASHTO T-180-22	UN	190400
Demanda	ENSAYO CAMPO - ELEMENTOS ESTRUCTURALES CONCRETO	8025	DETECCIÓN DEL REFUERZO UTILIZANDO FERROSCAN (POR DÍA)	DIA	1740000
Demanda	ENSAYO CAMPO - ELEMENTOS ESTRUCTURALES CONCRETO	8026	DETERMINACION DE LA PROFUNDIDAD DE CARBONATACION EN CONCRETO ENDURECIDO Y PUESTO EN SERVICIO. Norma técnica: UNE-112011-11 CPC-18-88	UN	54264
Demanda	ENSAYO CAMPO - ELEMENTOS ESTRUCTURALES CONCRETO	8028	METODO PARA DETERMINAR EL NUMERO DE REBOTE (INDICE ESCLEROMETRICO) EN EL CONCRETO ENDURECIDO, ZONA POR ELEMENTO. Norma técnica: INVE-413-13 NTC-3692-18 ASTM C805/C805M-18	UN	107576
Demanda	SEMAFORIZACION	8033	SEMÁFORO VEHICULAR DE POLICARBONATO (3x200), LENTES DE POLICARBONATO DE 8", TRES LUCES, SISTEMA DE ILUMINACIÓN A LEDS. SUMINISTRO E INSTALACIÓN	UN	4475685
Demanda	SEMAFORIZACION	8034	SEMÁFORO PEATONAL DE POLICARBONATO (2x200), LENTES DE POLICARBONATO DE 8", DOS LUCES, SISTEMA DE ILUMINACIÓN A LEDS. SUMINISTRO E INSTALACIÓN	UN	3163370
Demanda	SEMAFORIZACION	8035	POSTE TIPO MÁSTIL T1 (3.60m) EN TUBO SCH 40 GALVANIZADO Y PINTADO - SUMINISTRO E INSTALACIÓN	UN	3646568
Demanda	SEMAFORIZACION	8036	POSTE TIPO MÉNSULA T2 (5.50m) EN TUBO SCH 40 GALVANIZADO Y PINTADO. SUMINISTRO E INSTALACION	UN	8105972
Demanda	SEMAFORIZACION	8037	CABLE ELÉCTRICO 4x16 AWG PARA CONTROL DE SEMÁFOROS VEHICULARES TIPO ST CU 600V 75°C	ML	28352
Demanda	SEMAFORIZACION	8038	CABLE ELÉCTRICO 3x16 AWG PARA CONTROL DE SEMÁFOROS PEATONALES TIPO ST CU 600V 75°C	ML	24447
Demanda	CABLES Y ACCESORIOS ELECTRICOS	8039	CABLE ELÉCTRICO 2x8 AWG PARA ACOMETIDA TIPO ST CU 600V 75°C	ML	22487
Demanda	MALLAS Y ACEROS PARA REFUERZO	8041	ACERO LISO  D= 1 1/4"	KG	7557
Demanda	FORMALETAS, ANDAMIOS Y ACCESORIOS	8044	ANDAMIO TUBULAR DE 1.50m (6 SECCIONES)	DIA	8304
Demanda	ACCESORIOS HD PARA REDES DE ACUEDUCTO	8046	UNION BRIDA X UNIVERSAL HD D=12" (334 a 352mm) R1-R2	UN	1142242
Demanda	ACCESORIOS HD PARA REDES DE ACUEDUCTO	8047	UNION UNIVERSAL HD D=8" (234 a 252mm) R1-R2	UN	710430
Demanda	ACCESORIOS HD PARA REDES DE ACUEDUCTO	8048	UNION UNIVERSAL HD D=12" (334 a 352mm) R1-R2	UN	1309000
Demanda	FORMALETAS, ANDAMIOS Y ACCESORIOS	8050	PARAL METÁLICO LARGO - LONGITUD DE 2.00 A 3.50 M	DIA	238
Demanda	ESTRUCTURAS EN ACERO	8051	TUBERÍA ESTRUCTURAL METÁLICO CUADRADO DE 6mt (50mm x 50mm) ESPESOR 2mm	UN	105904
Demanda	ACCESORIOS HD PARA REDES DE ACUEDUCTO	8052	REGISTRO DE INCORPORACIÓN HG 1/2" CON ACOPLE	UN	32898
Demanda	ACCESORIOS HD PARA REDES DE ACUEDUCTO	8053	REGISTRO DE BOLA TIPO PESADO 1/2"	UN	29750
Demanda	TUBERIAS Y ACCESORIOS DE PVC - ACUEDUCTO	8054	ADAPTADOR MACHO PVC E.L. D=1/2"	UN	654
Demanda	ACCESORIOS HD PARA REDES DE ACUEDUCTO	8055	COLLAR DE DERIVACIÓN HD D=3" x 1/2"	UN	64189
Demanda	TUBERIA Y ACCESORIOS EN ACERO GALVANIZADO	8057	TUBERIA ACERO GALVANIZADO D=1/2" CALIBRE 16 (E=1.5MM)	ML	15708
Demanda	TRANSPORTES DE MATERIALES Y ACARREOS	8060	TRANSPORTE DE MAQUINARIA DE 6 A 9 TONELADAS. INCLUYE ESCOLTA. VIAJE IDA Y VUELTA	VIAJE	1840000
Demanda	ENSAYO LABORATORIO - MEZCLAS ASFALTICAS	8061	EFECTO DEL AGUA SOBRE LA RESISTENCIA A LA COMPRESION DE LAS MEZCLAS ASFALTICAS COMPACTADAS (ENSAYO DE INMERSION- COMPRESION), incluye elaboración. Norma técnica: INVE-738-13 ASTM D1075-11	UN	1664096
Demanda	ENSAYO LABORATORIO - SUELOS	8062	MODULO RESILIENTE DE SUELOS Y AGREGADOS. Norma técnica: INVE-156-13 AASHTO T-307-99 (21)	UN	1557829
Demanda	POSTES Y ALUMBRADO PUBLICO	8070	SISTEMA DE ANCLAJE PARA POSTES METÁLICOS 3/4" x 1500 (4 PERNOS)	UN	495040
Demanda	EQUIPO LIVIANO Y HERRAMIENTAS	8077	EQUIPO DE OXICORTE - PRESIÓN DE OXÍGENO 125 PSI - PRESIÓN GAS COMBUSTIBLE 15 PSI	DIA	107100
Demanda	TUBERÍA Y ACCESORIOS DE PVC PARA ALCANTARILLADO	8078	YEE PVC SANITARIA D= 4"	UN	39984
Demanda	ACCESORIOS HD PARA REDES DE ACUEDUCTO	8079	TEE HD E.L. D=4" x 2"	UN	379610
Demanda	TUBERÍA Y ACCESORIOS ACERO AL CARBÓN	8080	TUBERIA ACERO CARBON ASTM A=53  12"	ML	784924
Demanda	ARBOLES-GRAMAS-VEGETACIÓN Y PLANTACIÓN PAISAJÍSTIC	8085	PLANTACION DE FUCCIA H=1.3mt (Incluye tierra, abono, tutor) SUMINISTRO	UN	148613
Demanda	ARBOLES-GRAMAS-VEGETACIÓN Y PLANTACIÓN PAISAJÍSTIC	8086	PLANTACION DE DURAZNILLO H=1.5mt (Incluye tierra, abono, tutor) SUMINISTRO	UN	171834
Demanda	ARBOLES-GRAMAS-VEGETACIÓN Y PLANTACIÓN PAISAJÍSTIC	8089	PLANTACION DE GUAYACÁN H=1.5mt (Incluye tierra, abono, tutor) SUMINISTRO	UN	161385
Demanda	ARBOLES-GRAMAS-VEGETACIÓN Y PLANTACIÓN PAISAJÍSTIC	8090	PLANTACION DE ARRAYÁN H=1.3mt (Incluye tierra, abono, tutor) SUMINISTRO	UN	95206
Demanda	ARBOLES-GRAMAS-VEGETACIÓN Y PLANTACIÓN PAISAJÍSTIC	8091	PLANTACION DE CARBONERO H=1.5mt (Incluye tierra, abono, tutor) SUMINISTRO	UN	153259
Demanda	ARBOLES-GRAMAS-VEGETACIÓN Y PLANTACIÓN PAISAJÍSTIC	8094	PLANTACION DE FALSO PIMIENTO  H=1.3mt (Incluye tierra, abono, tutor) SUMINISTRO	UN	149194
Demanda	ARBOLES-GRAMAS-VEGETACIÓN Y PLANTACIÓN PAISAJÍSTIC	8097	PLANTACION DE CUBRESUELOS BALSAMINA (incluye 20 unidades por M2) SUMINISTRO	M2	67700
Demanda	LADRILLOS, BLOQUES Y ADOQUINES	8099	ADOQUIN EN CONCRETO COLOR OCRE A25 - Adoquin en concreto de 10x20x6cm-Color Ocre	M2	97755
Demanda	LADRILLOS, BLOQUES Y ADOQUINES	8100	ADOQUIN ECOLÓGICO EN CONCRETO DE 40 X 40 X 8cm - GRAMOQUIN	M2	102270
Demanda	SELLANTES-IMPERMEABILIZANTES Y ADITIVOS CONCRETOS	8101	ACELERANTE DE FRAGUADO Y RESISTENCIA PARA CONCRETOS	KG	15980
Demanda	SUELDOS Y JORNALES 	8102	TARIFA MES OPERADOR EQUIPO (INCLUYE FACTOR DE PRESTACIONES)	MES	3309125
Demanda	EQUIPO PESADO	8103	GRÚA TELESCÓPICA  MOVIL - CARGA MÁXIMA DE 35 A 39 TONELADAS - INCLUYE TRANSPORTE DE IDA Y VUELTA, COMBUSTIBLE Y OPERARIO	DIA	3631142
Demanda	ENSAYO LABORATORIO - ROCA	8113	RESISTENCIA A LA COMPRESION UNIAXIAL DE MUESTRAS DE ROCAS INTACTAS. Norma técnica: ASTM D7012-23 (Método C)	UN	109480
Demanda	ENSAYO LABORATORIO - MEZCLAS ASFALTICAS	8116	RESISTENCIA A LA FATIGA DE MEZCLAS ASFALTICAS EN CALIENTE MEDIANTE EL ENSAYO DE FLEXION EN DOS PUNTOS SOBRE PROBETAS TRAPEZOIDALES. Norma técnica: INVE-808-13 UNE-EN-12697-24-19 Anexo A NFP-98-261-1-01.	UN	4001613
Demanda	PINTURAS	8141	PINTURA BASE AGUA PARA USO EXTERIOR	GLN	99058
Demanda	PISOS (CONVENCIONALES Y TIPO TRANSMILENIO)	8142	BALDOSA DE GRANITO 33 x 33 CM	M2	91300
Demanda	SELLANTES-IMPERMEABILIZANTES Y ADITIVOS CONCRETOS	8143	ADHESIVO, EN POLVO Y DE FRAGUADO RÁPIDO. PREMEZCLADO EN FÁBRICA CON ADITIVOS TIPO LÁTEX, DE BASE CEMENTOSA	KG	2291
Demanda	MATERIALES DE FERRETERÍA Y OTROS	8144	BOQUILLA CON LATEX	KG	6362
Demanda	PISOS (CONVENCIONALES Y TIPO TRANSMILENIO)	8145	ZOCALO EN GRANITO h=7.2CM	ML	24900
Demanda	PISOS (CONVENCIONALES Y TIPO TRANSMILENIO)	8146	PORCELANATO BEIGE 60 x 60 CM2	M2	68373
Demanda	PINTURAS	8149	PINTURA PARA ALUMINIO 260°C	GLN	209702
Demanda	MATERIALES DE FERRETERÍA Y OTROS	8150	DISPENSADOR DE JABÓN METÁLICO DE 1 LT	UN	108827
Demanda	MATERIALES DE FERRETERÍA Y OTROS	8152	PORTAROLLO	UN	19499
Demanda	MATERIALES DE FERRETERÍA Y OTROS	8153	TOALLERO EN ACERO INOXIDABLE	UN	96144
Demanda	MATERIALES DE FERRETERÍA Y OTROS	8154	LAVAPLATOS EN ACERO INOXIDABLE DE SOBREPONER CON ALETA Cr DE 1.0x0.50 MTS	UN	183992
Demanda	MATERIALES DE FERRETERÍA Y OTROS	8155	SILICONA TRANSPARENTE 300ML	UN	11133
Demanda	TUBERÍA Y ACCESORIOS DE PVC PARA ALCANTARILLADO	8156	TUBERIA PVC SANITARIA D=2"	ML	18294
Demanda	TUBERÍA Y ACCESORIOS DE PVC PARA ALCANTARILLADO	8157	TAPON DE PRUEBA PVC SANITARIA D=2"	UN	1805
Demanda	TUBERÍA Y ACCESORIOS DE PVC PARA ALCANTARILLADO	8158	TAPON DE PRUEBA PVC SANITARIA D=4"	UN	4553
Demanda	TUBERÍA Y ACCESORIOS DE PVC PARA ALCANTARILLADO	8159	CODO 45° CxE PVC SANITARIA D=4"	UN	22101
Demanda	TUBERÍA Y ACCESORIOS DE PVC PARA ALCANTARILLADO	8160	CODO 45° CxE PVC SANITARIA D=2"	UN	5841
Demanda	TUBERÍA Y ACCESORIOS DE PVC PARA ALCANTARILLADO	8161	CODO 90° CxE PVC SANITARIA D=4"	UN	24225
Demanda	TUBERÍA Y ACCESORIOS DE PVC PARA ALCANTARILLADO	8162	YEE PVC SANITARIA D= 2"	UN	11190
Demanda	TUBERÍA Y ACCESORIOS DE PVC PARA ALCANTARILLADO	8164	YEE DOBLE PVC SANITARIA D= 4"	UN	70491
Demanda	TUBERÍA Y ACCESORIOS DE PVC PARA ALCANTARILLADO	8165	YEE REDUCIDA PVC SANITARIA D=4" x 2"	UN	34330
Demanda	TUBERÍA Y ACCESORIOS DE PVC PARA ALCANTARILLADO	8166	CODO 45° CxC PVC SANITARIA D=4"	UN	22101
Demanda	TUBERÍA Y ACCESORIOS DE PVC PARA ALCANTARILLADO	8167	UNION PVC SANITARIA D=4"	UN	11444
Demanda	TUBERÍA Y ACCESORIOS DE PVC PARA ALCANTARILLADO	8169	CODO 45° CxC PVC SANITARIA D=2"	UN	5839
Demanda	TUBERÍA Y ACCESORIOS DE PVC PARA ALCANTARILLADO	8170	SIFON PVC 180° D=2"	UN	8080
Demanda	TUBERÍA Y ACCESORIOS DE PVC PARA ALCANTARILLADO	8171	UNION PVC SANITARIA D=2"	UN	3944
Demanda	TUBERIAS Y ACCESORIOS DE PVC - ACUEDUCTO	8172	TUBERIA PVC E.L. D=1 1/4" RDE 21	ML	12794
Demanda	TUBERIAS Y ACCESORIOS DE PVC - ACUEDUCTO	8173	TUBERIA PVC E.L. D=1" RDE 13.5	ML	10288
Demanda	TUBERIAS Y ACCESORIOS DE PVC - ACUEDUCTO	8174	TEE PVC E.L. D=1 1/2"	UN	14068
Demanda	TUBERIAS Y ACCESORIOS DE PVC - ACUEDUCTO	8175	TEE PVC E.L. D=1 1/4"	UN	10702
Demanda	TUBERIAS Y ACCESORIOS DE PVC - ACUEDUCTO	8177	CODO 90° PVC E.L. D= 1 1/4"	UN	5701
Demanda	TUBERIAS Y ACCESORIOS DE PVC - ACUEDUCTO	8178	CODO 90° PVC E.L. D= 1"	UN	2969
Demanda	TUBERIAS Y ACCESORIOS DE PVC - ACUEDUCTO	8179	CODO 90° PVC E.L. D= 1 1/2"	UN	10643
Demanda	TUBERIAS Y ACCESORIOS DE PVC - ACUEDUCTO	8180	BUJE SOLDADO PRESION PVC D= 1 1/2" x 1 1/4"	UN	5421
Demanda	TUBERIAS Y ACCESORIOS DE PVC - ACUEDUCTO	8181	BUJE SOLDADO PRESION PVC D= 1 1/4" x 1"	UN	3512
Demanda	TUBERIAS Y ACCESORIOS DE PVC - ACUEDUCTO	8182	BUJE SOLDADO PRESION PVC D= 1" x 3/4"	UN	1829
Demanda	TUBERIAS Y ACCESORIOS DE PVC - ACUEDUCTO	8183	BUJE SOLDADO PRESION PVC D= 3/4" x 1/2"	UN	919
Demanda	TUBERIAS Y ACCESORIOS DE PVC - ACUEDUCTO	8185	REGISTRO BOLA PVC 1" TIPO PESADO	UN	27562
Demanda	TUBERIAS Y ACCESORIOS DE PVC - ACUEDUCTO	8186	REGISTRO BOLA PVC 1 1/4" TIPO PESADO	UN	36961
Demanda	TUBERIAS Y ACCESORIOS DE PVC - ACUEDUCTO	8187	CODO 45° PVC E.L. D=1"	UN	4767
Demanda	TUBERIAS Y ACCESORIOS DE PVC - ACUEDUCTO	8188	TEE PVC E.L. D=1"	UN	4125
Demanda	TUBERIAS Y ACCESORIOS DE PVC - ACUEDUCTO	8189	TAPON PVC SOLDADO D=1"	UN	1805
Demanda	TUBERIAS Y ACCESORIOS DE PVC - ACUEDUCTO	8190	CODO 45° PVC E.L. D=1/2"	UN	1568
Demanda	TUBERIAS Y ACCESORIOS DE PVC - ACUEDUCTO	8191	TUBERIA PVC E.L. D=1/2" RDE 13.5	ML	4085
Demanda	TUBERIAS Y ACCESORIOS DE PVC - ACUEDUCTO	8192	TEE PVC E.L. D=1/2"	UN	1253
Demanda	TUBERIAS Y ACCESORIOS DE PVC - ACUEDUCTO	8193	TAPON PVC SOLDADO D=1/2"	UN	532
Demanda	CABLES Y ACCESORIOS ELECTRICOS	8195	CABLE No.2 AWG 600V 90°	ML	22062
Demanda	CABLES Y ACCESORIOS ELECTRICOS	8199	CABLE 4 AWG 600V 90° C THHN/THWN	ML	14624
Demanda	CABLES Y ACCESORIOS ELECTRICOS	8202	VARILLA COPPERWELD DE 5/8" (2.4 MT)	UN	259015
Demanda	CABLES Y ACCESORIOS ELECTRICOS	8203	INTERRUPTOR MONOFASICO 40A	UN	15900
Demanda	CABLES Y ACCESORIOS ELECTRICOS	8204	INTERRUPTOR TRIFILAR 50A	UN	38900
Demanda	SOLDADURA,  PEGANTES Y LIMPIADORES	8205	SOLDADURA EXOTERMICA	GR	167
Demanda	CABLES Y ACCESORIOS ELECTRICOS	8206	CABLE No.1/0 AWG THHN-600V COBRE	ML	38900
Demanda	CABLES Y ACCESORIOS ELECTRICOS	8207	CONDUCTOR No.2 A 600V EN COBRE	ML	22062
Demanda	TUBERÍA Y ACCESORIOS CONDUIT GALVANIZADAS	8208	TUBERIA CONDUIT METALICA EMT D= 2"	ML	50073
Demanda	CABLES Y ACCESORIOS ELECTRICOS	8209	GRAPA PARA TUBERIA EMT D=2"	UN	1394
Demanda	CABLES Y ACCESORIOS ELECTRICOS	8210	CABLE No.6 AWG THHN- 600V COBRE	ML	10350
Demanda	CABLES Y ACCESORIOS ELECTRICOS	8211	CABLE No.8 AWG THHN-600V COBRE	ML	6089
Demanda	TUBERÍA Y ACCESORIOS CONDUIT GALVANIZADAS	8212	TUBERIA CONDUIT METALICA EMT D= 1"	ML	17732
Demanda	CABLES Y ACCESORIOS ELECTRICOS	8213	GRAPA PARA TUBERIA EMT D=1"	UN	484
Demanda	CABLES Y ACCESORIOS ELECTRICOS	8216	TOMA DE INCRUSTAR DOBLE CON POLO A TIERRA AISLADO 15A REGULADA	UN	11250
Demanda	CABLES Y ACCESORIOS ELECTRICOS	8217	CAJA PLASTICA ELECTRICA 4" X 4" CONDUIT 1/2"	UN	1428
Demanda	CABLES Y ACCESORIOS ELECTRICOS	8218	CABLE No.14 AWG 600V 90° C THHN/THWN	ML	1583
Demanda	CABLES Y ACCESORIOS ELECTRICOS	8219	TOMA TRIFILAR DE INCRUSTAR 50A/250V	UN	28875
Demanda	CABLES Y ACCESORIOS ELECTRICOS	8221	CABLE 12 AWG 600V 90° C THHN/THWN	ML	2816
Demanda	CABLES Y ACCESORIOS ELECTRICOS	8222	BREAKER ENCHUFABLE TRIPOLAR 3x20 A	UN	42007
Demanda	CABLES Y ACCESORIOS ELECTRICOS	8223	BALA - BALA 1 LUZ e27 13cm ESPECULAR BLANCO	UN	19900
Demanda	CABLES Y ACCESORIOS ELECTRICOS	8224	BOMBILLOS AHORRADORES 20W, 120V	UN	10800
Demanda	CABLES Y ACCESORIOS ELECTRICOS	8225	INTERRUPTOR DOBLE	UN	7700
Demanda	CABLES Y ACCESORIOS ELECTRICOS	8227	CAJA DE INTERRUPTOR 2 x 4	UN	1290
Demanda	TUBERIA Y ACCESORIOS EN ACERO GALVANIZADO	8228	TUBERIA ACERO GALVANIZADO D=2" CALIBRE 16 (E=1.5MM)	ML	61285
Demanda	CABLES Y ACCESORIOS ELECTRICOS	8229	GRAPA PARA TUBERIA EMT D=3/4"	UN	400
Demanda	TUBERIA Y ACCESORIOS EN ACERO GALVANIZADO	8230	TUBERIA ACERO GALVANIZADO D=3/4" CALIBRE 16 (E=1.5MM)	ML	18056
Demanda	CABLES Y ACCESORIOS ELECTRICOS	8231	GRAPA PARA TUBERIA EMT D=3"	UN	3689
Demanda	TUBERÍA Y ACCESORIOS CONDUIT GALVANIZADAS	8232	TUBERIA CONDUIT METALICA EMT D= 3/4"	ML	12530
Demanda	CABLES Y ACCESORIOS ELECTRICOS	8233	BREAKER ENCHUFABLE 1 x 20 A	UN	13000
Demanda	CABLES Y ACCESORIOS ELECTRICOS	8235	TUBO FLUORESCENTE 54 W	UN	12000
Demanda	MATERIALES DE FERRETERÍA Y OTROS	8244	SANITARIO LINEA INSTITUCIONAL COLOR BLANCO (VALVULA ANTIVANDALICA TIPO PUSH METALICO, CROMADO)	UN	449793
Demanda	MATERIALES DE FERRETERÍA Y OTROS	8245	SANITARIO LINEA INSTITUCIONAL PARA DISCAPACITADOS COLOR BLANCO (VALVULA ANTIVANDALICA TIPO PUSH METALICO, CROMADO)	UN	1144852
Demanda	MATERIALES DE FERRETERÍA Y OTROS	8246	ORINAL MEDIANO DE COLGAR TIPO INSTITUCIONAL COLOR BLANCO (VALVULA ANTIVANDALICA TIPO PUSH METALICO, CROMADO)	UN	376152
Demanda	MATERIALES DE FERRETERÍA Y OTROS	8247	PAPELERA DE 200/400 mm EN LAMINA DE ACERO INOXIDABLE SATINADO CON CERROJO	UN	85557
Demanda	MATERIALES DE FERRETERÍA Y OTROS	8248	GRIFERIA  PARA LAVAMANOS INSTITUCIONAL DE MESON TIPO PUSH METALICO CROMADO	UN	294016
Demanda	MATERIALES DE FERRETERÍA Y OTROS	8249	SECADOR ELECTRICO DE MANOS, CARCAZA OVALADA METALICA ACERO INOXIDABLE 304 SATINADO CAL. 1.2mm. 1650 W	UN	582793
Demanda	MATERIALES DE FERRETERÍA Y OTROS	8250	VALVULA ANTIVANDALICA PARA ORINAL CON ACCESORIOS PARA CONECTAR	UN	470492
Demanda	PINTURAS	8253	PINTURA EPOXICA	GLN	206900
Demanda	SOLDADURA,  PEGANTES Y LIMPIADORES	8254	SOLDADURA E-7018 x 1/8"	KG	21200
Demanda	SUELDOS Y JORNALES 	8256	TARIFA JORNAL - PERSONAL DE OBRA - SOLDADOR (INCLUYE FACTOR DE PRESTACIONES)	JR	121212
Demanda	EQUIPO LIVIANO Y HERRAMIENTAS	8258	EQUIPO DE SOLDADURA - CAPACIDAD 225 AMP	DIA	61404
Demanda	ESTRUCTURAS EN ACERO	8259	TUBO CERRAMIENTO NEGRO 2" 1.9mm	ML	19203
Demanda	ESTRUCTURAS EN ACERO	8260	TUBO CERRAMIENTO  NEGRO 1/2" 1.9 mm	ML	5474
Demanda	PINTURAS	8262	ANTICORROSIVO CROMATO DE ZINC	GLN	116996
Demanda	SEÑALES, BARRERAS Y DEMARCACIÓN VIAL	8270	DEMARCACIÓN LINEA DE CEDA EL PASO DISCONTINUA DE 0.8mt ESPACIADO 0.4mt, E=2.3mm EN PINTURA TERMOPLÁSTICA, INCLUYE SUMINISTRO Y APLICACIÓN CON EQUIPO, INCLUYE MICROESFERAS	ML	8629
Demanda	SEÑALES, BARRERAS Y DEMARCACIÓN VIAL	8271	DEMARCACION LINEA CARRIL A=0.12mt L=3.0 SEPARCION =5.0mt E=2.3mm, EN PINTURA TERMOPLATICA. INCLUYE SUMINISTRO Y APLICACION CON EQUIPO. INCLUYE MICROESFERAS	M2	12018
Demanda	ACTIVIDADES A TODO COSTO	8276	FRANJA EN ADHESIVO VINILICO ESMERILADO EFECTO STAND BLASTED FROSTED CRYSTAL L=8m.  (SUMINISTRO E INSTALACIÓN) GARANTIA DE 5 AÑOS AL EXTERIOR. SEGUN MANUAL DE IMAGEN DE TRANSMILENIO S.A.	UN	92974
Demanda	ACTIVIDADES A TODO COSTO	8277	FRANJA EN VINILO CON ADHESIVO EN VINILO ALTO 6cm, L=8m.  (SUMINISTRO E INSTALACIÓN) GARANTIA DE 5 AÑOS AL EXTERIOR SEGUN COLOR. SEGUN MANUAL DE IMAGEN DE TRANSMILENIO S.A.	UN	26761
Demanda	ACTIVIDADES A TODO COSTO	8278	FRANJA EN VINILO CON ADHESIVO EN VINILO ALTO 3cm L=8m,  (SUMINISTRO E INSTALACIÓN) GARANTIA DE 5 AÑOS AL EXTERIOR SEGUN COLOR. SEGUN MANUAL DE IMAGEN DE TRANSMILENIO S.A.	UN	21456
Demanda	TUBERIAS Y ACCESORIOS DE PVC - ACUEDUCTO	8294	COLLAR DERIVACION 4" x 1/2"	UN	29884
Demanda	TUBERIAS Y ACCESORIOS DE PVC - ACUEDUCTO	8295	COLLAR DERIVACION 6" x 1/2"	UN	37988
Demanda	TARIFA _ ALQUILER DE VEHICULO	8297	TARIFA DIA - ALQUILER DE VEHICULO: CAMPERO, PICK-UP, CAMIONETA, CAMION O SIMILAR DE 1300cc A 2000cc DE CILINDRADA, MODELO 2026 A 2023. 100% DE LA TARIFA ESTABLECIDA. INCLUYE TODOS LOS COSTOS DE OPERACIÓN Y MANTENIMIENTO EXCEPTO EL SALARIO DEL CONDUCTOR.	DIA	292000
Demanda	EQUIPO PESADO	8298	MINICARGADOR - POTENCIA 53 A 63 KW - INCLUYE OPERARIO Y COMBUSTIBLE	HR	116236
Demanda	SUELDOS Y JORNALES 	8299	TARIFA JORNAL - PERSONAL DE OBRA - AYUDANTE HORARIO NOCTURNO (INCLUYE FACTOR DE PRESTACIONES)	JR	131508
Demanda	SUELDOS Y JORNALES 	8300	TARIFA JORNAL - PERSONAL DE OBRA - OFICIAL HORARIO NOCTURNO (INCLUYE FACTOR DE PRESTACIONES)	JR	163636
Demanda	SEÑALES, BARRERAS Y DEMARCACIÓN VIAL	8302	BOYA PLASTICA DE 20 x 20 x 9 cm DE ALTURA (NO INCLUYE ELEMENTOS DE ANCLAJE)	UN	26165
Demanda	SEÑALES, BARRERAS Y DEMARCACIÓN VIAL	8303	HITO DE 75cm DE ALTURA Y 8cm DE DIAMETRO CON REFLECTIVOS DE COLOR AMARILLO. NO INCLUYE ELEMENTOS DE ANCLAJE	UN	52920
Demanda	EQUIPO LIVIANO Y HERRAMIENTAS	8304	EQUIPO DE OXICORTE - PRESIÓN DE OXÍGENO 125 PSI - PRESIÓN GAS COMBUSTIBLE 15 PSI, MES	MES	2356200
Demanda	SELLANTES-IMPERMEABILIZANTES Y ADITIVOS CONCRETOS	8306	EPOXICO PARA ANCLAJE DE ALTA RESISTENCIA (Unidad 600cc-900g)	UN	163625
Demanda	SELLANTES-IMPERMEABILIZANTES Y ADITIVOS CONCRETOS	8313	MORTERO DE REPARACIÓN ESTRUCTURAL	KG	8335
Demanda	SELLANTES-IMPERMEABILIZANTES Y ADITIVOS CONCRETOS	8314	RECUBRIMIENTO INHIBIDOR DE CORROSIÓN EPOXI-CEMENTO PARA PROTEGER ACERO DE REFUERZO. TRICOMPONENTE.	KG	29460
Demanda	SEÑALES, BARRERAS Y DEMARCACIÓN VIAL	8319	PINTURA EN FRÍO PARA DEMARCACIÓN DE VÍAS. A= 12 cm. INCLUYE EQUIPO AUTOPROPULSADO Y MANO DE OBRA.	ML	2711
Demanda	SUELDOS Y JORNALES 	8320	TARIFA MES - PERSONAL DE OBRA - OPERADOR EQUIPO DE SEÑALIZACIÓN (INCLUYE FACTOR DE PRESTACIONES)	MES	3636357
Demanda	SUELDOS Y JORNALES 	8321	TARIFA JORNAL - PERSONAL DE OBRA - OPERADOR EQUIPO DE SEÑALIZACIÓN (INCLUYE FACTOR DE PRESTACIONES)	JR	121212
Demanda	SEÑALES, BARRERAS Y DEMARCACIÓN VIAL	8322	PINTURA EN FRÍO PARA DEMARCACIÓN DE VÍAS. INCLUYE EQUIPO MANUAL Y MANO DE OBRA.	ML	2579
Demanda	TARIFA _ ALQUILER DE VEHICULO	8324	TARIFA DIA - ALQUILER DE VEHICULO: CAMPERO, PICK-UP, CAMIONETA, CAMION O SIMILAR CON CAPACIDAD DE CARGA DE 3 TON O MAS, MODELO 2018 A 2015. 75% DE LA TARIFA ESTABLECIDA. INCLUYE TODOS LOS COSTOS DE OPERACIÓN Y MANTENIMIENTO EXCEPTO EL SALARIO DEL CONDUCTOR	DIA	426525
Demanda	MATERIALES DE FERRETERÍA Y OTROS	8328	FUNGIBLES	GLB	1034
Demanda	SEÑALES, BARRERAS Y DEMARCACIÓN VIAL	8329	APLICACIÓN DE BICOMPONENTE (SPRAY O EXTRUSIÓN) INCLUYE EQUIPO Y MANO DE OBRA	ML	8000
Demanda	PINTURAS	8330	PLASTICO EN FRIO (INCLUYE CATALIZADOR) - PINTURA PARA TRAFICO	GLN	248263
Demanda	SEÑALES, BARRERAS Y DEMARCACIÓN VIAL	8331	APLICACIÓN DE BICOMPONENTE (SPRAY O EXTRUSIÓN) INCLUYE EQUIPO Y MANO DE OBRA Y MICROESFERAS	M2	49465
Demanda	SEÑALES, BARRERAS Y DEMARCACIÓN VIAL	8334	BORRADO SEÑALIZACIÓN VIAL TIPO FRESADO CON MÁQUINA BERTELLI O SIMILAR (ML)	ML	10434
Demanda	ESTRUCTURAS EN ACERO	8340	TORNILLO. INCLUYE TUERCA Y ARANDELA	KG	11614
Demanda	SEÑALES, BARRERAS Y DEMARCACIÓN VIAL	8357	TACHA REFLECTIVA BIDIRECCIONAL (NO INCLUYE ELEMENTOS DE ANCLAJE)	UN	9230
Demanda	SEÑALES, BARRERAS Y DEMARCACIÓN VIAL	8358	RESALTO EN CAUCHO DE L=1m, ANCHO 30cm, ALTO 4.5cm (INCLUYE PERNOS)	UN	221495
Demanda	DUCTOS PVC - ELECTRICOS/TELEFONICOS TIPO TDP-DB-EB	8359	TUBERIA CONDUIT PVC D= 1/2"	ML	3069
Demanda	TUBERÍA Y ACCESORIOS DE CONCRETO	8362	TUBERIA CONCRETO REF. CL.V D=36´ (90 CM)	ML	2015147
Demanda	ENSAYO LABORATORIO - ANÁLISIS DE AGUAS	8364	DETERMINACION DE CLORUROS. Norma técnica: SM-4500-Cl-B-17.	PUNTO	26906
Demanda	ENSAYO LABORATORIO - ANÁLISIS DE AGUAS	8365	DETERMINACION DE SULFATOS. Norma técnica: SM-4500-SO42-E-17 ASTM D516-16 (23).	PUNTO	31924
Demanda	ENSAYO LABORATORIO - ANÁLISIS DE AGUAS	8366	DETERMINACION DE NITRATOS. Norma técnica: SM-4500-NO3-B-17.	PUNTO	34674
Demanda	ENSAYO LABORATORIO - ANÁLISIS DE AGUAS	8367	DETERMINACION DE HIERRO TOTAL. Norma técnica: SM-3500-Fe-B-17.	PUNTO	35700
Demanda	ENSAYO LABORATORIO - ANÁLISIS DE AGUAS	8369	DETERMINACION DE MAGNESIO. Norma técnica: SM-3500-Mg-B-17.	PUNTO	39270
Demanda	ENSAYO LABORATORIO - ANÁLISIS DE AGUAS	8370	DETERMINACION DE SODIO. Norma técnica: SM-3500-Na-B-17.	PUNTO	39270
Demanda	PINTURAS	8404	PINTURA BASE AGUA DOMESTICA	GLN	74333
Demanda	TUBERÍA Y ACCESORIOS EN GRP	8430	CAMARA GRP 2500 * 2500 * 1200 (INCLUYE TUBERIA , CHIMENEA 2.5m Y ACCESORIOS. INCLUYE TRANSPORTE	UN	101621427
Demanda	TUBERÍA Y ACCESORIOS EN GRP	8431	CAMARA GRP 2600 * 2600 * 1200 (INCLUYE TUBERIA , CHIMENEA 2.5m Y ACCESORIOS. INCLUYE TRANSPORTE	UN	108258786
Demanda	TUBERÍA Y ACCESORIOS EN GRP	8432	TUBERIA GRP DN 350 PN1 SN2500. INCLUYE TRANSPORTE	ML	456027
Demanda	TUBERÍA Y ACCESORIOS EN GRP	8434	TUBERIA GRP DN 450 PN1 SN2500. INCLUYE TRANSPORTE	ML	552175
Demanda	TUBERÍA Y ACCESORIOS EN GRP	8435	ACOPLE GRP DN 450 PN1. INCLUYE TRANSPORTE	UN	602197
Demanda	TUBERÍA Y ACCESORIOS EN GRP	8436	TUBERIA GRP DN 550 PN1 SN2500. INCLUYE TRANSPORTE	ML	686862
Demanda	TUBERÍA Y ACCESORIOS EN GRP	8437	ACOPLE GRP DN 550 PN1. INCLUYE TRANSPORTE	UN	637620
Demanda	TUBERÍA Y ACCESORIOS EN GRP	8438	TUBERIA GRP DN 650 PN1 SN2500. INCLUYE TRANSPORTE	ML	801014
Demanda	TUBERÍA Y ACCESORIOS EN GRP	8440	TUBERIA GRP DN 750 PN1 SN2500 - INCLUYE TRANSPORTE	ML	953119
Demanda	TUBERÍA Y ACCESORIOS EN GRP	8441	ACOPLE GRP DN 750 PN1. INCLUYE TRANSPORTE	UN	721119
Demanda	TUBERÍA Y ACCESORIOS EN GRP	8442	TUBERIA GRP DN 850 PN1 SN2500. INCLUYE TRANSPORTE	ML	1161765
Demanda	TUBERÍA Y ACCESORIOS EN GRP	8443	ACOPLE GRP DN 850 PN1. INCLUYE TRANSPORTE	UN	853212
Demanda	TUBERÍA Y ACCESORIOS EN GRP	8444	TUBERIA GRP DN 2500 PN1 SN2500. INCLUYE TRANSPORTE	ML	7038518
Demanda	TUBERÍA Y ACCESORIOS EN GRP	8445	ACOPLE GRP DN 2500 PN1. INCLUYE TRANSPORTE	UN	2494815
Demanda	TUBERÍA Y ACCESORIOS EN GRP	8447	TUBERIA GRP DN 2600 PN1 SN2500. INCLUYE TRANSPORTE	ML	7488900
Demanda	TUBERÍA Y ACCESORIOS EN GRP	8448	ACOPLE GRP DN 2600 PN1. INCLUYE TRANSPORTE	UN	3274149
Demanda	TUBERÍA Y ACCESORIOS EN GRP	8449	CAMARA GRP 900 * 900 * 1200 (INCLUYE TUBERIA , CHIMENEA 1.0m Y ACCESORIOS. INCLUYE TRANSPORTE	UN	28531707
Demanda	TUBERÍA Y ACCESORIOS EN GRP	8450	CAMARA GRP 900 * 900 * 1200 (INCLUYE TUBERIA , CHIMENEA 2.5m Y ACCESORIOS. INCLUYE TRANSPORTE	UN	28531707
Demanda	TUBERÍA Y ACCESORIOS EN GRP	8451	CAMARA GRP 1000 * 1000 * 1200 (INCLUYE TUBERIA , CHIMENEA 2.5m Y ACCESORIOS. INCLUYE TRANSPORTE	UN	30414331
Demanda	TUBERÍA Y ACCESORIOS EN GRP	8452	CAMARA GRP 1100 * 1100 * 1200 (INCLUYE TUBERIA , CHIMENEA 2.5m Y ACCESORIOS. INCLUYE TRANSPORTE	UN	33362773
Demanda	TUBERÍA Y ACCESORIOS EN GRP	8453	CAMARA GRP 1300 * 1300 * 1200 (INCLUYE TUBERIA , CHIMENEA 5m Y ACCESORIOS.  INCLUYE TRANSPORTE	UN	40552745
Demanda	TUBERÍA Y ACCESORIOS EN GRP	8454	CAMARA GRP 1500 * 1500 * 1200 (INCLUYE TUBERIA , CHIMENEA 2.5m Y ACCESORIOS. INCLUYE TRANSPORTE	UN	49066688
Demanda	TUBERÍA Y ACCESORIOS EN GRP	8455	CAMARA GRP 1600 * 1600 * 1200 (INCLUYE TUBERIA , CHIMENEA 2.5m Y ACCESORIOS. INCLUYE TRANSPORTE	UN	58272464
Demanda	TUBERÍA Y ACCESORIOS EN GRP	8456	CAMARA GRP 1800 * 1800 * 1200 (INCLUYE TUBERIA , CHIMENEA 2.5m Y ACCESORIOS.  INCLUYE TRANSPORTE	UN	64775754
Demanda	TUBERÍA Y ACCESORIOS EN GRP	8457	CAMARA GRP 1800 * 1800 * 1200 (INCLUYE TUBERIA , CHIMENEA 5m Y ACCESORIOS.  INCLUYE TRANSPORTE	UN	72129149
Demanda	CABLES Y ACCESORIOS ELECTRICOS	8460	CONECTORES DE COBRE 25mm 5/8"	UN	8850
Demanda	CABLES Y ACCESORIOS ELECTRICOS	8461	ALAMBRE DE COBRE No. 4 AWG	ML	16850
Demanda	SEMAFORIZACION	8462	MASCARILLA DE GIRO PARA SEMAFORO DE 200 mm	UN	370764
Demanda	SEMAFORIZACION	8463	MODULO ROJO PARA SEMAFOROS DE 200mm (TIPO LED, SEMAFORO TIPO MENSULA) SUMINISTRO E INSTALACION.	UN	763205
Demanda	MATERIALES DE FERRETERÍA Y OTROS	8473	MALLA ZARANDA DE 6" x 6" PARA CLASIFICACION MATERIAL	M2	1635
Demanda	ESTRUCTURAS EN ACERO	8474	ÁNGULO METÁLICO	KG	6844
Demanda	ESTRUCTURAS EN ACERO	8475	PLATINA METALICA	KG	6418
Demanda	ESTRUCTURAS EN ACERO	8476	MALLA ESLABONADA CALIBRE 10.5 - HUECO DE 2" x 2"	M2	29155
Demanda	MATERIALES DE FERRETERÍA Y OTROS	8478	TEJA DE ZINC 800 x 2438	UN	26036
Demanda	MATERIALES DE FERRETERÍA Y OTROS	8479	AMARRAS - Abrazadera Plastico De 8 Pulg. (200mm) Con Argolla	UN	136
Demanda	MATERIALES DE FERRETERÍA Y OTROS	8480	LIJA	UN	1341
Demanda	PINTURAS	8481	PINTURA BASE ACEITE	GLN	99960
Demanda	PINTURAS	8482	PINTURA EN VINILO TIPO 1	GLN	74333
Demanda	MATERIALES DE FERRETERÍA Y OTROS	8483	TANQUE DE AGUA 500 Lts	UN	208938
Demanda	TUBERÍA Y ACCESORIOS CONDUIT GALVANIZADAS	8500	TUBERIA CONDUIT METALICA EMT D= 4"	ML	121094
Demanda	ENSAYO LABORATORIO - SUELOS	8501	ENSAYO DE COMPRESION TRIAXIAL SOBRE SUELOS COHESIVOS (EN CONDICION CONSOLIDADA, NO DRENADA CU 3 PUNTOS). Norma técnica: INVE-153-13 UNE-EN-ISO-17892-9-19 Numerales 6.4 y 6.7.2* (Norma de referencia) ASTM D4767-11 (20)	UN	1516027
Demanda	MALLAS Y ACEROS PARA REFUERZO	8502	CANASTILLA PASAJUNTAS	KG	9758
Demanda	PINTURAS	8506	PINTURA ACRÍLICA BASE SOLVENTE AMARILLO / BLANCO PARA DEMARCACION - PINTUTRAFICO	GLN	114400
Demanda	PINTURAS	8508	PINTURA ACRÍLICA BASE SOLVENTE AZUL / ROJO PARA DEMARCACION - PINTURA PARA TRAFICO	GLN	119900
Demanda	PINTURAS	8509	IMPRIMANTE NEGRO MATE - ACRILICO BASE SOLVENTE - PINTURA PARA TRAFICO	GLN	131040
Demanda	PINTURAS	8511	PINTURA ACRÍLICA BASE SOLVENTE AMARILLO / BLANCO PARA DEMARCACION - TERTRAFICO	GLN	144990
Demanda	SELLANTES-IMPERMEABILIZANTES Y ADITIVOS CONCRETOS	8515	AGENTE DESENCOFRANTE	KG	18652
Demanda	FORMALETAS, ANDAMIOS Y ACCESORIOS	8516	FORMALETA PARA CONCRETOS - MADERA (ESTRUCTURAS ENTERRADAS - UN (1) USO)	M2	42011
Demanda	FORMALETAS, ANDAMIOS Y ACCESORIOS	8520	FORMALETA METÁLICA (CONCRETO HIDRÁULICO)	M2/DIA	1724
Demanda	MATERIALES DE FERRETERÍA Y OTROS	8522	ICOPOR D-12 20 MM (LAMINA) DE 1.0m x 1.0m	M2	9194
Demanda	SELLANTES-IMPERMEABILIZANTES Y ADITIVOS CONCRETOS	8524	SELLADOR DE JUNTAS (300 CC). Masilla elástica sellante de un componente, con base en poliuretano, con proceso de curado en presencia de humedad del ambiente. Norma ASTM C-920.	UN	51200
Demanda	GEOSINTETICOS	8525	GEOMEMBRANA DE POLIETILENO DE ALTA DENSIDAD (PEAD-HDPE) CON ESPESOR DE 30 MILS (0,75 MM)	M2	20254
Demanda	PINTURAS	8529	ANTICORROSIVO PHCL	GLN	86282
Demanda	SOLDADURA,  PEGANTES Y LIMPIADORES	8530	FUNDENTE (PARA SOLDADURA) 60 gr.	UN	12000
Demanda	PINTURAS	8531	DISOLVENTE THINER	GLN	32538
Demanda	LADRILLOS, BLOQUES Y ADOQUINES	8539	BLOQUE PERFORADO 15X20X40	UN	4998
Demanda	MATERIALES DE FERRETERÍA Y OTROS	8555	LIJA DE AGUA 150 SUPER	UN	1580
Demanda	TUBERÍA Y ACCESORIOS CONDUIT GALVANIZADAS	8560	CURVA METALICA GALVANIZADA IMC D=1" 	UN	9802
Demanda	MATERIALES DE FERRETERÍA Y OTROS	8565	ALAMBRON 40  1/4 PULG LISO	KG	6612
Demanda	MATERIALES DE FERRETERÍA Y OTROS	8566	VARILLA DILATACIÓN ALUMINIO	ML	1883
Demanda	PISOS (CONVENCIONALES Y TIPO TRANSMILENIO)	8567	BALDOSA EN GRANO PULIDO TIPO 1 Y TIPO 2 (30X30)	M2	87500
Demanda	PISOS (CONVENCIONALES Y TIPO TRANSMILENIO)	8570	GRANITO (MEZCLA)	BULTO	22868
Demanda	SOLDADURA,  PEGANTES Y LIMPIADORES	8576	PEGANTE PARA PISOS DE CAUCHO SINTÉTICO	GLN	112000
Demanda	TUBERÍA Y ACCESORIOS DE PVC PARA ALCANTARILLADO	8577	TUBERIA PVC SANITARIA D=3"	ML	27330
Demanda	TUBERÍA Y ACCESORIOS DE PVC PARA ALCANTARILLADO	8578	CODO 90° CxC PVC SANITARIA D=2"	UN	4877
Demanda	TUBERÍA Y ACCESORIOS DE PVC PARA ALCANTARILLADO	8579	CODO 90° CxC PVC SANITARIA D=4"	UN	19645
Demanda	TUBERÍA Y ACCESORIOS DE PVC PARA ALCANTARILLADO	8584	TUBERIA PVC SANITARIA D=8"	ML	145094
Demanda	DUCTOS PVC - ELECTRICOS/TELEFONICOS TIPO TDP-DB-EB	8586	TUBERIA PVC VENTILACION D=3"	ML	17160
Demanda	TUBERIAS Y ACCESORIOS DE PVC - ACUEDUCTO	8588	TUBERIA PVC E.L. D=1" RDE 21	ML	7101
Demanda	MATERIALES DE FERRETERÍA Y OTROS	8634	LAVAMANOS INSTITUCIONAL	UN	187556
Demanda	TUBERIAS Y ACCESORIOS DE PVC - ACUEDUCTO	8635	ACOPLE PARA LAVAMANOS / LAVAPLATOS SIN VALVULA D=1/2" L=40CM	UN	3113
Demanda	MATERIALES BÁSICOS	8636	CEMENTO BLANCO	KG	1988
Demanda	MATERIALES DE FERRETERÍA Y OTROS	8644	LAVAMANOS SOBREPONER	UN	206869
Demanda	MATERIALES DE FERRETERÍA Y OTROS	8645	LAVAMANOS DE COLGAR PARA PERSONAS CON MOVILIDAD REDUCIDA	UN	520070
Demanda	MALLAS Y ACEROS PARA REFUERZO	8654	ACERO FIGURADO No.2  (1/4") F`y = 60000 PSI	KG	5569
Demanda	CABLES Y ACCESORIOS ELECTRICOS	8666	CABLE CU ENCAUCHETADO 3X16 AWG	ML	4750
Demanda	CABLES Y ACCESORIOS ELECTRICOS	8672	CAJA GALVANIZADA 4X4 CUMPLE NORMA RETIE	UN	3800
Demanda	CABLES Y ACCESORIOS ELECTRICOS	8674	TOMACORRIENTE CON CONEXIÓN A TIERRA, MONOFÁSICO DOBLE, 15 A	UN	4600
Demanda	CABLES Y ACCESORIOS ELECTRICOS	8675	TOMACORRIENTE CON PROTECCIÓN DE FALLA A TIERRA (GFCI)	UN	39900
Demanda	CABLES Y ACCESORIOS ELECTRICOS	8676	TOMACORRIENTE CON CONEXIÓN A TIERRA, BIFÁSICOS, DOS POLOS, 3 HILOS, 20 A	UN	13008
Demanda	MATERIALES DE FERRETERÍA Y OTROS	8688	OTROS MATERIALES Y ACCESORIOS	GLB	1034
Demanda	SUELDOS Y JORNALES 	8689	TARIFA JORNAL - PERSONAL DE OBRA - TECNICO SOLDADOR (INCLUYE FACTOR DE PRESTACIONES)	JR	139262
Demanda	SUELDOS Y JORNALES 	8690	TARIFA JORNAL - PERSONAL DE OBRA - TÉCNICO (SOLDADOR 1 A) (INCLUYE FACTOR DE PRESTACIONES)	JR	139262
Demanda	CABLES Y ACCESORIOS ELECTRICOS	8694	CABLE DE COBRE AISLADO No.10	ML	4019
Demanda	CABLES Y ACCESORIOS ELECTRICOS	8695	CABLE DE COBRE AISLADO No.8	ML	6590
Demanda	CABLES Y ACCESORIOS ELECTRICOS	8696	CABLE DE COBRE AISLADO No.6	ML	11050
Demanda	CABLES Y ACCESORIOS ELECTRICOS	8698	CABLE DE COBRE AISLADO No.4	ML	18500
Demanda	CABLES Y ACCESORIOS ELECTRICOS	8699	CABLE DE COBRE AISLADO No.2	ML	24090
Demanda	CABLES Y ACCESORIOS ELECTRICOS	8700	CABLE No. 2/0 AWG THHN-600V COBRE	ML	45454
Demanda	CABLES Y ACCESORIOS ELECTRICOS	8706	CURVA CONDUIT GALVANIZADA IMC 3/4"	UN	6550
Demanda	CABLES Y ACCESORIOS ELECTRICOS	8708	CURVA CONDUIT GALVANIZADA IMC 2"	UN	34213
Demanda	TUBERÍA Y ACCESORIOS CONDUIT GALVANIZADAS	8710	CURVA  EMT D= 3"	UN	65142
Demanda	TUBERÍA Y ACCESORIOS CONDUIT GALVANIZADAS	8712	UNIÓN EMT D= 3"	UN	24731
Demanda	CABLES Y ACCESORIOS ELECTRICOS	8721	CABLE COBRE 4/0 AWG 600V 90° C THHN/THWN	ML	90200
Demanda	CABLES Y ACCESORIOS ELECTRICOS	8722	CABLE DE COBRE AISLADO 8 AWG 600V 90° C THHN/THWN	ML	6900
Demanda	TUBERÍA Y ACCESORIOS CONDUIT GALVANIZADAS	8729	CURVA  EMT D= 1 1/4"	UN	9400
Demanda	TUBERÍA Y ACCESORIOS CONDUIT GALVANIZADAS	8731	UNIÓN EMT D= 1 1/4"	UN	3800
Demanda	TUBERÍA Y ACCESORIOS CONDUIT GALVANIZADAS	8732	CURVA  EMT D= 2"	UN	14840
Demanda	TUBERÍA Y ACCESORIOS CONDUIT GALVANIZADAS	8734	UNIÓN EMT D= 2"	UN	6300
Demanda	CABLES Y ACCESORIOS ELECTRICOS	8737	CABLE NO.1/0 AWG 15 KV 133% XLPE	ML	67983
Demanda	CABLES Y ACCESORIOS ELECTRICOS	8738	CABLE COBRE DESNUDO No. 2 AWG	ML	22500
Demanda	CABLES Y ACCESORIOS ELECTRICOS	8743	CURVA PVC 4"	UN	25350
Demanda	CABLES Y ACCESORIOS ELECTRICOS	8746	CABLE NO.2/0 AWG 15 KV 133% XLPE	ML	71343
Demanda	CABLES Y ACCESORIOS ELECTRICOS	8749	CABLE DE COBRE AISLADO THWN/THHN NO. 500 MCM	ML	191800
Demanda	CABLES Y ACCESORIOS ELECTRICOS	8760	CABLE ALUMINIO AISLADO NO.1/0	ML	9100
Demanda	CABLES Y ACCESORIOS ELECTRICOS	8768	CABLE COBRE DESNUDO NO.2/0 AWG	ML	43900
Demanda	CABLES Y ACCESORIOS ELECTRICOS	8771	TERMINAL 1 HUECO AWG 2/0	UN	5421
Demanda	CABLES Y ACCESORIOS ELECTRICOS	8774	ADAPTADOR TERMINAL PVC 3/4"	UN	250
Demanda	CABLES Y ACCESORIOS ELECTRICOS	8777	CABLE UTP CATEGORIA 6A	ML	4125
Demanda	CABLES Y ACCESORIOS ELECTRICOS	8779	CAJA GALVANIZADA 2400	UN	3550
Demanda	MATERIALES DE FERRETERÍA Y OTROS	8789	INTERVINIL PRO DRYWALL	GLN	17060
Demanda	MATERIALES DE FERRETERÍA Y OTROS	8790	VIDRIO TEMPLADO DE 10MM	M2	204466
Demanda	MATERIALES DE FERRETERÍA Y OTROS	8794	VIDRIO TEMPLADO DE 6MM	M2	110189
Demanda	EQUIPO LIVIANO Y HERRAMIENTAS	8844	ELECTROSOLDADOR - DE 350 A 515 AMPERIOS EN UN CICLO DE TRABAJO DEL 60%	HR	5950
Demanda	SUELDOS Y JORNALES 	8845	TARIFA JORNAL - PERSONAL DE OBRA - TÉCNICO (INCLUYE FACTOR DE PRESTACIONES)	JR	139262
Demanda	SEÑALES, BARRERAS Y DEMARCACIÓN VIAL	8846	BLOQUE CANALIZADOR AMARILLO - SEPARADOR TIPO TRANSMILENIO. NO INCLUYE ELEMENTOS DE ANCLAJE	UN	159221
Demanda	SEMAFORIZACION	8854	SEMAFORO (3x200) LENTES DE POLICARBONATO DE 8" BICICLETA LUCES. SISTEMA ILUMINACION A LEDS COMPATIBILIDAD C800/900 PARA FIJACION A MASTIL. INCL ELEMENTOS DE FIJACION	UN	4084232
Demanda	CABLES Y ACCESORIOS ELECTRICOS	8855	ADAPTADOR TERMINAL EMT 1"	UN	2499
Demanda	CABLES Y ACCESORIOS ELECTRICOS	8856	ADAPTADOR TERMINAL EMT 3/4"	UN	1545
Demanda	CABLES Y ACCESORIOS ELECTRICOS	8858	CABLE COAXIAL RG-6	ML	1379
Demanda	CABLES Y ACCESORIOS ELECTRICOS	8859	CABLE CU THHN No. 4 DESNUDO	ML	14900
Demanda	CABLES Y ACCESORIOS ELECTRICOS	8860	CABLE FLEXIBLE OXIGENO 2x14	ML	2900
Demanda	CABLES Y ACCESORIOS ELECTRICOS	8861	CABLE UPT VOZ Y DATOS CAT 6	ML	2960
Demanda	CABLES Y ACCESORIOS ELECTRICOS	8862	CABLE UPT CAT 6 PARA EXTERIORES	ML	2857
Demanda	CABLES Y ACCESORIOS ELECTRICOS	8865	CAJA METALICA PARA CUATRO (4) MEDIDORES	UN	559993
Demanda	CABLES Y ACCESORIOS ELECTRICOS	8866	CAJA RADWEL CONDULETA 2 x 4"	UN	17541
Demanda	CABLES Y ACCESORIOS ELECTRICOS	8867	CAPACETE METALICO GALVANIZADO IMC DE 3"	UN	57450
Demanda	CABLES Y ACCESORIOS ELECTRICOS	8868	CONDUCTORES COBRE No. 1/0 AWG/THHN 600V	ML	42250
Demanda	CABLES Y ACCESORIOS ELECTRICOS	8869	CONDUCTOR COBRE No. 2 AWT/THHN 600V	ML	27278
Demanda	CABLES Y ACCESORIOS ELECTRICOS	8870	CURVA CONDUIT EMT 1"	UN	3300
Demanda	CABLES Y ACCESORIOS ELECTRICOS	8871	CURVA CONDUIT EMT 3/4"	UN	2475
Demanda	DUCTOS PVC - ELECTRICOS/TELEFONICOS TIPO TDP-DB-EB	8872	CURVA GRAN RADIO DUCTO PVC  EB DE 3"	UN	47900
Demanda	CABLES Y ACCESORIOS ELECTRICOS	8873	FAVIGEL	KG	6912
Demanda	CABLES Y ACCESORIOS ELECTRICOS	8874	MEDIDOR DE ENERGIA MONOFASICO	UN	68650
Demanda	CABLES Y ACCESORIOS ELECTRICOS	8875	MEDIDOR DE ENERGIA TRIFASICO 20-80 AMP	UN	249900
Demanda	SOLDADURA,  PEGANTES Y LIMPIADORES	8876	SOLDADURA EXOTERMICA 115 Gr	UN	19100
Demanda	CABLES Y ACCESORIOS ELECTRICOS	8877	TOMA DOBLE VOZ Y DATOS CAT 6	UN	36295
Demanda	TUBERÍA Y ACCESORIOS CONDUIT GALVANIZADAS	8880	TUBERIA CONDUIT METALICA GALVANIZADA IMC D= 4"	ML	155139
Demanda	CABLES Y ACCESORIOS ELECTRICOS	8883	UNION CONDUIT EMT DE 1"	UN	1902
Demanda	CABLES Y ACCESORIOS ELECTRICOS	8884	UNION CONDUIT EMT DE 3/4"	UN	1200
Demanda	SOLDADURA,  PEGANTES Y LIMPIADORES	8885	SOLDADURA EXOTÉRMICA 90gr	UN	15254
Demanda	GEOSINTETICOS	8907	GEOCOMPUESTO PARA DRENAJE, CONFORMADO POR GEODREN (RED DRENANTE DE POLIETILENO DE ALTA DENSIDAD PEAD-HDPE Y GEOTEXTIL NO TEJIDO) CON ALTURA DE 1.0 M Y TUBERIA FLEXIBLE CORRUGADA DE DRENAJE CON DIAMETRO DE 160 MM	ML	134406
Demanda	GEOSINTETICOS	8908	GEOCOMPUESTO PARA DRENAJE, CONFORMADO POR GEODREN (RED DRENANTE DE POLIETILENO DE ALTA DENSIDAD PEAD-HDPE Y GEOTEXTIL NO TEJIDO) CON ALTURA DE 1.0 M Y TUBERIA FLEXIBLE CORRUGADA DE DRENAJE CON DIAMETRO DE 200 MM	ML	158386
Demanda	SUELDOS Y JORNALES 	8911	TARIFA JORNAL - PERSONAL DE OBRA - OPERADOR EQUIPO DE SEÑALIZACIÓN HORARIO NOCTURNO (INCLUYE FACTOR DE PRESTACIONES)	JR	163636
Demanda	GEOSINTETICOS	8913	FORMALETA FLEXIBLE PARA CONCRETO O MORTERO HIDRÁULICO, A PARTIR DE GEOTEXTIL TEJIDO CON RESISTENCIA A LA TENSION GRAB: ENTRE 700 N Y 770 N, ANCHO DE 1.20 M, LARGO DE 2.4 M Y CAPACIDAD DE 1.0 M3	UN	42821
Demanda	TUBERIAS Y ACCESORIOS DE PVC - ACUEDUCTO	8928	TUBERIA PVC U.M. D=14" RDE 21. NORMA NTC 382	ML	617699
Demanda	ACCESORIOS HD PARA REDES DE ACUEDUCTO	8929	UNION GIBAULT HD PARA AC CL.25  D= 14" (350mm)	UN	1269337
Demanda	ACCESORIOS HD PARA REDES DE ACUEDUCTO	8931	UNION DE TRANSICION PVC-AC  CL.25  D= 14"	UN	4683206
Demanda	ACCESORIOS HD PARA REDES DE ACUEDUCTO	8932	REDUCCION HD E.L. D=4" x 2"	UN	182070
Demanda	ACCESORIOS HD PARA REDES DE ACUEDUCTO	8933	REDUCCION HD E.L. D=14" x 12"	UN	2222095
Demanda	CABLES Y ACCESORIOS ELECTRICOS	8938	CAJA GALVANIZADA 5800 CL. 20	UN	2700
Demanda	CABLES Y ACCESORIOS ELECTRICOS	8939	CABLE POLARIZADO 2 x 14"	ML	3284
Demanda	CABLES Y ACCESORIOS ELECTRICOS	8941	TABLERO BIFASICO DE 18 CIRCUITOS CON PUERTA	UN	194550
Demanda	CABLES Y ACCESORIOS ELECTRICOS	8942	CABLE C XLPE 4/0 AWG 15 KV ALUMINIO IL 100% CINTA	ML	52326
Demanda	TRANSPORTES DE MATERIALES Y ACARREOS	8968	TRANSPORTE DE POSTES AP/LA	GLB	1037
Demanda	TRANSPORTES DE MATERIALES Y ACARREOS	8969	MOVILIZACIÓN, MONTAJE Y DESMONTAJE DE EQUIPO ENTRE PERFORACIONES DENTRO DE LA OBRA	GLB	1037
Demanda	CONCRETOS Y MORTEROS PREMEZCLADOS	8972	CONCRETO TREMIE 4000 PSI  28 MPa (280 Kg/cm2)	M3	669561
Demanda	SOLDADURA,  PEGANTES Y LIMPIADORES	8973	SOLDADURA 7018 x 3/32	KG	23789
Demanda	ESTRUCTURAS EN ACERO	8975	TUBERÍA ESTRUCTURAL METÁLICO RECTANGULAR DE 6mt (50mm x 25mm) ESPESOR 2mm (TUBERIA DE 2" x 1" CAL. 18)	ML	8502
Demanda	ESTRUCTURAS EN ACERO	8978	GALVANIZADO EN CALIENTE	KG	2885
Demanda	ESTRUCTURAS EN ACERO	8979	OXIGENO	M3	16348
Demanda	ESTRUCTURAS EN ACERO	8981	LAMINA HR A-36	KG	5831
Demanda	ESTRUCTURAS EN ACERO	8983	PERFIL IPE - ASTM A572 GR. 50	KG	7854
Demanda	ESTRUCTURAS EN ACERO	8984	PERFILES C	KG	6069
Demanda	CABLES Y ACCESORIOS ELECTRICOS	8985	BREAKER ENCHUFABLE 1x50A	UN	15605
Demanda	CABLES Y ACCESORIOS ELECTRICOS	8986	BREAKER ENCHUFABLE 1x15A	UN	13000
Demanda	CABLES Y ACCESORIOS ELECTRICOS	8987	BREAKER ENCHUFABLE 2X15A	UN	36000
Demanda	CABLES Y ACCESORIOS ELECTRICOS	8988	BREAKER ENCHUFABLE 1X30A	UN	13550
Demanda	CABLES Y ACCESORIOS ELECTRICOS	8990	BREAKER ENCHUFABLE 3X60A	UN	109143
Demanda	CABLES Y ACCESORIOS ELECTRICOS	8993	CAJA PARA 4 MEDIDORES TRIFASICA 81cm x 75cm x 18cm	UN	535000
Demanda	CABLES Y ACCESORIOS ELECTRICOS	8994	CLAVIJA 10A	UN	2100
Demanda	CABLES Y ACCESORIOS ELECTRICOS	8995	CURVA EMT 1 1/2"	UN	10650
Demanda	CABLES Y ACCESORIOS ELECTRICOS	8996	TABLERO TRIFASICO 18 CIRCUITOS CON ESPACIO PARA TOTALIZADOR	UN	425500
Demanda	CABLES Y ACCESORIOS ELECTRICOS	8997	TABLERO MONOFASICO CON ESPACIO PARA 6 CIRCUITOS	UN	49980
Demanda	CABLES Y ACCESORIOS ELECTRICOS	9000	TOTALIZADOR INDUSTRIAL DE 30A	UN	219350
Demanda	CABLES Y ACCESORIOS ELECTRICOS	9001	TOTALIZADOR INDUSTRIAL DE 3x80A	UN	211820
Demanda	CABLES Y ACCESORIOS ELECTRICOS	9003	UNION EMT 1 1/2"	UN	4850
Demanda	TUBERÍA Y ACCESORIOS DE CONCRETO	9004	TUBO EN CONCRETO ALTA RESISTENCIA D= 8"	ML	278060
Demanda	TUBERÍA Y ACCESORIOS DE CONCRETO	9005	TUBERIA CONCRETO DE ALTA RESISTENCIA D= 16"	ML	595027
Demanda	TUBERÍA Y ACCESORIOS DE CONCRETO	9006	TUBO EN CONCRETO ALTA RESISTENCIA D= 18"	ML	738870
Demanda	TUBERÍA Y ACCESORIOS DE CONCRETO	9007	TUBO EN CONCRETO ALTA RESISTENCIA D= 20"	ML	870950
Demanda	SEÑALES, BARRERAS Y DEMARCACIÓN VIAL	9034	DELINEADORES TIPO A 0.77 x 0.15 x 0.10 (Incluye tornillos)	UN	207510
Demanda	SEÑALES, BARRERAS Y DEMARCACIÓN VIAL	9035	DELINEADORES TIPO B 0.78 x 0.20 x 0.15 (Incluye tornillos)	UN	224602
Demanda	SEÑALES, BARRERAS Y DEMARCACIÓN VIAL	9036	DELINEADORES TIPO C 0.405 x 0.15 x 0.085 (Incluye tornillos)	UN	61289
Demanda	DUCTOS PVC - ELECTRICOS/TELEFONICOS TIPO TDP-DB-EB	9037	CURVA 90° PVC 2"	UN	25055
Demanda	SEMAFORIZACION	9038	POSTE TIPO MASTIL T1 X (5.00 mt) EN TUBO SCH 40  GALVANIZADO Y PINTADO	UN	4331775
Demanda	GEOSINTETICOS	9043	GEOMALLA BIAXIAL PARA EL CONTROL DEL REFLEJO DE AGRIETAMIENTO EN CAPAS DE CONCRETO ASFALTICO, CON MODULO DE TENSION CICLICA MINIMO DE 1820 KN/M	M2	19493
Demanda	GEOSINTETICOS	9044	GEOMALLA BIAXIAL PARA EL CONTROL DEL REFLEJO DE AGRIETAMIENTO EN CAPAS DE CONCRETO ASFALTICO, CON MODULO DE TENSION CICLICA MINIMO DE 2340 KN/M	M2	23991
Demanda	SEÑALES, BARRERAS Y DEMARCACIÓN VIAL	9048	CARTELERA CON MARCO EN ALUMINIO ANODIZADO, PAÑO COLOR GRIS CON CENEFA SUPERIOR, PUERTAS CORREDIZAS. Incl. transporte	UN	568502
Demanda	MUEBLES - EQUIPOS Y ELEMENTOS OFICINA	9050	CAMARA DIGITAL COMPACTA MINIMO 16.2 MEGAPIXELES, MEMORIA DE 8 GB, VIDEO HD CON PAUSA Y ZOOM (UN)	UN	573861
Demanda	CUBIERTA - CIELO RASO - CORTASOL TIPO TRANSMILENIO	9054	CUBIERTA SANDWICH DECK  333C, SENCILLA, EN ALUZINC Cal 24. SUM E INST. PANEL SIN TRASLAPOS LONGITUDINALES. PINTURA PLASTISOL/DURANAR 1 CARA (e=24micrones) CLIPS METALICOS OCULTOS. AISLANTE FIBRA VIDRIO 38mm	M2	360963
Demanda	CUBIERTA - CIELO RASO - CORTASOL TIPO TRANSMILENIO	9056	CIELORASO BAFFLE EN ALUZINC LISO COLOR ALUMINIO MEDIO. INCL FIJACION CON SISTEMA DE TRABA DE PRESION A UN RIEL PORTAPANEL SECCION 25mm CON DISTANCIA CADA 100mm Y ALTUA DE 100mm	M2	606900
Demanda	CUBIERTA - CIELO RASO - CORTASOL TIPO TRANSMILENIO	9057	CIELO 84R EN ALUZINC LISO COLOR ALUMINIO MEDIO. INCL FIJACION A LA ESTRUCTURA DEL PORTAPANEL POR MEDIO DE AMARRES CADA METRO, ANCHO DEL PANEL DE 84mm	M2	284410
Demanda	ESTRUCTURAS EN ACERO	9061	LAMINA HR A36 e=3/8" PARA CAMISA METÁLICA PERDIDA	M2	460104
Demanda	SEÑALES, BARRERAS Y DEMARCACIÓN VIAL	9062	SEÑAL VERTICAL UNA CARA PARA CICLORUTA PARAL 3m, ÁNGULO DE 2x1/4x3m LAMINA CAL. 16 PINTADA POR UNA CARA 0.60m x 0.60m o 0.75m x 0.75m	UN	435667
Demanda	SUELDOS Y JORNALES 	9084	TARIFA MES - PERSONAL TÉCNICO-TECNÓLOGO EN ÁREAS DE INGENIERÍA (NO INCLUYE FACTOR DE PRESTACIONES)	MES	3584000
Demanda	SUELDOS Y JORNALES 	9085	TARIFA MES - PERSONAL TÉCNICO - AUXILIAR DE INGENIERÍA (NO INCLUYE FACTOR DE PRESTACIONES)	MES	3150000
Demanda	SUELDOS Y JORNALES 	9086	TARIFA MES - PERSONAL TÉCNICO - DIBUJANTE 1 (NO INCLUYE FACTOR DE PRESTACIONES)	MES	3303000
Demanda	SUELDOS Y JORNALES 	9087	TARIFA MES - PERSONAL TÉCNICO - DIBUJANTE 2 (NO INCLUYE FACTOR DE PRESTACIONES)	MES	2670000
Demanda	SUELDOS Y JORNALES 	9088	TARIFA MES - PERSONAL TÉCNICO - TOPÓGRAFO INSPECTOR (NO INCLUYE FACTOR DE PRESTACIONES)	MES	3736000
Demanda	SUELDOS Y JORNALES 	9089	TARIFA MES - PERSONAL TÉCNICO - LABORATORISTA INSPECTOR (NO INCLUYE FACTOR DE PRESTACIONES)	MES	3310000
Demanda	SUELDOS Y JORNALES 	9090	TARIFA MES - PERSONAL TÉCNICO - LABORATORISTA AUXILIAR (NO INCLUYE FACTOR DE PRESTACIONES)	MES	2316000
Demanda	SUELDOS Y JORNALES 	9091	TARIFA MES - PERSONAL TÉCNICO - OPERADOR EQUIPO PERFORACIÓN (INCLUYE FACTOR DE PRESTACIONES)	MES	4690453
Demanda	SUELDOS Y JORNALES 	9092	TARIFA MES - PERSONAL TÉCNICO - OPERADOR AUXILIAR DE EQUIPO (INCLUYE FACTOR DE PRESTACIONES)	MES	3264239
Demanda	SUELDOS Y JORNALES 	9093	TARIFA MES - PERSONAL TÉCNICO - INSPECTOR 1 (NO INCLUYE FACTOR DE PRESTACIONES)	MES	2718000
Demanda	SUELDOS Y JORNALES 	9094	TARIFA MES - PERSONAL TÉCNICO - INSPECTOR 2 (NO INCLUYE FACTOR DE PRESTACIONES)	MES	2447000
Demanda	SUELDOS Y JORNALES 	9095	TARIFA MES - PERSONAL TÉCNICO - TOPÓGRAFO AUXILIAR (NO INCLUYE FACTOR DE PRESTACIONES)	MES	3064000
Demanda	SUELDOS Y JORNALES 	9096	TARIFA MES - PERSONAL TÉCNICO - BATIMETRISTA INSPECTOR (NO INCLUYE FACTOR DE PRESTACIONES)	MES	3736000
Demanda	SUELDOS Y JORNALES 	9097	TARIFA MES - PERSONAL TÉCNICO - BATIMETRISTA AUXILIAR (NO INCLUYE FACTOR DE PRESTACIONES)	MES	3064000
Demanda	SUELDOS Y JORNALES 	9098	TARIFA MES - PERSONAL AUXILIAR TÉCNICO - CADENERO 1 (NO INCLUYE FACTOR DE PRESTACIONES)	MES	2316000
Demanda	SUELDOS Y JORNALES 	9099	TARIFA MES - PERSONAL AUXILIAR TÉCNICO - CADENERO 2 (NO INCLUYE FACTOR DE PRESTACIONES)	MES	2018000
Demanda	SUELDOS Y JORNALES 	9100	TARIFA MES - PERSONAL AUXILIAR TÉCNICO - CONDUCTOR O MOTORISTA (NO INCLUYE FACTOR DE PRESTACIONES)	MES	1750905
Demanda	SUELDOS Y JORNALES 	9101	TARIFA MES - PERSONAL DE OBRA - MAESTRO DE OBRA (NO INCLUYE FACTOR DE PRESTACIONES)	MES	4488000
Demanda	SUELDOS Y JORNALES 	9102	TARIFA MES - PERSONAL ADMINISTRATIVO - ADMINISTRADOR (NO INCLUYE FACTOR DE PRESTACIONES)	MES	3479000
Demanda	SUELDOS Y JORNALES 	9103	TARIFA MES - PERSONAL ADMINISTRATIVO - AUXILIAR ADMINISTRATIVO-ALMACENISTA (NO INCLUYE FACTOR DE PRESTACIONES)	MES	2481000
Demanda	SUELDOS Y JORNALES 	9104	TARIFA MES - PERSONAL ADMINISTRATIVO - SECRETARIA 1 (NO INCLUYE FACTOR DE PRESTACIONES)	MES	2018000
Demanda	SUELDOS Y JORNALES 	9105	TARIFA MES - PERSONAL ADMINISTRATIVO - SECRETARIA 2 (NO INCLUYE FACTOR DE PRESTACIONES)	MES	1750905
Demanda	SUELDOS Y JORNALES 	9107	TARIFA MES - PROFESIONAL CATEGORÍA 1 (NO INCLUYE FACTOR DE PRESTACIONES)	MES	17387000
Demanda	SUELDOS Y JORNALES 	9108	TARIFA MES - PROFESIONAL CATEGORÍA 2 (NO INCLUYE FACTOR DE PRESTACIONES)	MES	13251000
Demanda	SUELDOS Y JORNALES 	9109	TARIFA MES - PROFESIONAL CATEGORÍA 3 (NO INCLUYE FACTOR DE PRESTACIONES)	MES	11183000
Demanda	SUELDOS Y JORNALES 	9110	TARIFA MES - PROFESIONAL CATEGORÍA 4 (NO INCLUYE FACTOR DE PRESTACIONES)	MES	9522000
Demanda	SUELDOS Y JORNALES 	9111	TARIFA MES - PROFESIONAL CATEGORÍA 5 (NO INCLUYE FACTOR DE PRESTACIONES)	MES	8589000
Demanda	SUELDOS Y JORNALES 	9112	TARIFA MES - PROFESIONAL CATEGORÍA 6 (NO INCLUYE FACTOR DE PRESTACIONES)	MES	7659000
Demanda	SUELDOS Y JORNALES 	9113	TARIFA MES - PROFESIONAL CATEGORÍA 7 (NO INCLUYE FACTOR DE PRESTACIONES)	MES	5791000
Demanda	TARIFA _ EQUIPO	9116	TARIFA DIA - EQUIPO COMPLETO DE LABORATORIO - ESTUDIOS 	DIA	268000
Demanda	TARIFA _ EQUIPO	9117	TARIFA MES - EQUIPO COMPLETO DE LABORATORIO - ESTUDIOS 	MES	7732000
Demanda	TARIFA _ EQUIPO	9118	TARIFA DIA - EQUIPO COMPLETO DE LABORATORIO - INTERVENTORIAS 	DIA	461000
Demanda	TARIFA _ EQUIPO	9119	TARIFA MES - EQUIPO COMPLETO DE LABORATORIO - INTERVENTORIAS 	MES	13668000
Demanda	TARIFA _ EQUIPO	9120	TARIFA DIA - EQUIPO COMPLETO DE BATIMETRIA, HIDROMETRIA O SEDIMENTOMETRIA	DIA	329000
Demanda	TARIFA _ EQUIPO	9121	TARIFA MES - EQUIPO COMPLETO DE BATIMETRIA, HIDROMETRIA O SEDIMENTOMETRIA 	MES	9921000
Demanda	TARIFA _ EQUIPO	9122	TARIFA DIA - PLOTTER 	DIA	50353
Demanda	TARIFA _ EQUIPO	9123	TARIFA MES - PLOTTER 	MES	1516361
Demanda	ACCESORIOS HD PARA REDES DE ACUEDUCTO	9143	TAPON HD E.L. D=3"	UN	153510
Demanda	SERV. DIAGNÓSTICO-INSPECCIÓN REDES HIDROSANITARIAS	9144	PRUEBA HIDROSTÁTICA EN TUBERÍAS HASTA DE 12" TRAMOS MÁXIMO DE 500 ML	UN	833980
Demanda	SERV. DIAGNÓSTICO-INSPECCIÓN REDES HIDROSANITARIAS	9145	DESINFECCIÓN DE TUBERÍAS HASTA DE 12", POR TRAMOS.	UN	833980
Demanda	SEMAFORIZACION	9146	DETECTORES DE DEMANDA VEHICULAR (CÁMARA) NO INCLUYE CABLES	UN	18350267
Demanda	SEMAFORIZACION	9147	DETECTORES DE DEMANDA PEATONAL (BOTONES) NO INCLUYE CABLES	UN	2058175
Demanda	EQUIPO PESADO	9148	TORRE DE ILUMINACIÓN. POTENCIA DE 2.4 A 3.8 KW - INCLUYE COMBUSTIBLE	MES	4350413
Demanda	ENTIBADOS Y ACCESORIOS	9159	ALQUILER ENTIBADO DESLIZANTE E2, RANGO PROFUNDIDAD DE EXCAVACIÓN: 3.0 M < H <= 4.8 M. INCL. ACCESORIOS Y ELEMENTOS DE FIJACIÓN	M2/MES	236715
Demanda	TARIFA _ ALQUILER DE VEHICULO	9164	TARIFA DIA - ALQUILER DE VEHICULO: CAMPERO, PICK-UP, CAMIONETA, CAMION O SIMILAR MAYOR A 2000cc DE CILINDRADA, MODELO 2026 A 2023. 100% DE LA TARIFA ESTABLECIDA. INCLUYE TODOS LOS COSTOS DE OPERACIÓN Y MANTENIMIENTO EXCEPTO EL SALARIO DEL CONDUCTOR.	DIA	416000
Demanda	TARIFA _ ALQUILER DE VEHICULO	9165	TARIFA MES - ALQUILER DE VEHICULO: CAMPERO, PICK-UP, CAMIONETA, CAMION O SIMILAR DE 1300cc A 2000cc DE CILINDRADA, MODELO 2026 A 2023. 100% DE LA TARIFA ESTABLECIDA. INCLUYE TODOS LOS COSTOS DE OPERACIÓN Y MANTENIMIENTO EXCEPTO EL SALARIO DEL CONDUCTOR	MES	8778000
Demanda	TARIFA _ ALQUILER DE VEHICULO	9166	TARIFA MES - ALQUILER DE VEHICULO: CAMPERO, PICK-UP, CAMIONETA, CAMION O SIMILAR MAYOR A 2000cc DE CILINDRADA, MODELO 2026 A 2023. 100% DE LA TARIFA ESTABLECIDA. INCLUYE TODOS LOS COSTOS DE OPERACIÓN Y MANTENIMIENTO EXCEPTO EL SALARIO DEL CONDUCTOR	MES	12539000
Demanda	TARIFA _ ALQUILER DE VEHICULO	9167	TARIFA DIA - ALQUILER DE VEHICULO: CAMPERO, PICK-UP, CAMIONETA, CAMION O SIMILAR CON CAPACIDAD DE CARGA DE 3 TON O MAS, MODELO 2026 A 2023. 100% DE LA TARIFA ESTABLECIDA. INCLUYE TODOS LOS COSTOS DE OPERACIÓN Y MANTENIMIENTO EXCEPTO EL SALARIO DEL CONDUCTOR.	DIA	570000
Demanda	TARIFA _ ALQUILER DE VEHICULO	9168	TARIFA MES - ALQUILER DE VEHICULO: CAMPERO, PICK-UP, CAMIONETA, CAMION O SIMILAR CON CAPACIDAD DE CARGA DE 3 TON O MAS, MODELO 2026 A 2023. 100% DE LA TARIFA ESTABLECIDA. INCLUYE TODOS LOS COSTOS DE OPERACIÓN Y MANTENIMIENTO EXCEPTO EL SALARIO DEL CONDUCTOR	MES	17061000
Demanda	SEÑALES, BARRERAS Y DEMARCACIÓN VIAL	9169	PALETA PARE-SIGA REGLAMENTADA	UN	34014
Demanda	ESTRUCTURAS EN ACERO	9170	ARANDELA (Kg)	KG	11087
Demanda	ESTRUCTURAS EN ACERO	9171	TORNILLO (Kg)	KG	13593
Demanda	TRANSPORTES DE MATERIALES Y ACARREOS	9172	TRANSPORTE DE EQUIPO DE HASTA 1 TONELADA POR VIAJE DIURNO (UN TRAYECTO) - INCLUYE ESCOLTA	VIAJE	720000
Demanda	EQUIPO LIVIANO Y HERRAMIENTAS	9176	PLUMA GRÚA A COMBUSTIÓN - CAPACIDAD DE CARGA DE  250 A 300 KG. GUAYA DE 35m. NO INCLUYE COMBUSTIBLE	MES	928200
Demanda	SEÑALES, BARRERAS Y DEMARCACIÓN VIAL	9184	SEÑAL VERTICAL GRUPO DE INFORMATIVAS TIPO RECTANGULO (60cm x 75cm)	UN	435667
Demanda	SEMAFORIZACION	9185	SONORIZADORES PARA INVIDENTES	UN	6158292
Demanda	CABLES Y ACCESORIOS ELECTRICOS	9186	TRANSFORMADOR MONOFASICO 15 KVA (TENSION PRIMARIA DE 13.200, TENSION SECUNDARIA 240/120V ABB	UN	8033015
Demanda	SEMAFORIZACION	9187	POSTE TIPO MÉNSULA T2 (3.50m) EN TUBO SCH 40 GALVANIZADO Y PINTADO.	UN	5697434
Demanda	SEMAFORIZACION	9188	POSTE TIPO MÉNSULA T2 (4.50m) EN TUBO SCH 40 GALVANIZADO Y PINTADO.	UN	7128933
Demanda	SEMAFORIZACION	9189	POSTE TIPO MÉNSULA T2 (6.50m) EN TUBO SCH 40 GALVANIZADO Y PINTADO.	UN	9861228
Demanda	SEMAFORIZACION	9190	POSTE TIPO MÉNSULA T2 (8.50m) EN TUBO SCH 40 GALVANIZADO Y PINTADO.	UN	18376698
Demanda	SEMAFORIZACION	9191	SEMAFORO VEHICULAR DE POLICARBONATO (3x200), LENTES DE POLICARBONATO DE 8", TRES LUCES, SISTEMA DE ILUMINACIÓN A LEDS. TIPO MENSULA.	UN	4815390
Demanda	SEMAFORIZACION	9192	SEMAFORO VEHICULAR DE POLICARBONATO (3x200), LENTES DE POLICARBONATO DE 8", TRES LUCES, SISTEMA DE ILUMINACIÓN A LEDS. FLECHA DE GIRO TIPO MENSULA.	UN	4690716
Demanda	SEMAFORIZACION	9193	SEMAFORO VEHICULAR DE POLICARBONATO (3x200), LENTES DE POLICARBONATO DE 8", TRES LUCES, SISTEMA DE ILUMINACIÓN A LEDS. FLECHA DE GIRO TIPO MASTIL.	UN	4345084
Demanda	SEMAFORIZACION	9194	SEMAFORO VEHICULAR DE POLICARBONATO (3x200), LENTES DE POLICARBONATO DE 8", TRES LUCES, SISTEMA DE ILUMINACIÓN A LEDS. TIPO MASTIL.	UN	4295709
Demanda	CONCRETOS Y MORTEROS PREMEZCLADOS	9197	CONCRETO MR41 COLOR OCRE.	M3	1239028
Demanda	CONCRETOS Y MORTEROS PREMEZCLADOS	9199	CONCRETO MR41 COLOR GRIS GRAVA 1" (280 Kg/cm2)	M3	737184
Demanda	SEÑALES, BARRERAS Y DEMARCACIÓN VIAL	9200	SEÑAL VERTICAL GRUPO DE PREVENTIVAS TIPO CUADRADO (75cm x 75cm)	UN	530431
Demanda	SEÑALES, BARRERAS Y DEMARCACIÓN VIAL	9201	SEÑAL VERTICAL GRUPO DE PREVENTIVAS SP-40 TIPO RECTANGULO (120cm x 40cm)	UN	509217
Demanda	SEÑALES, BARRERAS Y DEMARCACIÓN VIAL	9202	SEÑAL VERTICAL GRUPO DE REGLAMENTARIAS TIPO CIRCULO D= 75cm	UN	520664
Demanda	SEÑALES, BARRERAS Y DEMARCACIÓN VIAL	9203	SEÑAL VERTICAL GRUPO DE REGLAMENTARIAS SR-01 TIPO OCTAGONO CON ALTURA DE 75cm	UN	520664
Demanda	SEÑALES, BARRERAS Y DEMARCACIÓN VIAL	9204	SEÑAL VERTICAL GRUPO DE REGLAMENTARIAS SR-02 TIPO TRIANGULO EQUILATERO 75cm DE LADO	UN	520664
Demanda	SEÑALES, BARRERAS Y DEMARCACIÓN VIAL	9209	BARRICADA METALICA TIPO IDU CON CERRADO REFLECTIVO NARANJA Y BLANCO GRADO INGENIERIA, MEDIDAS: 2.40m x 1.50m - 3 BANDEJAS DE 20cm x 2.40m. TABLERO DE DESVIO DE 60cm	UN	421236
Demanda	EQUIPO PESADO	9210	GRÚA REMOLQUE TIPO PLANCHÓN.  INCLUYE CONDUCTOR Y COMBUSTIBLE - INCLUYE MOVILIZACIÓN Y DESMOVILIZACIÓN	DIA	1490414
Demanda	ENSAYO LABORATORIO - ROCA	9216	METODO DE PRUEBA ESTANDAR PARA LA DETERMINACION DEL INDICE DE RESISTENCIA DE CARGA PUNTUAL EN ROCA. Norma técnica: ASTM D5731-16 Método ISRM-07 Cap 8	UN	118643
Demanda	ENSAYO LABORATORIO - ROCA	9217	METODO PARA LA DETERMINACION DEL INDICE DE DESLEIMIENTO - DURABILIDAD DE LUTITAS Y OTRAS ROCAS DEBILES. Norma técnica: INVE-236-13 ASTM D4644-16.	UN	271320
Demanda	ENSAYO LABORATORIO - ROCA	9219	METODO DE PRUEBA ESTANDAR PARA LA RESISTENCIA A LA TRACCION INDIRECTA DE MUESTRAS DE NUCLEO DE ROCA INTACTA. Norma técnica: ASTM D3967-23 NTL-253-91	UN	130900
Demanda	MARCOS, TAPAS, REJILLAS, HERRAJES Y CAJILLAS	9229	JUEGO DE ARO Y TAPA EN HF PARA CAMARA T-13 Y T-14 NORMA ETB	JGO	571200
Demanda	CUBIERTA - CIELO RASO - CORTASOL TIPO TRANSMILENIO	9247	LAMINA ALVEOLAR POLICARBONATO 6 MM	M2	60529
Demanda	MUEBLES - EQUIPOS Y ELEMENTOS OFICINA	9253	EQUIPO ANDROIDE CON GPS, CAMARA Y WIFI	UN	244584
Demanda	SUELDOS Y JORNALES 	9254	TARIFA JORNAL - PROFESIONAL CATEGORÍA 6 (NO INCLUYE FACTOR DE PRESTACIONES)	JR	255300
Demanda	CONCRETOS Y MORTEROS PREMEZCLADOS	9255	CONCRETO MR43 DE RESISTENCIA ACELERADA (7 días)	M3	825329
Demanda	TUBERÍA Y ACCESORIOS DE CONCRETO	9256	TUBERIA CONCRETO REF. CL.V D=24" (60cm)	ML	960952
Demanda	TUBERÍA Y ACCESORIOS DE CONCRETO	9257	TUBERIA CONCRETO REF. CL.V D=27" (70 cm)	ML	1282658
Demanda	TUBERÍA Y ACCESORIOS DE CONCRETO	9259	TUBERIA CONCRETO REF. CL.V D=40´ (100 cm)	ML	2522488
Demanda	ACCESORIOS HD PARA REDES DE ACUEDUCTO	9260	CRUZ HD J.H D=12" x 6"	UN	2759366
Demanda	ENSAYO LABORATORIO - SUELOS	9275	ENSAYO DE CORTE DIRECTO EN CONDICION NO CONSOLIDADA, NO DRENADA (UU 3 PUNTOS). Norma técnica: INVE-154-13* (Norma de referencia) UNE-EN-ISO-17892-10 (19)* (Norma de referencia).	UN	463029
Demanda	ENSAYO LABORATORIO - SUELOS	9276	ENSAYO DE CORTE DIRECTO EN CONDICION CONSOLIDADA, NO DRENADA (CU 3 PUNTOS). Norma técnica: INVE-154-13* (Norma de referencia) UNE-EN-ISO-17892-19* (Norma de referencia) ASTM D6528-17	UN	586495
Demanda	ENSAYO LABORATORIO - SUELOS	9277	ENSAYO DE CORTE DIRECTO EN CONDICION CONSOLIDADA DRENADA (CD 3 PUNTOS). Norma técnica: INVE-154-13 NTC-1917-00 UNE-EN-ISO-17892-10-19 Numerales 5.2.1 y 7.7.1 ASTM D3080/D3080M-23 AASHTO T-236-22	UN	654500
Demanda	ENSAYO LABORATORIO - SUELOS	9278	ENSAYO DE COMPRESION TRIAXIAL SOBRE SUELOS COHESIVOS (EN CONDICION NO CONSOLIDADA, NO DRENADA UU 3 PUNTOS). Norma técnica: INVE-153-13 UNE-EN-ISO-17892-8-19 ASTM D2850-23.	UN	950177
Demanda	ENSAYO LABORATORIO - SUELOS	9279	DENSIDAD Y PESO UNITARIO DEL SUELO EN EL TERRENO POR EL METODO DEL CONO Y ARENA. Norma técnica: INVE-161-13 NTC-1667-02 ASTM D1556/D1556M-15e1	UN	78659
Demanda	MATERIALES DE FERRETERÍA Y OTROS	9280	BOLSA PARA BASURA TIPO INDUSTRIAL NEGRA DE 60 x 90 Cm CALIBRE 2 (PAQUETE DE 30 UNIDADES)	UN	14053
Demanda	DOTACIÓN (EPP) Y SEGURIDAD INDUSTRIAL	9283	GUANTE CAUCHO NEGRO CORRUGADO CALIBRE 35	PAR	8600
Demanda	DOTACIÓN (EPP) Y SEGURIDAD INDUSTRIAL	9286	OVEROL EN DRILL DOS PIEZAS, CAMISA Y PANTALÓN	UN	73071
Demanda	MATERIALES DE FERRETERÍA Y OTROS	9287	PALA REDONDA No.  2 CON CABO	UN	22992
Demanda	DOTACIÓN (EPP) Y SEGURIDAD INDUSTRIAL	9289	FILTRO PARTICULAS PARA RESPIRADOR N95 MATERIAL PARTICULADO	UN	12350
Demanda	MATERIALES DE FERRETERÍA Y OTROS	9290	CANECA PLÁSTICA NEGRA DE 55 GALONES CON TAPA PLANA.	UN	148609
Demanda	CONCRETOS Y MORTEROS PREMEZCLADOS	9302	CONCRETO GRAVA COMÚN 6000 PSI 44 MPa (420 Kg/cm2)	M3	724355
Demanda	MOBILIARIO URBANO Y DE PARQUES	9303	TUBO EN U - SEPARADOR DE CICLORUTA SC-01 ARO. ELABORADO EN TUBO AN REDONDO DE 2 1/2" TERMINADO EN PINTURA EN POLVO RESISTENTE A LA INTEMPERIE. (INCLUYE PINTURA)	UN	214200
Demanda	MATERIALES DE FERRETERÍA Y OTROS	9306	ALAMBRE DE PUAS X 350 MTS. CAL. 12	ROLLO	189513
Demanda	MATERIALES DE FERRETERÍA Y OTROS	9307	PUNTILLA GRAPA EN U 1 1/4 x 9"	KG	9695
Demanda	EQUIPO LIVIANO Y HERRAMIENTAS	9309	FUMIGADORA AGRÍCOLA PLÁSTICA ERGONÓMICA DE 20 LITROS	UN	158157
Demanda	PRODUCTOS QUÍMICOS - PESTICIDAS - FITOSANITARIOS	9310	HERBICIDA (APLICADO POR ASPERSIÓN)	LT	29800
Demanda	PRODUCTOS QUÍMICOS - PESTICIDAS - FITOSANITARIOS	9311	RATICIDA 250 G	GR	148
Demanda	SUELDOS Y JORNALES 	9314	TARIFA JORNAL - PERSONAL DE OBRA - PLOMERO ELECTRICISTA (INCLUYE FACTOR DE PRESTACIONES)	JR	139262
Demanda	SUELDOS Y JORNALES 	9317	TARIFA JORNAL - PERSONAL DE OBRA - OPERARIO (INCLUYE FACTOR DE PRESTACIONES)	JR	157314
Demanda	SUELDOS Y JORNALES 	9318	TARIFA HORA - PERSONAL DE OBRA - OPERARIO (INCLUYE FACTOR DE PRESTACIONES)	HR	22473
Demanda	SUELDOS Y JORNALES 	9319	TARIFA JORNAL- PERSONAL DE OBRA - OPERARIO HORARIO NOCTURNO (INCLUYE FACTOR DE PRESTACIONES)	JR	214862
Demanda	SUELDOS Y JORNALES 	9320	TARIFA JORNAL - PERSONAL TÉCNICO - INSPECTOR 2 (INCLUYE FACTOR DE PRESTACIONES)	JR	131010
Demanda	SUELDOS Y JORNALES 	9321	TARIFA JORNAL - PERSONAL TÉCNICO - INSPECTOR 1 (INCLUYE FACTOR DE PRESTACIONES)	JR	144089
Demanda	SUELDOS Y JORNALES 	9323	TARIFA JORNAL - PERSONAL TÉCNICO - TOPÓGRAFO INSPECTOR (INCLUYE FACTOR DE PRESTACIONES)	JR	181776
Demanda	SUELDOS Y JORNALES 	9324	TARIFA JORNAL - PERSONAL AUXILIAR TÉCNICO - CADENERO 2 (INCLUYE FACTOR DE PRESTACIONES)	JR	110304
Demanda	EQUIPO PESADO	9325	CARROTANQUE IRRIGADOR DE AGUA. ( VIAJE DE 10 M3 )	VIAJE	320460
Demanda	ENSAYO LABORATORIO - SUELOS	9333	MEDIDA DEL POTENCIAL DE COLAPSO DE UN SUELO PARCIALMENTE SATURADO. Norma técnica: INVE-157-13 ASTM D5333-03 (retirado en 2012)	UN	401030
Demanda	ENSAYO LABORATORIO - SUELOS	9334	DETERMINACION DEL CONTENIDO DE SALES SOLUBLES EN LOS SUELOS. Norma técnica: INVE-158-13 NLT-114-99.	UN	160650
Demanda	ENSAYO LABORATORIO - SUELOS	9335	DETERMINACION DE LA DENSIDAD Y DEL CONTENIDO DE AGUA DEL SUELO Y DEL SUELO - AGREGADO EN EL TERRENO EMPLEANDO MEDIDORES NUCLEARES (PROFUNDIDAD REDUCIDA). Norma técnica: INVE-164-13 ASTM D6938-23.	UN	77469
Demanda	ENSAYO LABORATORIO - AGREGADOS PETREOS	9342	DETERMINACION DE TERRONES DE ARCILLA Y PARTICULAS DELEZNABLES EN LOS AGREGADOS. Norma técnica: INVE-211-13 NTC-589-24 ASTM C142/C142M-17(23)	UN	61880
Demanda	ENSAYO LABORATORIO - AGREGADOS PETREOS	9343	PRESENCIA DE IMPUREZAS ORGANICAS EN ARENAS USADAS PARA LA PREPARACION DE MORTEROS O CONCRETOS. Norma técnica: INVE-212-13 NTC-127-24 ASTM C40/C40M-20	UN	40053
Demanda	ENSAYO LABORATORIO - AGREGADOS PETREOS	9344	DENSIDAD BULK (PESO UNITARIO) Y PORCENTAJE DE VACIOS DE LOS AGREGADOS EN ESTADO SUELTO Y COMPACTO. Norma técnica: INVE-217-13 NTC-92-19	UN	71400
Demanda	ENSAYO LABORATORIO - AGREGADOS PETREOS	9345	SOLIDEZ DE LOS AGREGADOS FRENTE A LA ACCION DE SOLUCIONES DE SULFATO DE SODIO O DE MAGNESIO. Norma técnica: INVE-220-13 NTC-126-22 ASTM C88/C88M-24	UN	324870
Demanda	ENSAYO LABORATORIO - AGREGADOS PETREOS	9346	CANTIDAD DE PARTICULAS LIVIANAS EN UN AGREGADO PETREO. Norma técnica: INVE-221-13 NTC-130-94 ASTM C123/C123M-23	UN	160650
Demanda	ENSAYO LABORATORIO - AGREGADOS PETREOS	9347	DENSIDAD, DENSIDAD RELATIVA (GRAVEDAD ESPECIFICA) Y ABSORCION DEL AGREGADO GRUESO. Norma técnica: INVE-223-13 NTC-176-19 ASTM C127-15	UN	102459
Demanda	ENSAYO LABORATORIO - AGREGADOS PETREOS	9348	DETERMINACION DEL VALOR DEL 10% DE FINOS. Norma técnica: INVE-224-13 BS 812-111-90	UN	292383
Demanda	ENSAYO LABORATORIO - AGREGADOS PETREOS	9350	DETERMINACION DEL CONTENIDO DE AZUFRE EN LOS AGREGADOS PETREOS. Norma técnica: INVE-233-13.	UN	347480
Demanda	ENSAYO LABORATORIO - CONCRETOS HIDRÁULICOS	9351	DETERMINACION DE LA REACTIVIDAD POTENCIAL ACALI-SILICE DE AGREGADOS (METODO QUIMICO). Norma técnica: INVE-234-13 AASHTO T-364-22	UN	606781
Demanda	ENSAYO LABORATORIO - AGREGADOS PETREOS	9352	DETERMINACION DE LA LIMPIEZA SUPERFICIAL DE LAS PARTICULAS DE AGREGADO GRUESO. Norma técnica: INVE-237-13.	UN	76160
Demanda	ENSAYO LABORATORIO - AGREGADOS PETREOS	9353	DETERMINACION DE LA RESISTENCIA DEL AGREGADO GRUESO A LA DEGRADACION POR ABRASION, UTILIZANDO EL APARATO MICRO-DEVAL. Norma técnica: INVE-238-13 ASTM D6928-17	UN	262395
Demanda	ENSAYO LABORATORIO - AGREGADOS PETREOS	9354	DETERMINACION DEL CONTENIDO DE VACIOS EN AGREGADOS FINOS NO COMPACTADOS (INFLUENCIADO POR LA FORMA DE LAS PARTICULAS, LA TEXTURA SUPERFICIAL Y LA GRANULOMETRIA). Norma técnica: INVE-239-13.	UN	133994
Demanda	ENSAYO LABORATORIO - AGREGADOS PETREOS	9355	PROPORCION DE PARTICULAS PLANAS, ALARGADAS O PLANAS Y ALARGADAS EN AGREGADOS GRUESOS. Norma técnica: INVE-240-13 ASTM D4791-19 (23)	UN	171669
Demanda	ENSAYO LABORATORIO - AGREGADOS PETREOS	9356	ANALISIS PETROGRAFICO DE AGREGADOS PARA CONCRETO (1 SECCION DELGADA). Norma técnica: ASTM C295/C295M-19	UN	1785000
Demanda	ENSAYO LABORATORIO - AGREGADOS PETREOS	9357	ANALISIS PETROGRAFICO DE AGREGADOS PARA CONCRETO (2 SECCIONES DELGADAS). Norma técnica: ASTM C295/C295M-19	UN	2009196
Demanda	ENSAYO LABORATORIO - AGREGADOS PETREOS	9358	ANALISIS PETROGRAFICO DE AGREGADOS PARA CONCRETO (3 SECCIONES DELGADAS). Norma técnica: ASTM C295/C295M-19	UN	2244816
Demanda	ENSAYO LABORATORIO - MATERIALES BITUMINOSOS	9359	DETERMINACION DEL CONTENIDO DE AGUA EN LOS MATERIALES BITUMINOSOS POR DESTILACION. Norma técnica: INVE-704-13 ASTM D95-23	UN	269535
Demanda	ENSAYO LABORATORIO - MATERIALES BITUMINOSOS	9360	PUNTOS DE INFLAMACION Y DE COMBUSTION MEDIANTE LA COPA ABIERTA CLEVELAND. Norma técnica: INVE-709-13 ASTM D92-18.	UN	141253
Demanda	ENSAYO LABORATORIO - MATERIALES BITUMINOSOS	9361	SOLUBILIDAD DE MATERIALES ASFALTICOS EN TRICLOROETILENO. Norma técnica: INVE-713-13	UN	473000
Demanda	ENSAYO LABORATORIO - MATERIALES BITUMINOSOS	9363	DETERMINACION DE LA VISCOSIDAD DEL ASFALTO EMPLEANDO UN VISCOSIMETRO ROTACIONAL (TRES TEMPERATURAS). Norma técnica: INVE-717-13 ASTM D4402/D4402M-23 AASHTO T-316-22	UN	287980
Demanda	ENSAYO LABORATORIO - MATERIALES BITUMINOSOS	9364	EFECTO DEL CALOR Y DEL AIRE SOBRE EL ASFALTO EN LAMINA DELGADA Y ROTATORIA. Norma técnica: INVE-720-13 ASTM D2872-22.	UN	772310
Demanda	ENSAYO LABORATORIO - MEZCLAS ASFALTICAS	9366	GRAVEDAD ESPECIFICA BULK Y DENSIDAD DE MEZCLAS ASFALTICAS COMPACTADAS ABSORBENTES EMPLEANDO ESPECIMENES RECUBIERTOS CON UNA PELICULA DE PARAFINA. Norma técnica: INVE-734-13 ASTM D1188/D1188M-22	UN	69139
Demanda	ENSAYO LABORATORIO - MEZCLAS ASFALTICAS	9367	GRAVEDAD ESPECIFICA MAXIMA DE MEZCLAS ASFALTICAS PARA PAVIMENTOS. Norma técnica: INVE-735-13 ASTM D2041/D2041M-19	UN	146370
Demanda	ENSAYO LABORATORIO - MEZCLAS ASFALTICAS	9368	MEDIDA DE LA DENSIDAD DE CAPAS DE CONCRETO ASFALTICO EN EL TERRENO EMPLEANDO EL METODO NUCLEAR. Norma técnica: INVE-746-13 ASTM D2950/D2950M-22	UN	68663
Demanda	ENSAYO LABORATORIO - MATERIALES BITUMINOSOS	9369	DETERMINACION DE LAS PROPIEDADES REOLOGICAS DE LOS LIGANTES ASFALTICOS MEDIANTE EL REOMETRO DE CORTE DINAMICO. Norma técnica: INVE-750-13 AASHTO T-315-22	UN	1385279
Demanda	ENSAYO LABORATORIO - MEZCLAS ASFALTICAS	9370	RESISTENCIA A LA DEFORMACION PLASTICA DE LAS MEZCLAS ASFALTICAS MEDIANTE LA PISTA DE ENSAYO DE LABORATORIO. Norma técnica: INVE-756-13 NLT-173-00.	UN	1526770
Demanda	ENSAYO LABORATORIO - MEZCLAS ASFALTICAS	9371	RECUPERACION DEL ASFALTO DE UNA SOLUCION UTILIZANDO EL EVAPORADOR ROTATORIO. Norma técnica: INVE-759-13 ASTM D5404/D5404M-21.	UN	966280
Demanda	ENSAYO LABORATORIO - MEZCLAS ASFALTICAS	9373	ADHESIVIDAD DE LOS LIGANTES BITUMINOSOS A LOS AGREGADOS FINOS (METODO RIEDEL - WEBER). Norma técnica: INVE-774-13 NLT-355-93.	UN	276199
Demanda	ENSAYO LABORATORIO - MEZCLAS ASFALTICAS	9374	ANALISIS GRANULOMETRICO DE LOS AGREGADOS EXTRAIDOS DE MEZCLAS ASFALTICAS. Norma técnica: INVE-782-13 ASTM D5444-23.	UN	82467
Demanda	ENSAYO LABORATORIO - MEZCLAS ASFALTICAS	9375	DETERMINACION DE LAS LEYES DE FATIGA DE MEZCLAS ASFALTICAS COMPACTADAS EN CALIENTE SOMETIDAS A FLEXION DINAMICA. Norma técnica: INVE-784-13 UNE-EN-12697-24-19 Anexo D AASHTO-T-321-22.	UN	4548000
Demanda	ENSAYO LABORATORIO - MATERIALES BITUMINOSOS	9379	VISCOSIDAD SAYBOLT DE ASFALTOS. Norma técnica: INVE-714-13 ASTM D88/D88M-07 (24)	UN	214081
Demanda	ENSAYO LABORATORIO - MATERIALES BITUMINOSOS	9381	RECUPERACION ELASTICA POR TORSION DE ASFALTOS MODIFICADOS. Norma técnica: INVE-727-13 NLT-329-91.	UN	90916
Demanda	ENSAYO LABORATORIO - MATERIALES BITUMINOSOS	9383	DESTILACION DE EMULSIONES ASFALTICAS. Norma técnica: INVE-762-13 ASTM D6997-12 (20).	UN	268464
Demanda	ENSAYO LABORATORIO - MATERIALES BITUMINOSOS	9384	VISCOSIDAD SAYBOLT FUROL DE EMULSIONES ASFALTICAS. Norma técnica: INVE-763-13 ASTM D7496-18	UN	185164
Demanda	ENSAYO LABORATORIO - COMPONENTE DE ESPACIO PÚBLICO	9385	MUESTREO Y METODOS DE ENSAYO DE UNIDADES DE MAMPOSTERIA DE CONCRETO Y UNIDADES RELACIONADAS (RESISTENCIA A LA COMPRESION). Norma técnica: NTC-4024-23 Numeral 7	UN	53550
Demanda	ENSAYO LABORATORIO - COMPONENTE DE ESPACIO PÚBLICO	9386	ABSORCION DE AGUA POR LOS ADOQUINES DE CONCRETO. Norma técnica: INVE-427-13 NTC-2017-18 Numeral 6.3 ASTM C140/C140M-23a	UN	53550
Demanda	ENSAYO LABORATORIO - CONCRETOS HIDRÁULICOS	9387	DISEÑO DE MEZCLAS DE CONCRETO CON DOS AGREGADOS PARA UNA RESISTENCIA DADA (Incluye caracterización)	UN	714000
Demanda	ENSAYO CAMPO - DIAGNOSTICO DE PAVIMENTOS	9388	MEDIDA DE LA MACROTEXTURA SUPERFICIAL DE UN PAVIMENTO EMPLEANDO LA TECNICA VOLUMETRICA. Norma técnica: INVE-791-13 ASTM E965-15 (24) NLT-335-00	UN	101564
Demanda	ENSAYO LABORATORIO - GEOSINTÉTICOS	9389	METODO DE PRUEBA ESTANDAR PARA DETERMINAR LA CARGA DE ROTURA Y ELONGACION DE GEOTEXTILES (METODO GRAB). Norma técnica: ASTM D4632/D4632M-15a (23)	UN	386750
Demanda	ENSAYO LABORATORIO - COMPONENTE DE ESPACIO PÚBLICO	9396	METODOS PARA MUESTREO Y ENSAYOS DE UNIDADES DE MAMPOSTERIA Y OTROS PRODUCTOS DE ARCILLA (MODULO DE ROTURA - ENSAYO DE FLEXION). Norma técnica: NTC-4017-18 Numeral 6	UN	57120
Demanda	ENSAYO LABORATORIO - COMPONENTE DE ESPACIO PÚBLICO	9397	ADOQUINES DE CONCRETO PARA PAVIMENTOS (RESISTENCIA A LA FLEXOTRACCION - MODULO DE ROTURA). Norma técnica: NTC-2017-18 Numeral 6.4.	UN	50932
Demanda	ENSAYO LABORATORIO - COMPONENTE DE ESPACIO PÚBLICO	9398	METODO DE ENSAYO PARA DETERMINAR LA RESISTENCIA A LA ABRASION DE LOS PREFABRICADOS DE CONCRETO UTILIZADOS EN PISOS Y PAVIMENTOS, MEDIANTE ABRASIVO DE CORINDON Y DISCO METALICO ANCHO (ADOQUINES DE CONCRETO). Norma técnica: NTC-5147-24	UN	105375
Demanda	ENSAYO LABORATORIO - COMPONENTE DE ESPACIO PÚBLICO	9401	LOSETAS DE CONCRETO PARA PAVIMENTO ARTICULADO (RESISTENCIA A LA FLEXOTRACCIÓN - MÓDULO DE ROTURA). Norma técnica: NTC-4992-22 Numeral 5.2.	UN	70091
Demanda	ENSAYO LABORATORIO - COMPONENTE DE ESPACIO PÚBLICO	9402	LOSETAS DE CONCRETO PARA PAVIMENTO ARTICULADO (ABSORCION DE AGUA). Norma técnica: NTC-4992-22 Numeral 5.9	UN	47600
Demanda	ENSAYO LABORATORIO - COMPONENTE DE ESPACIO PÚBLICO	9404	METODO DE ENSAYO PARA DETERMINAR LA RESISTENCIA A LA ABRASION DE LOS PREFABRICADOS DE CONCRETO UTILIZADOS EN PISOS Y PAVIMENTOS, MEDIANTE ABRASIVO DE CORINDON Y DISCO METALICO ANCHO (LOSETAS DE CONCRETO). Norma técnica: NTC-5147-24	UN	113050
Demanda	ENSAYO LABORATORIO - COMPONENTE DE ESPACIO PÚBLICO	9405	PREFABRICADOS DE CONCRETO. BORDILLOS, CUNETAS Y TOPELLANTAS DE CONCRETO (MODULO DE ROTURA). Norma técnica: NTC-4109-19 Numeral 7	UN	282000
Demanda	ENSAYO CAMPO - DIAGNOSTICO DE PAVIMENTOS	9407	EXTRACCION DE TESTIGOS DE PAVIMENTOS ASFALTICOS MEDIANTE ASERRADO, DE 100 CM X 100 CM. Norma técnica: INVE-758-13 Numeral 5.2 ASTM D5361/D5361M-16 (22)	UN	327250
Demanda	MUEBLES - EQUIPOS Y ELEMENTOS OFICINA	9408	PUESTO DE TRABAJO - ESCRITORIO 75x120x50	UN	211607
Demanda	MUEBLES - EQUIPOS Y ELEMENTOS OFICINA	9409	SILLA ESCRITORIO GIRATORIA CON BRAZOS	UN	191249
Demanda	ESTRUCTURAS EN ACERO	9413	LAMINA ALFAJOR	KG	6545
Demanda	MUEBLES - EQUIPOS Y ELEMENTOS OFICINA	9414	SILLA PLÁSTICA SIN BRAZOS	UN	36607
Demanda	SUELDOS Y JORNALES 	9423	TARIFA MES - PERSONAL DE OBRA - TÉCNICO (PLOMERO_ELECTRICISTA) (INCLUYE FACTOR DE PRESTACIONES)	MES	4177884
Demanda	SUELDOS Y JORNALES 	9424	TARIFA MES - PERSONAL DE OBRA - AYUDANTE (INCLUYE FACTOR DE PRESTACIONES)	MES	2922389
Demanda	TARIFA _ OPERACIÓN OFICINA	9427	COSTO DE LA REPRODUCCIÓN DE PLANOS TAMAÑO PLIEGO	UN	13231
Demanda	TARIFA _ OBRA	9428	COSTO DE CERTIFICADO DE TRADICIÓN Y LIBERTAD DE INMUEBLES	UN	21900
Demanda	ENSAYO LABORATORIO - SUELOS	9433	EXPANSION LIBRE EN CONSOLIDOMETRO. Norma técnica: ASTM D4546-21	UN	232050
Demanda	SERV. DIAGNÓSTICO-INSPECCIÓN REDES HIDROSANITARIAS	9434	TRATAMIENTO Y DISPOSICIÓN FINAL DE LODOS NO PELIGROSOS PROVENIENTES DE ALCANTARILLADO	KG	453
Demanda	POZOS Y COMPONENTES - ALCANTARILLADO	9437	CONO CONCENTRICO PARA POZO D= 1.20m x 0.60m e=0.10m  h= 0.75m 	UN	809200
Demanda	SEÑALES, BARRERAS Y DEMARCACIÓN VIAL	9441	SEÑAL LUMINOSA BIDIRECCIONAL 1.50m x 0.50m	UN	1468235
Demanda	ENSAYO LABORATORIO - AGREGADOS PETREOS	9443	DETERMINACION DEL COEFICIENTE DE PULIMIENTO ACELERADO (CPA) DE LAS PARTICULAS DE AGREGADO GRUESO. Norma técnica: INVE-232-13.	UN	1992060
Demanda	ENSAYO LABORATORIO - MEZCLAS ASFALTICAS	9444	PORCENTAJE DE VACIOS CON AIRE EN MEZCLAS ASFALTICAS COMPACTADAS DENSAS Y ABIERTAS.  (Excluye la ejecuciòn de ensayos de gravedad especifica Bulk y gravedad especìfica màxima teòrica) Norma técnica: INVE-736-13 ASTM D3203/D3203M-22.	UN	47349
Demanda	ENSAYO LABORATORIO - MEZCLAS ASFALTICAS	9445	CONCENTRACION CRITICA DE LLENANTE EN MEZCLAS DE CONCRETO ASFALTICO. Norma técnica: INVE-745-13 IRAM-1542-83	UN	265370
Demanda	ENSAYO LABORATORIO - MEZCLAS ASFALTICAS	9446	ADHESIVIDAD DE LOS LIGANTES BITUMINOSOS A LOS ARIDOS EN PRESENCIA DE AGUA (STRIPPING). Norma técnica: AASHTO T-182-02 NLT-166-92	UN	111138
Demanda	ENSAYO LABORATORIO - MEZCLAS ASFALTICAS	9447	METODO DE PRUEBA ESTANDAR PARA EL MODULO DINAMICO DE MEZCLAS ASFALTICAS. Norma técnica:  AASHTO T-342-22  AASHTO R-62-13 (21) ASTM D3497-79 (03) (Retirada en 2009)	UN	2141804
Demanda	ENSAYO LABORATORIO - MATERIALES BITUMINOSOS	9448	SEDIMENTACION DE LAS EMULSIONES ASFALTICAS DURANTE EL ALMACENAMIENTO. Norma técnica: INVE-764-13 ASTM D6930-19 NLT-140-99.	UN	289170
Demanda	ENSAYO LABORATORIO - MATERIALES BITUMINOSOS	9449	TAMIZADO DE LAS EMULSIONES ASFALTICAS. Norma técnica: INVE-765-13 ASTM D6933-22.	UN	68068
Demanda	ENSAYO LABORATORIO - MATERIALES BITUMINOSOS	9450	DEMULSIBILIDAD DE LAS EMULSIONES ASFALTICAS. Norma técnica: INVE-766-13 ASTM D6936-17.	UN	209440
Demanda	ENSAYO LABORATORIO - MATERIALES BITUMINOSOS	9451	IDENTIFICACION DE LAS EMULSIONES ASFALTICAS CATIONICAS MEDIANTE LA DETERMINACION DE LA CARGA DE LAS PARTICULAS. Norma técnica: INVE-767-13 ASTM D7402-09 (17) NLT-194-99.	UN	93000
Demanda	ENSAYO LABORATORIO - MATERIALES BITUMINOSOS	9452	PH DE LAS EMULSIONES ASFALTICAS. Norma técnica: INVE-768-13 NLT-195-92.	UN	91749
Demanda	ENSAYO LABORATORIO - MATERIALES BITUMINOSOS	9453	ENSAYO DE MEZCLA CON CEMENTO DE LAS EMULSIONES ASFALTICAS. Norma técnica: INVE-770-13 ASTM D6935-22 NLT-144-98.	UN	324037
Demanda	ENSAYO CAMPO - DIAGNOSTICO DE PAVIMENTOS	9454	MEDIDA DEL COEFICIENTE DE RESISTENCIA AL DESLIZAMIENTO USANDO EL PENDULO BRITANICO. Norma técnica: INVE-792-13 NTC-5129-02	UN	110862
Demanda	SUELDOS Y JORNALES 	9455	TARIFA MES - PERSONAL DE OBRA - AYUDANTE (NO INCLUYE FACTOR DE PRESTACIONES)	MES	1750905
Demanda	TARIFA _ ALQUILER DE VEHICULO	9456	TARIFA MES - ALQUILER DE VEHICULO: CAMPERO, PICK-UP, CAMIONETA, CAMION O SIMILAR DE 1300cc A 2000cc DE CILINDRADA, MODELO 2018 A 2015. 75% DE LA TARIFA ESTABLECIDA. INCLUYE TODOS LOS COSTOS DE OPERACIÓN Y MANTENIMIENTO EXCEPTO EL SALARIO DEL CONDUCTOR	MES	6583500
Demanda	SUELDOS Y JORNALES 	9457	TARIFA MES - PERSONAL DE OBRA - INSPECTOR 1 HORARIO NOCTURNO (NO INCLUYE FACTOR DE PRESTACIONES)	MES	3669300
Demanda	SUELDOS Y JORNALES 	9459	TARIFA MES - PERSONAL TÉCNICO - OPERADOR EQUIPO PERFORACIÓN (NO INCLUYE FACTOR DE PRESTACIONES)	MES	2972000
Demanda	SUELDOS Y JORNALES 	9460	TARIFA MES - PERSONAL TÉCNICO - OPERADOR AUXILIAR DE EQUIPO (NO INCLUYE FACTOR DE PRESTACIONES)	MES	1987000
Demanda	SUELDOS Y JORNALES 	9461	TARIFA MES - PERSONAL DE OBRA - OFICIAL (NO INCLUYE FACTOR DE PRESTACIONES)	MES	2244000
Demanda	SUELDOS Y JORNALES 	9462	TARIFA MES - PERSONAL DE OBRA - PLOMERO (NO INCLUYE FACTOR DE PRESTACIONES)	MES	2618000
Demanda	SUELDOS Y JORNALES 	9463	TARIFA MES - PERSONAL DE OBRA - TÉCNICO ELÉCTRICO (NO INCLUYE FACTOR DE PRESTACIONES)	MES	2618000
Demanda	SUELDOS Y JORNALES 	9464	TARIFA MES - PERSONAL DE OBRA - OPERARIO (NO INCLUYE FACTOR DE PRESTACIONES)	MES	2992000
Demanda	SUELDOS Y JORNALES 	9465	TARIFA MES - PROFESIONAL CATEGORÍA 1 (INCLUYE FACTOR DE PRESTACIONES)	MES	25218989
Demanda	SUELDOS Y JORNALES 	9466	TARIFA MES - PROFESIONAL CATEGORÍA 2 (INCLUYE FACTOR DE PRESTACIONES)	MES	19230337
Demanda	SUELDOS Y JORNALES 	9467	TARIFA MES - PROFESIONAL CATEGORÍA 3 (INCLUYE FACTOR DE PRESTACIONES)	MES	16236011
Demanda	SUELDOS Y JORNALES 	9468	TARIFA MES - PROFESIONAL CATEGORÍA 4 (INCLUYE FACTOR DE PRESTACIONES)	MES	13830994
Demanda	SUELDOS Y JORNALES 	9469	TARIFA MES - PROFESIONAL CATEGORÍA 5 (INCLUYE FACTOR DE PRESTACIONES)	MES	12480071
Demanda	SUELDOS Y JORNALES 	9470	TARIFA MES - PROFESIONAL CATEGORÍA 6 (INCLUYE FACTOR DE PRESTACIONES)	MES	11133493
Demanda	SUELDOS Y JORNALES 	9471	TARIFA MES - PROFESIONAL CATEGORÍA 7 (INCLUYE FACTOR DE PRESTACIONES)	MES	8428754
Demanda	SUELDOS Y JORNALES 	9473	TARIFA MES - PERSONAL TÉCNICO - TECNÓLOGO EN ÁREAS DE INGENIERÍA (INCLUYE FACTOR DE PRESTACIONES)	MES	5233165
Demanda	SUELDOS Y JORNALES 	9474	TARIFA MES - PERSONAL TÉCNICO - AUXILIAR DE INGENIERÍA (INCLUYE FACTOR DE PRESTACIONES)	MES	4948184
Demanda	SUELDOS Y JORNALES 	9475	TARIFA MES - PERSONAL TÉCNICO - DIBUJANTE 1 (INCLUYE FACTOR DE PRESTACIONES)	MES	5169718
Demanda	SUELDOS Y JORNALES 	9476	TARIFA MES - PERSONAL TÉCNICO - DIBUJANTE 2 (INCLUYE FACTOR DE PRESTACIONES)	MES	4253177
Demanda	SUELDOS Y JORNALES 	9477	TARIFA MES - PERSONAL TÉCNICO - TOPÓGRAFO INSPECTOR (INCLUYE FACTOR DE PRESTACIONES)	MES	5453251
Demanda	SUELDOS Y JORNALES 	9478	TARIFA MES - PERSONAL TÉCNICO - TOPÓGRAFO AUXILIAR (INCLUYE FACTOR DE PRESTACIONES)	MES	4823661
Demanda	SUELDOS Y JORNALES 	9479	TARIFA MES - PERSONAL TÉCNICO - BATIMETRISTA INSPECTOR (INCLUYE FACTOR DE PRESTACIONES)	MES	5453251
Demanda	SUELDOS Y JORNALES 	9480	TARIFA MES - PERSONAL TÉCNICO - BATIMETRISTA AUXILIAR (INCLUYE FACTOR DE PRESTACIONES)	MES	4823661
Demanda	SUELDOS Y JORNALES 	9481	TARIFA MES - PERSONAL TÉCNICO - LABORATORISTA INSPECTOR (INCLUYE FACTOR DE PRESTACIONES)	MES	5179853
Demanda	SUELDOS Y JORNALES 	9482	TARIFA MES - PERSONAL TÉCNICO - LABORATORISTA AUXILIAR (INCLUYE FACTOR DE PRESTACIONES)	MES	3740609
Demanda	SUELDOS Y JORNALES 	9483	TARIFA MES - PERSONAL TÉCNICO - INSPECTOR 1 (INCLUYE FACTOR DE PRESTACIONES)	MES	4322677
Demanda	SUELDOS Y JORNALES 	9484	TARIFA MES - PERSONAL TÉCNICO - INSPECTOR 2 (INCLUYE FACTOR DE PRESTACIONES)	MES	3930288
Demanda	SUELDOS Y JORNALES 	9485	TARIFA MES - PERSONAL ADMINISTRATIVO - ADMINISTRADOR (INCLUYE FACTOR DE PRESTACIONES)	MES	5424555
Demanda	SUELDOS Y JORNALES 	9486	TARIFA MES - PERSONAL ADMINISTRATIVO - AUXILIAR ADMINISTRATIVO-ALMACENISTA (INCLUYE FACTOR DE PRESTACIONES)	MES	3979518
Demanda	SUELDOS Y JORNALES 	9487	TARIFA MES - PERSONAL ADMINISTRATIVO - SECRETARIA 1 (INCLUYE FACTOR DE PRESTACIONES)	MES	3309125
Demanda	SUELDOS Y JORNALES 	9488	TARIFA MES - PERSONAL ADMINISTRATIVO - SECRETARIA 2 (INCLUYE FACTOR DE PRESTACIONES)	MES	2922389
Demanda	SUELDOS Y JORNALES 	9489	TARIFA MES - PERSONAL AUXILIAR TÉCNICO - CADENERO 1 (INCLUYE FACTOR DE PRESTACIONES)	MES	3740609
Demanda	SUELDOS Y JORNALES 	9490	TARIFA MES - PERSONAL AUXILIAR TÉCNICO - CADENERO 2 (INCLUYE FACTOR DE PRESTACIONES)	MES	3309125
Demanda	SUELDOS Y JORNALES 	9491	TARIFA MES - PERSONAL AUXILIAR TÉCNICO - SECRETARIA - CONDUCTOR O MOTORISTA (INCLUYE FACTOR DE PRESTACIONES)	MES	2922389
Demanda	SUELDOS Y JORNALES 	9492	TARIFA MES - PERSONAL DE OBRA - MAESTRO DE OBRA (INCLUYE FACTOR DE PRESTACIONES)	MES	6542098
Demanda	SUELDOS Y JORNALES 	9493	TARIFA MES - PERSONAL DE OBRA - OFICIAL (INCLUYE FACTOR DE PRESTACIONES)	MES	3636357
Demanda	SUELDOS Y JORNALES 	9494	TARIFA MES - PERSONAL DE OBRA - OPERARIO (INCLUYE FACTOR DE PRESTACIONES)	MES	4719411
Demanda	ESTRUCTURAS EN ACERO	9495	TUERCAS POR KG	KG	11984
Demanda	ESTRUCTURAS EN ACERO	9496	PERNOS POR Kg	KG	16065
Demanda	SUELDOS Y JORNALES 	9497	TARIFA HORA - PERSONAL DE OBRA - AYUDANTE - HORARIO NOCTURNO (INCLUYE FACTOR DE PRESTACIONES)	HR	18787
Demanda	CONCRETOS Y MORTEROS PREMEZCLADOS	9499	CONCRETO TREMIE GRAVA FINA 3500 PSI	M3	653115
Demanda	ESTRUCTURAS EN ACERO	9500	LÁMINA COLABORANTE 2" CALIBRE 16 (1.50mm)	M2	106505
Demanda	ESTRUCTURAS EN ACERO	9501	LÁMINA COLABORANTE 2" CALIBRE 18 (1.20mm)	M2	89250
Demanda	SUELDOS Y JORNALES 	9505	TARIFA JORNAL- PROFESIONAL CATEGORÍA 1 (INCLUYE FACTOR DE PRESTACIONES)	JR	840633
Demanda	SUELDOS Y JORNALES 	9506	TARIFA JORNAL - PROFESIONAL CATEGORÍA 2 (INCLUYE FACTOR DE PRESTACIONES)	JR	641011
Demanda	SUELDOS Y JORNALES 	9507	TARIFA JORNAL - PROFESIONAL CATEGORÍA 3 (INCLUYE FACTOR DE PRESTACIONES)	JR	541201
Demanda	SUELDOS Y JORNALES 	9508	TARIFA JORNAL - PROFESIONAL CATEGORÍA 4 (INCLUYE FACTOR DE PRESTACIONES)	JR	461034
Demanda	SUELDOS Y JORNALES 	9509	TARIFA JORNAL - PROFESIONAL CATEGORÍA 5 (INCLUYE FACTOR DE PRESTACIONES)	JR	416003
Demanda	SUELDOS Y JORNALES 	9510	TARIFA JORNAL - PROFESIONAL CATEGORÍA 6 (INCLUYE FACTOR DE PRESTACIONES)	JR	371117
Demanda	SUELDOS Y JORNALES 	9511	TARIFA JORNAL - PROFESIONAL CATEGORÍA 7 (INCLUYE FACTOR DE PRESTACIONES)	JR	280958
Demanda	SUELDOS Y JORNALES 	9512	TARIFA JORNAL - PERSONAL TÉCNICO - TECNÓLOGO EN ÁREAS DE INGENIERÍA (INCLUYE FACTOR DE PRESTACIONES)	JR	174438
Demanda	SUELDOS Y JORNALES 	9513	TARIFA JORNAL - PERSONAL TÉCNICO - AUXILIAR DE INGENIERÍA (INCLUYE FACTOR DE PRESTACIONES)	JR	164940
Demanda	SUELDOS Y JORNALES 	9514	TARIFA JORNAL - PERSONAL TÉCNICO - DIBUJANTE 1 (INCLUYE FACTOR DE PRESTACIONES)	JR	172324
Demanda	SUELDOS Y JORNALES 	9515	TARIFA JORNAL - PERSONAL TÉCNICO - DIBUJANTE 2 (INCLUYE FACTOR DE PRESTACIONES)	JR	141773
Demanda	SUELDOS Y JORNALES 	9516	TARIFA JORNAL - PERSONAL TÉCNICO - TOPÓGRAFO AUXILIAR (INCLUYE FACTOR DE PRESTACIONES)	JR	160788
Demanda	SUELDOS Y JORNALES 	9517	TARIFA JORNAL - PERSONAL TÉCNICO - BATIMETRISTA INSPECTOR (INCLUYE FACTOR DE PRESTACIONES)	JR	181776
Demanda	SUELDOS Y JORNALES 	9518	TARIFA JORNAL - PERSONAL TÉCNICO - BATIMETRISTA AUXILIAR (INCLUYE FACTOR DE PRESTACIONES)	JR	160788
Demanda	SUELDOS Y JORNALES 	9519	TARIFA JORNAL - PERSONAL TÉCNICO - LABORATORISTA INSPECTOR (INCLUYE FACTOR DE PRESTACIONES)	JR	172662
Demanda	SUELDOS Y JORNALES 	9520	TARIFA JORNAL - PERSONAL TÉCNICO - LABORATORISTA AUXILIAR (INCLUYE FACTOR DE PRESTACIONES)	JR	124687
Demanda	SUELDOS Y JORNALES 	9521	TARIFA JORNAL - PERSONAL TÉCNICO - OPERADOR EQUIPO PERFORACIÓN (INCLUYE FACTOR DE PRESTACIONES)	JR	156349
Demanda	SUELDOS Y JORNALES 	9522	TARIFA JORNAL - PERSONAL TÉCNICO - OPERADOR AUXILIAR DE EQUIPO (INCLUYE FACTOR DE PRESTACIONES)	JR	108808
Demanda	SUELDOS Y JORNALES 	9523	TARIFA JORNAL- PERSONAL ADMINISTRATIVO - ADMINISTRADOR (INCLUYE FACTOR DE PRESTACIONES)	JR	180819
Demanda	SUELDOS Y JORNALES 	9524	TARIFA JORNAL - PERSONAL ADMINISTRATIVO - AUXILIAR ADMINISTRATIVO-ALMACENISTA (INCLUYE FACTOR DE PRESTACIONES)	JR	132651
Demanda	SUELDOS Y JORNALES 	9525	TARIFA JORNAL - PERSONAL ADMINISTRATIVO - SECRETARIA 1 (INCLUYE FACTOR DE PRESTACIONES)	JR	110304
Demanda	SUELDOS Y JORNALES 	9526	TARIFA JORNAL - PERSONAL ADMINISTRATIVO - SECRETARIA 2 (INCLUYE FACTOR DE PRESTACIONES)	JR	97414
Demanda	SUELDOS Y JORNALES 	9527	TARIFA JORNAL - PERSONAL AUXILIAR TÉCNICO - CADENERO 1 (INCLUYE FACTOR DE PRESTACIONES)	JR	124687
Demanda	SUELDOS Y JORNALES 	9528	TARIFA JORNAL - PERSONAL AUXILIAR TÉCNICO - SECRETARIA - CONDUCTOR O MOTORISTA (INCLUYE FACTOR DE PRESTACIONES)	JR	97414
Demanda	SUELDOS Y JORNALES 	9529	TARIFA JORNAL- PERSONAL DE OBRA - MAESTRO DE OBRA (INCLUYE FACTOR DE PRESTACIONES)	JR	218070
Demanda	SUELDOS Y JORNALES 	9530	TARIFA MES - PERSONAL DE OBRA - TÉCNICO ELÉCTRICO (INCLUYE FACTOR DE PRESTACIONES)	MES	4177884
Demanda	SUELDOS Y JORNALES 	9531	TARIFA HORA - PROFESIONAL CATEGORIA 1 (INCLUYE FACTOR DE PRESTACIONES)	HR	120090
Demanda	SUELDOS Y JORNALES 	9532	TARIFA HORA - PROFESIONAL CATEGORÍA 2 (INCLUYE FACTOR DE PRESTACIONES)	HR	91574
Demanda	SUELDOS Y JORNALES 	9533	TARIFA HORA - PROFESIONAL CATEGORÍA 3 (INCLUYE FACTOR DE PRESTACIONES)	HR	77314
Demanda	SUELDOS Y JORNALES 	9534	TARIFA HORA - PROFESIONAL CATEGORÍA 4 (INCLUYE FACTOR DE PRESTACIONES)	HR	65862
Demanda	SUELDOS Y JORNALES 	9535	TARIFA HORA - PROFESIONAL CATEGORÍA 5 (INCLUYE FACTOR DE PRESTACIONES)	HR	59429
Demanda	SUELDOS Y JORNALES 	9536	TARIFA HORA - PROFESIONAL CATEGORÍA 6 (INCLUYE FACTOR DE PRESTACIONES)	HR	53017
Demanda	SUELDOS Y JORNALES 	9537	TARIFA HORA - PROFESIONAL CATEGORÍA 7 (INCLUYE FACTOR DE PRESTACIONES)	HR	40137
Demanda	SUELDOS Y JORNALES 	9539	TARIFA HORA - PERSONAL TÉCNICO - TECNÓLOGO EN ÁREAS DE INGENIERÍA (INCLUYE FACTOR DE PRESTACIONES)	HR	24920
Demanda	SUELDOS Y JORNALES 	9540	TARIFA HORA - PERSONAL TÉCNICO - AUXILIAR DE INGENIERÍA (INCLUYE FACTOR DE PRESTACIONES)	HR	23564
Demanda	SUELDOS Y JORNALES 	9541	TARIFA HORA - PERSONAL TÉCNICO - DIBUJANTE 1 (INCLUYE FACTOR DE PRESTACIONES)	HR	24617
Demanda	SUELDOS Y JORNALES 	9542	TARIFA HORA - PERSONAL TÉCNICO - DIBUJANTE 2 (INCLUYE FACTOR DE PRESTACIONES)	HR	20254
Demanda	SUELDOS Y JORNALES 	9543	TARIFA HORA - PERSONAL TÉCNICO - TOPÓGRAFO INSPECTOR (INCLUYE FACTOR DE PRESTACIONES)	HR	25968
Demanda	SUELDOS Y JORNALES 	9544	TARIFA HORA - PERSONAL TÉCNICO - TOPÓGRAFO AUXILIAR (INCLUYE FACTOR DE PRESTACIONES)	HR	22969
Demanda	SUELDOS Y JORNALES 	9545	TARIFA HORA - PERSONAL TÉCNICO - BATIMETRISTA INSPECTOR (INCLUYE FACTOR DE PRESTACIONES)	HR	25968
Demanda	SUELDOS Y JORNALES 	9546	TARIFA HORA - PERSONAL TÉCNICO - BATIMETRISTA AUXILIAR (INCLUYE FACTOR DE PRESTACIONES)	HR	22969
Demanda	SUELDOS Y JORNALES 	9547	TARIFA HORA - PERSONAL TÉCNICO - LABORATORISTA INSPECTOR (INCLUYE FACTOR DE PRESTACIONES)	HR	24666
Demanda	SUELDOS Y JORNALES 	9548	TARIFA HORA - PERSONAL TÉCNICO - LABORATORISTA AUXILIAR (INCLUYE FACTOR DE PRESTACIONES)	HR	17813
Demanda	SUELDOS Y JORNALES 	9549	TARIFA HORA - PERSONAL TÉCNICO - OPERADOR EQUIPO PERFORACIÓN (INCLUYE FACTOR DE PRESTACIONES)	HR	22336
Demanda	SUELDOS Y JORNALES 	9550	TARIFA HORA - PERSONAL TÉCNICO - OPERADOR AUXILIAR DE EQUIPO (INCLUYE FACTOR DE PRESTACIONES)	HR	15544
Demanda	SUELDOS Y JORNALES 	9551	TARIFA HORA - PERSONAL TÉCNICO - INSPECTOR 1 (INCLUYE FACTOR DE PRESTACIONES)	HR	20585
Demanda	SUELDOS Y JORNALES 	9552	TARIFA HORA - PERSONAL TÉCNICO - INSPECTOR 2 (INCLUYE FACTOR DE PRESTACIONES)	HR	18715
Demanda	SUELDOS Y JORNALES 	9553	TARIFA HORA- PERSONAL ADMINISTRATIVO - ADMINISTRADOR (INCLUYE FACTOR DE PRESTACIONES)	HR	25831
Demanda	SUELDOS Y JORNALES 	9554	TARIFA HORA - PERSONAL ADMINISTRATIVO - AUXILIAR ADMINISTRATIVO-ALMACENISTA (INCLUYE FACTOR DE PRESTACIONES)	HR	18950
Demanda	SUELDOS Y JORNALES 	9555	TARIFA HORA - PERSONAL ADMINISTRATIVO - SECRETARIA 1 (INCLUYE FACTOR DE PRESTACIONES)	HR	15758
Demanda	SUELDOS Y JORNALES 	9556	TARIFA HORA - PERSONAL ADMINISTRATIVO - SECRETARIA 2 (INCLUYE FACTOR DE PRESTACIONES)	HR	13917
Demanda	SUELDOS Y JORNALES 	9557	TARIFA HORA - PERSONAL AUXILIAR TÉCNICO - CADENERO 1 (INCLUYE FACTOR DE PRESTACIONES)	HR	17813
Demanda	SUELDOS Y JORNALES 	9558	TARIFA HORA - PERSONAL AUXILIAR TÉCNICO - CADENERO 2 (INCLUYE FACTOR DE PRESTACIONES)	HR	15758
Demanda	SUELDOS Y JORNALES 	9559	TARIFA HORA - PERSONAL AUXILIAR TÉCNICO - SECRETARIA - CONDUCTOR O MOTORISTA (INCLUYE FACTOR DE PRESTACIONES)	HR	13917
Demanda	SUELDOS Y JORNALES 	9560	TARIFA HORA - PERSONAL DE OBRA - MAESTRO DE OBRA (INCLUYE FACTOR DE PRESTACIONES)	HR	31153
Demanda	MATERIALES DE FERRETERÍA Y OTROS	9570	UNIÓN CANALETA PLÁSTICA DE 20cm x 12cm PORTACABLES	UN	2301
Demanda	MATERIALES DE FERRETERÍA Y OTROS	9571	UNIÓN CANALETA PLÁSTICA DE 32mm x 12mm PORTACABLES	UN	12303
Demanda	MATERIALES DE FERRETERÍA Y OTROS	9572	CANALETA PLÁSTICA DE 20cm x 12cm PORTACABLES CON ADHESIVO	ML	5177
Demanda	MATERIALES DE FERRETERÍA Y OTROS	9573	CANALETA PLÁSTICA DE 32cm x 12cm PORTACABLES CON ADHESIVO	ML	4824
Demanda	MATERIALES DE FERRETERÍA Y OTROS	9574	ABRAZADERA CORREDIZA - CREMALLERA 8mm	UN	1507
Demanda	SUELDOS Y JORNALES 	9575	TARIFA MES - PERSONAL TÉCNICO - CELADOR ARMADO (24 horas por 30 dias dividos en 3 turnos de 8 horas diarias. Incluye prestaciones de ley, Administraciòn y servicios).	MES	18832062
Demanda	TARIFA _ OPERACIÓN OFICINA	9576	TARIFA MES - ARRIENDO OFICINA INCL. ADMINISTRACIÓN, SERVICIOS PÚBLICOS, COMUNICACIONES	M2/MES	55270
Demanda	TARIFA _ OBRA	9577	TARIFA MES - ALQUILER CAMPAMENTOS INCL. SERVICIOS PÚBLICOS PROVISIONALES	M2/MES	25982
Demanda	TARIFA _ OPERACIÓN OFICINA	9578	TARIFA MES - GASTOS OFICINA (PAPELERIA, FOTOCOPIAS Y OTROS)	GLB/MS	1260967
Demanda	SELLANTES-IMPERMEABILIZANTES Y ADITIVOS CONCRETOS	9635	ADHESIVO ESTRUCTURAL PARA ANCLAJE DE BARRAS AL CONCRETO. USO EN CONCRETO FISURADO Y NO FISURADO POR 600 ml	UN	219579
Demanda	SELLANTES-IMPERMEABILIZANTES Y ADITIVOS CONCRETOS	9638	ADHESIVO EPÓXICO DE DOS COMPONENTES DE CONSISTENCIA PASTOSA	KG	159663
Demanda	SELLANTES-IMPERMEABILIZANTES Y ADITIVOS CONCRETOS	9639	MORTERO DE REPARACIÓN  ESTRUCTURAL MONOCOMPONENTE	KG	5950
Demanda	SELLANTES-IMPERMEABILIZANTES Y ADITIVOS CONCRETOS	9640	RECUBRIMIENTO INHIBIDOR PROTECTOR DE CORROSIÓN MODIFICADO CON RESINA ACRÍLICA DE DOS COMPONENTES QUE IMPIDE LA OXIDACIÓN DEL ACERO DE REFUERZO.	KG	18626
Demanda	SELLANTES-IMPERMEABILIZANTES Y ADITIVOS CONCRETOS	9642	ADHESIVO EPÓXICO DE ALTA RESISTENCIA, ALTO MÓDULO Y BAJA VISCOSIDAD.	KG	161491
Demanda	SELLANTES-IMPERMEABILIZANTES Y ADITIVOS CONCRETOS	9643	FONDO DE JUNTA EN ESPUMA DE POLIETILENO DE BAJA DENSIDAD D= 6 mm	ML	820
Demanda	SELLANTES-IMPERMEABILIZANTES Y ADITIVOS CONCRETOS	9644	PERFIL DE PVC PARA SELLO DE JUNTA (CINTA FLEXIBLE PARA SELLO DE PVC).	ML	25260
Demanda	SELLANTES-IMPERMEABILIZANTES Y ADITIVOS CONCRETOS	9645	ADHESIVO ESPECIAL PARA EL PEGADO PLÁSTICO DE METALES MONOCOMPONENTE Y LIBRE DE SOLVENTES (300ml)	UN	81223
Demanda	ENSAYO CAMPO - ELEMENTOS ESTRUCTURALES CONCRETO	9646	OBTENCION DE NUCLEOS DE CONCRETO ENDURECIDO (NUCLEOS DE 6"). Norma técnica: INVE-418-13 NTC-3658-18.	UN	285600
Demanda	ENSAYO LABORATORIO - CONCRETOS HIDRÁULICOS	9647	DISEÑO DE MEZCLAS DE CONCRETO CON TRES AGREGADOS PARA UNA RESISTENCIA DADA (INCLUYE CARACTERIZACIÓN)	UN	930580
Demanda	ENSAYO CAMPO - ELEMENTOS ESTRUCTURALES CONCRETO	9648	CORTE DE NÚCLEO PARA ENSAYO DE COMPRESIÓN	UN	29750
Demanda	ARBOLES-GRAMAS-VEGETACIÓN Y PLANTACIÓN PAISAJÍSTIC	9649	CICATRIZANTE DE RAICES	GLN	442126
Demanda	ESTRUCTURAS EN ACERO	9650	LAMINA GALVANIZADA POR KILOGRAMOS	KG	6545
Demanda	ESTRUCTURAS EN ACERO	9651	ACERO ESTRUCTURAL PARA PUENTE PEATONAL TIPO TRANSMILENIO (TIPO DE ACERO A-572 GRADO 50, A-500 GRADO C, A-36). SUMINISTRO, FABRICACIÓN, TRANSPORTE Y MONTAJE DE ESTRUCTURA METÁLICA CON EL SIGUIENTE ESQUEMA DE PROTECCIÓN Y PINTURA: SISTEMA DE PROTECCIÓN BÁSICA: (GUÍA 6.7.1) GALVANIZADO EN CALIENTE (DE ACUERDO CON GUÍA Y CARTILLA).BARRERA: BARRERA EPÓXICA CON POLIAMIDA DE 1.5 A 2.0 MILS DE PELÍCULA SECA.ACABADO: RECUBRIMIENTO URETANO BRILLANTE TIPO ALIFÁTICO RAL 7045 (GRIS) DE 1.5 A 2.0 MILS.	KG	21800
Demanda	ESTRUCTURAS EN ACERO	9652	ACERO ESTRUCTURAL PARA PUENTE PEATONAL TIPO TRANSMILENIO (TIPO DE ACERO A-572 GRADO 50, A-500 GRADO C, A-36). SUMINISTRO, FABRICACIÓN, TRANSPORTE Y MONTAJE DE ESTRUCTURA METÁLICA CON EL SIGUIENTE ESQUEMA DE PROTECCIÓN Y PINTURA: SISTEMA DE PROTECCIÓN BÁSICA: (GUÍA 6.7.2) LIMPIEZA: SP10.PRIMER: IMPRIMANTE EPÓXICO RICO EN ZINC DE 3.5 A 4.0 MILS PELÍCULA SECA.BARRERA: BARRERA EPÓXICA CON CURADOR POLIAMIDA DE 3.5 A 4.0 MILS PELÍCULA SECA.ACABADO: RECUBRIMIENTO URETANO BRILLANTE ALIFÁTICO DE 2.5 A 3.0 MILS.EL ESPESOR TOTAL DEL SISTEMA DE PROTECCIÓN DEBE SER AL MENOS 10 MILS (DFT) CHORRO ABRASIVO METAL CASI BLANCO.	KG	20111
Demanda	ESTRUCTURAS EN ACERO	9653	ACERO ESTRUCTURAL PARA ESTACIÓN TIPO TRANSMILENIO (TIPO DE ACERO A-572 GRADO 50, A-500 GRADO C, A-36). SUMINISTRO, FABRICACIÓN, TRANSPORTE Y MONTAJE DE ESTRUCTURA METÁLICA CON EL SIGUIENTE ESQUEMA DE PROTECCIÓN Y PINTURA: SISTEMA DE PROTECCIÓN BÁSICA: (GUÍA 6.7.1).PINTURA: SISTEMA DE PROTECCIÓN BÁSICA: (GUÍA 6.7.1)GALVANIZADO EN CALIENTE (DE ACUERDO GUÍA Y CARTILLA).BARRERA: BARRERA EPÓXICA CON POLIAMIDA DE 1.5 A 2.0 MILS DE PELÍCULA SECA.ACABADO: RECUBRIMIENTO URETANO BRILLANTE TIPO ALIFÁTICO RAL 7045 (GRIS) DE 1.5 A 2.0 MILS.	KG	21150
Demanda	ESTRUCTURAS EN ACERO	9654	ACERO ESTRUCTURAL PARA ESTACIÓN TIPO TRANSMILENIO (TIPO DE ACERO A-572 GRADO 50, A-500 GRADO C, A-36). SUMINISTRO, FABRICACIÓN, TRANSPORTE Y MONTAJE DE ESTRUCTURA METÁLICA CON EL SIGUIENTE ESQUEMA DE PROTECCIÓN Y PINTURA: SISTEMA DE PROTECCIÓN BÁSICA: (GUÍA 6.7.2) LIMPIEZA: SP10.PRIMER: IMPRIMANTE EPÓXICO RICO EN ZINC DE 3.5 A 4.0 MILS PELÍCULA SECA.BARRERA: BARRERA EPÓXICA CON CURADOR POLIAMIDA DE 3.5 A 4.0 MILS PELÍCULA SECA.ACABADO: RECUBRIMIENTO URETANO BRILLANTE ALIFÁTICO DE 2.5 A 3.0 MILS.EL ESPESOR TOTAL DEL SISTEMA DE PROTECCIÓN DEBE SER AL MENOS 10 MILS (DFT)CHORRO ABRASIVO METAL CASI BLANCO.	KG	20944
Demanda	ESTRUCTURAS EN ACERO	9655	ACERO ESTRUCTURAL PARA ESTACIÓN TIPO TRANSMILENIO. (TIPO DE ACERO A-572 GRADO 50, A-500 GRADO C, A-36) SUMINISTRO, FABRICACIÓN,  MONTAJE Y TRANSPORTE DE ESTRUCTURA METÁLICA CON EL SIGUIENTE ESQUEMA DE PROTECCIÓN Y PINTURA: SISTEMA DE PROTECCIÓN ALTERN. ESTACIÓN LIMPIEZA: SP6.PRIMER: IMPRIMANTE EPÓXICO FOSFATO DE ZINC DE 3.0 MILS PELÍCULA SECA.ACABADO: RECUBRIMIENTO ESMALTE URETANO SERIE 36 RAL 7045 (GRIS) DE 3.0 MILS ESPESOR DE PELÍCULA SECA. CHORRO ABRASIVO COMERCIAL.	KG	20944
Demanda	GEOSINTETICOS	9656	GEOMALLA BIAXIAL CON RESISTENCIA ULTIMA A LA TENSION, SENTIDO LONGITUDINAL Y TRANSVERSAL: ENTRE 50 KN/M Y 55 KN/M	M2	14827
Demanda	BORDILLOS Y LOSETAS	9663	PISO PRETENSADO e= 70 mm PARA ESTACIONES Y PUENTES TIPO TRANSMILENIO. NO INCLUYE TRANSPORTE	M2	437215
Demanda	EMULSIONES Y MEZCLAS ASFÁLTICAS	9671	MEZCLA ASFÁLTICA EN CALIENTE DENSA MD10 CON CEMENTO ASFÁLTICO 60-70	M3	998047
Demanda	EMULSIONES Y MEZCLAS ASFÁLTICAS	9672	MEZCLA ASFÁLTICA EN CALIENTE DENSA MD12 CON CEMENTO ASFÁLTICO 60-70	M3	993250
Demanda	EMULSIONES Y MEZCLAS ASFÁLTICAS	9673	MEZCLA ASFÁLTICA EN CALIENTE DENSA MD20 CON CEMENTO ASFÁLTICO 60-70	M3	857365
Demanda	PINTURAS	9682	PINTURA PARA RECUBRIMIENTO ACRÍLICO, IMPERMEABLE, DECORATIVO, EN COLORES MONOCOMPONENTES, CON ACABADO MATE PARA SUPERFICIES EN CONCRETO, MORTERO O FIBROCEMENTO	GLN	121231
Demanda	TUBERÍA Y ACCESORIOS CONDUIT GALVANIZADAS	9685	TUBERIA CONDUIT METALICA EMT D= 3"	ML	74731
Demanda	TUBERÍA Y ACCESORIOS CONDUIT GALVANIZADAS	9686	TUBERIA CONDUIT METALICA GALVANIZADA IMC D= 2"	ML	56923
Demanda	TUBERÍA Y ACCESORIOS CONDUIT GALVANIZADAS	9687	UNIÓN IMC D= 2"	UN	6151
Demanda	TUBERÍA Y ACCESORIOS CONDUIT GALVANIZADAS	9688	TUBERIA CONDUIT METALICA GALVANIZADA IMC D= 3/4"	ML	20270
Demanda	TUBERÍA Y ACCESORIOS CONDUIT GALVANIZADAS	9689	UNIÓN IMC D= 3/4"	UN	2788
Demanda	TUBERÍA Y ACCESORIOS CONDUIT GALVANIZADAS	9690	TUBERIA CONDUIT METALICA EMT D= 1 1/4"	ML	23717
Demanda	ESTRUCTURAS EN ACERO	9695	LIMPIEZA GRADO DE LIMPIEZA SEGÚN NORMA SSPC-SP1 - LIMPIEZA CON SOLVENTES PARA ESTRUCTURA PESADA	KG	714
Demanda	ESTRUCTURAS EN ACERO	9696	LIMPIEZA GRADO DE LIMPIEZA SEGÚN NORMA SSPC-SP2 - LIMPIEZA MANUAL PARA ESTRUCTURA PESADA	KG	781
Demanda	ESTRUCTURAS EN ACERO	9697	LIMPIEZA GRADO DE LIMPIEZA SEGÚN NORMA SSPC-SP3 - LIMPIEZA CON HERRAMIENTAS ELÉCTRICAS PARA ESTRUCTURA PESADA	KG	901
Demanda	ESTRUCTURAS EN ACERO	9698	LIMPIEZA GRADO DE LIMPIEZA SEGÚN NORMA SSPC-SP5 - LIMPIEZA CON ABRASIVO METAL BLANCO PARA ESTRUCTURA PESADA	KG	1309
Demanda	ESTRUCTURAS EN ACERO	9699	LIMPIEZA GRADO DE LIMPIEZA SEGÚN NORMA SSPC-SP7 - LIMPIEZA CON CHORRO ABRASIVO BRUSH-OFF PARA ESTRUCTURA PESADA	KG	1488
Demanda	ESTRUCTURAS EN ACERO	9700	LIMPIEZA GRADO DE LIMPIEZA SEGÚN NORMA SSPC-SP6 - LIMPIEZA CON CHORRO ABRASIVO COMERCIAL PARA ESTRUCTURA PESADA	KG	1726
Demanda	ESTRUCTURAS EN ACERO	9701	LIMPIEZA GRADO DE LIMPIEZA SEGÚN NORMA SSPC-SP10 - LIMPIEZA CON CHORRO ABRASIVO METAL CASI BLANCO PARA ESTRUCTURA PESADA	KG	1964
Demanda	TRANSPORTES DE MATERIALES Y ACARREOS	9704	ESCOLTA - COSTO POR ESCOLTA EN CADA RECORRIDO  (UN TRAYECTO) EN PERÍMETRO URBANO	VIAJE	250000
Demanda	TRANSPORTES DE MATERIALES Y ACARREOS	9705	TRANSPORTE DE EQUIPO DE HASTA 1 TONELADA POR VIAJE DIURNO (UN TRAYECTO) - SIN ESCOLTA	VIAJE	600000
Demanda	TRANSPORTES DE MATERIALES Y ACARREOS	9706	TRANSPORTE DE EQUIPO DE 1.1 a 5 TONELADAS POR VIAJE DIURNO (UN TRAYECTO) - SIN ESCOLTA	VIAJE	1000000
Demanda	TRANSPORTES DE MATERIALES Y ACARREOS	9707	TRANSPORTE DE EQUIPO DE 5.1 a 10 TONELADAS POR VIAJE DIURNO (UN TRAYECTO) - SIN ESCOLTA	VIAJE	1071000
Demanda	TRANSPORTES DE MATERIALES Y ACARREOS	9708	TRANSPORTE DE EQUIPO DE 10.1 a 15 TONELADAS POR VIAJE DIURNO (UN TRAYECTO) - SIN ESCOLTA	VIAJE	1428000
Demanda	SUELDOS Y JORNALES 	9709	TARIFA MES - PERSONAL TÉCNICO - TOPÓGRAFO INSPECTOR HORARIO NOCTURNO (NO INCLUYE FACTOR DE PRESTACIONES)	MES	5043600
Demanda	SUELDOS Y JORNALES 	9710	TARIFA MES - PERSONAL TÉCNICO - LABORATORISTA INSPECTOR HORARIO NOCTURNO (NO INCLUYE FACTOR DE PRESTACIONES)	MES	4468500
Demanda	SUELDOS Y JORNALES 	9711	TARIFA MES - PERSONAL TÉCNICO - INSPECTOR 2 HORARIO NOCTURNO (NO INCLUYE FACTOR DE PRESTACIONES)	MES	3303450
Demanda	SUELDOS Y JORNALES 	9712	TARIFA MES - PERSONAL AUXILIAR TÉCNICO - CADENERO 1 - HORARIO NOCTURNO (NO INCLUYE FACTOR DE PRESTACIONES)	MES	3126600
Demanda	SUELDOS Y JORNALES 	9713	TARIFA MES - PERSONAL AUXILIAR TÉCNICO - CADENERO 2 - HORARIO NOCTURNO (NO INCLUYE FACTOR DE PRESTACIONES)	MES	2724300
Demanda	SUELDOS Y JORNALES 	9714	TARIFA MES - PERSONAL AUXILIAR TÉCNICO -  CONDUCTOR O MOTORISTA - HORARIO NOCTURNO (No incluye Factor de Prestaciones)	MES	2363722
Demanda	SUELDOS Y JORNALES 	9715	TARIFA MES - PERSONAL DE OBRA - MAESTRO DE OBRA - HORARIO NOCTURNO (NO INCLUYE FACTOR DE PRESTACIONES)	MES	6058800
Demanda	ENSAYO LABORATORIO - MORTERO	9720	DETERMINACION DE LA RESISTENCIA DE MORTEROS DE CEMENTO HIDRAULICO A LA COMPRESION, USANDO CUBOS DE 50MM O 2 PULGADAS DE LADO. Norma técnica: NTC-220-22 ASTM C109/C109M-23	UN	19278
Demanda	CONCRETOS Y MORTEROS PREMEZCLADOS	9723	HIDROFUGANTE - PROTECTOR DEL CONCRETO - con ingrediente activo 100% en base a siliconas órganoreactivas de alta penetración	LT	31999
Demanda	MUEBLES - EQUIPOS Y ELEMENTOS OFICINA	9724	PORTÁTILES - Procesador minimo: intel, Core i3 4005U, celeron o similar, Memoria RAM de 4 GB(2x2048 MB) Disco duro de 500gb a 7200 rpm Pantalla LED HP BrightView widescreen alta definición con 35,6 cm	UN/MES	124818
Demanda	MUEBLES - EQUIPOS Y ELEMENTOS OFICINA	9725	IMPRESORA MULTIFUNCIONAL MONOCROMÁTICA 4 en 1, COPIADORA, IMPRESORA, SCANER Y FAX. 35 ppm, RENDIMIENTO 5000 PAG.	UN/MES	97962
Demanda	PRODUCTOS QUÍMICOS - PESTICIDAS - FITOSANITARIOS	9726	INSECTICIDA	LT	35000
Demanda	MUEBLES - EQUIPOS Y ELEMENTOS OFICINA	9727	CÁMARA DIGITAL COMPACTA MÍNIMO 16.2 MEGAPIXELES, MEMORIA DE 8 GB, VÍDEO HD CON PAUSA Y ZOOM (DIA)	DIA	126090
Demanda	POSTES Y ALUMBRADO PUBLICO	9728	POSTE METALICO H=12m BRAZO SENCILLO PINTADO	UN	4821880
Demanda	ESTRUCTURAS EN ACERO	9733	MALLA PARA GAVIÓN CALIBRE 13.0 HUECO DE 8 cm x 10 cm (7.5 cm x 7.5 cm) de 2m x 1m x 1m	UN	129710
Demanda	NEOPRENOS	9736	JUNTA DE DILATACIÓN ELASTOMERICA MOVIMIENTO 50 mm  (+/- 25 mm)	ML	733303
Demanda	SERV. DIAGNÓSTICO-INSPECCIÓN REDES HIDROSANITARIAS	9743	PRUEBA DE HERMETICIDAD POR EL MÉTODO DE PRESIÓN POSITIVA CON AIRE PARA REDES DE ALCANTARILLADO - TRAMOS DE Ø 6" A Ø 12"	TRAMO	600000
Demanda	SERV. DIAGNÓSTICO-INSPECCIÓN REDES HIDROSANITARIAS	9744	PRUEBA DE HERMETICIDAD POR EL MÉTODO DE PRESIÓN POSITIVA CON AIRE PARA REDES DE ALCANTARILLADO - TRAMOS DE Ø 14" A Ø 24"	TRAMO	714000
Demanda	SERV. DIAGNÓSTICO-INSPECCIÓN REDES HIDROSANITARIAS	9745	PRUEBA DE HERMETICIDAD POR EL MÉTODO DE PRESIÓN POSITIVA CON AIRE PARA REDES DE ALCANTARILLADO - TRAMOS DE Ø 27" A Ø 40"	TRAMO	833000
Demanda	SERV. DIAGNÓSTICO-INSPECCIÓN REDES HIDROSANITARIAS	9746	PRUEBA DE HERMETICIDAD POR EL MÉTODO DE PRESIÓN POSITIVA CON AIRE PARA REDES DE ALCANTARILLADO - TRAMOS DE Ø 42" A Ø 50"	TRAMO	952000
Demanda	AGREGADOS PÉTREOS, BASES Y SUBBASES GRANULARES	9747	RAJÓN = 6" A 12" (15 - 30 cm)	M3	72901
Demanda	EQUIPO LIVIANO Y HERRAMIENTAS	9752	MARTILLO DEMOLEDOR ELÉCTRICO - POTENCIA DE 1920 A 2200 WATTS - GOLPES POR MINUTO DE 860 A 2000	HR	11037
Demanda	PINTURAS	9754	PINTURA (LÁTEX) ACRÍLICA BASE AGUA - Pintura base agua con tecnología acrílica avanzada de uso exterior que ofrece protección a rayos ultravioleta y factores climáticos.	GLN	106590
Demanda	TUBERÍA Y ACCESORIOS CONDUIT GALVANIZADAS	9764	TUBERIA CONDUIT METALICA GALVANIZADA IMC D= 3"	ML	121359
Demanda	TUBERÍA Y ACCESORIOS CONDUIT GALVANIZADAS	9765	TUBERIA METALICO RIGID D= 6"	ML	526467
Demanda	TUBERÍA Y ACCESORIOS CONDUIT GALVANIZADAS	9766	CONECTOR MECÁNICO GD. CUERPO: DOBLE Y PERNO DE SUJECIÓN EN U. TUBO DE 3" VARILLA 3" - 3 1/2", 4 SOL - 2/0 STR	UN	130305
Demanda	TUBERÍA Y ACCESORIOS CONDUIT GALVANIZADAS	9767	CONECTOR MECÁNICO GD. CUERPO: DOBLE Y PERNO DE SUJECIÓN EN U. TUBO DE 6" , 4 SOL - 2/0 STR	UN	243850
Demanda	MARCOS, TAPAS, REJILLAS, HERRAJES Y CAJILLAS	9768	PASO PLÁSTICO EN POLIPROPILENO DE ALTO IMPACTO CON MATERIAL ORIGINAL. DE 0.40m DE ANCHO x 0.30m DE FONDO x 3.5cm DE GROSOR. Libre de todo mantenimiento de anticorrosivo de inmunizantes y de pintura.	UN	105910
Demanda	NEOPRENOS	9774	APOYO ELASTOMÉRICO DE 30x30x5,0cm CON 4 REFUERZOS INTERNOS DE 1/8" A-36. DUREZA 60 SHORE A, ESFUERZO DE COMPRESIÓN APOYOS DE 112 Kg/cm2.	UN	366020
Demanda	NEOPRENOS	9775	APOYO ELASTOMÉRICO DE 20x20x5,0cm CON 4 REFUERZOS INTERNOS DE 1/8" A-36. DUREZA 60 SHORE A, ESFUERZO DE COMPRESIÓN APOYOS DE 112 Kg/cm2.	UN	162956
Demanda	SEÑALES, BARRERAS Y DEMARCACIÓN VIAL	9789	SEÑAL ELEVADA BS, TABLERO 3.097m x 2.228m REFLECTIVO DIAMANTE, SOPORTE EN TUBO GALVANIZADO DE 12" EN 7m. CERCHA EN TUBO DE 4" EN 3mm Y 2" EN 2mm. INCL. SUMINIST. E INSTALAC	UN	8230084
Demanda	SEÑALES, BARRERAS Y DEMARCACIÓN VIAL	9790	SEÑAL INFORMATIVA SI-05, TABLERO 1.401m x 0.512m REFLECTIVO ALTA INTENSIDAD, PEDESTAL EN ÁNGULO DE 2"x2"x1/4" H= 2.60m EN PINTURA ELECTROSTÁTICA. INCL. SUMINIST. E INSTALAC	UN	1228761
Demanda	SEÑALES, BARRERAS Y DEMARCACIÓN VIAL	9791	SEÑAL INFORMATIVA SI-05, TABLERO 1.167m x 0.512m REFLECTIVO ALTA INTENSIDAD, PEDESTAL EN ÁNGULO DE 2"x2"x1/4" H= 2.60m EN PINTURA ELECTROSTÁTICA. INCL. SUMINIST. E INSTALAC	UN	798514
Demanda	SEÑALES, BARRERAS Y DEMARCACIÓN VIAL	9792	SEÑAL INFORMATIVA SI-05, TABLERO 1.190m x 0.512m REFLECTIVO ALTA INTENSIDAD, PEDESTAL EN ÁNGULO DE 2"x2"x1/4" H= 2.60m EN PINTURA ELECTROSTÁTICA. INCL. SUMINIST. E INSTALAC	UN	697596
Demanda	SEÑALES, BARRERAS Y DEMARCACIÓN VIAL	9796	SEÑAL ELEVADA BS, TABLERO 2.414m x 1.380m REFLECTIVO DIAMANTE, SOPORTE EN TUBO GALVANIZADO DE 12" EN 7m. CERCHA EN TUBO DE 4" EN 3mm Y 2" EN 2mm. INCL. SUMINIST. E INSTALAC	UN	8230084
Demanda	SEÑALES, BARRERAS Y DEMARCACIÓN VIAL	9797	SEÑAL ELEVADA BS, TABLERO 3.322m x 2.111m REFLECTIVO DIAMANTE, SOPORTE EN TUBO GALVANIZADO DE 12" EN 7m. CERCHA EN TUBO DE 4" EN 3mm Y 2" EN 2mm. INCL. SUMINIST. E INSTALAC	UN	9360420
Demanda	SEÑALES, BARRERAS Y DEMARCACIÓN VIAL	9798	REEMPLAZO DE TABLERO SEÑAL ELEVADA BS, POR TABLERO GALVANIZADO  CALIBRE 20 3.914m x 1.972m REFLECTIVO DIAMANTE. INCL. SUMINIST. E INSTALAC	UN	5163569
Demanda	SEÑALES, BARRERAS Y DEMARCACIÓN VIAL	9799	SEÑAL INFORMATIVA SI-05C, TABLERO 60.64cm x 82.50cm REFLECTIVO ALTA INTENSIDAD, PEDESTAL EN ÁNGULO DE 2"x2"x1/4" H= 2.60m EN PINTURA ELECTROSTÁTICA. INCL. SUMINIST. E INSTALAC	UN	642928
Demanda	SEÑALES, BARRERAS Y DEMARCACIÓN VIAL	9800	SEÑAL INFORMATIVA SI-05C, TABLERO 75.09cm x 82.50cm REFLECTIVO ALTA INTENSIDAD, PEDESTAL EN ÁNGULO DE 2"x2"x1/4" H= 2.60m EN PINTURA ELECTROSTÁTICA. INCL. SUMINIST. E INSTALAC	UN	753436
Demanda	SEÑALES, BARRERAS Y DEMARCACIÓN VIAL	9801	SEÑAL INFORMATIVA SI-05C, TABLERO 76.09cm x 97.51cm REFLECTIVO ALTA INTENSIDAD, PEDESTAL EN ÁNGULO DE 2"x2"x1/4" H= 2.60m EN PINTURA ELECTROSTÁTICA. INCL. SUMINIST. E INSTALAC	UN	787852
Demanda	SEÑALES, BARRERAS Y DEMARCACIÓN VIAL	9802	SEÑAL INFORMATIVA SI-05C, TABLERO 75.01cm x 82.50cm REFLECTIVO ALTA INTENSIDAD, PEDESTAL EN ÁNGULO DE 2"x2"x1/4" H= 2.60m EN PINTURA ELECTROSTÁTICA. INCL. SUMINIST. E INSTALAC	UN	753436
Demanda	SEÑALES, BARRERAS Y DEMARCACIÓN VIAL	9804	SEÑAL INFORMATIVA SI-05, TABLERO 1.119m x 0.512m REFLECTIVO ALTA INTENSIDAD, PEDESTAL EN ÁNGULO DE 2"x2"x1/4" H= 2.60m EN PINTURA ELECTROSTÁTICA. INCL. SUMINIST. E INSTALAC	UN	723814
Demanda	CUBIERTA - CIELO RASO - CORTASOL TIPO TRANSMILENIO	9813	CIELO RASO EN BANDEJA TILE LAY IN DE 610 mm x 610mm EN ALUZINC PERFORADO PERFIL CLP INCLUYE PERFILES DE FIJACION SISTEMA DE SUSPENSION Y ESPACIO PARA LAMPARAS. SUMINISTRO E INSTALACIÓN	M2	244664
Demanda	ACTIVIDADES A TODO COSTO	9819	VINILO ADHESIVO FABRICADA EN LÁMINA DE ALUMINIO ANODIZADO 1.5mm PARA RUTEROS VALLA "SALIDA GRACIAS OTROS DESTINOS"(275cm x 31,6cm) SEGÚN MANUAL DE IMAGEN DE TRANSMILENIO. SUMINISTRO E INSTALACIÓN.	UN	1898705
Demanda	PINTURAS	9822	PINTURA SILOXANO MONO-COMPONENTE. ALTA ADHERENCIA, ALTA RESISTENCIA A LOS GRAFFITIS, A LOS RAYOS UV, ALTA LAVABILIDAD. NO REQUIERE DILUCIÓN. (6 - 10 M2 / Gl   @ 15 mils.	GLN	616988
Demanda	EMULSIONES Y MEZCLAS ASFÁLTICAS	9828	MEZCLA ASFÁLTICA EN CALIENTE DE ALTO MÓDULO MAM-20 CON CEMENTO ASFÁLTICO TIPO V	M3	1216517
Demanda	ENSAYO LABORATORIO - AGREGADOS PETREOS	9832	DENSIDAD BULK DEL LLENANTE MINERAL EN KEROSENE. Norma técnica: INVE-225-13.	UN	148750
Demanda	SUELDOS Y JORNALES 	9833	TARIFA HORA - PERSONAL DE OBRA - OFICIAL NOCTURNO (INCLUYE FACTOR DE PRESTACIONES)	HR	23377
Demanda	TARIFA _ OPERACIÓN OFICINA	9834	TARIFA MES - SERVICIO TELEFONIA LOCAL ILIMITADA E INTERNET ILIMITADO VELOCIDAD PROMEDIO (50-500 MB) ESTRATOS 1 Y 2	MES	131990
Demanda	TARIFA _ OPERACIÓN OFICINA	9835	TARIFA MES - SERVICIO TELEFONIA LOCAL ILIMITADA E INTERNET ILIMITADO VELOCIDAD PROMEDIO (80-500 MB) ESTRATO 3	MES	131990
Demanda	TARIFA _ OPERACIÓN OFICINA	9836	TARIFA MES - SERVICIO TELEFONIA LOCAL ILIMITADA E INTERNET ILIMITADO VELOCIDAD PROMEDIO (80-500 MB) ESTRATO 4	MES	131990
Demanda	TARIFA _ OPERACIÓN OFICINA	9837	TARIFA MES - SERVICIO TELEFONIA LOCAL ILIMITADA E INTERNET ILIMITADO VELOCIDAD PROMEDIO (80-500 MB) ESTRATO 5	MES	131990
Demanda	TARIFA _ OPERACIÓN OFICINA	9838	TARIFA MES - SERVICIO TELEFONIA LOCAL ILIMITADA E INTERNET ILIMITADO VELOCIDAD PROMEDIO (80-500 MB) ESTRATO 6	MES	131990
Demanda	TARIFA _ OBRA	9839	LEVANTAMIENTO DE ACTAS DE FACHADA (Incluye personal, logística, papelería, fotografía)	UN	13531
Demanda	TARIFA _ OPERACIÓN OFICINA	9840	TARIFA MES - EDICIÓN DE INFORME MENSUAL DE INTERVENTORÍA O CONSULTORÍA. Incluye 4 tapas plastificadas tamaño carta color blanco, con 6 tornillos, hojas de papel bond tamaño carta 75 gramos, 170 folios	UN/MES	264000
Demanda	CUBIERTA - CIELO RASO - CORTASOL TIPO TRANSMILENIO	9842	CUBIERTA DE VAGÓN LISA TIPO SÁNDWICH DECK EN ALUZINC CALIBRE 26 (SUM. E INSTAL.) PINTADA AL HORNO POR LAS DOS CARAS COLOR A ELEGIR CON AISLAMIENTO ACÚSTICO EN FIBRA DE VIDRIO DE 30mm CON SUS RESPEC	M2	344300
Demanda	ENSAYO LABORATORIO - ANÁLISIS DE AGUAS	9845	SPLP - EXTRACCIÓN DE METALES PESADOS. Norma técnica: EPA-SW-846-1312-94.	UN	202300
Demanda	ENSAYO LABORATORIO - ANÁLISIS DE AGUAS	9846	DETERMINACION DE METALES POR ESPECTROSCOPIA DE EMISION DE PLASMA (METODO DE PLASMA ACOPLADO INDUCTIVAMENTE - ICP). BARIO. Norma técnica: SM-3120-B-17	UN	66283
Demanda	ENSAYO LABORATORIO - ANÁLISIS DE AGUAS	9847	DETERMINACION DE METALES POR ESPECTROSCOPIA DE EMISION DE PLASMA (METODO DE PLASMA ACOPLADO INDUCTIVAMENTE - ICP). ARSENICO. Norma técnica: SM-3120-B-17	UN	59500
Demanda	ENSAYO LABORATORIO - ANÁLISIS DE AGUAS	9848	DETERMINACION DE METALES POR ESPECTROSCOPIA DE EMISION DE PLASMA (METODO DE PLASMA ACOPLADO INDUCTIVAMENTE - ICP). CROMO. Norma técnica: SM-3120-B-17	UN	60214
Demanda	ENSAYO LABORATORIO - ANÁLISIS DE AGUAS	9849	DETERMINACION DE METALES POR ESPECTROSCOPIA DE EMISION DE PLASMA (METODO DE PLASMA ACOPLADO INDUCTIVAMENTE - ICP). COBRE. Norma técnica: SM-3120-B-17	UN	60214
Demanda	ENSAYO LABORATORIO - ANÁLISIS DE AGUAS	9850	DETERMINACION DE METALES POR ESPECTROSCOPIA DE EMISION DE PLASMA (METODO DE PLASMA ACOPLADO INDUCTIVAMENTE - ICP). MOLIBDENO. Norma técnica: SM-3120-B-17	UN	59500
Demanda	ENSAYO LABORATORIO - ANÁLISIS DE AGUAS	9851	DETERMINACION DE METALES POR ESPECTROSCOPIA DE EMISION DE PLASMA (METODO DE PLASMA ACOPLADO INDUCTIVAMENTE - ICP). NIQUEL. Norma técnica: SM-3120-B-17	UN	66283
Demanda	ENSAYO LABORATORIO - ANÁLISIS DE AGUAS	9852	DETERMINACION DE METALES POR ESPECTROSCOPIA DE EMISION DE PLASMA (METODO DE PLASMA ACOPLADO INDUCTIVAMENTE - ICP). PLOMO. Norma técnica: SM-3120-B-17	UN	59500
Demanda	ENSAYO LABORATORIO - ANÁLISIS DE AGUAS	9853	DETERMINACION DE METALES POR ESPECTROSCOPIA DE EMISION DE PLASMA (METODO DE PLASMA ACOPLADO INDUCTIVAMENTE - ICP). SELENIO. Norma técnica: SM-3120-B-17	UN	60214
Demanda	ENSAYO LABORATORIO - ANÁLISIS DE AGUAS	9854	DETERMINACION DE METALES POR ESPECTROSCOPIA DE EMISION DE PLASMA (METODO DE PLASMA ACOPLADO INDUCTIVAMENTE - ICP). ZINC. Norma técnica: SM-3120-B-17	UN	70329
Demanda	ENSAYO LABORATORIO - ANÁLISIS DE AGUAS	9855	DETERMINACION DE METALES POR ESPECTROSCOPIA DE EMISION DE PLASMA (METODO DE PLASMA ACOPLADO INDUCTIVAMENTE - ICP). CADMIO. Norma técnica: SM-3120-B-17	UN	60214
Demanda	ENSAYO LABORATORIO - ANÁLISIS DE AGUAS	9856	DETERMINACION DE METALES POR ESPECTROSCOPIA DE EMISION DE PLASMA (METODO DE PLASMA ACOPLADO INDUCTIVAMENTE - ICP). MERCURIO. Norma técnica: SM-3120-B-17	UN	59500
Demanda	ENSAYO LABORATORIO - ANÁLISIS DE AGUAS	9857	DETERMINACION DE METALES POR ESPECTROSCOPIA DE EMISION DE PLASMA (METODO DE PLASMA ACOPLADO INDUCTIVAMENTE - ICP). ANTIMONIO. Norma técnica: SM-3120-B-17	UN	71554
Demanda	SEÑALES, BARRERAS Y DEMARCACIÓN VIAL	9860	SEÑAL TEMPORAL MÓVIL ECONÓMICA CON TRÍPODE TIPO SIO, SP, SI, SR DE (100 x 50 - 75 x 75 - 80 x 50) LÁMINA GALVANIZADA CAL. 20 Y ÁNGULOS DE 1" x 1/2" x 1/8".	UN	364030
Demanda	SEÑALES, BARRERAS Y DEMARCACIÓN VIAL	9861	BARRICADA METÁLICA CON SEÑAL DE DESVÍO O VÍA CERRADA DE 2.40 m CINTA GRADO INGENIERÍA SHEETING	UN	385479
Demanda	ENSAYO LABORATORIO - AGREGADOS PETREOS	9862	PERMEABILIDAD DE SUELOS GRANULARES (CABEZA CONSTANTE). Norma técnica: INVE-130-13.	UN	443000
Demanda	ENSAYO LABORATORIO - CONCRETOS HIDRÁULICOS	9864	METODO DE ENSAYO PARA DETERMINAR LA PERMEABILIDAD DEL CONCRETO AL AGUA. Norma técnica: NTC-4483-98	UN	531000
Demanda	ENSAYO LABORATORIO - SUELOS	9869	DISEÑO DE MEZCLA DE SUELO - CEMENTO (NO INCLUYE PRUEBA DE DURABILIDAD)	UN	1130500
Demanda	ENSAYO LABORATORIO - AGREGADOS PROVENIENTES DE RCD	9873	ENSAYO DE CLASIFICACION DE LOS COMPONENTES DE LOS AGREGADOS GRUESOS RECICLADOS. Norma técnica: NTC-6422-21 UNE-EN-933-11-10	UN	484568
Demanda	ENSAYO LABORATORIO - ANÁLISIS DE AGUAS	9879	DETERMINACION DE CONDUCTIVIDAD. Norma técnica: SM-2510-B-17.	UN	9758
Demanda	ENSAYO LABORATORIO - ANÁLISIS DE AGUAS	9880	DETERMINACION DE OLOR. Norma técnica: SM-2150-B-17.	UN	4760
Demanda	ENSAYO LABORATORIO - ANÁLISIS DE AGUAS	9881	DETERMINACION DE METALES POR ESPECTROMETRIA DE ABSORCION ATOMICA DE LLAMA (METODO DE LLAMA DIRECTA DE AIRE-ACETILENO). CADMIO TOTAL. Norma técnica: SM-3111-B-17	UN	60214
Demanda	ENSAYO LABORATORIO - ANÁLISIS DE AGUAS	9882	DETERMINACION DE METALES POR ESPECTROMETRIA DE ABSORCION ATOMICA DE LLAMA (METODO DE LLAMA DIRECTA DE AIRE-ACETILENO). COBRE TOTAL. Norma técnica: SM-3111-B-17	UN	60214
Demanda	ENSAYO LABORATORIO - ANÁLISIS DE AGUAS	9883	DETERMINACION DE MERCURIO TOTAL. Norma técnica: SM-3112-B-17.	UN	83221
Demanda	ENSAYO LABORATORIO - ANÁLISIS DE AGUAS	9884	DETERMINACION DE METALES POR ESPECTROMETRIA DE ABSORCION ATOMICA DE LLAMA (METODO DE LLAMA DIRECTA DE AIRE-ACETILENO). NIQUEL TOTAL. Norma técnica: SM-3111-B-17	UN	62416
Demanda	ENSAYO LABORATORIO - ANÁLISIS DE AGUAS	9885	DETERMINACION DE METALES POR ESPECTROMETRIA DE ABSORCION ATOMICA DE LLAMA (METODO DE LLAMA DIRECTA DE AIRE-ACETILENO). PLOMO TOTAL. Norma técnica: SM-3111-B-17	UN	64291
Demanda	ENSAYO LABORATORIO - ANÁLISIS DE AGUAS	9886	DETERMINACION DE METALES POR ESPECTROMETRIA DE ABSORCION ATOMICA DE LLAMA (METODO DE LLAMA DIRECTA DE AIRE-ACETILENO). ZINC TOTAL. Norma técnica: SM-3111-B-17	UN	65586
Demanda	ENSAYO LABORATORIO - ANÁLISIS DE AGUAS	9887	DETERMINACION DE DUREZA TOTAL. Norma técnica: SM-2340-C-17.	UN	14280
Demanda	ENSAYO LABORATORIO - ANÁLISIS DE AGUAS	9888	FOSFATOS. Norma técnica: SM-4110-B-17.	UN	30940
Demanda	POSTES Y ALUMBRADO PUBLICO	9896	LUMINARIA DE EMERGENCIA LED R2 2.4W 6500K  120 o 277V  180 lm DE 60 x 130 x 300 mm	UN	102966
Demanda	CABLES Y ACCESORIOS ELECTRICOS	9901	CABLE MONOPOLAR DE ALUMINIO, CPT HFFR LS PARA 600 V c.a., 75°C CT, CALIBRE 4/0 AWG AA8000 (SIW)	ML	23776
Demanda	CABLES Y ACCESORIOS ELECTRICOS	9902	BORNA TERMINAL DE ALUMINIO 1 HUECO, 4/0 AWG	UN	26312
Demanda	CABLES Y ACCESORIOS ELECTRICOS	9905	CABLE 10 AWG EN COBRE CPR HFFR LS 600 V  75° C CT	ML	4213
Demanda	TUBERÍA Y ACCESORIOS CONDUIT GALVANIZADAS	9906	REDUCCIÓN EMT 2" A 3/4"	UN	18088
Demanda	CABLES Y ACCESORIOS ELECTRICOS	9907	CONDULETA TIPO T DE 2"	UN	59262
Demanda	TUBERÍA Y ACCESORIOS CONDUIT GALVANIZADAS	9908	TUBERÍA CORAZA LIQUID TIGHT 3/4"	ML	6850
Demanda	TUBERÍA Y ACCESORIOS CONDUIT GALVANIZADAS	9909	CONECTOR RECTO LIQUID TIGHT 3/4"	ML	7800
Demanda	PISOS (CONVENCIONALES Y TIPO TRANSMILENIO)	9922	PISO EN MÁRMOL ROYAL VETA (30CMS X 60CMS)	M2	188020
Demanda	MATERIALES DE FERRETERÍA Y OTROS	9925	CHAZO EXPANSIVO DE 5/8" x (2 1/4" - 4 1/4") PARA CONCRETO.	UN	5436
Demanda	DUCTOS PVC - ELECTRICOS/TELEFONICOS TIPO TDP-DB-EB	9926	TUBERÍA CONDUIT PVC D=3/4"	ML	4018
Demanda	ESTRUCTURAS EN ACERO	9928	TORNILLOS A-325	KG	11662
Demanda	MATERIALES DE FERRETERÍA Y OTROS	9930	CERROJO METÁLICO CON ESCUDO EN LÁMINA DE ACERO CON LLAVE MATÁLICA	UN	87834
Demanda	MATERIALES DE FERRETERÍA Y OTROS	9931	MANIJA METÁLICA (Cc 192mm - 160mm - 107mm) CROMADA O NIQUELADA	UN	7516
Demanda	TUBERÍA Y ACCESORIOS DE PVC PARA ALCANTARILLADO	9933	CODO 90° CxE PVC SANITARIA D=6"	UN	166279
Demanda	TUBERÍA Y ACCESORIOS DE PVC PARA ALCANTARILLADO	9934	TUBERIA PVC U.M. EXT CORRUGADO/INT LISO D=14". NORMA NTC 3722-3	ML	236133
Demanda	MATERIALES DE FERRETERÍA Y OTROS	9935	TRAGANTE CÚPULA 5" x 4" PLÁSTICAS	UN	12790
Demanda	MATERIALES DE FERRETERÍA Y OTROS	9936	TRAGANTE CÚPULA 6" x 4" EN ALUMINIO	UN	25940
Demanda	TUBERIAS Y ACCESORIOS DE PVC - ACUEDUCTO	9937	TEE REDUCIDA PVC E.L. D= 1" x 1/2"	UN	6170
Demanda	TUBERIAS Y ACCESORIOS DE PVC - ACUEDUCTO	9939	UNION UNIVERSAL PVC D=1"	UN	14122
Demanda	ACCESORIOS HD PARA REDES DE ACUEDUCTO	9940	VALVULA CHEQUE DE 1"	UN	62983
Demanda	ACCESORIOS HD PARA REDES DE ACUEDUCTO	9941	VALVULA FLOTADORA ROSCADA EN BRONCE D= 1"	UN	195900
Demanda	CABLES Y ACCESORIOS ELECTRICOS	9943	TABLERO TRIFASICO 42 CIRCUITOS CON PUERTA ESPACIO PARA TOTALIZADOR	UN	679650
Demanda	CABLES Y ACCESORIOS ELECTRICOS	9944	CONTACTOR TRIPOLAR 110 V  AC1  18A MÁXIMO HP-60HZ	UN	97000
Demanda	CABLES Y ACCESORIOS ELECTRICOS	9945	CAJA PARA 2 MEDIDORES TRIFÁSICA 57cm x 60cm x 18cm	UN	287750
Demanda	DUCTOS PVC - ELECTRICOS/TELEFONICOS TIPO TDP-DB-EB	9948	CODO DE 90 CONDUIT PVC 3/4"	UN	2497
Demanda	CABLES Y ACCESORIOS ELECTRICOS	9949	UNION PVC CONDUIT DE 3/4"	UN	1037
Demanda	PISOS (CONVENCIONALES Y TIPO TRANSMILENIO)	9950	PISO EN PIZARRA MULTICOLOR DE 30cm x 60cm x 7 - 10mm	M2	226457
Demanda	CABLES Y ACCESORIOS ELECTRICOS	9951	INTERRUPTOR MONOFASICO TERMOMAGNÉTICO DE 16A TIPO INDUSTRIAL	UN	19450
Demanda	CABLES Y ACCESORIOS ELECTRICOS	9952	INTERRUPTOR TRIFASICO TERMOMAGNETICO DE 40A TIPO INDUSTRIAL	UN	222700
Demanda	MATERIALES DE FERRETERÍA Y OTROS	9953	TUBO EN ACERO INOXIDABLE DE 2 1/2" CALIBRE 16 REDONDO	ML	55427
Demanda	ESTRUCTURAS EN ACERO	9961	LÁMINA COLABORANTE 2" CALIBRE 22 (0.75mm)	M2	61880
Demanda	FORMALETAS, ANDAMIOS Y ACCESORIOS	9962	TABLA OTOBO P / FORMALETA. TABLA CEPILLADA	M2	18305
Demanda	TUBERÍA Y ACCESORIOS DE PVC PARA ALCANTARILLADO	9963	CODO 45° CxE PVC SANITARIA D=6"	UN	80364
Demanda	TUBERIAS Y ACCESORIOS DE PVC - ACUEDUCTO	9964	CODO 90° PVC E.L. D=1/2"	UN	945
Demanda	CABLES Y ACCESORIOS ELECTRICOS	9966	BORNA TERMINAL DE ALUMINIO 1 HUECO BARRIL LARGO, 500 KCMIL	UN	44349
Demanda	SEÑALES, BARRERAS Y DEMARCACIÓN VIAL	9968	SEÑALES INFORMATIVAS REGLAMENTARIAS - Letreros Señalética en Trovicel.	UN	79360
Demanda	TUBERÍA Y ACCESORIOS DE PVC PARA ALCANTARILLADO	9975	TAPON DE PRUEBA PVC SANITARIA D=6"	UN	20468
Demanda	TUBERIAS Y ACCESORIOS DE PVC - ACUEDUCTO	9976	BUJE SOLDADO PRESION PVC D= 1" x 1/2"	UN	1829
Demanda	ACCESORIOS HD PARA REDES DE ACUEDUCTO	9977	REGISTRO DE PASO DIRECTO TIPO PESADO 1/2" EN BRONCE	UN	79879
Demanda	CABLES Y ACCESORIOS ELECTRICOS	9978	TRANSFORMADOR TRIFASICO SECO 150 KVA, 11400 V - 208/120 V	UN	49743000
Demanda	CABLES Y ACCESORIOS ELECTRICOS	9980	CONECTORES PLUG RJ 45 PARA CABLE UTP	UN	350
Demanda	SEÑALES, BARRERAS Y DEMARCACIÓN VIAL	9985	SEÑAL EN POLIESTIRENO (30cm x 20cm) FOTOLUMINISCENTE - NORMA NTC - ISO	UN	70765
Demanda	SEÑALES, BARRERAS Y DEMARCACIÓN VIAL	9986	SEÑAL EN POLIESTRIENO (30cm x 45cm) REFLECTIVO GRADO INGENIERÍA - NORMA ISO	UN	93902
Demanda	ESTRUCTURAS EN ACERO	9987	LAMINA COLD ROLLED	KG	5117
Demanda	CABLES Y ACCESORIOS ELECTRICOS	9988	PROTECCIÓN CONTRA SOBRETENSIONES TRANSITORIAS - DPS	UN	1657097
Demanda	MATERIALES DE FERRETERÍA Y OTROS	9989	BISAGRA METÁLICA DE NUDO ACERO INOXIDABLE 4" x 3"  2mm	UN	24946
Demanda	MATERIALES DE FERRETERÍA Y OTROS	9990	FALLEBA METÁLICA INCRUSTAR TIPO BÁSCULA 2" (pg)	UN	38019
Demanda	CABLES Y ACCESORIOS ELECTRICOS	9991	TOTALIZADOR TRIFÁSICO 200 A	UN	478447
Demanda	TUBERIA Y ACCESORIOS EN ACERO GALVANIZADO	9992	TUBERIA ACERO GALVANIZADO D=3" CALIBRE 14 (E=1.9MM)	ML	104273
Demanda	PINTURAS	9994	RESINA TERMOPLÁSTICA - PINTURA TERMOPLÁSTICA	KG	23132
Demanda	SEÑALES, BARRERAS Y DEMARCACIÓN VIAL	9995	CAMIÓN CON CALDERA PARA DERRETIR EL TERMOPLÁSTICO 	HR	91048
Demanda	TUBERÍA Y ACCESORIOS EN POLIETILENO	9997	TRITUBO PE 100 FOPT DE 40mm (1 1/4") RDE 13.5 MULTF Rollo de 500 mt.	ML	17462
Demanda	MATERIALES DE FERRETERÍA Y OTROS	9999	CANALETA METÁLICA DE 12 cm x 5 cm CON TAPA (2.40m)	ML	20309
Demanda	SEÑALES, BARRERAS Y DEMARCACIÓN VIAL	10000	CHEVRON 90 cm x 40 cm, REFLECTIVO PRISMÁTICO TIPO VII O SUPERIOR, AMARILLO LIMÓN FLUORESCENTE EN LÁMINA GALVANIZADA, PEDESTAL EN ÁNGULO. Suministro e Instalación.	ML	345866
Demanda	PINTURAS	10009	PINTURA ACRÍLICA BASE AGUA (e=15mils. Incluye Suministro y Aplicación con Equipo. Incluye Microesferas)	M2	45802
Demanda	PINTURAS	10010	PINTURA EN FRÍO PARA DEMARCACIÓN DE VÍAS. A= 15 cm. INCLUYE EQUIPO AUTOPROPULSADO Y MANO DE OBRA.	ML	7974
Demanda	PINTURAS	10011	PINTURA DE TRÁFICO - IMPRIMANTE NEGRO	ML	1693
Demanda	PINTURAS	10012	PINTURA DE TRÁFICO - IMPRIMANTE NEGRO - Incluye suministro y aplicación	M2	29829
Demanda	ENSAYO LABORATORIO - ANÁLISIS DE AGUAS	10013	DETERMINACION DE FENOLES. Norma: SM-5530-B-17.	UN	59500
Demanda	ENSAYO CAMPO - SUELOS	10014	USO DEL PENETROMETRO DINAMICO DE CONO EN APLICACIONES DE PAVIMENTOS A POCA PROFUNDIDAD. Norma técnica: INVE-172-13 ASTM D6951/D6951M-18 (23)	UN	59500
Demanda	ENSAYO LABORATORIO - SUELOS	10015	DETERMINACION DE SUELOS EXPANSIVOS (PROBETA). Norma técnica: INVE-132-13.	UN	87584
Demanda	ENSAYO CAMPO - ELEMENTOS ESTRUCTURALES CONCRETO	10016	DETECCIÓN DEL REFUERZO UTILIZANDO FERROSCAN (POR ELEMENTO)	UN	226100
Demanda	ENSAYO LABORATORIO - CEMENTOS HIDRÁULICOS	10017	METODO DE ENSAYO PARA DETERMINAR LA FINURA DEL CEMENTO HIDRAULICO POR MEDIO DEL APARATO BLAINE DE PERMEABILIDAD AL AIRE. Norma técnica: NTC-33-24 ASTM C204-24	UN	112000
Demanda	ENSAYO LABORATORIO - MATERIALES BITUMINOSOS	10018	DETERMINACION DE LA VISCOSIDAD DEL ASFALTO EMPLEANDO UN VISCOSIMETRO ROTACIONAL (UNA TEMPERATURA). Norma técnica: INVE-717-13 ASTM D4402/D4402M-23 AASHTO T-316-22	UN	236215
Demanda	ENSAYO LABORATORIO - SUELOS	10019	DETERMINACION DEL LIMITE LIQUIDO DE LOS SUELOS - LIMITE PLASTICO E INDICE DE PLASTICIDAD DE LOS SUELOS. Norma técnica: INVE-125-13 INVE-126-13 NTC-4630-99 ASTM D4318-17e1 (18).	UN	77469
Demanda	ENSAYO LABORATORIO - SUELOS	10020	PH DE LOS SUELOS. Norma técnica: INVE-131-13 ASTM D4972-19	UN	58191
Demanda	ENSAYO LABORATORIO - SUELOS	10021	RELACIONES HUMEDAD-DENSIDAD DE MEZCLAS DE SUELO CEMENTO. Norma técnica: INVE-611-13.	UN	254660
Demanda	ENSAYO LABORATORIO - SUELOS	10022	HUMEDECIMIENTO Y SECADO DE MEZCLAS COMPACTADAS DE SUELO-CEMENTO. Norma técnica: INVE-612-13 ASTM D559-15 (23)	UN	850850
Demanda	ENSAYO LABORATORIO - SUELOS	10023	RESISTENCIA A LA COMPRESION DE LOS CILINDROS MOLDEADOS DE SUELO-CEMENTO. Norma técnica: INVE-614-13 ASTM D1633-17	UN	27370
Demanda	ENSAYO LABORATORIO - SUELOS	10024	DETERMINACION DEL POTENCIAL DE CAMBIO VOLUMETRICO DE UN SUELO EMPLEANDO EL APARATO DE LAMBE. Norma técnica: INVE-120-13 UNE-EN-103600-96	UN	276318
Demanda	ENSAYO LABORATORIO - AGREGADOS PETREOS	10025	VACIOS DEL LLENANTE SECO COMPACTADO. Norma técnica: INVE-229-13.	UN	348670
Demanda	ENSAYO LABORATORIO - GEOSINTÉTICOS	10026	METODO PARA LA DETERMINACION DEL INDICE DE RESISTENCIA AL PUNZONAMIENTO DE GEOTEXTILES, GEOMEMBRANAS Y PRODUCTOS RELACIONADOS. Norma técnica: NTC-3299-09 ASTM D4833/D4833M-07 (20)	UN	416500
Demanda	ENSAYO LABORATORIO - GEOSINTÉTICOS	10027	METODO PARA LA DETERMINACION DE LA RESISTENCIA AL RASGADO TRAPEZOIDAL DE GEOTEXTILES. Norma técnica: NTC-2003-10 ASTM D4533/D4533M-15 (23)	UN	474929
Demanda	ENSAYO LABORATORIO - GEOSINTÉTICOS	10028	METODO DE PRUEBA ESTANDAR PARA LA PERMEABILIDAD AL AGUA DE GEOTEXTILES POR PERMITIVIDAD. Norma técnica: ASTM D4491/D4491M-22.	UN	299999
Demanda	CABLES Y ACCESORIOS ELECTRICOS	10032	TRANSFORMADOR  SECO CLASE F TRIFASICO DE 45 KVA, 11.4/0.480-277 KV ZCC 4%	UN	28577850
Demanda	TUBERIAS Y ACCESORIOS DE PVC - ACUEDUCTO	10035	BUJE SOLDADO PRESION PVC D= 1 1/2" x 1/2"	UN	5421
Demanda	ENSAYO LABORATORIO - AGREGADOS PROVENIENTES DE RCD	10066	DETERMINACION DEL CONTENIDO DE MATERIA ORGANICA DE UN SUELO POR EL METODO DEL PERMANGANATO POTASICO. Norma técnica: UNE-103204-19 NLT-118-98	UN	197540
Demanda	CABLES Y ACCESORIOS ELECTRICOS	10072	SENSOR DE MOVIMIENTO 360° PARA LUMINARIA	UN	25233
Demanda	CABLES Y ACCESORIOS ELECTRICOS	10079	BREAKER INDUSTRIAL 3X30AMP	UN	174050
Demanda	CABLES Y ACCESORIOS ELECTRICOS	10085	BREAKER INDUSTRIAL 3X40 AMP	UN	195550
Demanda	MALLAS Y ACEROS PARA REFUERZO	10089	MALLA ELECTROSOLDADA S=150 x150 mm, Ø=7.5 mm x 7.5 mm	KG	6069
Demanda	MALLAS Y ACEROS PARA REFUERZO	10090	MALLA ELECTROSOLDADA S=150 x150 mm, Ø=6.5 mm x 6.5 mm	KG	6069
Demanda	CABLES Y ACCESORIOS ELECTRICOS	10094	INTERRUPTOR SENCILLO CONMUTABLE PARA ENCENDIDO/APAGADO DE ILUMINACIÓN DE 20 A.	UN	3900
Demanda	CABLES Y ACCESORIOS ELECTRICOS	10096	BREAKER INDUSTRIAL 3X20AMP	UN	155463
Demanda	TUBERIAS Y ACCESORIOS DE PVC - ACUEDUCTO	10101	CODO 90° PVC E.L. D=3/4"	UN	1514
Demanda	TUBERIAS Y ACCESORIOS DE PVC - ACUEDUCTO	10136	TEE PVC E.L. D=2"	UN	22318
Demanda	ACCESORIOS HD PARA REDES DE ACUEDUCTO	10145	TEE HD J.H. D=4" x 4	UN	568820
Demanda	TUBERIAS Y ACCESORIOS DE PVC - ACUEDUCTO	10147	ADAPTADOR MACHO ROSCADO PVC D=1"	UN	2409
Demanda	ACCESORIOS HD PARA REDES DE ACUEDUCTO	10154	UNION DRESSER HD D=16"	UN	1632900
Demanda	ACCESORIOS HD PARA REDES DE ACUEDUCTO	10158	VALVULA HD COMPUERTA ELASTICA VA E.B. D=2" (150 PSI)	UN	708734
Demanda	SEÑALES, BARRERAS Y DEMARCACIÓN VIAL	10163	SEÑAL VERTICAL GRUPO DE PREVENTIVAS SR-38 Y SR-39 TIPO RECTÁNGULO (75cm x 25cm)	UN	336665
Demanda	ACCESORIOS HD PARA REDES DE ACUEDUCTO	10167	LLAVE MANGUERA 1/2"	UN	62668
Demanda	TUBERIAS Y ACCESORIOS DE PVC - ACUEDUCTO	10181	UNION PVC E.L. D=1". NORMA NTC 382	UN	1570
Demanda	ARBOLES-GRAMAS-VEGETACIÓN Y PLANTACIÓN PAISAJÍSTIC	10211	PLANTACIÓN DE LIQUIDAMBAR H=1.5 m. (Incluye suministro al sitio de obra, plantacion, caja, tierra, abono y tutor)	UN	153259
Demanda	ARBOLES-GRAMAS-VEGETACIÓN Y PLANTACIÓN PAISAJÍSTIC	10212	PLANTACIÓN DE CEDRO H=1.5 m. (Incluye suministro al sitio de obra, plantacion, caja, tierra, abono y tutor)	UN	160223
Demanda	TUBERIAS Y ACCESORIOS DE PVC - ACUEDUCTO	10251	TEE PVC E.L. D=3/4"	UN	2111
Demanda	ACCESORIOS HD PARA REDES DE ACUEDUCTO	10262	CODO HD J.H. PARA PVC 22.5° D=4"	UN	317730
Demanda	MATERIALES DE FERRETERÍA Y OTROS	10282	MASILLA PARA LÁMINAS DE YESO Y CARTÓN, PARA DRY WALL	GLN	11814
Demanda	CABLES Y ACCESORIOS ELECTRICOS	10288	BARRAJE PREFORMADO BT DE 6 SALIDAS, AP 280 CON FUSIBLE DE 175 AMP	UN	240986
Demanda	TUBERIAS Y ACCESORIOS DE PVC - ACUEDUCTO	10299	TUBERIA PVC E.L. D=3/4" RDE 21	ML	5059
Demanda	ACCESORIOS HD PARA REDES DE ACUEDUCTO	10348	MEDIDOR DE AGUA TIPO VOLUMÉTRICO D= 1/2" R200	UN	153612
Demanda	LADRILLOS, BLOQUES Y ADOQUINES	10355	LADRILLO PRENSADO LIVIANO 24x12x6	UN	1200
Demanda	PISOS (CONVENCIONALES Y TIPO TRANSMILENIO)	10357	PIEDRA MUÑECA BOGOTANA PULIDA 600X400X60MM	M2	110000
Demanda	BORDILLOS Y LOSETAS	10359	BORDILLO PREFABRICADO A81 (800x150x350mm)	UN	41949
Demanda	ARBOLES-GRAMAS-VEGETACIÓN Y PLANTACIÓN PAISAJÍSTIC	10375	LIQUIDAMBAR H=2.5 m. (Incluye suministro al sitio de obra, tutor con manguera y alambre)	UN	250910
Demanda	ARBOLES-GRAMAS-VEGETACIÓN Y PLANTACIÓN PAISAJÍSTIC	10381	PALMA PHOENIX H=3.5m (Incluye tutor con manguera y almabre)	UN	529699
Demanda	CABLES Y ACCESORIOS ELECTRICOS	10401	CAJA 4X2 DE 3/4" (Soporte de dispositivo). Metalica	UN	10900
Demanda	ARBOLES-GRAMAS-VEGETACIÓN Y PLANTACIÓN PAISAJÍSTIC	10421	HIEDRA MIAMI (Incluye suministro al sitio de obra de 12 Unidades por m2)	M2	58029
Demanda	CABLES Y ACCESORIOS ELECTRICOS	10441	CABLE CONDUCTOR MONOPOLAR DE ALUMINIO HF FR PARA 600 V  C.A.  CALIBRE No.6 AWG	ML	2698
Demanda	CABLES Y ACCESORIOS ELECTRICOS	10442	CABLE MONOPOLAR DE COBRE, HF FR PARA 600 V  C.A. CALIBRE No. 8 AWG	ML	7250
Demanda	MATERIALES DE FERRETERÍA Y OTROS	10506	GRIFERÍA LAVAPLATOS MONOCONTROL	UN	125167
Demanda	MATERIALES DE FERRETERÍA Y OTROS	10510	DUCHA ANTIVANDÁLICA CON REGADERA TUBULAR	UN	346120
Demanda	MATERIALES DE FERRETERÍA Y OTROS	10511	GRIFERÍA LAVAMANOS DE MESON PUSH	UN	188349
Demanda	MALLAS Y ACEROS PARA REFUERZO	10517	GRAFIL ACERO DE 5mm	KG	5117
Demanda	SELLANTES-IMPERMEABILIZANTES Y ADITIVOS CONCRETOS	10521	MORTERO IMPERMEABILIZANTE PARA ZONAS HÚMEDAS Y TANQUES DE AGUA POTABLE	KG	4035
Demanda	MATERIALES DE FERRETERÍA Y OTROS	10547	ESPEJO CRISTAL BISELADO DE 5mm 	M2	218168
Demanda	MATERIALES DE FERRETERÍA Y OTROS	10548	CINTA DOBLE FAZ INTERIORES 24 MM	ROLLO	23856
Demanda	TUBERÍA Y ACCESORIOS EN ACERO	10591	BRIDA CIEGA EN ACERO D=24". FABRICADO DE CONFORMIDAD CON LA NORMA AWWA C 207 CLASE D. PRESION DE TRABAJO = 150 PSI. NO INCLUYE (ESPARRAGOS, TUERCA NI EMPAQUES). SUMINISTRO Y TRANSPORTE	UN	5595412
Demanda	TUBERÍA Y ACCESORIOS ACERO AL CARBÓN	10593	TUBERIAS ACERO CARBÓN A106 STD 16" 150 PSI	ML	989802
Demanda	TUBERÍA Y ACCESORIOS DE PVC PARA ALCANTARILLADO	10594	CODO 90° PVC ALCANTARILLADO D=10". NORMA NTC 3722-3	UN	455908
Demanda	TUBERÍA Y ACCESORIOS DE PVC PARA ALCANTARILLADO	10596	CODO 90° PVC ALCANTARILLADO D=12". NORMA NTC 3722-3	UN	698305
Demanda	TUBERÍA Y ACCESORIOS DE PVC PARA ALCANTARILLADO	10597	CODO 90° PVC ALCANTARILLADO D=16". NORMA NTC 3722-3	UN	2284787
Demanda	TUBERÍA Y ACCESORIOS ACERO AL CARBÓN	10599	BRIDA FLANGLES SLIP-ON ACERO AL CARBON D= 16" CLASE 150 LB. ANSI B16.5	UN	1553581
Demanda	TUBERÍA Y ACCESORIOS EN ACERO	10600	TUBO EN ACERO D=16" CON EXTREMOS DE JUNTA ESPIGO / CAMPANA CON EMPAQUE DE CAUCHO, CON REVESTIMIENTO INTERIOR Y RECUBRIMIENTO EXTERIOR EN MORTERO DE CEMENTO. FABRICADO DE CONFORMIDAD CON LA NORMA AWWA C 200, MANUAL M11 DE LA AWWA Y NORMA NP-032 DE LA EAAB, A PARTIR DE LÁMINA ASTM A 36. L=6,0M. PRESION DE TRABAJO = 150 PSI. SUMINISTRO Y TRANSPORTE	ML	1038156
Demanda	TUBERÍA Y ACCESORIOS ACERO AL CARBÓN	10601	TUBERIAS ACERO CARBÓN A106 SCH-40  S/C 4"	ML	130662
Demanda	PINTURAS	10603	FLECHA LUMINOSA INTERMITENTE DE 1.10 MTS DE LONGITUD Y 40 CMS DE ANCHO CON ESTRUCTURA EN TUBO CUADRADO DE 1" DE 1.60CMS DE ALTO (ALTURA TOTAL 2 MTS) EN CALIBRE 20. ESTRUCTURA EN ANGULO DE 1 1/2 X 1/8	UN	1205910
Demanda	TUBERÍA Y ACCESORIOS ACERO AL CARBÓN	10605	TUBERIAS ACERO CARBÓN A106 STD 24" 150 PSI	ML	1626849
Demanda	TUBERÍA Y ACCESORIOS ACERO AL CARBÓN	10609	BRIDA FLANGLES SLIP-ON ACERO AL CARBON D= 12" CLASE 150 LB. ANSI B16.5	UN	881685
Demanda	TUBERÍA Y ACCESORIOS ACERO AL CARBÓN	10613	BRIDA FLANGLES SLIP-ON ACERO AL CARBON D= 4" CLASE 150 LB. ANSI B16.5 	UN	185336
Demanda	SEÑALES, BARRERAS Y DEMARCACIÓN VIAL	10614	SEÑAL VERTICAL SP/SR PARA CICLORUTA DE 0.45 m x 0.45 m, INCLUYE POSTE	UN	327356
Demanda	ARBOLES-GRAMAS-VEGETACIÓN Y PLANTACIÓN PAISAJÍSTIC	10617	PALMA DE CERA H=3.5 m. (Incluye suministro al sitio de obra, tutor H=3.00m con manguera y alambre. No incluye caja y abono).	UN	442126
Demanda	ACTIVIDADES A TODO COSTO	10618	PERFORACIÓN HORIZONTAL PARA ACUED. D=16", INCLUYE INSTAL. DE CAMISA ACERO D=24", MOVILIZACIÓN Y DESMOVILIZACIÓN EQUIPOS, EQUIPO Y COMPRESORES PARA HINCADO, OBRA MECÁNICA Y LIMPIEZA DE CAMISAS	ML	6030920
Demanda	ACTIVIDADES A TODO COSTO	10619	PERFORACIÓN HORIZONTAL PARA ACUED. D=24", INCLUYE INSTAL. DE CAMISA ACERO D=36", MOVILIZACIÓN Y DESMOVILIZACIÓN EQUIPOS, EQUIPO Y COMPRESORES PARA HINCADO, OBRA MECÁNICA Y LIMPIEZA DE CAMISAS	ML	10057880
Demanda	ACCESORIOS HD PARA REDES DE ACUEDUCTO	10621	REDUCCION HD E.B. D=12" x 6"	UN	2099160
Demanda	MALLAS Y ACEROS PARA REFUERZO	10624	ACERO LISO  D= 2 1/2"	KG	7140
Demanda	SEÑALES, BARRERAS Y DEMARCACIÓN VIAL	10625	SEÑAL CICLORUTA SIC-02, TABLERO 0.70M X 0.18M. INCLUYE POSTE. SUMINISTRO E INSTALACIÓN	UN	447286
Demanda	SEÑALES, BARRERAS Y DEMARCACIÓN VIAL	10626	SEÑAL CICLORUTA SIC-02, TABLERO 0.70M X 0.30M. INCLUYE POSTE. SUMINISTRO E INSTALACIÓN	UN	560248
Demanda	SEÑALES, BARRERAS Y DEMARCACIÓN VIAL	10627	SEÑAL CICLORUTA SIC-02, TABLERO 0.70M X 0.40M. EN LÁMINA GALVANIZADA CAL-16. INCLUYE SOPORTE EN TUBO REDONDO 2" EN REFLECTIVO CON PINTURA ELECTROSTÁTICA	UN	465521
Demanda	SEÑALES, BARRERAS Y DEMARCACIÓN VIAL	10628	SEÑAL CICLORUTA SIC-02, TABLERO 0.80M X 0.18M. INCLUYE POSTE. SUMINISTRO E INSTALACIÓN	UN	487168
Demanda	SEÑALES, BARRERAS Y DEMARCACIÓN VIAL	10629	SEÑAL CICLORUTA SIC-02, TABLERO 0.80M X 0.80M. EN LÁMINA GALVANIZADA C-16. INCLUYE SOPORTE EN TUBO REDONDO 2" EN REFLECTIVO CON PINTURA ELECTROSTÁTICA	UN	465521
Demanda	SEÑALES, BARRERAS Y DEMARCACIÓN VIAL	10634	SEÑAL VERTICAL SR 90x30 , INCLUYE POSTE. SUMINISTRO E INSTALACIÓN	UN	489804
Demanda	SEÑALES, BARRERAS Y DEMARCACIÓN VIAL	10635	SEÑAL VERTICAL SR PARA CICLORUTA D=0.45M. INCLUYE POSTE	UN	440667
Demanda	SEÑALES, BARRERAS Y DEMARCACIÓN VIAL	10636	SEÑAL VERTICAL GRUPO I (60X60CM) CON PLAQUETA. INCLUYE POSTE. SUMINISTRO E INSTALACIÓN	UN	559968
Demanda	TUBERIAS Y ACCESORIOS DE PVC - ACUEDUCTO	10639	TEE PVC U.M. D= 4" x 4"	UN	262920
Demanda	TUBERIAS Y ACCESORIOS DE PVC - ACUEDUCTO	10640	TEE REDUCIDA PVC U.M. D= 6" x 3"	UN	1901033
Demanda	TUBERIAS Y ACCESORIOS DE PVC - ACUEDUCTO	10641	TEE REDUCIDA PVC U.M. D= 6" x 4"	UN	1901033
Demanda	TUBERIAS Y ACCESORIOS DE PVC - ACUEDUCTO	10642	TEE PVC U.M. D= 6" x 6"	UN	726863
Demanda	TUBERIAS Y ACCESORIOS DE PVC - ACUEDUCTO	10643	TEE REDUCIDA PVC U.M. D= 8" x 6"	UN	3283968
Demanda	TUBERIAS Y ACCESORIOS DE PVC - ACUEDUCTO	10644	TEE PVC U.M. D= 8" x 8"	UN	3359067
Demanda	TUBERÍA Y ACCESORIOS DE PVC PARA ALCANTARILLADO	10645	TUBERIA PVC U.M. EXT CORRUGADO/INT LISO D=24". NORMA NTC 3722-3	ML	658308
Demanda	TUBERÍA Y ACCESORIOS DE PVC PARA ALCANTARILLADO	10646	TUBERIA PVC U.M. EXT CORRUGADO/INT LISO D=27". NORMA NTC 3722-3	ML	793692
Demanda	TUBERÍA Y ACCESORIOS DE PVC PARA ALCANTARILLADO	10647	TUBERIA PVC U.M. EXT CORRUGADO/INT LISO D=30". NORMA NTC 3722-3	ML	979846
Demanda	TUBERÍA Y ACCESORIOS DE PVC PARA ALCANTARILLADO	10648	TUBERIA PVC U.M. EXT CORRUGADO/INT LISO D=36". NORMA NTC 3722-3	ML	1818385
Demanda	TUBERÍA Y ACCESORIOS DE PVC PARA ALCANTARILLADO	10649	TUBERIA PVC U.M. EXT CORRUGADO/INT LISO D=39". NORMA NTC 3722-3	ML	2435231
Demanda	TUBERÍA Y ACCESORIOS DE PVC PARA ALCANTARILLADO	10650	TUBERIA PVC U.M. EXT CORRUGADO/INT LISO D=48". NORMA NTC 3722-3	ML	3756923
Demanda	ACCESORIOS HD PARA REDES DE ACUEDUCTO	10651	VALVULA VENTOSA HD DOBLE ACCION E.R. D=1 1/2" (150 PSI)	UN	587860
Demanda	CABLES Y ACCESORIOS ELECTRICOS	10653	KIT DE PUESTA A TIERRA CAPACITIVO VERTICAL DE 90 KG DE HIDROSOLTA	UN	116822
Demanda	TUBERÍA Y ACCESORIOS ACERO AL CARBÓN	10655	TUBERIAS ACERO CARBÓN A106 SCH-40  S/C 2"	ML	34028
Demanda	ACCESORIOS HD PARA REDES DE ACUEDUCTO	10656	VALVULA HD COMPUERTA ELASTICA VNA E.B. D=4" (150 PSI)	UN	1455370
Demanda	ACCESORIOS HD PARA REDES DE ACUEDUCTO	10657	VÁLVULA TIPO GLOBO DN =4 BR CL 125	UN	2706453
Demanda	CABLES Y ACCESORIOS ELECTRICOS	10658	HIDROSOLTA (15 KILOGRAMOS)	UN	99000
Demanda	ACCESORIOS HD PARA REDES DE ACUEDUCTO	10659	VALVULA MARIPOSA HD VA E.B. D=12" (150 PSI)	UN	10939538
Demanda	BORDILLOS Y LOSETAS	10662	CAÑUELA PREFABRICADA CU 004 (20cm x 30cm x 100cm)	UN	41949
Demanda	SEÑALES, BARRERAS Y DEMARCACIÓN VIAL	10669	SEÑAL VERTICAL DE TRÁNSITO TIPO DELINEADOR OBSTÁCULO LATERAL CON LÁMINA RETRORREFLECTIVA TIPO GRADO DIAMANTE (90X20) INCLUYE POSTE	UN	421433
Demanda	SEÑALES, BARRERAS Y DEMARCACIÓN VIAL	10670	SEÑAL VERTICAL DE TRÁNSITO TIPO DELINEADOR OBSTÁCULO LATERAL CON LÁMINA RETRORREFLECTIVA TIPO GRADO DIAMANTE (40X50) INCLUYE POSTE	UN	328408
Demanda	TUBERÍA Y ACCESORIOS DE PVC PARA ALCANTARILLADO	10673	TUBERIA PVC U.M. EXT CORRUGADO/INT LISO D=33". NORMA NTC 3722-3	ML	1345385
Demanda	TUBERÍA Y ACCESORIOS DE PVC PARA ALCANTARILLADO	10674	TUBERIA PVC U.M. EXT CORRUGADO/INT LISO D=42". NORMA NTC 3722-3	ML	2855769
Demanda	TUBERÍA Y ACCESORIOS ACERO AL CARBÓN	10676	TUBERIAS ACERO CARBÓN A106 SCH-40  S/C 1"	ML	21420
Demanda	TUBERÍA Y ACCESORIOS ACERO AL CARBÓN	10677	TUBERIAS ACERO CARBÓN A106 SCH-40  S/C 1 1/2"	ML	32725
Demanda	ACCESORIOS HD PARA REDES DE ACUEDUCTO	10678	UNION DE DESMONTAJE AUTOPORTANTE HD D=16"	UN	7616000
Demanda	ACCESORIOS HD PARA REDES DE ACUEDUCTO	10680	UNION DE DESMONTAJE AUTOPORTANTE HD D=12"	UN	5212200
Demanda	ACCESORIOS HD PARA REDES DE ACUEDUCTO	10681	UNION DE DESMONTAJE AUTOPORTANTE HD D=24"	UN	9954350
Demanda	ACCESORIOS HD PARA REDES DE ACUEDUCTO	10682	VALVULA DE COMPUERTA Ø 4" (E.L) CON SELLO EN BRONCE	UN	3015210
Demanda	ACCESORIOS HD PARA REDES DE ACUEDUCTO	10684	VALVULA VENTOSA HD DOBLE ACCION E.B. D=2" (150 PSI)	UN	861560
Demanda	TUBERÍA Y ACCESORIOS EN ACERO	10687	CODO EN ACERO D=16" ENTRE 67.5° Y 90° CON EXTREMOS DE JUNTA ESPIGO / CAMPANA CON EMPAQUE DE CAUCHO, CON REVESTIMIENTO INTERIOR Y RECUBRIMIENTO EXTERIOR EN MORTERO DE CEMENTO. L=1.25X1.25M. PRESION DE TRABAJO = 150 PSI. SUMINISTRO Y TRANSPORTE	UN	6386223
Demanda	SEÑALES, BARRERAS Y DEMARCACIÓN VIAL	10689	SEÑAL METÁLICA DEFINITIVA DOBLE DE 0.75x0.75m REFLECTIVO GRADO INGENIERÍA ÁNGULOS DE 2x1/4", LÁMINA CLA. 16 PINTADA UNA CARA PINTURA ELECTROSTÁTICA. INCL. POSTE	UN	596889
Demanda	TUBERÍA Y ACCESORIOS EN ACERO	10690	CODO EN ACERO D=16" ENTRE 45° Y 67.5° CON EXTREMOS DE JUNTA ESPIGO / CAMPANA CON EMPAQUE DE CAUCHO, CON REVESTIMIENTO INTERIOR Y RECUBRIMIENTO EXTERIOR EN MORTERO DE CEMENTO. L=0.85X0.85M. PRESION DE TRABAJO = 150 PSI. SUMINISTRO Y TRANSPORTE	UN	5212503
Demanda	SEÑALES, BARRERAS Y DEMARCACIÓN VIAL	10692	SEÑAL DOBLE DE 60 CM, REFLECTIVO ALTA DENSIDAD TIPO IV EN LAMINA GALVANIZADA, PEDESTAL EN ANGULO SP/SR/SI. (SUMINISTRO E INSTALACION)	UN	602707
Demanda	SEÑALES, BARRERAS Y DEMARCACIÓN VIAL	10694	SEÑAL VERTICAL REGLAMENTARIA CICLORRUTA (D= 45cm) CON PLAQUETA. INCLUYE POSTE.	UN	510740
Demanda	TUBERÍA Y ACCESORIOS EN ACERO	10696	TUBO EN ACERO D=1 1/2" SCH-40	ML	85150
Demanda	SEÑALES, BARRERAS Y DEMARCACIÓN VIAL	10697	SEÑAL VERTICAL INFORMATIVA CICLORUTA (D= 45cm x 45cm) CON PLAQUETA. INCLUYE POSTE. LÁMINA CALIBRE 16 PINTADA POR UNA CARA CON PINTURA ELECTROSTÁTICA	UN	539545
Demanda	SEÑALES, BARRERAS Y DEMARCACIÓN VIAL	10698	SEÑAL VERTICAL GRUPO DE REGLAMENTARIAS TIPO CIRCULO (D= 60cm). INCLUYE POSTE.	UN	468040
Demanda	SEÑALES, BARRERAS Y DEMARCACIÓN VIAL	10699	SEÑAL VERTICAL GRUPO DE REGLAMENTARIAS TIPO CIRCULO (D= 60cm). CON PLAQUETA. INCLUYE POSTE. REFLECTIVO GRADO ING. CON ÁNGULO DE 2" x 1/4" x 3m LÁMINA CAL. 16 PINTADA UNA CARA PINTURA ELECTROSTATICA	UN	512690
Demanda	TUBERÍA Y ACCESORIOS DE PVC PARA ALCANTARILLADO	10700	CODO 90° PVC ALCANTARILLADO D=8". NORMA NTC 3722-3	UN	238403
Demanda	SEMAFORIZACION	10710	POSTE TIPO MÁSTIL T1 (3.80m) EN TUBO SCH 40 GALVANIZADO Y PINTADO	UN	4608042
Demanda	ACCESORIOS HD PARA REDES DE ACUEDUCTO	10712	TAPA VALVULA TIPO CHOROTE TRAFICO PESADO HD	UN	567414
Demanda	ENSAYO LABORATORIO - ANÁLISIS DE AGUAS	10723	AGUA - E. COLI	MUESTRA	59500
Demanda	ENSAYO LABORATORIO - ANÁLISIS DE AGUAS	10728	DETERMINACION DEL COLOR DEL AGUA (METODO DE COMPARACION VISUAL - COLOR APARENTE). Norma técnica: SM-2120-B-17	MUESTRA	23800
Demanda	ACCESORIOS HD PARA REDES DE ACUEDUCTO	10756	VALVULA CHEQUE ANTIRETORNO TIPO SWING HD E.B. D=4" (150 PSI)	UN	1333594
Demanda	ACCESORIOS HD PARA REDES DE ACUEDUCTO	10757	VALVULA VENTOSA HD TRIPLE ACCION E.B. D=3" (150 PSI)	UN	1571053
Demanda	ACCESORIOS HD PARA REDES DE ACUEDUCTO	10758	VALVULA HD COMPUERTA ELASTICA VA E.B. D=3" (150 PSI)	UN	1113377
Demanda	PINTURAS	10767	PINTURA DE TRÁFICO ESPESOR SECO 4mils PARA SEÑALIZACIÓN DE PISO EN PUERTA CORREDIZA SENCILLA, SEGÚN MANUAL DE IMAGEN DE TRANSMILENIO - Incluye suministro y aplicación	M2	168528
Demanda	PINTURAS	10768	PINTURA DE TRÁFICO ESPESOR SECO 4mils PARA SEÑALIZACIÓN DE PISO EN PUERTA CORREDIZA TELESCÓPICA, SEGÚN MANUAL DE IMAGEN DE TRANSMILENIO - Incluye suministro y aplicación	UN	241555
Demanda	SEÑALES, BARRERAS Y DEMARCACIÓN VIAL	10770	SEÑAL TIPO DE FRECUENCIA EN LÁMINA, RECUBRIMIENTO POR AMBAS CARAS EN PELÍCULA REFLECTORA GRADO INGENIERÍA AZUL PARA EL FONDO Y BLANCO PARA NÚMERO O LETRA. SEGÚN MANUAL DE IMAGEN TRANSMILENIO.	UN	99285
Demanda	SEÑALES, BARRERAS Y DEMARCACIÓN VIAL	10774	RUTEROS MONTAJE RUTA FÁCIL EN VINILO CON ADHESIVO EN VINILO FUNDIDO 32cm x 16cm SOBRE IMPRESIÓN. SEGÚN MANUAL DE IMAGEN TRANSMILENIO. SUMINISTRO E INSTALACIÓN	UN	87052
Demanda	SEÑALES, BARRERAS Y DEMARCACIÓN VIAL	10776	RUTEROS MONTANTE SERVICIOS Y HORARIOS + INFORMACIÓN + RIELES. SEGÚN MANUAL DE IMAGEN TRANSMILENIO. SUMINISTRO E INSTALACIÓN.	UN	105361
Demanda	TUBERÍA Y ACCESORIOS DE PVC PARA ALCANTARILLADO	10777	YEE REDUCIDA PVC SANITARIA D=4" x 3"	UN	34330
Demanda	TUBERÍA Y ACCESORIOS DE PVC PARA ALCANTARILLADO	10787	SIFON PVC 135° D=3"	UN	16279
Demanda	MATERIALES DE FERRETERÍA Y OTROS	10788	BARRA SOPORTE BAÑO MOVILIDAD REDUCIDA	UN	317602
Demanda	MATERIALES DE FERRETERÍA Y OTROS	10790	PUERTA METÁLICA CON REJILLA DE 0.80 m x 2.10 m.	M2	485543
Demanda	TUBERÍA Y ACCESORIOS DE PVC PARA ALCANTARILLADO	10794	SIFON PVC 135° D=4"	UN	35593
Demanda	CABLES Y ACCESORIOS ELECTRICOS	10808	ACCESORIOS DE INSTALACIÓN ADICIONALES: CONDULETAS, CONECTORES, RECTOS, ADAPTADOR PVC A EMT, CAJAS METÁLICAS 5800 ENTRE OTROS	UN	65359
Demanda	TUBERIAS Y ACCESORIOS DE PVC - ACUEDUCTO	10813	CODO 90° PVC E.L. D= 2"	UN	17453
Demanda	ACTIVIDADES A TODO COSTO	10824	UPS 2.0 KVA	UN	1904000
Demanda	ARBOLES-GRAMAS-VEGETACIÓN Y PLANTACIÓN PAISAJÍSTIC	10825	SUMINISTRO DE ESPECIES DE JARDINERÍA PORTE BAJO (CINTAS)	M2	80826
Demanda	ARBOLES-GRAMAS-VEGETACIÓN Y PLANTACIÓN PAISAJÍSTIC	10830	SUMINISTRO ESPECIES DE JARDINERÍA PORTE ALTO (GARRAS DE CANGURO)	M2	89807
Demanda	POSTES Y ALUMBRADO PUBLICO	10836	POSTE METALICO GALVANIZADO EN CALIENTE H=14m CON BRAZO SENCILLO	UN	6616162
Demanda	CABLES Y ACCESORIOS ELECTRICOS	10842	CONECTOR TIPO CUÑA	UN	17788
Demanda	POSTES Y ALUMBRADO PUBLICO	10847	POSTE METALICO GALVANIZADO EN CALIENTE H=14m CON BRAZO DOBLE PROPOSITO DE 1.5m	UN	6799184
Demanda	POSTES Y ALUMBRADO PUBLICO	10852	LUMINARIA RALED IV 128 LED, RA02SII, 200W COMPLETA PARA ALUMBRADO PÚBLICO	UN	1446627
Demanda	CABLES Y ACCESORIOS ELECTRICOS	10855	CAJA METÁLICA DE PASO 30cmX30cmX10cm	UN	57120
Demanda	CABLES Y ACCESORIOS ELECTRICOS	10872	TABLERO TRIFASICO CON PUERTA Y ESPACIO PARA TOTALIZADOR DE 24 CIRCUITOS CON BARRAJE DE 225A-BARRA NEUTRO-BARRA TIERRA-CHAPA Y LLAVE.	UN	490280
Demanda	POSTES Y ALUMBRADO PUBLICO	10877	PROYECTOR LED PRO 600W 5000K, 120-277V, 6000 LM, CON DIFUSOR DE VIDRIO PLANO (INCLUYE ACCESORIOS DE FIJACION)	UN	5593106
Demanda	MATERIALES DE FERRETERÍA Y OTROS	10878	TRAGANTE CÚPULA 4" x 3" PLÁSTICAS	UN	6871
Demanda	AGREGADOS PÉTREOS, BASES Y SUBBASES GRANULARES	10880	MATERIAL GRANULAR TIPO B-400 PROVENIENTE DE CENTROS DE TRATAMIENTO Y/O APROVECHAMIENTO DE RCD	M3	29229
Demanda	TUBERIA Y ACCESORIOS EN ACERO GALVANIZADO	10890	TUBERÍA DE ACERO D 1 1/2" (DN40), ASTM A53 GALVANIZADO ASTM A123, SCH10, SC, CLASE 150, CONEXIONES ROSCADAS NPT.	ML	44495
Demanda	ACCESORIOS HD PARA REDES DE ACUEDUCTO	10920	TEE HD E.B. D=6" x 6"	UN	1549380
Demanda	TUBERÍA Y ACCESORIOS ACERO AL CARBÓN	10936	BRIDA FLANGLES SLIP-ON ACERO AL CARBON D= 3" CLASE 150 LB. ANSI B16.5	UN	125809
Demanda	TUBERÍA Y ACCESORIOS ACERO AL CARBÓN	10937	BRIDA FLANGLES SLIP-ON ACERO AL CARBON D= 6" CLASE 150 LB. ANSI B16.5	UN	249635
Demanda	MALLAS Y ACEROS PARA REFUERZO	10947	ACERO LISO  D= 1 1/2" A37 - ACERO DE TRANSFERENCIA	KG	7140
Demanda	MALLAS Y ACEROS PARA REFUERZO	10948	ACERO LISO  D= 1" A37 - ACERO DE TRANSFERENCIA	KG	7140
Demanda	SEÑALES, BARRERAS Y DEMARCACIÓN VIAL	10955	CAMIÓN APLICADOR DE VÍAS DOBLE CABINA DE 3.5 ton DE CAPACIDAD, CON EQUIPO DE APLICACIÓN DE DOS MAQUINAS DEMARCADORAS HIDRA AIRLESS HIDRAM 4000, UNA MAQUINA DEMARCADORA POWRLINE	DIA	4907108
Demanda	ENSAYO LABORATORIO - COMPONENTE DE ESPACIO PÚBLICO	10957	METODOS PARA MUESTREO Y ENSAYOS DE UNIDADES DE MAMPOSTERIA Y OTROS PRODUCTOS DE ARCILLA (EFLORECENCIA). Norma técnica: NTC-4017-18 numeral 12	UN	77350
Demanda	ENSAYO LABORATORIO - COMPONENTE DE ESPACIO PÚBLICO	10958	METODOS PARA MUESTREO Y ENSAYOS DE UNIDADES DE MAMPOSTERIA Y OTROS PRODUCTOS DE ARCILLA (ABSORCION DE AGUA). Norma técnica: NTC-4017-18 numeral 10	UN	53550
Demanda	ENSAYO LABORATORIO - COMPONENTE DE ESPACIO PÚBLICO	10959	METODOS PARA MUESTREO Y ENSAYOS DE UNIDADES DE MAMPOSTERIA Y OTROS PRODUCTOS DE ARCILLA (MEDICION DEL ALABEO) Norma técnica: NTC-4017-18 Numeral 19	UN	46410
Demanda	ENSAYO LABORATORIO - COMPONENTE DE ESPACIO PÚBLICO	10960	METODOS PARA MUESTREO Y ENSAYOS DE UNIDADES DE MAMPOSTERIA Y OTROS PRODUCTOS DE ARCILLA (RESISTENCIA A LA COMPRESION). Norma técnica: NTC-4017-18 Numeral 7	UN	41650
Demanda	ENSAYO LABORATORIO - COMPONENTE DE ESPACIO PÚBLICO	10961	METODOS PARA MUESTREO Y ENSAYOS DE UNIDADES DE MAMPOSTERIA Y OTROS PRODUCTOS DE ARCILLA. (MEDICION DEL TAMAÑO). Norma técnica: NTC-4017-18 numeral 18	UN	31416
Demanda	ENSAYO LABORATORIO - COMPONENTE DE ESPACIO PÚBLICO	10962	LOSETAS DE CONCRETO PARA PAVIMENTOS (DIMENSIONAMIENTO). Norma técnica: NTC-4992-22 Numeral 5.1	UN	46410
Demanda	ENSAYO LABORATORIO - COMPONENTE DE ESPACIO PÚBLICO	10963	MUESTREO Y METODOS DE ENSAYO DE UNIDADES DE MAMPOSTERIA DE CONCRETO Y UNIDADES RELACIONADAS (ABSORCION DE AGUA). Norma técnica: NTC-4024-23 Numeral 8	UN	48790
Demanda	ENSAYO LABORATORIO - COMPONENTE DE ESPACIO PÚBLICO	10964	ADOQUINES DE CONCRETO PARA PAVIMENTOS (MEDICIONES - DIMENSIONAMIENTO). Norma técnica: NTC-2017-18 Numeral 6.2	UN	47600
Demanda	ENSAYO LABORATORIO - MATERIALES BITUMINOSOS	10965	DETERMINACION DE LA VISCOSIDAD DEL ASFALTO EMPLEANDO VISCOSIMETROS CAPILARES DE VACIO. Norma técnica: INVE-716-13 ASTM D2171/D2171M-22	UN	285362
Demanda	ENSAYO LABORATORIO - MEZCLAS ASFALTICAS	10966	CARACTERIZACION DE LAS MEZCLAS ASFALTICAS ABIERTAS POR MEDIO DEL ENSAYO CANTABRO DE PERDIDA POR DESGASTE. Norma técnica: INVE-760-13 NLT-352-00.	UN	213444
Demanda	ENSAYO LABORATORIO - MEZCLAS ASFALTICAS	10967	DISEÑO DE MEZCLAS DE AGREGADOS CON CEMENTO ASFALTICO ESPUMADO (COMPACTACION DE 6 PROBETAS). Norma técnica: INVE-785-13.	UN	1249500
Demanda	ENSAYO LABORATORIO - MEZCLAS ASFALTICAS	10968	EFECTO DEL AGUA SOBRE LAS MEZCLAS ASFALTICAS SUELTAS. Norma técnica: INVE-757-13.	UN	132566
Demanda	ENSAYO LABORATORIO - CONCRETOS HIDRÁULICOS	10969	METODO DE ENSAYO PARA DETERMINAR EL POTENCIAL DE REACTIVIDAD DE LOS AGREGADOS AL ALCALI (METODO DE BARRAS DE MORTERO). Norma técnica: NTC-6222-17 ASTM C1260-23 ASTM C1567-23	UN	889811
Demanda	ENSAYO CAMPO - SUELOS	10971	ENSAYO DE PLACA CON CARGA ESTATICA NO REPETIDA SOBRE SUELOS Y CAPAS NO TRATADAS DE PAVIMENTOS, PARA EMPLEAR EN LA EVALUACION Y EL DISEÑO DE PAVIMENTOS (NO INCLUYE TRANSPORTE NI VOLQUETA - TOMA POR PUNTO). Norma técnica : INVE-168-13.	UN	773500
Demanda	ENSAYO LABORATORIO - SUELOS	10972	DISEÑO DE MEZCLAS DE AGREGADOS, RECICLADOS O SIN RECICLAR, CON EMULSION ASFALTICA, MEDIANTE EL METODO DE INMERSION-COMPRESION (INCLUYE ELABORACION DE PROBETAS). Norma técnica: INVE-622-13.	UN	2501975
Demanda	ENSAYO LABORATORIO - CEMENTOS HIDRÁULICOS	10973	METODO DE PRUEBA ESTANDAR PARA EL TIEMPO DE FRAGUADO DE MEZCLAS DE CONCRETO POR RESISTENCIA A LA PENETRACION (DESVIACION MAXIMA RESPECTO DEL TIEMPO DE CONTROL - HORAS:MINUTOS). Norma técnica: ASTM C403/C403M-23	UN	291000
Demanda	ENSAYO CAMPO - ELEMENTOS ESTRUCTURALES CONCRETO	10974	METODO DE ENSAYO PARA LA DETERMINACION DE LA VELOCIDAD DE PULSO ULTRASONICO A TRAVES DEL CONCRETO. (POR ELEMENTO). Norma técnica: NTC-4325-97 ASTM C597-22	UN	188972
Demanda	ENSAYO LABORATORIO - CONCRETOS HIDRÁULICOS	10975	DETERMINACION DE LA GRAVEDAD ESPECIFICA, ABSORCION Y VACIOS EN EL CONCRETO ENDURECIDO. Norma técnica: NTC-5653-08 ASTM C642-21	UN	90797
Demanda	TUBERÍA Y ACCESORIOS EN ACERO	10976	BRIDA CIEGA EN ACERO D=16". FABRICADO DE CONFORMIDAD CON LA NORMA AWWA C 207 CLASE D. PRESION DE TRABAJO = 150 PSI. NO INCLUYE (ESPARRAGOS, TUERCA NI EMPAQUES). SUMINISTRO Y TRANSPORTE	UN	2171152
Demanda	TUBERIAS Y ACCESORIOS DE PVC - ACUEDUCTO	10977	TEE REDUCIDA PVC U.M. D= 8" x 4"	UN	3208524
Demanda	ACCESORIOS HD PARA REDES DE ACUEDUCTO	10987	BRIDA CIEGA HD D=2". PRESION DE TRABAJO= 150 PSI. No incluye esparragos, tuerca ni empaques. Incluye Transporte.	UN	88060
Demanda	ACCESORIOS HD PARA REDES DE ACUEDUCTO	10988	BRIDA CIEGA HD D=4". PRESION DE TRABAJO= 150 PSI. No incluye esparragos, tuerca ni empaques. Incluye Transporte.	UN	210630
Demanda	ACCESORIOS HD PARA REDES DE ACUEDUCTO	10989	BRIDA CIEGA HD D=12". PRESION DE TRABAJO= 150 PSI. No incluye esparragos, tuerca ni empaques. Incluye Transporte.	UN	1449420
Demanda	TUBERIA Y ACCESORIOS EN ACERO GALVANIZADO	10992	CODO HIERRO GALVANIZADO 90° D=4"	UN	116745
Demanda	ENSAYO CAMPO - SUELOS	10996	APIQUE MANUAL HASTA 2 M DE 1.5 M X 1.5 M - RELLENO Y ADECUACIÓN DEL SITIO - INCLUYE TRANSPORTE	UN	476000
Demanda	ESTRUCTURAS EN ACERO	11007	TUBERIA CERRAMIENTO ACERO GALVANIZADO D=3" CALIBRE 13 (E=2.3MM)	ML	46398
Demanda	ACTIVIDADES A TODO COSTO	11008	FRESADO DE PAVIMENTO - INCLUYE FRESADORA, OPERARIO Y COMBUSTIBLE. Incluye agua, puntas. No incluye transporte de maquinaria, transporte del fresado ni disposición final. A TODO COSTO	M3	129441
Demanda	AGREGADOS PÉTREOS, BASES Y SUBBASES GRANULARES	11026	BASE GRANULAR CLASE C - Gr1 (BGC_Gr1)	M3	110670
Demanda	AGREGADOS PÉTREOS, BASES Y SUBBASES GRANULARES	11027	BASE GRANULAR CLASE C - Gr2 (BGC_Gr2)	M3	110670
Demanda	AGREGADOS PÉTREOS, BASES Y SUBBASES GRANULARES	11028	BASE GRANULAR CLASE B - Gr1 (BGB_Gr1)	M3	123760
Demanda	AGREGADOS PÉTREOS, BASES Y SUBBASES GRANULARES	11029	BASE GRANULAR CLASE B - Gr2 (BGB_Gr2)	M3	123760
Demanda	AGREGADOS PÉTREOS, BASES Y SUBBASES GRANULARES	11030	BASE GRANULAR CLASE A - Gr1 (BGA_Gr1)	M3	132090
Demanda	AGREGADOS PÉTREOS, BASES Y SUBBASES GRANULARES	11031	BASE GRANULAR CLASE A - Gr2 (BGA_Gr2)	M3	138040
Demanda	AGREGADOS PÉTREOS, BASES Y SUBBASES GRANULARES	11032	SUBBASE GRANULAR CLASE C - Gr1 (SBGC_Gr1)	M3	92820
Demanda	AGREGADOS PÉTREOS, BASES Y SUBBASES GRANULARES	11033	SUBBASE GRANULAR CLASE C - Gr2 (SBGC_Gr2)	M3	92820
Demanda	AGREGADOS PÉTREOS, BASES Y SUBBASES GRANULARES	11034	SUBBASE GRANULAR CLASE B - Gr1 (SBGB_Gr1)	M3	102340
Demanda	AGREGADOS PÉTREOS, BASES Y SUBBASES GRANULARES	11035	SUBBASE GRANULAR CLASE B - Gr2 (SBGB_Gr2)	M3	102340
Demanda	AGREGADOS PÉTREOS, BASES Y SUBBASES GRANULARES	11036	SUBBASE GRANULAR CLASE A - Gr1 (SBGA_Gr1)	M3	104720
Demanda	AGREGADOS PÉTREOS, BASES Y SUBBASES GRANULARES	11037	SUBBASE GRANULAR CLASE A - Gr2 (SBGA_Gr2)	M3	104720
Demanda	AGREGADOS PÉTREOS, BASES Y SUBBASES GRANULARES	11038	MATERIAL ADECUADO	M3	24469
Demanda	AGREGADOS PÉTREOS, BASES Y SUBBASES GRANULARES	11039	MATERIAL TOLERABLE	M3	21345
Demanda	GEOSINTETICOS	11057	GEOCELDA DE POLIETILENO DE ALTA DENSIDAD (PEAD-HDPE) CON ALTURA DE 150 MM	M2	55145
Demanda	EMULSIONES Y MEZCLAS ASFÁLTICAS	11080	MEZCLA ASFÁLTICA EN CALIENTE DENSA MD10 CON CEMENTO ASFÁLTICO TIPO II	M3	1344279
Demanda	EMULSIONES Y MEZCLAS ASFÁLTICAS	11081	MEZCLA ASFÁLTICA EN CALIENTE DENSA MD12 CON CEMENTO ASFÁLTICO TIPO II	M3	1220683
Demanda	EMULSIONES Y MEZCLAS ASFÁLTICAS	11082	MEZCLA ASFÁLTICA EN CALIENTE DENSA MD20 CON CEMENTO ASFÁLTICO TIPO II	M3	1140138
Demanda	DOTACIÓN (EPP) Y SEGURIDAD INDUSTRIAL	11083	EXTINTOR x 10 LB	UN	54378
Demanda	DOTACIÓN (EPP) Y SEGURIDAD INDUSTRIAL	11084	CAMILLA FÉRULA ESPINAL LARGA - FEL PARA ADULTO (POLIETILENO). INCLUYE ARNES TIPO ARAÑA CON SECCIONES REFLECTIVAS	UN	178500
Demanda	GESTIÓN SOCIAL ELEMENTOS DE IDENTIFICACIÓN EN OBRA	11085	VALLA DE 3.0m x 6.0m CON ESTRUCTURA METÁLICA - ESTRUCTURA TIPO VALLA EN CERCHA + BANNER. Incluye suministro e instalación. Impresión 720 DPI; Tintas para exteriores.	UN	7500594
Demanda	GESTIÓN SOCIAL ELEMENTOS DE IDENTIFICACIÓN EN OBRA	11086	VALLA MÓVIL DE 1.20m x 1.20m EN LÁMINA GALVANIZADA CALIBRE 20, ÁNGULO EN HIERRO DE 2 x 1-1/8" IMPRESO EN VINILO ADHESIVO. Incluye suministro e instalación. Impresión 720 DPI; Tintas para exteriores.	UN	674690
Demanda	MATERIALES DE FERRETERÍA Y OTROS	11089	SELLADOR ELÁSTICO UNIVERSAL DE ALTO DESEMPEÑO (300 cc)	UN	29883
Demanda	SELLANTES-IMPERMEABILIZANTES Y ADITIVOS CONCRETOS	11091	ADITIVOS INCURSORES DE AIRE	KG	4451
Demanda	SELLANTES-IMPERMEABILIZANTES Y ADITIVOS CONCRETOS	11092	ADITIVO REDUCTOR DE AGUA	KG	10793
Demanda	SELLANTES-IMPERMEABILIZANTES Y ADITIVOS CONCRETOS	11093	ADITIVO RETARDANTE	KG	8693
Demanda	SELLANTES-IMPERMEABILIZANTES Y ADITIVOS CONCRETOS	11094	ADITIVO REDUCTOR DE AGUA Y RETARDANTE	KG	13508
Demanda	SELLANTES-IMPERMEABILIZANTES Y ADITIVOS CONCRETOS	11096	ADITIVO REDUCTOR DE AGUA DE ALTO RANGO	KG	12553
Demanda	SELLANTES-IMPERMEABILIZANTES Y ADITIVOS CONCRETOS	11097	ADITIVO REDUCTOR DE AGUA DE ALTO RANGO Y RETARDANTE	KG	16178
Demanda	SELLANTES-IMPERMEABILIZANTES Y ADITIVOS CONCRETOS	11098	ADITIVO SUPERPLASTIFICANTE Y REDUCTOR DE AGUA DE ALTO PODER	KG	19045
Demanda	ENSAYO CAMPO - PERFORACIONES	11101	PERFORACION MECANICA POR PERCUSION Y LAVADO EN SUELO BLANDO DE 0 a 10m. Incl descrip visual de estratos encontrados, lecturas de campo, tipo y prof. muestras recuperadas, datos nivel freático, SPT, Veleta	ML	190400
Demanda	ENSAYO CAMPO - PERFORACIONES	11102	PERFORACION MECANICA POR ROTACION EN ROCA DE 0 a 10m. Incl recuperación continua muestras, descrip visual estratos encontrados, lecturas de campo, tipo y prof muestras recuperadas, SPT, Veleta de campo	ML	476000
Demanda	ENSAYO CAMPO - PERFORACIONES	11103	PERFORACION MECANICA POR ROTACION EN COLUVION/ALUVION DE 0 a 10m. Incl recuperación continua muestras, descrip visual estrat encontrados, lecturas de campo, tipo y prof muestras recuperadas, SPT, Veleta	ML	595000
Demanda	ENSAYO CAMPO - PERFORACIONES	11106	PERFORACION MECANICA POR ROTACION EN ROCA DE 0 a 30m. Incl recuperación continua muestras, descrip visual estratos encontrados, lecturas de campo, tipo y prof muestras recuperadas, SPT, Veleta de campo	ML	535500
Demanda	ENSAYO CAMPO - PERFORACIONES	11107	PERFORACION MECANICA POR ROTACION EN COLUVION/ALUVION DE 0 a 30m. Incl recuperación continua muestras, descrip visual estrat encontrados, lecturas de campo, tipo y prof muestras recuperadas, SPT, Veleta	ML	654500
Demanda	ENSAYO CAMPO - PERFORACIONES	11110	PERFORACION MECANICA POR ROTACION EN ROCA DE 0 a 50m. Incl recuperación continua muestras, descrip visual estratos encontrados, lecturas de campo, tipo y prof muestras recuperadas, SPT, Veleta de campo	ML	479972
Demanda	ENSAYO CAMPO - PERFORACIONES	11114	PERFORACION MECANICA POR ROTACION EN ROCA DE 0 + 50m. Incl recuperación continua muestras, descrip visual estratos encontrados, lecturas de campo, tipo y prof muestras recuperadas, SPT, Veleta de campo	ML	504586
Demanda	ENSAYO CAMPO - SUELOS	11116	METODO DE PRUEBA ESTANDAR PARA PRUEBAS DE PENETRACION DE SUELOS CON PIEZOCONO (CPTu - HASTA 30 METROS). Norma técnica: ASTM D5778-20.	ML	359380
Demanda	ENSAYO CAMPO - SUELOS	11117	METODO DE PRUEBA ESTANDAR PARA PRUEBAS DE PENETRACION DE SUELOS CON PIEZOCONO (CPTu - HASTA 50 METROS). Norma técnica: ASTM D5778-20	ML	486103
Demanda	ENSAYO CAMPO - SUELOS	11118	METODO DE PRUEBA ESTANDAR PARA PRUEBAS DE PENETRACION DE SUELOS CON PIEZOCONO SISMICO (SCPTu - HASTA 30 METROS). Norma técnica: ASTM D5778-20	ML	376849
Demanda	ENSAYO CAMPO - SUELOS	11119	METODO DE PRUEBA ESTANDAR PARA PRUEBAS DE PENETRACION DE SUELOS CON PIEZOCONO SISMICO (SCPTu - HASTA 50 METROS). Norma técnica: ASTM D5778-20	ML	537880
Demanda	ENSAYO CAMPO - SUELOS	11120	ENSAYO DE DOWNHOLE HASTA 30 METROS (Sin perforación, ni tubería de PVC)	UN	2975000
Demanda	ENSAYO CAMPO - SUELOS	11121	ENSAYO DE DOWNHOLE HASTA 50 METROS (Sin perforación, ni tubería de PVC)	UN	3689000
Demanda	EMULSIONES Y MEZCLAS ASFÁLTICAS	11125	CEMENTO ASFÁLTICO MODIFICADO CON POLÍMEROS TIPO III	KG	4565
Demanda	EMULSIONES Y MEZCLAS ASFÁLTICAS	11127	CEMENTO ASFÁLTICO MODIFICADO CON POLÍMEROS TIPO V	KG	4626
Demanda	SEÑALES, BARRERAS Y DEMARCACIÓN VIAL	11136	DEFENSA VIAL METÁLICA en acero laminado en frío, vigas en forma doble honda o W, parales y separadores metálicos	ML	319007
Demanda	FORMALETAS, ANDAMIOS Y ACCESORIOS	11156	ANDAMIO CERTIFICADO MULTIDIRECCIONAL, 2 TORRES CON PASARELA DE 3 M, SECCIÓN  DE 2.07 X 2.07 M, ALTURA DE ANDAMIO 4 M	DIA	93298
Demanda	SERV. DIAGNÓSTICO-INSPECCIÓN REDES HIDROSANITARIAS	11161	TRATAMIENTO Y DISPOSICIÓN FINAL DE RESIDUOS PELIGROSOS	KG	1314
Demanda	MATERIALES DE FERRETERÍA Y OTROS	11164	MANIJA EN VARILLA LISA DE 1" EN ACERO A-37 ENMANTELADO CON TUBO PVC DE 1" x 1/4" CON PLATINA DE 1 1/2" x 1/4" SOLDADA	UN	44204
Demanda	SEÑALES, BARRERAS Y DEMARCACIÓN VIAL	11165	ESTOPEROLES METÁLICOS CON ESPIGO. INCLUYE SUMINISTRO E INSTALACIÓN.	UN	6889
Demanda	EQUIPO LIVIANO Y HERRAMIENTAS	11167	TALADRO ROTOPERCUTOR MAYOR A 3/4"	HR	5653
Demanda	DUCTOS PVC - ELECTRICOS/TELEFONICOS TIPO TDP-DB-EB	11169	REPARADUCTO PVC D=4" - DUCTO TELEFÓNICO	ML	104323
Demanda	CONCRETOS Y MORTEROS PREMEZCLADOS	11171	CONCRETO MR45 GRAVA COMÚN ACELERADO A 3 DÍAS.	M3	867082
Demanda	CONCRETOS Y MORTEROS PREMEZCLADOS	11172	CONCRETO MR50 GRAVA COMÚN ACELERADO A 3 DÍAS.	M3	903785
Demanda	GESTIÓN SOCIAL ELEMENTOS DE PUBLICIDAD	11173	PENDON ELABORADO EN BANNER 13 0NZAS, DE 1.00 m DE ANCHO X 1.50 m DE LARGO. IMPRESIÓN A FULL COLOR, CON OJALETES Y ARANDELAS METÁLICAS DE 3/8, HORIZONTALES Y VERTICALES CADA 50 CM.	UN	107244
Demanda	SEÑALES, BARRERAS Y DEMARCACIÓN VIAL	11175	BASTÓN LUMINOSO 5 FUNCIONES GRANDE ST -900 -1 55 x 4.5 cm RECARGABLE.	UN	62595
Demanda	SEÑALES, BARRERAS Y DEMARCACIÓN VIAL	11277	TACHA REFLECTIVA UNIDIRECCIONAL BLANCA/ROJA. Incluye suministro e instalación	UN	12755
Demanda	SEÑALES, BARRERAS Y DEMARCACIÓN VIAL	11278	SEÑAL VERTICAL INFORMATIVA SI-27C (70 cm x 100 cm). INCLUYE SUMINISTRO E INSTALACION.	UN	673479
Demanda	SEÑALES, BARRERAS Y DEMARCACIÓN VIAL	11279	SEÑAL VERTICAL PREVENTIVA SP-47B TIPO PENTÁGONO CON FLECHA. (INCLUYE SUMINISTRO E INSTALACION).	UN	673479
Demanda	SEMAFORIZACION	11280	POSTE TIPO MÉNSULA T2 (2.50m) EN TUBO SCH 40 GALVANIZADO Y PINTADO.	UN	5414500
Demanda	DUCTOS PVC - ELECTRICOS/TELEFONICOS TIPO TDP-DB-EB	11292	ADAPTADOR TERMINAL CAMPANA PVC D= 6"	UN	29200
Demanda	ENSAYO CAMPO - DIAGNOSTICO DE PAVIMENTOS	11305	MEDICION DE PERFIL LONGITUDINAL Y TRANSVERSAL EN ESTRUCTURA DE PAVIMENTO CON PERFILOMETRO LASER Y DETERMINACION DEL INDICE DE RUGOSIDAD INTERNACIONAL -IRI- Y LA IRREGULARIDAD SUPERFICIAL (AHUELLAMIENTO). Incluye movilización, toma de información, procesamiento, cálculo y entrega de resultados. Tramos continuos de mínimo 500 metros. Norma técnica: ASTM E950/E950M-22 INVE-794-13 ASTM E1926-08 (21)	Km-Car	165595
Demanda	MUEBLES - EQUIPOS Y ELEMENTOS OFICINA	11308	ALQUILER DE GPS DE MANO GARMIN GPSMAP Serie 64 x Día, CON ALTÍMETRO Y BRÚJULA. PANTALLA A COLOR DE 2.6"	DIA	5412
Demanda	PINTURAS	11328	BARRERA EPOXICA POLIAMIDA	GLN	199866
Demanda	PINTURAS	11329	ESMALTE POLIURETANO ACRÍLICO (AMARILLO RAL 1003)	GLN	359040
Demanda	PINTURAS	11330	ESMALTE POLIURETANO ACRÍLICO (NEGRO RAL 9005)	GLN	325380
Demanda	PINTURAS	11331	ESMALTE POLIURETANO ACRÍLICO (GRIS RAL 7045)	GLN	325380
Demanda	MOBILIARIO URBANO Y DE PARQUES	11332	BARANDA DE TRES TUBOS M82	ML	412335
Demanda	SELLANTES-IMPERMEABILIZANTES Y ADITIVOS CONCRETOS	11337	MACROFIBRAS SINTÉTICAS DE POLIPROPILENO	KG	47167
Demanda	EMULSIONES Y MEZCLAS ASFÁLTICAS	11338	MEZCLA ASFÁLTICA EN CALIENTE SEMIDENSA MS 25 CON CEMENTO ASFÁLTICO 60-70	M3	1016542
Demanda	CONCRETOS Y MORTEROS PREMEZCLADOS	11342	CONCRETO MR41 CON MACROFIBRAS DE POLIPROPILENO	M3	868676
Demanda	CONCRETOS Y MORTEROS PREMEZCLADOS	11343	CONCRETO MR43 CON MACROFIBRAS DE POLIPROPILENO	M3	933968
Demanda	SELLANTES-IMPERMEABILIZANTES Y ADITIVOS CONCRETOS	11344	MICROFIBRAS SINTÉTICA MONOFILAMENTO DE POLIPROPILENO	KG	54839
Demanda	SELLANTES-IMPERMEABILIZANTES Y ADITIVOS CONCRETOS	11346	FONDO DE JUNTA EN ESPUMA DE POLIETILENO DE BAJA DENSIDAD D= 32 mm	ML	10674
Demanda	TUBERÍA Y ACCESORIOS DE PVC PARA ALCANTARILLADO	11349	REHABILITACIÓN RED DE ALCANTARILLADO CON TECNOLOGÍA CIPP, CON RESINA DE GRP CURADA CON RAYOS UV, INCLUYE EQUIPOS, MATERIALES, TRANSPORTES Y PERSONAL. DIÁMETRO 8”. ESPESOR 3,00 mm. EC = 14.200 MPA.	ML	1725500
Demanda	TUBERÍA Y ACCESORIOS DE PVC PARA ALCANTARILLADO	11350	REHABILITACIÓN RED DE ALCANTARILLADO CON TECNOLOGÍA CIPP, CON RESINA DE GRP CURADA CON RAYOS UV, INCLUYE EQUIPOS, MATERIALES, TRANSPORTES Y PERSONAL. DIÁMETRO 10”. ESPESOR 3,00 mm. EC = 14.200 MPA.	ML	1892100
Demanda	TUBERÍA Y ACCESORIOS DE PVC PARA ALCANTARILLADO	11351	REHABILITACIÓN RED DE ALCANTARILLADO CON TECNOLOGÍA CIPP, CON RESINA DE GRP CURADA CON RAYOS UV, INCLUYE EQUIPOS, MATERIALES, TRANSPORTES Y PERSONAL. DIÁMETRO 12”. ESPESOR 3,00 mm. EC = 14.200 MPA.	ML	2082500
Demanda	TUBERÍA Y ACCESORIOS DE PVC PARA ALCANTARILLADO	11352	REHABILITACIÓN RED DE ALCANTARILLADO CON TECNOLOGÍA CIPP, CON RESINA DE GRP CURADA CON RAYOS UV, INCLUYE EQUIPOS, MATERIALES, TRANSPORTES Y PERSONAL. DIÁMETRO 14”. ESPESOR 3,50 mm. EC = 14.200 MPA.	ML	2475200
Demanda	TUBERÍA Y ACCESORIOS DE PVC PARA ALCANTARILLADO	11353	REHABILITACIÓN RED DE ALCANTARILLADO CON TECNOLOGÍA CIPP, CON RESINA DE GRP CURADA CON RAYOS UV, INCLUYE EQUIPOS, MATERIALES, TRANSPORTES Y PERSONAL. DIÁMETRO 16”. ESPESOR 4.20 mm. EC = 14.200 MPA.	ML	2826250
Demanda	TUBERÍA Y ACCESORIOS DE PVC PARA ALCANTARILLADO	11354	REHABILITACIÓN RED DE ALCANTARILLADO CON TECNOLOGÍA CIPP, CON RESINA DE GRP CURADA CON RAYOS UV, INCLUYE EQUIPOS, MATERIALES, TRANSPORTES Y PERSONAL. DIÁMETRO 18”. ESPESOR 4.20 mm. EC = 14.200 MPA.	ML	3088050
Demanda	TUBERÍA Y ACCESORIOS DE PVC PARA ALCANTARILLADO	11355	REHABILITACIÓN RED DE ALCANTARILLADO CON TECNOLOGÍA CIPP, CON RESINA DE GRP CURADA CON RAYOS UV, INCLUYE EQUIPOS, MATERIALES, TRANSPORTES Y PERSONAL. DIÁMETRO 20”. ESPESOR 4.90 mm. EC = 14.200 MPA.	ML	3790150
Demanda	TUBERÍA Y ACCESORIOS DE PVC PARA ALCANTARILLADO	11356	REHABILITACIÓN RED DE ALCANTARILLADO CON TECNOLOGÍA CIPP, CON RESINA DE GRP CURADA CON RAYOS UV, INCLUYE EQUIPOS, MATERIALES, TRANSPORTES Y PERSONAL. DIÁMETRO 24”. ESPESOR 5.60 mm. EC = 14.200 MPA.	ML	4237152
Demanda	TUBERÍA Y ACCESORIOS DE PVC PARA ALCANTARILLADO	11357	REHABILITACIÓN RED DE ALCANTARILLADO CON TECNOLOGÍA CIPP, CON RESINA DE GRP CURADA CON RAYOS UV, INCLUYE EQUIPOS, MATERIALES, TRANSPORTES Y PERSONAL. DIÁMETRO 27”. ESPESOR 6.30 mm. EC = 14.200 MPA.	ML	5033700
Demanda	TUBERÍA Y ACCESORIOS DE PVC PARA ALCANTARILLADO	11358	REHABILITACIÓN RED DE ALCANTARILLADO CON TECNOLOGÍA CIPP, CON RESINA DE GRP CURADA CON RAYOS UV, INCLUYE EQUIPOS, MATERIALES, TRANSPORTES Y PERSONAL. DIÁMETRO 30”. ESPESOR 7.00 mm. EC = 14.200 MPA.	ML	6012016
Demanda	TUBERÍA Y ACCESORIOS DE PVC PARA ALCANTARILLADO	11359	REHABILITACIÓN RED DE ALCANTARILLADO CON TECNOLOGÍA CIPP, CON RESINA DE GRP CURADA CON RAYOS UV, INCLUYE EQUIPOS, MATERIALES, TRANSPORTES Y PERSONAL. DIÁMETRO 36”. ESPESOR 9.10 mm. EC = 16.875 MPA.	ML	7610050
Demanda	TUBERÍA Y ACCESORIOS DE PVC PARA ALCANTARILLADO	11360	REHABILITACIÓN RED DE ALCANTARILLADO CON TECNOLOGÍA CIPP, CON RESINA DE GRP CURADA CON RAYOS UV, INCLUYE EQUIPOS, MATERIALES, TRANSPORTES Y PERSONAL. DIÁMETRO 40”. ESPESOR 9.80 mm. EC = 16.875 MPA.	ML	9686600
Demanda	TUBERÍA Y ACCESORIOS DE PVC PARA ALCANTARILLADO	11361	REHABILITACIÓN RED DE ALCANTARILLADO CON TECNOLOGÍA CIPP, CON RESINA DE GRP CURADA CON RAYOS UV, INCLUYE EQUIPOS, MATERIALES, TRANSPORTES Y PERSONAL. DIÁMETRO 42”. ESPESOR 10.50 mm. EC = 16.875 MPA.	ML	10642406
Demanda	TUBERIAS Y ACCESORIOS DE PVC - ACUEDUCTO	11362	BUJE SOLDADO PRESION PVC D= 1 1/2" x 1"	UN	5421
Demanda	CABLES Y ACCESORIOS ELECTRICOS	11363	INTERRUPTOR GRADO INDUSTRIAL, 20A, EN CAJA FUNCIÓN ALUMINIO 11.7X11.7X5 CM, CON TAPA Y EMPAQUE	UN	194112
Demanda	CONCRETOS Y MORTEROS PREMEZCLADOS	11366	CONCRETO MR45 CON MACROFIBRAS DE POLIPROPILENO	M3	950516
Demanda	PINTURAS	11367	AUTOIMPRIMANTE EPÓXICO TOLERANTE DE SUPERFICIE	GLN	215977
Demanda	PINTURAS	11368	IMPRIMANTE EPÓXICO TOLERANTE DE SUPERFICIE	GLN	192493
Demanda	SELLANTES-IMPERMEABILIZANTES Y ADITIVOS CONCRETOS	11370	SELLO DE SILICONA TIPO SL	GLN	390082
Demanda	ACCESORIOS HD PARA REDES DE ACUEDUCTO	11381	NIPLE HD D=4" L=816mm EXTREMOS BRIDA B16.5/LISO. CON PASAMURO Z=665mm	UN	665128
Demanda	ACCESORIOS HD PARA REDES DE ACUEDUCTO	11382	NIPLE HD D=4" L=1274mm EXTREMOS BRIDA B16.5/LISO. CON PASAMURO Z=824mm	UN	930176
Demanda	ACCESORIOS HD PARA REDES DE ACUEDUCTO	11384	NIPLE HD D=4" L=500mm EXTREMOS BRIDA B16.5/LISO. CON PASAMURO Z=310mm	UN	482257
Demanda	ACCESORIOS HD PARA REDES DE ACUEDUCTO	11385	NIPLE HD D=4" L=1020mm EXTREMOS BRIDA B16.5/LISO. CON PASAMURO Z=820mm	UN	783185
Demanda	TUBERIA Y ACCESORIOS EN ACERO GALVANIZADO	11408	TUBERIA HG Ø1 1/2"	ML	43911
Demanda	ACCESORIOS HD PARA REDES DE ACUEDUCTO	11409	UNION DE DESMONTAJE AUTOPORTANTE HD D=4"	UN	1457750
Demanda	TUBERÍA Y ACCESORIOS EN ACERO	11424	CODO EN ACERO D=18" ENTRE 5° Y 22.5° CON EXTREMOS DE JUNTA ESPIGO / CAMPANA CON EMPAQUE DE CAUCHO, CON REVESTIMIENTO INTERIOR Y RECUBRIMIENTO EXTERIOR EN MORTERO DE CEMENTO. L=0.40X0.40M. PRESION DE TRABAJO = 250 PSI. SUMINISTRO Y TRANSPORTE	UN	3844460
Demanda	TUBERÍA Y ACCESORIOS EN ACERO	11425	CODO EN ACERO D=18" ENTRE 22.5° Y 45° CON EXTREMOS DE JUNTA ESPIGO / CAMPANA CON EMPAQUE DE CAUCHO, CON REVESTIMIENTO INTERIOR Y RECUBRIMIENTO EXTERIOR EN MORTERO DE CEMENTO. L=0.60X0.60M. PRESION DE TRABAJO = 250 PSI. SUMINISTRO Y TRANSPORTE	UN	4739025
Demanda	TUBERÍA Y ACCESORIOS EN ACERO	11426	CODO EN ACERO D=18" ENTRE 45° Y 67.5° CON EXTREMOS DE JUNTA ESPIGO / CAMPANA CON EMPAQUE DE CAUCHO, CON REVESTIMIENTO INTERIOR Y RECUBRIMIENTO EXTERIOR EN MORTERO DE CEMENTO. L=0.90X0.90M. PRESION DE TRABAJO = 250 PSI. SUMINISTRO Y TRANSPORTE	UN	5898972
Demanda	TUBERÍA Y ACCESORIOS EN ACERO	11427	CODO EN ACERO D=18" ENTRE 45° Y 67.5° CON EXTREMOS DE JUNTA ESPIGO / CAMPANA CON EMPAQUE DE CAUCHO, CON REVESTIMIENTO INTERIOR Y RECUBRIMIENTO EXTERIOR EN MORTERO DE CEMENTO. L=1.35X1.35M. PRESION DE TRABAJO = 250 PSI. SUMINISTRO Y TRANSPORTE	UN	7456992
Demanda	TUBERÍA Y ACCESORIOS EN ACERO	11429	CODO EN ACERO D=20" ENTRE 5° Y 22.5° CON EXTREMOS DE JUNTA ESPIGO / CAMPANA CON EMPAQUE DE CAUCHO, CON REVESTIMIENTO INTERIOR Y RECUBRIMIENTO EXTERIOR EN MORTERO DE CEMENTO. L=0.40X0.40M. PRESION DE TRABAJO = 250 PSI. SUMINISTRO Y TRANSPORTE	UN	4217083
Demanda	TUBERÍA Y ACCESORIOS EN ACERO	11430	CODO EN ACERO D=20" ENTRE 22.5° Y 45° CON EXTREMOS DE JUNTA ESPIGO / CAMPANA CON EMPAQUE DE CAUCHO, CON REVESTIMIENTO INTERIOR Y RECUBRIMIENTO EXTERIOR EN MORTERO DE CEMENTO. L=0.65X0.65M. PRESION DE TRABAJO = 250 PSI. SUMINISTRO Y TRANSPORTE	UN	5339674
Demanda	TUBERÍA Y ACCESORIOS EN ACERO	11432	CODO EN ACERO D=24" ENTRE 5° Y 22.5° CON EXTREMOS DE JUNTA ESPIGO / CAMPANA CON EMPAQUE DE CAUCHO, CON REVESTIMIENTO INTERIOR Y RECUBRIMIENTO EXTERIOR EN MORTERO DE CEMENTO. L=0.45X0.45M. PRESION DE TRABAJO = 250 PSI. SUMINISTRO Y TRANSPORTE	UN	4657453
Demanda	TUBERÍA Y ACCESORIOS EN ACERO	11433	CODO EN ACERO D=24" ENTRE 22.5° Y 45° CON EXTREMOS DE JUNTA ESPIGO / CAMPANA CON EMPAQUE DE CAUCHO, CON REVESTIMIENTO INTERIOR Y RECUBRIMIENTO EXTERIOR EN MORTERO DE CEMENTO. L=0.80X0.80M. PRESION DE TRABAJO = 250 PSI. SUMINISTRO Y TRANSPORTE	UN	7136172
Demanda	TUBERÍA Y ACCESORIOS EN ACERO	11434	CODO EN ACERO D=24" ENTRE 45° Y 67.5° CON EXTREMOS DE JUNTA ESPIGO / CAMPANA CON EMPAQUE DE CAUCHO, CON REVESTIMIENTO INTERIOR Y RECUBRIMIENTO EXTERIOR EN MORTERO DE CEMENTO. L=1.20X1.20M. PRESION DE TRABAJO = 250 PSI. SUMINISTRO Y TRANSPORTE	UN	9268560
Demanda	CANAL DE DRENAJE	11435	CANAL DE DRENAJE MONOLÍTICO EN CONCRETO POLIMÉRICO PD 150V, CLASE D400, COLOR NATURAL, H=27cm, A=20cm, Long=100cm, (Incluye rejilla)	ML	724302
Demanda	CANAL DE DRENAJE	11436	CANAL DE INSPECCION MONOLÍTICO EN CONCRETO POLIMÉRICO DE DRENAJE PD 150V, CLASE D400, COLOR NATURAL, H=27cm, A=20cm, Long=50cm, (Incluye rejilla)	UN	1232778
Demanda	CANAL DE DRENAJE	11437	SUMIDERO PARA CANAL DE DRENAJE MONOLÍTICO EN CONCRETO POLIMÉRICO PD 150V, CLASE D400, COLOR NATURAL, CON REJA DE FUNDICIÓN, H=57,5cm, A=18cm, Long=50cm (Incluye rejilla)	UN	1527965
Demanda	CANAL DE DRENAJE	11438	  CANAL DE DRENAJE MONOLÍTICO EN CONCRETO POLIMÉRICO RD 200V  20.0, CLASE F900, COLOR NATURAL, H=53cm, A=26cm, Long=100cm (Incluye rejilla) Resume estos datos	ML	1537219
Demanda	CANAL DE DRENAJE	11439	CANAL DE INSPECCION DE DRENAJE MONOLÍTICO EN CONCRETO POLIMÉRICO RD 200V 20.0, CLASE F900, COLOR NATURAL, H=53cm, A=26cm, Long=66cm (Incluye rejilla)	UN	2557763
Demanda	ARBOLES-GRAMAS-VEGETACIÓN Y PLANTACIÓN PAISAJÍSTIC	11442	SUMINISTRO DE PENNISETUM (Incluye suministro al sitio de obra de 16 unidades por M2)	M2	99479
Demanda	ARBOLES-GRAMAS-VEGETACIÓN Y PLANTACIÓN PAISAJÍSTIC	11443	SUMINISTRO DE LIRIOPE (Incluye suministro al sitio de obra de 16 unidades por M2)	M2	75990
Demanda	ARBOLES-GRAMAS-VEGETACIÓN Y PLANTACIÓN PAISAJÍSTIC	11444	SUMINISTRO DE CLAVEL CHINO (Incluye suministro al sitio de obra de 16 unidades por M2)	M2	51765
Demanda	PISOS (CONVENCIONALES Y TIPO TRANSMILENIO)	11447	PISO EN PORCELANATO COLOR GRIS OSCURO TIPO BARI PLUS, ACABADO PULIDO, FORMATO 0,60cmx0,60cm LÍNEA CONVENCIONAL.	M2	94600
Demanda	ARBOLES-GRAMAS-VEGETACIÓN Y PLANTACIÓN PAISAJÍSTIC	11448	PINO ROMERON H=1.5 m. (Incluye suministro, tutor con manguera y alambre)	UN	153259
Demanda	DOTACIÓN (EPP) Y SEGURIDAD INDUSTRIAL	11449	CHALECO SENCILLO EN DRIL SIN LOGO DOS BOLSILLOS	UN	44100
Demanda	DOTACIÓN (EPP) Y SEGURIDAD INDUSTRIAL	11450	CHALECO REFLECTIVO EN TELA	UN	29000
Demanda	DOTACIÓN (EPP) Y SEGURIDAD INDUSTRIAL	11451	CARTUCHO RESPIRADOR P-100 VAPORES ORGÁNICOS	UN	69900
Demanda	DOTACIÓN (EPP) Y SEGURIDAD INDUSTRIAL	11452	GUANTE SOLDADOR	PAR	43000
Demanda	DOTACIÓN (EPP) Y SEGURIDAD INDUSTRIAL	11453	DESCENDEDOR ANTICAIDA	PAR	1691900
Demanda	EXÁMENES MÉDICOS	11454	EXÁMEN DE APTITUD PSICOFÍSICA PARA TRABAJO EN ALTURA (Incluye perfíl lipídico, glicemia pre y post.)	UN	100000
Demanda	ENSAYO CAMPO - DIAGNOSTICO DE PAVIMENTOS	11455	TOMA DE DEFLEXIONES CON EQUIPO DEFLECTOMETRO DE IMPACTO (FWD/HWD) PARA PAVIMENTO CON SUPERFICIE FLEXIBLE. Incluye movilización, carro escolta del equipo, toma de información, procesamiento, cálculo y entrega del cuenco de deflexiones promedio. Norma técnica: INVE-798-13 ASTM D4694-09 (20) INVE-797-13 ASTM D4695-03 (20) ASTM D5858-96 (20)	Pto.3R	40092
Demanda	ENSAYO CAMPO - DIAGNOSTICO DE PAVIMENTOS	11456	TOMA DE DEFLEXIONES CON EQUIPO DEFLECTOMETRO DE IMPACTO (FWD/HWD) PARA PAVIMENTO CON SUPERFICIE RIGIDA. Incluye movilización, carro escolta del equipo, toma de información, procesamiento, cálculo y entrega del cuenco de deflexiones promedio. Norma técnica: INVE-798-13 ASTM D4694-09 (20) INVE-797-13 ASTM D4695-03 (20) ASTM D5858-96 (20)	Pto.3R	49679
Demanda	ENSAYO CAMPO - DIAGNOSTICO DE PAVIMENTOS	11457	TOMA DE DEFLEXIONES CON EQUIPO DEFLECTOMETRO DE IMPACTO (LWD) EN ESTRUCTURA DE PAVIMENTO. Incluye movilización, toma de información y entrega de resultados. Norma técnica: ASTM E2583-07 (20)	PUNTO	63623
Demanda	ENSAYO CAMPO - DIAGNOSTICO DE PAVIMENTOS	11458	MEDICION DE PERFIL LONGITUDINAL EN ESTRUCTURA DE PAVIMENTO CON PERFILOMETRO PIVOTANTE DE ALTA PRECISION Y DETERMINACION DEL INDICE DE RUGOSIDAD INTERNACIONAL -IRI-. Incluye movilización, toma información, procesamiento, cálculo y entrega de resultados. Norma técnica: INVE-814-13 ASTM E1155/E1155M-23 INVE-794-13 INVE-790-13	Km-Car	163030
Demanda	ENSAYO CAMPO - DIAGNOSTICO DE PAVIMENTOS	11459	MEDICION DE PERFIL LONGITUDINAL EN ESTRUCTURA DE PAVIMENTO CON PERFILOMETRO LASER Y DETERMINACION DEL INDICE DE RUGOSIDAD INTERNACIONAL -IRI-.  Incluye movilización, toma de información, procesamiento, cálculo y entrega de resultados. Tramos continuos de mínimo 500 metros. Norma técnica: ASTM E950/E950M-22 INVE-794-13 ASTM E1926-08 (21) INVE-790-13	Km-Car	96323
Demanda	ENSAYO CAMPO - DIAGNOSTICO DE PAVIMENTOS	11461	LEVANTAMIENTO DE FALLAS EN ESTRUCTURA DE PAVIMENTO CON SUPERFICIE FLEXIBLE, RIGIDA O ARTICULADA EN ZONA URBANA, CON EQUIPO DE ALTO RENDIMIENTO MEDIANTE CAPTURA DE IMAGENES DE ALTA RESOLUCION O SISTEMA LASER, Y DETERMINACION DEL INDICE DE CONDICION DEL PAVIMENTO-PCI. Incluye movilización, carro escolta del equipo, toma de información, procesamiento, entrega del inventario de fallas y cálculo del valor de PCI. Norma técnica: ASTM D6433-23 (flexible y rígido) ASTM E2840-11(24)(articulado)	Km-Car	245806
Demanda	ENSAYO CAMPO - DIAGNOSTICO DE PAVIMENTOS	11464	LEVANTAMIENTO DE FALLAS EN ESTRUCTURA DE PAVIMENTO CON SUPERFICIE FLEXIBLE, RIGIDA O ARTICULADA EN ZONA RURAL, CON EQUIPO DE ALTO RENDIMIENTO MEDIANTE CAPTURA DE IMAGENES DE ALTA RESOLUCION O SISTEMA LASER, Y DETERMINACION DEL INDICE DE CONDICION DEL PAVIMENTO -PCI. Incluye movilización, carro escolta del equipo, toma de información, procesamiento, entrega del inventario de fallas y cálculo del valor de PCI. Norma técnica: ASTM D6433-23 (flexible y rígido) ASTM E2840-11(24) (articulado)	Km-Car	356584
Demanda	ENSAYO CAMPO - DIAGNOSTICO DE PAVIMENTOS	11467	METODO DE PRUEBA ESTANDAR PARA DETERMINAR EL ESPESOR DE LAS CAPAS DE PAVIMENTO MEDIANTE RADAR DE ONDA CORTA (GEORRADAR GPR). EQUIPADO CON UNA O DOS ANTENAS. LA PRIMERA CON FRECUENCIA MINIMA 1000 MHz, Y LAS DEMAS CON FRECUENCIAS HASTA DE 500 MHz. Incluye movilización, carro escolta del equipo, toma de información, procesamiento, cálculo y entrega de resultados. NO INCLUYE APIQUES NI NUCLEOS PARA LA CALIBRACION DEL GEORRADAR. Norma técnica: ASTM D4748-10 (20)	Km-Car	399840
Demanda	ENSAYO CAMPO - DIAGNOSTICO DE PAVIMENTOS	11470	MEDICION DE PERFIL TRANSVERSAL EN ESTRUCTURA DE PAVIMENTO CON PERFILOMETRO LASER Y DETERMINACION DE LA IRREGULARIDAD SUPERFICIAL (AHUELLAMIENTO). Incluye movilización, toma de información, procesamiento, cálculo y entrega de resultados. Norma técnica: INVE-789-13	Km-Car	114954
Demanda	ENSAYO CAMPO - DIAGNOSTICO DE PAVIMENTOS	11471	MEDICION DE PERFIL DE MACROTEXTURA EN ESTRUCTURA DE PAVIMENTO CON PERFILOMETRO LASER Y DETERMINACION DE LA PROFUNDIDAD MEDIA DEL PERFIL (MDP). Incluye movilización, toma de información, procesamiento, cálculo y entrega de resultados. Norma técnica: ASTM E1845-23	Km-Car	155295
Demanda	ENSAYO CAMPO - DIAGNOSTICO DE PAVIMENTOS	11472	MEDICION DE PERFIL LONGITUDINAL, TRANSVERSAL Y DE MACROTEXTURA  EN ESTRUCTURA DE PAVIMENTO CON PERFILOMETRO LASER Y DETERMINACION DEL INDICE DE RUGOSIDAD INTERNACIONAL -IRI-, IRREGULARIDAD SUPERFICIAL (AHUELLAMIENTO). Incluye movilización, toma de información, procesamiento, cálculo y entrega de resultados. Tramos continuos de mínimo 500 metros. Norma técnica: ASTM E950/E950M-22 INVE-794-13 ASTM E1926-08 (21) ASTM E1845-23	Km-Car	165595
Demanda	ENSAYO CAMPO - SOLDADURAS	11477	GUIA ESTANDAR PARA EL ENSAYO RADIOGRAFICO USANDO UNA PELICULA RADIOGRAFICA INDUSTRIAL. Norma técnica: ASTM E94/E94M-22	DIA	1383280
Demanda	ENSAYO CAMPO -RECUBRIMIENTO ESTRUCTURA METÁLICA	11481	EVALUACION DEL GRADO DE LIMPIEZA CON HERRAMIENTAS MANUALES. Norma técnica: SSPC-SP2-18.	DIA	1029988
Demanda	ENSAYO CAMPO -RECUBRIMIENTO ESTRUCTURA METÁLICA	11482	EVALUACION DEL GRADO DE LIMPIEZA MANUAL Y CON HERRAMIENTAS ELECTRICAS. Norma técnica: SSPC-SP3-18	DIA	1029988
Demanda	ENSAYO CAMPO -RECUBRIMIENTO ESTRUCTURA METÁLICA	11483	EVALUACION DEL GRADO DE LIMPIEZA CON CHORRO ABRASIVO A GRADO METAL BLANCO. Norma técnica: SSPC-SP5-07 SSPC-SP7-07	DIA	1029988
Demanda	ENSAYO CAMPO -RECUBRIMIENTO ESTRUCTURA METÁLICA	11484	EVALUACION DEL GRADO DE RUGOSIDAD DEL RECUBRIMIENTO. Norma técnica: NTC-3951-96 ASTM D4417-21.	DIA	1029988
Demanda	ENSAYO CAMPO -RECUBRIMIENTO ESTRUCTURA METÁLICA	11485	EVALUACION DE CONDICIONES AMBIENTALES (EN EL MOMENTO DE LA APLICACION DEL RECUBRIMIENTO). Norma técnica: NTC-3951-96 Numeral 3.11 ASTM E337-15 (23)	DIA	1029988
Demanda	ENSAYO CAMPO -RECUBRIMIENTO ESTRUCTURA METÁLICA	11489	INSPECCION VISUAL PARA EVALUACION DE DEFECTOS Y DEFINICION DE PROCEDIMIENTOS DE REPARACION. Norma técnica: ASTM A123/A123M-24	DIA	1029988
Demanda	ENSAYO LABORATORIO - ACERO ESTRUCTURAL	11498	METODOS DE PRUEBA ESTANDAR PARA ENSAYOS DE TENSION DE MATERIALES METALICOS (TRACCION DE ACERO ESTRUCTURAL). Norma técnica: ASTM E8/E8M-24	UN	214795
Demanda	ENSAYO LABORATORIO - ACERO REFUERZO Y PRETENSADO	11499	BARRAS CORRUGADAS Y LISAS DE ACERO DE BAJA ALEACION, PARA REFUERZO DE CONCRETO (TRACCION DE BARRAS LISAS Y CORRUGADAS). Norma técnica: NTC-2289-20 Numeral 9 NTC-3353-24 ASTM A370-24	UN	175050
Demanda	ENSAYO LABORATORIO - ACERO REFUERZO Y PRETENSADO	11500	TRACCION DE ALAMBRE DE ACERO/TORON DE ACERO. Norma técnica: NTC-2289-20 NTC-3353-24 ASTM A370-24	UN	229670
Demanda	ENSAYO LABORATORIO - ALUMINIO	11501	METODO DE PRUEBA ESTANDAR PARA DETERMINAR LA DUREZA ROCKWELL DE MATERIALES METALICOS (ALUMINIO). Norma técnica: NTC-ISO-6508-1-16 ASTM E18-22	UN	123100
Demanda	ENSAYO LABORATORIO - CEMENTOS HIDRÁULICOS	11502	METODO DE ENSAYO PARA MEDIR LA EXPANSION DEL CEMENTO HIDRAULICO EN BARRAS DE MORTERO SUMERGIDAS EN AGUA. Norma técnica: NTC-4927-20.	UN	1083971
Demanda	ENSAYO LABORATORIO - CEMENTOS HIDRÁULICOS	11503	ENSAYO PARA DETERMINAR LA ACTIVIDAD PUZOLANICA EN CEMENTOS CON PUZOLANA. Norma técnica: NTC-1512-18.	UN	1026018
Demanda	ENSAYO LABORATORIO - CONCRETO PRETENSADO	11504	METODO DE ENSAYO PARA DETERMINAR LA RESISTENCIA A LA ABRASION DE LOS PREFABRICADOS DE CONCRETO UTILIZADOS EN PISOS Y PAVIMENTOS, MEDIANTE ABRASIVO DE CORINDON Y DISCO METALICO ANCHO. Norma técnica: NTC-5147-24 ASTM C944/C944M-19	UN	357000
Demanda	ENSAYO LABORATORIO - CONCRETO PRETENSADO	11505	FLEXION DE LOSETA EN CONCRETO PRETENSADO. Norma técnica: ASTM C78/C78M-22 NTC-2871-18	UN	490000
Demanda	ENSAYO LABORATORIO - CONCRETO PRETENSADO	11506	ENSAYO DE PUNZONAMIENTO SIMPLE PARA PISOS EN CONCRETO DE PUENTES PEATONALES PROTOTIPO PARA BOGOTA. Norma técnica: Protocolo CTO IDU-791-17	UN	664000
Demanda	ENSAYO LABORATORIO - CONCRETOS HIDRÁULICOS	11507	CONTENIDO DE AIRE EN EL CONCRETO FRESCO POR EL METODO DE PRESION. Norma técnica: INVE-406-13 NTC-1032-13	UN	111139
Demanda	ENSAYO LABORATORIO - CONCRETOS HIDRÁULICOS	11508	PROCEDIMIENTO PARA ESTIMAR LA RESISTENCIA DEL CONCRETO POR EL METODO DE LA MADUREZ. INSTRUMENTACION INICIAL. Norma técnica: NTC-3756-95 ASTM C1074-19e1	UN	139843
Demanda	ENSAYO LABORATORIO - CONCRETOS HIDRÁULICOS	11509	METODOS DE ENSAYO PARA MEDIR EL FLUJO LIBRE, FLUJO RESTRINGIDO Y SEGREGACION EN CONCRETOS AUTOCOMPACTANTES. Norma técnica: NTC-5222-23	UN	153706
Demanda	ENSAYO LABORATORIO - CONCRETOS HIDRÁULICOS	11510	DETERMINACION DEL TIEMPO DE FRAGUADO DE MEZCLAS DE CONCRETO POR MEDIO DE SU RESISTENCIA A LA PENETRACION. Norma técnica: NTC-890-19 ASTM C403/C403M-23	UN	291000
Demanda	ENSAYO LABORATORIO - CONCRETOS HIDRÁULICOS	11511	PROCEDIMIENTO PARA ESTIMAR LA RESISTENCIA DEL CONCRETO POR EL METODO DE LA MADUREZ. TOMA DE LECTURAS DIARIAS. Norma técnica: NTC-3756-95 ASTM C1074-19e1	PTO/3M	166677
Demanda	ENSAYO LABORATORIO - GEOSINTÉTICOS	11512	METODO DE PRUEBA ESTANDAR PARA LA RESISTENCIA A LA PUNCION ESTATICA DE GEOTEXTILES Y PRODUCTOS RELACIONADOS CON GEOTEXTILES USANDO UNA SONDA DE 50 MM. Norma técnica: ASTM D6241-22a	UN	411621
Demanda	ENSAYO LABORATORIO - GEOSINTÉTICOS	11513	METODO DE ENSAYO PARA DETERMINAR EL TAMAÑO DE ABERTURA APARENTE DE UN GEOTEXTIL. Norma técnica: NTC-2255-03 ASTM D4751-21a	UN	243236
Demanda	ENSAYO LABORATORIO - GEOSINTÉTICOS	11514	METODO DE PRUEBA ESTANDAR PARA EL DETERIORO DE GEOTEXTILES POR EXPOSICION A LA LUZ, A LA HUMEDAD Y AL CALOR EN UN APARATO DE TIPO ARCO DE XENON. Norma técnica: ASTM D4355/D4355M-21	HR	25871
Demanda	ENSAYO LABORATORIO - GEOSINTÉTICOS	11515	METODO DE PRUEBA ESTANDAR PARA LA DENSIDAD DE PLASTICOS MEDIANTE LA TECNICA DE GRADIENTE DE DENSIDAD. Norma técnica: ASTM D1505-18.	UN	333200
Demanda	ENSAYO LABORATORIO - GEOSINTÉTICOS	11516	METODOS DE PRUEBA ESTANDAR PARA DENSIDAD Y GRAVEDAD ESPECIFICA (DENSIDAD RELATIVA) DE PLASTICOS POR DESPLAZAMIENTO. Norma técnica: ASTM D792-20.	UN	142800
Demanda	ENSAYO LABORATORIO - GEOSINTÉTICOS	11517	METODO DE PRUEBA ESTANDAR PARA MEDIR EL ESPESOR NOMINAL DE LOS GEOSINTETICOS. Norma técnica: ASTM D5199-12 (19).	UN	140000
Demanda	ENSAYO LABORATORIO - GEOSINTÉTICOS	11518	CONTENIDO DE CARBON NEGRO. Norma técnica: ASTM D1603-20 ASTM D4218-20	UN	416010
Demanda	ENSAYO LABORATORIO - GEOSINTÉTICOS	11519	PROPIEDADES DE TRACCION DE POLIETILENO NO REFORZADO Y GEOMEMBRANA DE POLIPROPILENO FLEXIBLE NO REFORZADO. Norma técnica: ASTM D6693/D6693M-20 (24)	UN	189210
Demanda	ENSAYO LABORATORIO - GEOSINTÉTICOS	11520	INTEGRIDAD DE LAS COSTURAS UTILIZADAS PARA UNIR GEOMEMBRANAS FLEXIBLES DE LAMINAS POLIMERICAS. Norma técnica: ISO 13426-2-24 ASTM D4437/D4437M-16 (23)	UN	214200
Demanda	ENSAYO LABORATORIO - GEOSINTÉTICOS	11521	METODO DE PRUEBA ESTANDAR PARA EL TIEMPO DE INDUCCION OXIDATIVA DE LAS POLIOLEFINAS MEDIANTE CALORIMETRIA DIFERENCIAL DE BARRIDO. Norma técnica: ASTM D3895-19	UN	1066478
Demanda	ENSAYO LABORATORIO - GEOSINTÉTICOS	11522	METODO DE PRUEBA ESTANDAR PARA EL AGRIETAMIENTO POR ESTRES AMBIENTAL DE PLASTICOS DE ETILENO. Norma técnica: ASTM D1693-21	UN	232835
Demanda	ENSAYO LABORATORIO - GEOSINTÉTICOS	11523	METODO DE PRUEBA ESTANDAR PARA DETERMINAR LA RESISTENCIA AL CORTE DE LAS INTERFASES SUELO-GEOSINTETICO Y GEOSINTETICO-GEOSINTETICO POR CORTE DIRECTO. Norma técnica: ASTM D5321/D5321M-21	UN	556218
Demanda	ENSAYO LABORATORIO - GEOSINTÉTICOS	11524	METODO DE PRUEBA ESTANDAR PARA DETERMINAR LAS PROPIEDADES DE TRACCION DE LAS GEOMALLAS MEDIANTE EL METODO DE TRACCION DE UNA O VARIOS NERVIOS. (RESISTENCIA A LA TENSION ULTIMA). Norma técnica: ASTM D6637/D6637M-15 (23)	UN	222862
Demanda	ENSAYO LABORATORIO - GEOSINTÉTICOS	11525	METODO DE PRUEBA ESTANDAR PARA DETERMINAR LAS PROPIEDADES DE TRACCION DE LAS GEOMALLAS MEDIANTE EL METODO DE TRACCION DE UNA O VARIOS NERVIOS. (ELONGACION A LA ROTURA). Norma técnica: ASTM D6637/D6637M-15 (23)	UN	188690
Demanda	ENSAYO LABORATORIO - GEOSINTÉTICOS	11526	METODOS DE PRUEBA ESTANDAR PARA LA IDENTIFICACION DE FIBRAS EN TEXTILES (PUNTO DE FUSION). Norma técnica: ASTM D276-12 (Retirado en 2021).	UN	714000
Demanda	ENSAYO LABORATORIO - MATERIALES BITUMINOSOS	11528	CONTENIDO DE AGUA EN UNA EMULSION ASFALTICA. Norma técnica: INVE-761-13 ASTM D244-23	UN	268464
Demanda	ENSAYO LABORATORIO - MATERIALES BITUMINOSOS	11529	ESTABILIDAD DE LAS EMULSIONES ASFALTICAS DURANTE EL ALMACENAMIENTO. Norma técnica: INVE-764-13 ASTM D6930-19.	UN	289170
Demanda	ENSAYO LABORATORIO - NEOPRENO	11531	CAUCHO VULCANIZADO O TERMOPLASTICO. DETERMINACION DE LAS PROPIEDADES DE TENSION (ALARGAMIENTO HASTA LA ROTURA). Norma técnica: NTC-444-18 ASTM D412-16 (21) ISO-37-24	UN	225701
Demanda	ENSAYO LABORATORIO - NEOPRENO	11532	CAUCHO VULCANIZADO O TERMOPLASTICO. DETERMINACION DE LAS PROPIEDADES DE TENSION (RESISTENCIA A TRACCION). Norma técnica: NTC-444-18 ASTM D412-16 (21) ISO-37-24	UN	225701
Demanda	ENSAYO LABORATORIO - NEOPRENO	11533	METODO DE PRUEBA ESTANDAR PARA LAS PROPIEDADES DEL CAUCHO (DEFORMACION POR COMPRESION - METODO B). Norma técnica: ASTM D395-18 ASTM D1149-18 INVE-ART-642-22	UN	571200
Demanda	ENSAYO LABORATORIO - NEOPRENO	11534	DETERIORO DEL CAUCHO. AGRIETAMIENTO EN UN AMBIENTE CON OZONO CONTROLADO. Norma técnica: NTC-6292-18 ASTM D1149-18	UN	1428000
Demanda	ENSAYO LABORATORIO - NEOPRENO	11535	METODO DE PRUEBA ESTANDAR PARA LAS PROPIEDADES DEL CAUCHO (ADHERENCIA CAUCHO - ACERO). Norma técnica: ASTM D429-14 (23) INVE-ART-642-22	UN	362950
Demanda	ENSAYO LABORATORIO - NEOPRENO	11536	DETERMINACION DE LA RESISTENCIA AL DESGARRE DEL CAUCHO VULCANIZADO CONVENCIONAL DE ELASTOMEROS TERMOPLASTICOS. Norma técnica: NTC-445-06 ASTM D624-00 (20)	UN	169630
Demanda	ENSAYO LABORATORIO - NEOPRENO	11537	METODO DE PRUEBA ESTANDAR  PARA LAS PROPIEDADES DEL CAUCHO (DUREZA -SHORE A). Norma técnica: ASTM D2240-15 (21) ISO 48-2-18 NTC-467-06	UN	142800
Demanda	ENSAYO LABORATORIO - NEOPRENO	11538	METODO ESTANDAR PARA DETERMINAR EL DETERIORO DEL CAUCHO VULCANIZADO EN UNA CAMARA DE AIRE (AIR OVEN). 70 HORAS. Norma técnica: NTC-447-05 ASTM D573-04 (19) ISO-188-23	UN	762314
Demanda	ENSAYO LABORATORIO - NEOPRENO	11543	ESPECIFICACION ESTANDAR PARA SOPORTES ELASTOMERICOS LISOS Y LAMINADOS DE ACERO PARA PUENTES (MODULO DE CORTE). Norma técnica: ASTM D4014-23 A1, CCP-14 INVE-ART-642-22	UN	574330
Demanda	ENSAYO LABORATORIO - NEOPRENO	11544	METODO DE PRUEBA ESTANDAR PARA LAS PROPIEDADES DE RIGIDEZ DE LOS PLASTICOS EN FUNCION DE LA TEMPERATURA MEDIANTE UNA PRUEBA DE TORSION (RIGIDEZ TERMICA INSTANTANEA). Norma técnica: ASTM D1043-16 (24) INVE-ART-642-22	UN	476000
Demanda	ENSAYO LABORATORIO - PINTURA	11546	METODO DE PRUEBA ESTANDAR PARA EL VOLUMEN DE MATERIA NO VOLATIL EN RECUBRIMIENTOS TRANSPARENTES O PIGMENTADOS (CONCENTRACION DE SOLIDOS/VOLUMEN). Norma técnica: ASTM D2697-22	UN	207893
Demanda	ENSAYO LABORATORIO - PINTURA	11547	METODO DE PRUEBA ESTANDAR PARA CONTENIDO VOLATIL DE RECUBRIMIENTOS (VOC - COMPONENTES VOLATILES ORGANICOS). Norma técnica: ASTM D2369-24	UN	330000
Demanda	ENSAYO LABORATORIO - PLÁSTICO RÍGIDO	11549	METODO DE PRUEBA ESTANDAR PARA PROPIEDADES DE COMPRESION DE PLASTICOS RIGIDOS. Norma técnica: ASTM D695-23.	UN	492279
Demanda	ENSAYO LABORATORIO - PLÁSTICO RÍGIDO	11550	DETERMINACION DE PROPIEDADES DE FLEXION. (FLEXION DE LOSETA EN PLASTICO RIGIDO). Norma técnica: ISO-178-19	UN	237141
Demanda	ENSAYO LABORATORIO - PLÁSTICO RÍGIDO	11551	METODO DE PRUEBA ESTANDAR PARA LA RESISTENCIA A LA ABRASION DE TEJIDOS RECUBIERTOS (RESISTENCIA A LA ABRASION - DESGASTE DE PLASTICO RIGIDO). Norma técnica: ASTM D3389-21	UN	452200
Demanda	ESTRUCTURAS EN ACERO	11554	PERFILES C GR 50/GR 36 GALVANIZADO	KG	9044
Demanda	TUBERÍA Y ACCESORIOS DE PVC PARA ALCANTARILLADO	11561	CODO 45° PVC ALCANTARILLADO D=8". NORMA NTC 3722-3	UN	234548
Demanda	CANAL DE DRENAJE	11562	TAPA CIEGA INICIO / FIN PARA CANAL DE DRENAJE MONOLÍTICO EN CONCRETO POLIMÉRICO PD 150V, CLASE D400, COLOR NATURAL, H= 27cm, A= 20cm	UN	166037
Demanda	CANAL DE DRENAJE	11563	TAPA CIEGA INICIO / FIN PARA CANAL DE INSPECCIÓN DE DRENAJE MONOLÍTICO EN CONCRETO POLIMÉRICO RD 200V 20.0, CLASE F900, COLOR NATURAL, H= 53cm, A= 26cm	UN	591794
Demanda	BORDILLOS Y LOSETAS	11569	LOSETA PREFABRICADA EN CONCRETO MACIZO LISA A20 GRIS (20x20x6cm).	M2	87499
Demanda	TUBERÍA Y ACCESORIOS EN POLIETILENO	11572	TUBERÍA FLEXIBLE DE ALTA DENSIDAD NEGRA. TUBO Ø6" (160mm), TUBERÍA PEAD, PE100, SDR17, DN50, PE.	ML	124390
Demanda	SELLANTES-IMPERMEABILIZANTES Y ADITIVOS CONCRETOS	11574	RECUBRIMIENTO PROTECTOR EPÓXICO APLICABLE EN ELEMENTOS DE CONCRETO Y METAL BAJO AGUA.	KG	171130
Demanda	SELLANTES-IMPERMEABILIZANTES Y ADITIVOS CONCRETOS	11575	INHIBIDOR DE CORROSIÓN POR IMPREGNACIÓN (FORMULACIÓN MEJORADA)	KG	79530
Demanda	SOLDADURA,  PEGANTES Y LIMPIADORES	11576	LIMPIADOR BASE ÁCIDO ESPECIAL PARA LIMPIAR Y DESMANCHAR LADRILLO-CONCRETO	GLN	151184
Demanda	LADRILLOS, BLOQUES Y ADOQUINES	11577	ADOQUIN DE CONCRETO A26 (200x100x60mm)	UN	1745
Demanda	BORDILLOS Y LOSETAS	11580	LOSETA PREFABRICADA A58 GUIA (200x200x60mm) 	UN	3734
Demanda	BORDILLOS Y LOSETAS	11581	LOSETA PREFABRICADA A57 TOPEROL (200x200x60mm)	UN	3734
Demanda	TUBERÍA Y ACCESORIOS EN POLIETILENO	11586	TUBERÍA FLEXIBLE DE ALTA DENSIDAD NEGRA. TUBO Ø4" (110mm), TUBERÍA PEAD, PE100, SDR17, DN50, PE.	ML	51328
Demanda	TUBERÍA Y ACCESORIOS EN POLIETILENO	11587	TUBERÍA FLEXIBLE DE ALTA DENSIDAD NEGRA. TUBO Ø12" (315mm), TUBERÍA PEAD, PE100, SDR17, DN50, PE.	ML	519055
Demanda	TUBERÍA Y ACCESORIOS EN POLIETILENO	11588	TUBERÍA FLEXIBLE DE ALTA DENSIDAD NEGRA. TUBO Ø8" (200mm), TUBERÍA PEAD, PE100, SDR17, DN50, PE.	ML	201092
Demanda	TUBERÍA Y ACCESORIOS EN POLIETILENO	11589	TUBERÍA FLEXIBLE DE ALTA DENSIDAD NEGRA. TUBO Ø10" (250 mm), TUBERÍA PEAD, PE100, SDR17, DN50, PE.	ML	335581
Demanda	POSTES Y ALUMBRADO PUBLICO	11590	LUMINARIA LED 103W, 48 LED. Driver electrónico 120-227 Vac. 4.000k	UN	1071000
Demanda	POSTES Y ALUMBRADO PUBLICO	11591	LUMINARIA LED 37W, 16 LED. Driver electrónico 120-277 V.	UN	1024122
Demanda	POSTES Y ALUMBRADO PUBLICO	11592	LUMINARIA LED 70W, 32 LED. Driver electrónico 120-277 Vac. 4.000k	UN	1303429
Demanda	TUBERÍA Y ACCESORIOS EN POLIETILENO	11593	TUBERÍA EN POLIETILENO DE 1" (25mm) - RDE21 - PN 8 - PE 100	ML	4670
Demanda	CABLES Y ACCESORIOS ELECTRICOS	11595	TRANSFORMADOR SEMISUMERGIBLE 75 KVA 11.4 /0.208-0.120 KV DYN5.	UN	29195988
Demanda	CABLES Y ACCESORIOS ELECTRICOS	11596	TRANSFORMADOR SEMISUMERGIBLE 45 KVA 11.4 /0.208-0.120 KV DYN5.	UN	23683357
Demanda	CABLES Y ACCESORIOS ELECTRICOS	11597	TRANSFORMADOR SEMISUMERGIBLE 225 KVA 11.4 /0.208-0.120 KV DYN5.	UN	61199772
Demanda	MARCOS, TAPAS, REJILLAS, HERRAJES Y CAJILLAS	11600	TAPA (REJILLA) PARA CAÑUELA A-124. Dimensiones: 600x300x100mm.	UN	47005
Demanda	ARBOLES-GRAMAS-VEGETACIÓN Y PLANTACIÓN PAISAJÍSTIC	11601	SUMINISTRO DE HORTENSIA JUMBO - FLOR AZUL (Incluye suministro al sitio de obra de 6 unidades por M2)	M2	71846
Demanda	SEMAFORIZACION	11602	SEMÁFORO CUATRO MÓDULOS FIJACIÓN EN MÁSTIL. Semaforo fijo de 200 mm, Tres luces en teconologia led mueble en policarbonato de alto impacto, soportes para instalacion,alimentacion 110- 220 v	UN	4789468
Demanda	SEMAFORIZACION	11603	SEMÁFORO CUATRO MÓDULOS FIJACIÓN EN MÁSTIL CON FLECHA DE GIRO	UN	4690716
Demanda	CONCRETOS Y MORTEROS PREMEZCLADOS	11605	CONCRETO 7000 PSI 48 MPa (492 Kg/cm2) GRAVA COMÚN 5"	M3	761004
Demanda	LADRILLOS, BLOQUES Y ADOQUINES	11617	ADOQUIN DE CONCRETO A26 (200x100x60mm) AMARILLO	UN	1955
Demanda	LADRILLOS, BLOQUES Y ADOQUINES	11618	ADOQUIN DE CONCRETO A26 (200x100x60mm) OCRE	UN	1955
Demanda	ESTRUCTURAS EN ACERO	11619	ACERO ESTRUCTURAL A709 GRADO 50. (INCLUYE TRANSPORTE, FABRICACIÓN Y MONTAJE CON ANTICORROSIVO Y PINTURA DE ACABADO EN EPÓXICO) (INCLUYE MATERIALES, INSUMOS, HERRAMIENTAS Y EQUIPOS, ANDAMIOS, MANO DE OBRA CALIFICADA Y TODO LO NECESARIO PARA DESARROLLAR LA OBRA	KG	20587
Demanda	LADRILLOS, BLOQUES Y ADOQUINES	11620	ADOQUIN DE CONCRETO A25 (200x100x60mm) PEATONAL CHOCOLATE	UN	1955
Demanda	MUEBLES - EQUIPOS Y ELEMENTOS OFICINA	11624	MUEBLE O MESA CON PUERTAS EN ACERO INOXIDABLE 1.23m x 0.60m x 0.90m	UN	4412237
Demanda	MUEBLES - EQUIPOS Y ELEMENTOS OFICINA	11625	MUEBLE O MESA CON PUERTAS EN ACERO INOXIDABLE 2.65m x 0.60m x 0.90m	UN	9536125
Demanda	TUBERÍA Y ACCESORIOS EN ACERO	11629	TUBO EN ACERO D=36" CON EXTREMOS DE JUNTA ESPIGO / CAMPANA CON EMPAQUE DE CAUCHO, CON REVESTIMIENTO INTERIOR Y RECUBRIMIENTO EXTERIOR EN MORTERO DE CEMENTO. FABRICADO DE CONFORMIDAD CON LA NORMA AWWA C 200, MANUAL M11 DE LA AWWA Y NORMA NP-032 DE LA EAAB, A PARTIR DE LÁMINA ASTM A 36. L=6,0M. PRESION DE TRABAJO = 150 PSI. SUMINISTRO Y TRANSPORTE	ML	3628682
Demanda	TUBERÍA Y ACCESORIOS EN ACERO	11630	CODO EN ACERO D=36" ENTRE 5° Y 22.5° CON EXTREMOS DE JUNTA ESPIGO / CAMPANA CON EMPAQUE DE CAUCHO, CON REVESTIMIENTO INTERIOR Y RECUBRIMIENTO EXTERIOR EN MORTERO DE CEMENTO. L=0.50X0.50M. PRESION DE TRABAJO = 150 PSI. SUMINISTRO Y TRANSPORTE	UN	8297659
Demanda	TUBERÍA Y ACCESORIOS EN ACERO	11631	CODO EN ACERO D=36" ENTRE 22.5° Y 45° CON EXTREMOS DE JUNTA ESPIGO / CAMPANA CON EMPAQUE DE CAUCHO, CON REVESTIMIENTO INTERIOR Y RECUBRIMIENTO EXTERIOR EN MORTERO DE CEMENTO. L=0.80X0.80M. PRESION DE TRABAJO = 150 PSI. SUMINISTRO Y TRANSPORTE	UN	11802008
Demanda	TUBERÍA Y ACCESORIOS EN ACERO	11632	CODO EN ACERO D=36" ENTRE 45° Y 67.5° CON EXTREMOS DE JUNTA ESPIGO / CAMPANA CON EMPAQUE DE CAUCHO, CON REVESTIMIENTO INTERIOR Y RECUBRIMIENTO EXTERIOR EN MORTERO DE CEMENTO. L=1.20X1.20M. PRESION DE TRABAJO = 150 PSI. SUMINISTRO Y TRANSPORTE	UN	15239620
Demanda	TUBERÍA Y ACCESORIOS EN ACERO	11633	CODO EN ACERO D=36" ENTRE 67.5° Y 90° CON EXTREMOS DE JUNTA ESPIGO / CAMPANA CON EMPAQUE DE CAUCHO, CON REVESTIMIENTO INTERIOR Y RECUBRIMIENTO EXTERIOR EN MORTERO DE CEMENTO. L=1.65X1.65M. PRESION DE TRABAJO = 150 PSI. SUMINISTRO Y TRANSPORTE	UN	18994173
Demanda	TUBERÍA Y ACCESORIOS EN ACERO	11634	REDUCCION EN ACERO D=36" x 24" CON EXTREMOS DE ESPIGO D=36" Y CAMPANA D=24", CON REVESTIMIENTO INTERIOR Y RECUBRIMIENTO EXTERIOR EN MORTERO DE CEMENTO. L= 1.45m. PRESION DE TRABAJO = 150 PSI. SUMINISTRO Y TRANSPORTE	UN	8287726
Demanda	TUBERÍA Y ACCESORIOS EN ACERO	11635	TEE EN ACERO D=24" x 24" CON EXTREMOS DE JUNTA ESPIGO / CAMPANA Y BRIDA EN ACERO EN LA DERIVACION, CON REVESTIMIENTO INTERIOR Y RECUBRIMIENTO EXTERIOR EN MORTERO DE CEMENTO. L=1.50X0.90M. SUMINISTRO Y TRANSPORTE	UN	11550975
Demanda	TUBERÍA Y ACCESORIOS EN ACERO	11641	NIPLE ACERO D=16" L=1500MM EXTREMOS BRIDA/CAMPANA, CON REVESTIMIENTO INTERIOR Y RECUBRIMIENTO EXTERIOR EN MORTERO CEMENTO. SUMINISTRO Y TRANSPORTE	UN	4607938
Demanda	TUBERÍA Y ACCESORIOS EN ACERO	11642	NIPLE ACERO D=24" L=2000MM EXTREMOS ESPIGO/BRIDA, CON REVESTIMIENTO INTERIOR Y RECUBRIMIENTO EXTERIOR EN MORTERO CEMENTO, CON SALIDA TANGENCIAL PARA PURGA D=2". SUMINISTRO Y TRANSPORTE	UN	9734760
Demanda	TUBERÍA Y ACCESORIOS EN ACERO	11644	CINTURON DE CIERRE EN ACERO D=24", CON REVESTIMIENTO EN PINTURA ANTICORROSIVA. PARA EMPATES DE TUBERIA EN WSP A CCP LINEAL. PRESION DE TRABAJO = 150 PSI. SUMINISTRO Y TRANSPORTE	UN	790440
Demanda	TUBERÍA Y ACCESORIOS EN ACERO	11646	CODO EN ACERO D=30" ENTRE 45° Y 67.5° CON EXTREMOS DE JUNTA ESPIGO / CAMPANA CON EMPAQUE DE CAUCHO, CON REVESTIMIENTO INTERIOR Y RECUBRIMIENTO EXTERIOR EN MORTERO DE CEMENTO. L=1.00X1.00M. PRESION DE TRABAJO = 150 PSI. SUMINISTRO Y TRANSPORTE	UN	11800403
Demanda	TUBERÍA Y ACCESORIOS EN ACERO	11647	REDUCCION EN ACERO D=30" x 24" CON EXTREMOS DE ESPIGO D=30" Y CAMPANA D=24", CON REVESTIMIENTO INTERIOR Y RECUBRIMIENTO EXTERIOR EN MORTERO DE CEMENTO. L= 0.84m. PRESION DE TRABAJO = 150 PSI. SUMINISTRO Y TRANSPORTE	UN	5561859
Demanda	TUBERÍA Y ACCESORIOS EN ACERO	11648	SALIDA NORMAL EN ACERO F 12" CON EXTREMO BRIDADO. REVESTIMIENTOS INTERIOR Y EXTERIOR EN PINTURA EPÓXICA. L=0.15M. INSTALADA EN FÁBRICA SOBRE TUBO O ACCESORIO HASTA F 30".. SUMINISTRO Y TRANSPORTE	UN	2019466
Demanda	ACCESORIOS HD PARA REDES DE ACUEDUCTO	11649	UNION DRESSER HD D=30"	UN	5407759
Demanda	TUBERÍA Y ACCESORIOS EN ACERO	11652	NIPLE ACERO D=30" L=2500MM EXTREMOS BRIDA/CAMPANA, CON REVESTIMIENTO INTERIOR Y RECUBRIMIENTO EXTERIOR EN MORTERO CEMENTO, CON SALIDA TANGENCIAL PARA PURGA D=4". SUMINISTRO Y TRANSPORTE	UN	14930922
Demanda	TUBERÍA Y ACCESORIOS EN ACERO	11653	TEE EN ACERO D=30" x 24" CON EXTREMOS DE JUNTA ESPIGO / CAMPANA Y BRIDA EN ACERO EN LA DERIVACION, CON REVESTIMIENTO INTERIOR Y RECUBRIMIENTO EXTERIOR EN MORTERO DE CEMENTO. L=3.00M. SUMINISTRO Y TRANSPORTE	UN	16239110
Demanda	TUBERÍA Y ACCESORIOS EN ACERO	11655	CINTURON DE CIERRE EN ACERO D=16", CON REVESTIMIENTO EN PINTURA ANTICORROSIVA. PARA EMPATES DE TUBERIA EN WSP A CCP LINEAL. PRESION DE TRABAJO = 150 PSI. SUMINISTRO Y TRANSPORTE	UN	560468
Demanda	ACCESORIOS HD PARA REDES DE ACUEDUCTO	11657	UNION DE DESMONTAJE AUTOPORTANTE HD D=8"	UN	2220540
Demanda	TUBERÍA Y ACCESORIOS EN ACERO	11659	TEE EN ACERO Ø 20" x 20" CON EXTREMOS ESPIGO/CAMPANA Y BRIDA EN LA DERIVACIÓN (ACERO). SUMINISTRO Y TRANSPORTE	UN	9028106
Demanda	ACCESORIOS HD PARA REDES DE ACUEDUCTO	11665	UNION DRESSER HD D=20"	UN	1977072
Demanda	ACCESORIOS HD PARA REDES DE ACUEDUCTO	11666	VALVULA MARIPOSA HD VA E.B. D=20" (150 PSI)	UN	23178145
Demanda	TUBERÍA Y ACCESORIOS EN ACERO	11668	NIPLE ACERO D=3" L=300MM EXTREMOS BRIDA/LISO, CON REVESTIMIENTO INTERIOR Y RECUBRIMIENTO EXTERIOR EN PINTURA EXPOXICA. SUMINISTRO Y TRANSPORTE	UN	357768
Demanda	ACCESORIOS HD PARA REDES DE ACUEDUCTO	11670	VÁLVULA DE COMPUERTA DE Ø 3" BRONCE T/P RED WHITE. SUMINISTRO Y TRANSPORTE	UN	1178147
Demanda	TUBERÍA Y ACCESORIOS EN ACERO	11672	CODO EN ACERO D=20" ENTRE 45° Y 67.5° CON EXTREMOS DE JUNTA ESPIGO / CAMPANA CON EMPAQUE DE CAUCHO, CON REVESTIMIENTO INTERIOR Y RECUBRIMIENTO EXTERIOR EN MORTERO DE CEMENTO. L=1.00X1.00M. PRESION DE TRABAJO = 150 PSI. SUMINISTRO Y TRANSPORTE	UN	6751231
Demanda	TUBERÍA Y ACCESORIOS ACERO AL CARBÓN	11708	REDUCCION AC  8"x4" EXTREMO LISO	UN	331491
Demanda	TUBERÍA Y ACCESORIOS EN POLIETILENO	11711	TUBERIA PEAD 1.30m - PE 100 - PN 8 - RDE21	ML	3926856
Demanda	TUBERÍA Y ACCESORIOS EN POLIETILENO	11712	TUBERIA PEAD 1.40m - PE 100 - PN 8 - RDE21	ML	4286590
Demanda	TUBERÍA Y ACCESORIOS EN POLIETILENO	11713	TUBERIA PEAD 1.50m - PE 100 - PN 8 - RDE21	ML	4845489
Demanda	DOTACIÓN (EPP) Y SEGURIDAD INDUSTRIAL	11714	GABINETE CONTRAINCENDIO T2	UN	820936
Demanda	TUBERÍA Y ACCESORIOS EN POLIETILENO	11715	TUBERIA PEAD 1.60m - PE 100 - PN 8 - RDE21	ML	5442428
Demanda	TUBERÍA Y ACCESORIOS EN POLIETILENO	11716	TUBERIA PEAD 1.80m - PE 100 - PN 8 - RDE21	ML	6939753
Demanda	TUBERÍA Y ACCESORIOS EN POLIETILENO	11717	TUBERIA PEAD 2.00m - PE 100 - PN 8 - RDE21	ML	8452555
Demanda	TUBERÍA Y ACCESORIOS EN POLIETILENO	11718	TUBO PE100 PN16 90mm Ø3"	ML	40684
Demanda	TUBERÍA Y ACCESORIOS EN POLIETILENO	11719	TUBO PE100 PN16 110mm Ø4"	ML	60659
Demanda	TUBERÍA Y ACCESORIOS EN POLIETILENO	11720	TUBO PE100 PN10 160mm Ø6"	ML	86132
Demanda	TUBERÍA Y ACCESORIOS EN POLIETILENO	11721	CODO 45° - RDE 11 - PE100 - PN16 (110mm) Ø4"	UN	157571
Demanda	TUBERÍA Y ACCESORIOS EN POLIETILENO	11722	CODO 45° - RDE 11 - PE100 - PN16 (160mm) Ø6"	UN	312177
Demanda	TUBERÍA Y ACCESORIOS EN POLIETILENO	11723	CODO 90° - RDE 11 - PE100 - PN16 (160mm) Ø6"	UN	373427
Demanda	TUBERÍA Y ACCESORIOS EN POLIETILENO	11724	CODO 45° - RDE 11 - PE100 - PN16 (200mm) Ø8"	UN	551738
Demanda	TUBERÍA Y ACCESORIOS EN POLIETILENO	11729	UNIÓN 4" PE 100, PN16 - RDE 11	UN	69659
Demanda	TUBERÍA Y ACCESORIOS EN POLIETILENO	11735	BRIDA LOCA EN HD PARA POLIETILENO  D= 8" 	UN	255627
Demanda	TUBERÍA Y ACCESORIOS EN POLIETILENO	11736	PORTABRIDA POLIETILENO D= 8" PE 100, PN 16 - RDE 11	UN	221715
Demanda	TUBERÍA Y ACCESORIOS EN POLIETILENO	11737	UNIÓN 6" PE 100, PN16 - RDE 11	UN	139589
Demanda	TUBERÍA Y ACCESORIOS EN POLIETILENO	11738	BRIDA LOCA EN HD PARA POLIETILENO D= 4"	UN	105486
Demanda	TUBERÍA Y ACCESORIOS EN POLIETILENO	11739	PORTABRIDA POLIETILENO D= 4" PE 100, PN 16 - RDE 11	UN	53305
Demanda	TUBERÍA Y ACCESORIOS EN ACERO	11743	NIPLE ACERO D=36" L=2500MM EXTREMOS BRIDA/CAMPANA, CON REVESTIMIENTO INTERIOR Y RECUBRIMIENTO EXTERIOR EN MORTERO CEMENTO, CON SALIDA TANGENCIAL PARA PURGA D=4". SUMINISTRO Y TRANSPORTE	UN	28957503
Demanda	TUBERÍA Y ACCESORIOS EN POLIETILENO	11744	TUBERIA PEAD 200mm (8") - PE 100 - PN 8 - RDE21	ML	104525
Demanda	TUBERÍA Y ACCESORIOS EN POLIETILENO	11745	TUBERIA PEAD 250mm (10") - PE 100 - PN 8 - RDE21	ML	252422
Demanda	TUBERÍA Y ACCESORIOS EN POLIETILENO	11746	TUBERIA PEAD 300mm (12") - PE 100 - PN 8 - RDE21	ML	273241
Demanda	TUBERÍA Y ACCESORIOS EN POLIETILENO	11747	TUBERIA PEAD 350mm (14") - PE 100 - PN 8 - RDE21	ML	402939
Demanda	TUBERÍA Y ACCESORIOS EN POLIETILENO	11748	TUBERIA PEAD 400mm (16") - PE 100 - PN 8 - RDE21	ML	640281
Demanda	TUBERÍA Y ACCESORIOS EN POLIETILENO	11764	TEE PE 6"x4" (150x100mm) - PE 100, PN 16 - RDE 17 	UN	499589
Demanda	TUBERIAS Y ACCESORIOS DE PVC - ACUEDUCTO	11765	UNION REPARACION PVC DESLIZANTE D=1"	UN	20976
Demanda	TUBERÍA Y ACCESORIOS EN POLIETILENO	11766	TEE PE 8"x4" (200x100mm) PE100, PN 16 - RDE 11	UN	858523
Demanda	TUBERÍA Y ACCESORIOS EN POLIETILENO	11770	BRIDA LOCA EN HD PARA POLIETILENO D= 3"	UN	81008
Demanda	TUBERÍA Y ACCESORIOS EN POLIETILENO	11771	PORTABRIDA POLIETILENO D= 3" PE 100, PN 16 - RDE 11	UN	51247
Demanda	MATERIALES DE FERRETERÍA Y OTROS	11772	TRAGANTE CÚPULA 3" x 2" EN ALUMINIO	UN	10785
Demanda	TUBERÍA Y ACCESORIOS EN POLIETILENO	11774	BRIDA LOCA EN HD PARA POLIETILENO D= 6"	UN	185911
Demanda	TUBERÍA Y ACCESORIOS EN POLIETILENO	11775	PORTABRIDA POLIETILENO D= 6" PE 100, PN 16 - RDE 11	UN	123068
Demanda	ACCESORIOS HD PARA REDES DE ACUEDUCTO	11776	TEE HD J.H. D=12" x 12"	UN	5039650
Demanda	ACCESORIOS HD PARA REDES DE ACUEDUCTO	11777	TAPON HD E.L. D=2"	UN	78540
Demanda	CABLES Y ACCESORIOS ELECTRICOS	11781	CAPACETE METALICO GALVANIZADO IMC DE 6"	UN	322850
Demanda	TUBERÍA Y ACCESORIOS DE PVC PARA ALCANTARILLADO	11786	CODO 45° CxE PVC SANITARIA D=3"	UN	12552
Demanda	MATERIALES DE FERRETERÍA Y OTROS	11790	SOPORTE PARA TUBERÍA DIÁMETRO 3" TIPO "OMEGA"	UN	3706
Demanda	TUBERÍA Y ACCESORIOS EN ACERO	11796	NIPLE ACERO D=12" L=2500MM EXTREMOS BRIDA/BRIDA, CON REVESTIMIENTO INTERIOR EN MORTERO DE CEMENTO Y RECUBRIMIENTO EXTERIOR EN PINTURA EPOXICA, CON SALIDA TANGENCIAL PARA PURGA D=2". SUMINISTRO Y TRANSPORTE	UN	5653788
Demanda	CABLES Y ACCESORIOS ELECTRICOS	11797	TRANSFORMADOR TIPO PEDESTAL PARA AP DE 75 KVA 11.4/0.380-0.220KV EN ACEITE VEGETAL.	UN	19731359
Demanda	ACCESORIOS HD PARA REDES DE ACUEDUCTO	11798	CODO HD J.H. PARA PVC 90° D=8"	UN	1306620
Demanda	ACCESORIOS HD PARA REDES DE ACUEDUCTO	11799	TAPON HD J.H. D=8"	UN	559300
Demanda	ACCESORIOS HD PARA REDES DE ACUEDUCTO	11800	TEE HD J.H. D=8" x 4"	UN	1549380
Demanda	ACCESORIOS HD PARA REDES DE ACUEDUCTO	11801	TEE HD J.H. D=8" x 6"	UN	1620780
Demanda	ACCESORIOS HD PARA REDES DE ACUEDUCTO	11803	VALVULA MARIPOSA HD VA E.B. D=18" (150 PSI)	UN	21135734
Demanda	ACCESORIOS HD PARA REDES DE ACUEDUCTO	11804	CODO HD J.H. PARA PVC 22.5° D=3"	UN	224910
Demanda	ACCESORIOS HD PARA REDES DE ACUEDUCTO	11805	CODO HD J.H. PARA PVC 45° D=3"	UN	224910
Demanda	ACCESORIOS HD PARA REDES DE ACUEDUCTO	11806	CODO HD J.H. PARA PVC 90° D=3"	UN	255850
Demanda	ACCESORIOS HD PARA REDES DE ACUEDUCTO	11807	TEE HD J.H. D=6" x 6"	UN	967470
Demanda	CABLES Y ACCESORIOS ELECTRICOS	11813	BREAKER INDUSTRIAL GRADUABLE DE 40A HASTA 100A	UN	225446
Demanda	LADRILLOS, BLOQUES Y ADOQUINES	11814	BLOQUE DE CEMENTO MACIZO 6X20X20 COLOR ARENA, CHOCOLATE O SIMILAR	UN	3910
Demanda	AMBIENTAL	11815	RECEPCIÓN DE NIDOS RESCATADOS  (MAXIMO 3 HUEVOS).	UN	57800
Demanda	LADRILLOS, BLOQUES Y ADOQUINES	11817	BLOQUE DE CEMENTO MACIZO 6X20X20 COLOR OCRE	UN	3910
Demanda	AMBIENTAL	11819	RECEPCIÓN DE AVES RESCATADAS	UN	57800
Demanda	AMBIENTAL	11820	INFORME SOBRE LAS AVES RESCATADAS	UN	185000
Demanda	LADRILLOS, BLOQUES Y ADOQUINES	11830	BLOQUE DE CEMENTO MACIZO 6X20X20 COLOR MARRÓN	UN	3910
Demanda	LADRILLOS, BLOQUES Y ADOQUINES	11831	BLOQUE DE CEMENTO MACIZO 6X20X20 COLOR GRIS NATURAL O SIMILAR	UN	3490
Demanda	GESTIÓN SOCIAL ELEMENTOS DE IDENTIFICACIÓN EN OBRA	11834	AVISO PUNTO IDU 1.50m x 0.90m EN LÁMINA GALVANIZADA CAL. 24. INCLUYE SUMINISTRO E INSTALACIÓN	UN	799680
Demanda	GESTIÓN SOCIAL ELEMENTOS DE PUBLICIDAD	11835	VOLANTES TAMAÑO CARTA EN PROPALMATE 90 Gr IMPRESIÓN 4x0 TINTAS IMPRESO A UNA CARA	UN	471
Demanda	GESTIÓN SOCIAL ELEMENTOS DE PUBLICIDAD	11836	VOLANTES TAMAÑO CARTA PROPALCOTE 115 Gr IMPRESIÓN 4x4 TINTAS IMPRESO A DOBLE CARA	UN	682
Demanda	GESTIÓN SOCIAL ELEMENTOS DE PUBLICIDAD	11837	VOLANTES TAMAÑO CARTA EN PROPALCOTE 90 Gr IMPRESIÓN 4x4 TINTAS	UN	707
Demanda	GESTIÓN SOCIAL ELEMENTOS DE PUBLICIDAD	11838	VOLANTES TAMAÑO MEDIA CARTA PROPALCOTE DE 115 Gr IMPRESIÓN 4x4 TINTAS IMPRESO A DOBLE CARA	UN	360
Demanda	GESTIÓN SOCIAL ELEMENTOS DE PUBLICIDAD	11839	VOLANTES TAMAÑO MEDIA CARTA PROPALCOTE DE 90 Gr IMPRESIÓN 4x4 TINTAS IMPRESO A DOBLE CARA	UN	241
Demanda	GESTIÓN SOCIAL ELEMENTOS DE PUBLICIDAD	11840	CALENDARIOS 15 x 15 cm. 13 HOJAS. BASE SIN IMPRESIÓN. FULL COLOR PROPALCOTE DE 150 Grs. BASE CARTÓN BLANCA, ANILLADO.	UN	6813
Demanda	GESTIÓN SOCIAL ELEMENTOS DE PUBLICIDAD	11841	PIEZAS IMANTADAS 8.5 x 5.5 cm HORIZONTAL, CALIBRE DEL IMÁN 0.3 mm, PLASTIFICADO BRILLO UV. REFILADO	UN	603
Demanda	GESTIÓN SOCIAL ELEMENTOS DE PUBLICIDAD	11842	ROMPE-TRÁFICO CARTÓN CORRUGADO IMPRESO A UNA CARA EN FULL COLOR ALTA RESOLUCIÓN, FORMA RECTANGULAR TROQUELADO A SILUETA 90 x 1.80 cm	UN	529912
Demanda	GESTIÓN SOCIAL ELEMENTOS DE PUBLICIDAD	11843	CARTILLAS 10 - 15 HOJAS INTERNAS FULL COLOR TAMAÑO MEDIA CARTA	UN	2758
Demanda	GESTIÓN SOCIAL ELEMENTOS DE PUBLICIDAD	11844	PERIÓDICO PÁGINAS 8/TAMAÑO 37  28.9 cm PAPEL PERIÓDICO DE 45 Gr IMPRESIÓN A COLOR 4x4.	UN	901
Demanda	GESTIÓN SOCIAL ELEMENTOS DE PUBLICIDAD	11845	FLOOR PRINTS EN VINILO ADHESIVO RESISTENTE, IMPERMEABLES Y LAVABLES. 70 x 100 cm FULL COLOR.	UN	89202
Demanda	GESTIÓN SOCIAL ELEMENTOS DE PUBLICIDAD	11846	VINILOS ADHESIVOS DE 30 x 60 cm PARA SUPERFICIES PLANAS, CORTE REFILADO FULL COLOR BRILLANTE.	UN	49953
Demanda	CABLES Y ACCESORIOS ELECTRICOS	11847	TRANSFORMADOR TIPO PEDESTAL PARA AP DE 30 KVA 11.4/0.380-0.220KV EN ACEITE VEGETAL.	UN	55987544
Demanda	CABLES Y ACCESORIOS ELECTRICOS	11848	TRANSFORMADOR TIPO PEDESTAL PARA AP DE 45 KVA 11.4/0.380-0.220KV EN ACEITE VEGETAL.	UN	58383497
Demanda	CABLES Y ACCESORIOS ELECTRICOS	11849	TRANSFORMADOR TIPO PEDESTAL PARA AP DE 45 KVA 11.4/0.208-0.120KV EN ACEITE VEGETAL.	UN	6450676
Demanda	CABLES Y ACCESORIOS ELECTRICOS	11850	TRANSFORMADOR TIPO PEDESTAL PARA AP DE 75 KVA 11.4/0.208-0.120KV EN ACEITE VEGETAL.	UN	8888529
Demanda	CABLES Y ACCESORIOS ELECTRICOS	11851	TRANSFORMADOR TIPO PEDESTAL PARA AP DE 150 KVA 11.4/0.208-0.120KV EN ACEITE VEGETAL.	UN	13889897
Demanda	POSTES Y ALUMBRADO PUBLICO	11854	LUMINARIA LED RALED II RA02SII 16 LED 72 W	UN	1476510
Demanda	MALLAS Y ACEROS PARA REFUERZO	11856	MALLA ELECTROSOLDADA S=150x150mm, Ø=8.5x8.5mm	KG	6069
Demanda	POSTES Y ALUMBRADO PUBLICO	11862	LUMINARIA LED RALED II 192L T2 103W	UN	1844500
Demanda	POSTES Y ALUMBRADO PUBLICO	11863	LUMINARIA LED  RALED I 64 LED . T2. 37W.	UN	1273300
Demanda	CABLES Y ACCESORIOS ELECTRICOS	11864	CAJA METALICA PARA DERIVACION ET 925	UN	349645
Demanda	DUCTOS PVC - ELECTRICOS/TELEFONICOS TIPO TDP-DB-EB	11865	TUBERÍA DE CORAZA METÁLICA FLEXIBLE 2"	ML	19671
Demanda	DUCTOS PVC - ELECTRICOS/TELEFONICOS TIPO TDP-DB-EB	11866	TUBERÍA DE CORAZA METÁLICA FLEXIBLE 3/4"	ML	8736
Demanda	POSTES Y ALUMBRADO PUBLICO	11869	LUMINARIA LED  RALED IIRA02SII  32 LED 72W	UN	1476510
Demanda	BORDILLOS Y LOSETAS	11870	LOSETA PREFABRICADA EN CONCRETO MACIZO LISA A20 GRIS (20x20x6cm)	UN	3734
Demanda	SEÑALES, BARRERAS Y DEMARCACIÓN VIAL	11871	BORRADO SEÑALIZACIÓN VIAL TIPO FRESADO CON MÁQUINA BERTELLI O SIMILAR (M2)	M2	67582
Demanda	ENSAYO LABORATORIO - ACERO ESTRUCTURAL	11872	METODOS DE PRUEBA ESTANDAR PARA ENSAYO DE FLEXION DE MATERIALES PARA DETERMINAR LA DUCTILIDAD. (FLEXION DE ACERO ESTRUCTURAL). Norma técnica: ASTM E290-22	UN	208847
Demanda	ENSAYO LABORATORIO - ALUMINIO	11873	ENSAYO DE FATIGA POR ACEPTACION PARA PISOS EN ALUMINIO DE PUENTES PEATONALES PROTOTIPO PARA BOGOTA. Norma técnica: Protocolo CTO IDU-791-17	UN	7373000
Demanda	ENSAYO LABORATORIO - ALUMINIO	11874	ENSAYO DE PUNZONAMIENTO SIMPLE PARA PISOS EN ALUMINIO DE PUENTES PEATONALES PROTOTIPO PARA BOGOTA. Norma técnica: Protocolo CTO IDU-791-17	UN	744000
Demanda	ENSAYO LABORATORIO - CONCRETO PRETENSADO	11875	ENSAYO DE FATIGA POR ACEPTACION PARA PISOS EN CONCRETO DE PUENTES PEATONALES PROTOTIPO PARA BOGOTA. Norma técnica: Protocolo CTO IDU-791-17	UN	6583000
Demanda	ENSAYO LABORATORIO - NEOPRENO	11876	METODO DE ENSAYO NORMALIZADO PARA TEMPERATURA DE FRAGILIDAD DE PLASTICOS Y ELASTOMEROS POR IMPACTO. Norma técnica: NTC-3336-98 ASTM D746-24	UN	452200
Demanda	ENSAYO LABORATORIO - PINTURA	11877	RECUBRIMIENTO RICO EN ZINC TIPO I, INORGANICO Y TIPO II ORGANICO (PORCENTAJE MINIMO DE ZINC). Norma técnica: SSPC-PAINT20-19	UN	165334
Demanda	ENSAYO LABORATORIO - PLÁSTICO RÍGIDO	11878	ENSAYO DE PUNZONAMIENTO SIMPLE PARA PISOS EN PLASTICO RIGIDO DE PUENTES PEATONALES PROTOTIPO PARA BOGOTA. Norma técnica: Protocolo CTO IDU-791-17	UN	476000
Demanda	ENSAYO LABORATORIO - COMPONENTE DE ESPACIO PÚBLICO	11880	METODOS PARA MUESTREO Y ENSAYOS DE UNIDADES DE MAMPOSTERIA Y OTROS PRODUCTOS DE ARCILLA (COEFICIENTE DE SATURACION). Norma Técnica: NTC-4017-18 numeral 10.4.4	UN	77350
Demanda	ENSAYO LABORATORIO - COMPONENTE DE ESPACIO PÚBLICO	11881	RESISTENCIA DEL CONCRETO A LA ABRASION MEDIANTE CHORRO DE ARENA (SANDBLASTING). Norma Técnica: INVE-425-13 ASTM C418-20	UN	103669
Demanda	BORDILLOS Y LOSETAS	11882	PIEZA DE REMATE CURVA A117 PARA RAMPA TIPO C (600x400x450mm)	UN	113162
Demanda	BORDILLOS Y LOSETAS	11883	SARDINEL ESPECIAL A116 PARA RAMPA TIPO C (600x600x350mm)	UN	121836
Demanda	BORDILLOS Y LOSETAS	11885	PIEZA DE REMATE A115 PARA RAMPA VEHICULAR TIPO B (600x400x450mm)	UN	108000
Demanda	ACCESORIOS HD PARA REDES DE ACUEDUCTO	11886	TEE HD E.L. D=3" x 3"	UN	342720
Demanda	ACCESORIOS HD PARA REDES DE ACUEDUCTO	11887	KIT DE NIVELACION PARA HIDRANTE TIPO TRAFICO D=3" LONGITUD 300mm	UN	913920
Demanda	SEÑALES, BARRERAS Y DEMARCACIÓN VIAL	11888	SEÑAL VERTICAL PREVENTIVA SP-46B TIPO CUADRADO CON FLECHA. Lámina galvanizada Cal. 16, Ángulo de 2x14. Reflectivo diamante tipo XI, verde limón. Pintura electrostática.	UN	643554
Demanda	CANAL DE DRENAJE	11889	CANAL DE DRENAJE MONOLÍTICO EN CONCRETO POLIMÉRICO RD 100V, CLASE F900, COLOR NATURAL, H=26.5cm A=16cm, Long=100cm (Incluye rejilla).	UN	834085
Demanda	CANAL DE DRENAJE	11890	CANAL DE DRENAJE MONOLÍTICO EN CONCRETO POLIMÉRICO RD 150V  0.0, CLASE F900, COLOR NATURAL, H=28cm A=21cm, Long=100cm (Incluye rejilla).	UN	847808
Demanda	CANAL DE DRENAJE	11891	CANAL DE DRENAJE MONOLÍTICO EN CONCRETO POLIMÉRICO RD 150V 10.0, CLASE F900, COLOR NATURAL, H=38cm A=21cm, Long=100cm (Incluye rejilla).	UN	964431
Demanda	AMBIENTAL	11893	CUERDA NYLON D= 3mm	ML	952
Demanda	ACTIVIDADES A TODO COSTO	11894	PERFORACIÓN HORIZONTAL PARA DUCTO DE POLIETILENO D=4", INCL. TUBERÍA (INCL. SUMINISTRO E INSTALACIÓN)	ML	529880
Demanda	ACCESORIOS HD PARA REDES DE ACUEDUCTO	11895	VÁLVULA DE PIE ANTIGOLPE DE ARIETE - BRONCE D= 3".	UN	664823
Demanda	SOLDADURA,  PEGANTES Y LIMPIADORES	11896	SOLDADURA SOLVENTE PARA CPVC (1/8 GLN)	UN	77700
Demanda	TUBERIAS Y ACCESORIOS DE PVC - ACUEDUCTO	11897	TUBERIA CPVC D=3/4"	ML	17100
Demanda	TUBERIAS Y ACCESORIOS DE PVC - ACUEDUCTO	11898	TUBERIA CPVC D=1/2"	ML	10404
Demanda	TUBERIAS Y ACCESORIOS DE PVC - ACUEDUCTO	11899	CODO 90° CPVC E.L. D=3/4"	UN	4202
Demanda	TUBERIAS Y ACCESORIOS DE PVC - ACUEDUCTO	11903	UNION CPVC D=1/2"	UN	1689
Demanda	TUBERIAS Y ACCESORIOS DE PVC - ACUEDUCTO	11904	UNION CPVC D=3/4"	UN	2493
Demanda	TUBERIAS Y ACCESORIOS DE PVC - ACUEDUCTO	11905	CODO 90° CPVC E.L. D=1/2"	UN	2324
Demanda	TUBERIAS Y ACCESORIOS DE PVC - ACUEDUCTO	11906	TEE CPVC D=1/2"	UN	3084
Demanda	TUBERIAS Y ACCESORIOS DE PVC - ACUEDUCTO	11907	TEE CPVC D=3/4"	UN	4884
Demanda	TUBERIAS Y ACCESORIOS DE PVC - ACUEDUCTO	11908	ADAPTADOR HEMBRA CPVC D=3/4"	UN	4837
Demanda	TUBERIAS Y ACCESORIOS DE PVC - ACUEDUCTO	11909	ADAPTADOR MACHO CPVC D=3/4"	UN	3111
Demanda	TUBERIA Y ACCESORIOS EN ACERO GALVANIZADO	11910	CODO ACERO GALVANIZADO 90° D=1/2"	UN	3134
Demanda	TUBERIAS Y ACCESORIOS DE PVC - ACUEDUCTO	11911	ADAPTADOR HEMBRA CPVC D=1/2"	UN	3968
Demanda	TUBERIA Y ACCESORIOS EN ACERO GALVANIZADO	11912	NIPLE ACERO GALVANIZADO D=1/2" L=80MM	UN	3396
Demanda	TUBERIA Y ACCESORIOS EN ACERO GALVANIZADO	11913	TAPON ACERO GALVANIZADO D=1/2"	UN	2507
Demanda	TUBERÍA Y ACCESORIOS DE PVC PARA ALCANTARILLADO	11914	BUJE SOLDADO SANITARIA PVC D=4" x 2"	UN	14595
Demanda	TUBERÍA Y ACCESORIOS DE PVC PARA ALCANTARILLADO	11915	BUJE SOLDADO SANITARIA PVC D=6" x 4"	UN	54870
Demanda	TUBERÍA Y ACCESORIOS DE PVC PARA ALCANTARILLADO	11916	YEE REDUCIDA PVC SANITARIA D=6" x 4"	UN	180228
Demanda	CABLES Y ACCESORIOS ELECTRICOS	11918	INTERRUPTORTRIPLE CONMUTABLE BLANCO	UN	13700
Demanda	ARBOLES-GRAMAS-VEGETACIÓN Y PLANTACIÓN PAISAJÍSTIC	11919	PODA DE ESPECÍMENES MENORES A 5M (Incluye mano de obra)	UN	232050
Demanda	ARBOLES-GRAMAS-VEGETACIÓN Y PLANTACIÓN PAISAJÍSTIC	11920	PODA RADICULAR (Incl. MdeO) Poda de raíz de especímenes de Rango 1. Incl. poda, aplicación de cicatrizante, astillado de residuos, limpieza del lugar, transporte y disposición final de residuos e info	UN	256395
Demanda	ARBOLES-GRAMAS-VEGETACIÓN Y PLANTACIÓN PAISAJÍSTIC	11921	RIEGO DE ÁRBOL (Se aplica dosis de 40 litros por árbol)	UN	8981
Demanda	ARBOLES-GRAMAS-VEGETACIÓN Y PLANTACIÓN PAISAJÍSTIC	11922	PODA DE ESPECÍMENES MAYORES A 5M (Incluye mano de obra)	UN	279650
Demanda	ARBOLES-GRAMAS-VEGETACIÓN Y PLANTACIÓN PAISAJÍSTIC	11923	FERTILIZACIÓN EDÁFICA (Incluye mano de obra). Aplicación de 100 gramos de fertilizante por árbol.	UN	12491
Demanda	ARBOLES-GRAMAS-VEGETACIÓN Y PLANTACIÓN PAISAJÍSTIC	11924	PODA RADICULAR (Incl. MdeO) Poda de raíz de especímenes de Rango 2. Incl. poda, aplicación de cicatrizante, astillado de residuos, limpieza del lugar, transporte y disposición final de residuos e info	UN	256395
Demanda	BORDILLOS Y LOSETAS	11925	BORDILLO NO TRASPASABLE (Separador de Carril no rebasable) EN POLIETILENO DE ALTA DENSIDAD SIN PLOMO DE COLOR AMARILLO, SECCIONADO EN DOS UNIDADES, ALTURA MÍNIMA 15 cm, ANCHO 20 cm y LARGO 100 cm	UN	146155
Demanda	SEÑALES, BARRERAS Y DEMARCACIÓN VIAL	11926	SEÑAL VERTICAL PREVENTIVA DE (60cm x 60cm) EN REFLECTIVO DE ALTA INTENSIDAD TIPO IV O SUPERIOR Y LÁMINA GALVANIZADA CAL. 16, INCLUYE PEDESTAL EN ÁNGULO	UN	470640
Demanda	SEÑALES, BARRERAS Y DEMARCACIÓN VIAL	11927	SEÑAL VERTICAL PREVENTIVA DE (45cm x 45cm) EN REFLECTIVO DE ALTA INTENSIDAD TIPO IV O SUPERIOR Y LÁMINA GALVANIZADA CAL. 16, INCLUYE TUBO GALVANIZADO DE 2" DE DIÁMETRO INTERNO	UN	327356
Demanda	SEÑALES, BARRERAS Y DEMARCACIÓN VIAL	11928	SEÑAL VERTICAL PREVENTIVA DE (60cm x 60cm) CON PLAQUETA (ALTO MÁXIMO DE 23cm) EN REFLECTIVO DE ALTA INTENSIDAD TIPO IV O SUPERIOR Y LÁMINA GALVANIZADA CAL. 16, INCLUYE PEDESTAL EN ÁNGULO	UN	557014
Demanda	SEÑALES, BARRERAS Y DEMARCACIÓN VIAL	11929	SEÑAL VERTICAL INFORMATIVA DE (60cm x 60cm) EN REFLECTIVO DE ALTA INTENSIDAD TIPO IV O SUPERIOR Y LÁMINA GALVANIZADA CAL. 16, INCLUYE PEDESTAL EN ÁNGULO	UN	470640
Demanda	SEÑALES, BARRERAS Y DEMARCACIÓN VIAL	11930	SEÑAL VERTICAL GRUPO DE REGLAMENTARIAS TIPO CIRCULO D=45cm. INCLUYE SUMINISTRO E INSTALACION.	UN	438683
Demanda	CABLES Y ACCESORIOS ELECTRICOS	11936	TRANSFORMADOR SEMISUMERGIBLE 112,5 KVA 11,4K/208-120V	UN	26665784
Demanda	TUBERIAS Y ACCESORIOS DE PVC - ACUEDUCTO	11939	BUJE SOLDADO PRESION PVC D= 2" x 3/4"	UN	8288
Demanda	TUBERIAS Y ACCESORIOS DE PVC - ACUEDUCTO	11940	REGISTRO BOLA PVC 3" TIPO PESADO	UN	135900
Demanda	TUBERIAS Y ACCESORIOS DE PVC - ACUEDUCTO	11941	BUJE SOLDADO PRESION CPVC D=3/4" x 1/2"	UN	2210
Demanda	ACCESORIOS HD PARA REDES DE ACUEDUCTO	11942	TEE HD E.L. D=2" x 2"	UN	191590
Demanda	TUBERIAS Y ACCESORIOS DE PVC - ACUEDUCTO	11943	REGISTRO BOLA PVC 4" TIPO PESADO	UN	158900
Demanda	TUBERIAS Y ACCESORIOS DE PVC - ACUEDUCTO	11944	CODO 45° PVC E.L. D=3/4"	UN	2497
Demanda	TUBERIAS Y ACCESORIOS DE PVC - ACUEDUCTO	11945	UNION PVC E.L. D=1 1/2". NORMA NTC 382	UN	3913
Demanda	TUBERIAS Y ACCESORIOS DE PVC - ACUEDUCTO	11946	UNION PVC E.L. D=3/4". NORMA NTC 382	UN	956
Demanda	TUBERIAS Y ACCESORIOS DE PVC - ACUEDUCTO	11947	BUJE SOLDADO PRESION PVC D= 1 1/4" x 1/2"	UN	3512
Demanda	TUBERIAS Y ACCESORIOS DE PVC - ACUEDUCTO	11948	BUJE SOLDADO PRESION PVC D= 2" x 1 1/4"	UN	8288
Demanda	TUBERIAS Y ACCESORIOS DE PVC - ACUEDUCTO	11949	BUJE SOLDADO PRESION PVC D= 2" x 1"	UN	8288
Demanda	TUBERÍA Y ACCESORIOS CONDUIT GALVANIZADAS	11950	COPA REDUCIDA GALVANIZADA HD 2" x 3/4"	UN	9785
Demanda	ACCESORIOS HD PARA REDES DE ACUEDUCTO	11951	UNIÓN BRIDA x ACOPLE UNIVERSAL 3"	UN	220150
Demanda	ACCESORIOS HD PARA REDES DE ACUEDUCTO	11952	UNIÓN BRIDA x ACOPLE UNIVERSAL 4"	UN	242760
Demanda	TUBERÍA Y ACCESORIOS CONDUIT GALVANIZADAS	11953	JUNTA ANTIVIBRATORIA D= 4"	UN	328572
Demanda	ACCESORIOS HD PARA REDES DE ACUEDUCTO	11954	PASAMURO ACERO INOXIDABLE D= 1 1/2" x 50cm PARA TUBO DE 1"	UN	177111
Demanda	ACCESORIOS HD PARA REDES DE ACUEDUCTO	11955	PASAMURO ACERO INOXIDABLE D= 4" x 50cm PARA TUBO DE 3"	UN	421628
Demanda	ACCESORIOS HD PARA REDES DE ACUEDUCTO	11956	MANÓMETRO DE PRESIÓN 0 - 200 PSI	UN	75829
Demanda	ACCESORIOS HD PARA REDES DE ACUEDUCTO	11958	PASAMURO ACERO INOXIDABLE D= 2 1/2" x 50cm PARA TUBO DE 2"	UN	296066
Demanda	TUBERIAS Y ACCESORIOS DE PVC - ACUEDUCTO	11960	ADAPTADOR MACHO CPVC D=1/2"	UN	2530
Demanda	LADRILLOS, BLOQUES Y ADOQUINES	11961	BLOQUE No. 3	UN	1350
Demanda	CABLES Y ACCESORIOS ELECTRICOS	11965	TRANSFORMADOR SEMISUMERGIBLE 300 KVA 11,4K/208-120V	UN	36877567
Demanda	AGREGADOS PÉTREOS, BASES Y SUBBASES GRANULARES	11968	BASE GRANULAR CLASE A (BGA_BG38)	M3	121380
Demanda	AGREGADOS PÉTREOS, BASES Y SUBBASES GRANULARES	11969	AGREGADOS RECICLADOS PARA SUBBASE GRANULAR (AR_SBG50)	M3	101526
Demanda	CANAL DE DRENAJE	11972	  CANAL DE DRENAJE MONOLÍTICO Y REJA EN CONCRETO POLIMÉRICO RD 150V 20.0, F900, H=48cm, A=21cm, Long.=100cm. Resume estos datos	UN	1252256
Demanda	CANAL DE DRENAJE	11973	CANAL DE DRENAJE MONOLÍTICO Y REJA EN CONCRETO POLÍMERICO PD 100V, D400, H=23cm, A=15cm, Long.=100cm.	UN	545745
Demanda	CANAL DE DRENAJE	11974	CANAL DE DRENAJE MONOLÍTICO Y REJA EN CONCRETO POLÍMERICO RD 200V 0.0,F900, H=33cm, A=26cm, Long.=100cm.	UN	1240911
Demanda	ACCESORIOS HD PARA REDES DE ACUEDUCTO	11977	TAPON HD J.H. D=3"	UN	153510
Demanda	ACCESORIOS HD PARA REDES DE ACUEDUCTO	11978	TEE HD J.H. D=10" x 6"	UN	2216970
Demanda	ACCESORIOS HD PARA REDES DE ACUEDUCTO	11979	CODO HD J.H. PARA PVC 22.5° D=2"	UN	135660
Demanda	ARBOLES-GRAMAS-VEGETACIÓN Y PLANTACIÓN PAISAJÍSTIC	11981	PLANTACIÓN DE CARISECO H= 1.5 m. (Incluye suministro al sitio de obra, plantacion, aplicación y mezcla de sustrato, tutor y amarre. Incluye transporte y disposición final de sobrantes en sitio autorizado a 28 Kms).	UN	204483
Demanda	ARBOLES-GRAMAS-VEGETACIÓN Y PLANTACIÓN PAISAJÍSTIC	11982	PLANTACION DE PALMA ALEJANDRA H= 1.5 m. (Incluye suministro al sitio de obra, plantacion, aplicación y mezcla de sustrato, tutor, amarre, incluye transporte y disposición final de sobrantes en sitio autorizado a 28 km).	UN	324685
Demanda	ARBOLES-GRAMAS-VEGETACIÓN Y PLANTACIÓN PAISAJÍSTIC	11983	PLANTACION DE SIETECUEROS H= 1.5 m. (Incluye suministro al sitio de obra, plantacion, aplicación y mezcla de sustrato, tutor y amarre. Incluye transporte y disposición final de sobrantes en sitio autorizado a 28 km).	UN	232050
Demanda	MATERIALES BÁSICOS	11984	CLORURO DE CALCIO (En perlas)	KG	10000
Demanda	ARBOLES-GRAMAS-VEGETACIÓN Y PLANTACIÓN PAISAJÍSTIC	11987	PLANTACION DE CUCHARO H= 1.5 m. (Incluye suministro al sitio de obra, plantacion, aplicación y mezcla de sustrato, tutor y amarre. Incluye transporte y disposición final de sobrantes en sitio autorizado a 28 km).	UN	153259
Demanda	SEÑALES, BARRERAS Y DEMARCACIÓN VIAL	11988	TELA PARA CERRAMIENTO 55 gr/m2, COLOR BLANCO, ANCHO = 2.10m	ML	2990
Demanda	SELLANTES-IMPERMEABILIZANTES Y ADITIVOS CONCRETOS	11989	ESPUMA DE POLIETILENO, ANCHO = 1.00 m,  ESPESOR = 5 mm	ML	4800
Demanda	ARBOLES-GRAMAS-VEGETACIÓN Y PLANTACIÓN PAISAJÍSTIC	11990	HELECHO MACHO H=1.0 m. (Incluye suministro al sitio de obra)	UN	132637
Demanda	ACTIVIDADES A TODO COSTO	11991	PERFORACIÓN HORIZONTAL PARA DUCTO DE POLIETILENO D=6", INCLUYE TUBERÍA (Incluye suministro e instalación)	ML	757125
Demanda	ACTIVIDADES A TODO COSTO	11992	PERFORACIÓN HORIZONTAL PARA DUCTO DE POLIETILENO D=12", INCLUYE TUBERÍA (Incluye suministro e instalación)	ML	1999200
Demanda	DUCTOS PVC - ELECTRICOS/TELEFONICOS TIPO TDP-DB-EB	11993	ADAPTADOR TERMINAL CAMPANA PVC D=2" 	UN	6000
Demanda	TUBERÍA Y ACCESORIOS EN POLIETILENO	11994	TEE PE 6"x6" - PE100, PN 16 - RDE 11	UN	645934
Demanda	TUBERÍA Y ACCESORIOS EN POLIETILENO	11995	REDUCCIÓN CONCÉNTRICA 6"X4" - PE100 - PN16 - RDE 11	UN	226474
Demanda	ACCESORIOS HD PARA REDES DE ACUEDUCTO	11996	TAPON HD J.H. D=12"	UN	1711220
Demanda	AGREGADOS PÉTREOS, BASES Y SUBBASES GRANULARES	11997	BASE GRANULAR CLASE B (BGB_BG38)	M3	121380
Demanda	SEÑALES, BARRERAS Y DEMARCACIÓN VIAL	11998	BARRERA DE SEGURIDAD - SEPARADOR CICLORUTA TIPO A-165 SIN ANCLAJE (0.53m x 0.60m x 1.50m) COLOR GRIS RESISTENCIA CONCRETO 28 Mpa	UN	92996
Demanda	ELEMENTOS DE BIOSEGURIDAD	12002	ALCOHOL ANTISÉPTICO (ALCOHOL AL 70%). (Según Apéndice Bioseguridad Covid 19)	GLN	27000
Demanda	ELEMENTOS DE BIOSEGURIDAD	12003	TOALLAS DE PAPEL PARA MANOS. TIPO Z.  DOBLE HOJA. (PAQUETE 150 HOJAS)_(Según Apéndice Bioseguridad Covid 19)	UN	8287
Demanda	ELEMENTOS DE BIOSEGURIDAD	12004	DISPENSADOR PLÁSTICO DE TOALLAS TIPO Z._(Según Apéndice Bioseguridad Covid 19)	UN	59235
Demanda	ELEMENTOS DE BIOSEGURIDAD	12005	MESA PLÁSTICA DE 0.72m x 0.72m x 0.72m._(Según Apéndice Bioseguridad Covid 19)	UN	107900
Demanda	ELEMENTOS DE BIOSEGURIDAD	12006	TERMOMETRO INFRARROJO PARA USO EN HUMANOS, LIBRE DE CONTACTO, IMPERMEABLE. (Según Apéndice Bioseguridad Covid 19)	UN	78100
Demanda	ELEMENTOS DE BIOSEGURIDAD	12010	JABÓN LIQUIDO PARA MANOS._(Según Apéndice Bioseguridad Covid 19)	GLN	26000
Demanda	ELEMENTOS DE BIOSEGURIDAD	12011	LAVAMANOS PORTÁTIL EN ACERO INOXIDABLE CON DOS TANQUES PARA AGUA LIMPIA Y RESIDUAL DE 20 LT C/U_ (Según Apéndice Bioseguridad Covid 19)	UN	1100000
Demanda	ELEMENTOS DE BIOSEGURIDAD	12015	GEL ANTIBACTERIAL Antiséptico para manos sin enjuague, a base de glicerina, alcohol antiséptico al 70%, contenido máx. de agua 30%._(Según Apéndice Bioseguridad Covid 19)	LT	13500
Demanda	ELEMENTOS DE BIOSEGURIDAD	12017	FUMIGADORA DE ESPALDA. ASPERSOR BOMBA MANUAL 20 LITROS. DESINFECCIÓN._ (Según Apéndice Bioseguridad Covid 19)	UN	129900
Demanda	ELEMENTOS DE BIOSEGURIDAD	12019	BIG BAG TELA POLIPROPILENO R220 GM/2 Rollo de 100m-100cm x 100cm x 160cm Solapa/Fondo Ciego. Reata 25/30 blancos	UN	59417
Demanda	TRANSPORTES DE MATERIALES Y ACARREOS	12020	CARGUE, TRANSPORTE Y DISPOSICIÓN FINAL DE MADERA.	M3	29691
Demanda	TRANSPORTES DE MATERIALES Y ACARREOS	12021	CARGUE, TRANSPORTE Y DISPOSICIÓN FINAL DE RESIDUOS TIPO AGLOMERADO Y GUADUA.	KG	1071
Demanda	ELEMENTOS DE BIOSEGURIDAD	12022	OVEROL TYVEK BLANCO	UN	32900
Demanda	ELEMENTOS DE BIOSEGURIDAD	12023	RESPIRADOR ELASTOMÉRICO MEDIA CARA	UN	62475
Demanda	ELEMENTOS DE BIOSEGURIDAD	12024	FILTRO P-100 PARTÍCULAS S/ACEITE HUMOS METÁLICOS VAPORES	PAR	39000
Demanda	ELEMENTOS DE BIOSEGURIDAD	12025	MONOGAFAS CON VENTILACIÓN DIRECTA	PAR	11100
Demanda	ELEMENTOS DE BIOSEGURIDAD	12026	GORRO DESECHABLE COFIA BLANCO	UN	268
Demanda	ELEMENTOS DE BIOSEGURIDAD	12027	VYNIPEL DE 50cm x 50cm CALIBRE 6	ROLLO	34140
Demanda	ELEMENTOS DE BIOSEGURIDAD	12028	DISPOSICIÓN FINAL DE RESIDUOS PELIGROSOS (MATERIALES CON CARACTERÍSTICAS DE PELIGROSIDAD TÓXICA, CORROSIVO, INFLAMABLES, EXPLOSIVOS Y/O ESPECIALES (RESIDUOS APROVECHABLES MEZCLADOS, COLCHONES, SOFÁS, FIBRAS DE VIDRIO Y BOLSAS DE CEMENTOS)	KG	2118
Demanda	ELEMENTOS DE BIOSEGURIDAD	12029	PETO PVC	UN	24364
Demanda	ELEMENTOS DE BIOSEGURIDAD	12030	CANECA PLÁSTICA CON TAPA 60 LTS	UN	65000
Demanda	ELEMENTOS DE BIOSEGURIDAD	12031	TAPABOCAS N95 SIN FILTRO. (Según Apéndice Bioseguridad Covid 19)	UN	2800
Demanda	ELEMENTOS DE BIOSEGURIDAD	12039	TAPABOCAS DESECHABLE. _(Según Apéndice Bioseguridad Covid 19)	UN	336
Demanda	ELEMENTOS DE BIOSEGURIDAD	12040	HIPOCLORITO AL 5%._ (Según Apéndice Bioseguridad Covid 19)	LT	2800
Demanda	TUBERÍA Y ACCESORIOS EN POLIETILENO	12043	TEE PE 12"X6" PE100, PN16 - RDE 11	UN	3440464
Demanda	MATERIALES DE FERRETERÍA Y OTROS	12045	ANGEO PLÁSTICO	M2	1642
Demanda	MATERIALES DE FERRETERÍA Y OTROS	12046	TRAGANTE CÚPULA CONCÉNTRICA DE 8"x 6" EN ALUMINIO	UN	148043
Demanda	ARBOLES-GRAMAS-VEGETACIÓN Y PLANTACIÓN PAISAJÍSTIC	12048	ABONO ORGÁNICO COMPOST (No incluye transporte)	KG	17751
Demanda	MARCOS, TAPAS, REJILLAS, HERRAJES Y CAJILLAS	12050	REJA TIPO PASARELA FUNDICIÓN CLASE DE CARGA C250, Long=500 mm, H=22 mm, Ancho=323 mm	UN	471796
Demanda	TUBERÍA Y ACCESORIOS DE PVC PARA ALCANTARILLADO	12051	TUBERIA PVC SANITARIA D=10"	ML	226632
Demanda	TUBERÍA Y ACCESORIOS DE PVC PARA ALCANTARILLADO	12052	TEE PVC SANITARIA D=6"	UN	236284
Demanda	SELLANTES-IMPERMEABILIZANTES Y ADITIVOS CONCRETOS	12058	LÍQUIDO INHIBIDOR PASIVADOR DE CORROSIÓN DEL CONCRETO REFORZADO	KG	6526
Demanda	ACCESORIOS HD PARA REDES DE ACUEDUCTO	12059	VÁLVULA CHEQUE DE 2" CLASE 300.	UN	425987
Demanda	PINTURAS	12090	RECUBRIMIENTO EPÓXICO DE ALTA RESISTENCIA QUÍMICA INSENSIBLE A LA HUMEDAD	KG	160155
Demanda	DUCTOS PVC - ELECTRICOS/TELEFONICOS TIPO TDP-DB-EB	12091	SEPARADORES (ESPACIADOR) DE DUCTERÍA PARA 2 TUBOS DE Ø2" UNA Y DOBLE CARA	UN	8330
Demanda	DUCTOS PVC - ELECTRICOS/TELEFONICOS TIPO TDP-DB-EB	12092	SEPARADORES (ESPACIADOR) DE DUCTERÍA PARA 4 TUBOS DE Ø2" UNA Y DOBLE CARA	UN	14280
Demanda	DUCTOS PVC - ELECTRICOS/TELEFONICOS TIPO TDP-DB-EB	12093	SEPARADORES (ESPACIADOR) DE DUCTERÍA PARA 6 TUBOS DE Ø2" UNA Y DOBLE CARA	UN	21420
Demanda	DUCTOS PVC - ELECTRICOS/TELEFONICOS TIPO TDP-DB-EB	12094	SEPARADORES (ESPACIADOR) DE DUCTERÍA PARA 8 TUBOS DE Ø2" UNA Y DOBLE CARA	UN	26180
Demanda	DUCTOS PVC - ELECTRICOS/TELEFONICOS TIPO TDP-DB-EB	12095	SEPARADORES (ESPACIADOR) DE DUCTERÍA PARA 2 TUBOS DE Ø4" UNA Y DOBLE CARA	UN	9520
Demanda	DUCTOS PVC - ELECTRICOS/TELEFONICOS TIPO TDP-DB-EB	12096	SEPARADORES (ESPACIADOR) DE DUCTERÍA PARA 4 TUBOS DE Ø4" UNA Y DOBLE CARA	UN	16660
Demanda	DUCTOS PVC - ELECTRICOS/TELEFONICOS TIPO TDP-DB-EB	12097	SEPARADORES (ESPACIADOR) DE DUCTERÍA PARA 6 TUBOS DE Ø4" UNA Y DOBLE CARA	UN	29750
Demanda	DUCTOS PVC - ELECTRICOS/TELEFONICOS TIPO TDP-DB-EB	12098	SEPARADORES (ESPACIADOR) DE DUCTERÍA PARA 8 TUBOS DE Ø4" UNA Y DOBLE CARA	UN	32130
Demanda	CANAL DE DRENAJE	12229	TAPA CIEGA INICIO PARA CANAL DE INSPECCIÓN DE DRENAJE RD 200V 0.0, CLASE F900, COLOR NATURAL, H= 33cm, A= 26cm	UN	510345
Demanda	LADRILLOS, BLOQUES Y ADOQUINES	12234	BLOQUE DE CEMENTO MACIZO 4.2MPA VERDE DE 6X10X20 cm.	UN	2350
Demanda	SELLANTES-IMPERMEABILIZANTES Y ADITIVOS CONCRETOS	12235	MICROFIBRA SINTÉTICA MULTIFILAMENTO  DE POLIPROPILENO	KG	55692
Demanda	ENSAYO LABORATORIO - PINTURA	12236	METODO DE ENSAYO PARA LA RESISTENCIA A LA TRACCION DE RECUBRIMIENTOS, UTILIZANDO PROBADORES PORTATILES DE ADHERENCIA. Norma Técnica: NTC-3916-96 ASTM D4541-22	UN	241770
Demanda	ENSAYO LABORATORIO - ALUMINIO	12237	DEFINICIONES Y METODOS PARA LOS ENSAYOS MECANICOS DE PRODUCTOS DE ACERO (TRACCION DE LAMINA EN ALUMINIO). Norma Técnica: NTC-3353-24 ASTM E8/E8M-24	UN	134884
Demanda	ENSAYO LABORATORIO - ALUMINIO	12238	METODOS DE PRUEBA ESTANDAR PARA PRUEBAS DE FLEXION DE MATERIALES PARA DETERMINAR SU DUCTILIDAD (FLEXION DE LAMINA EN ALUMINIO). Norma Técnica: ASTM E290-22	UN	159460
Demanda	AGREGADOS PÉTREOS, BASES Y SUBBASES GRANULARES	12239	SUBBASE GRANULAR PEA CLASE A - (SBG_PEA_A_50)	M3	80920
Demanda	AGREGADOS PÉTREOS, BASES Y SUBBASES GRANULARES	12240	SUBBASE GRANULAR PEA CLASE A - (SBG_PEA_A_64)	M3	80920
Demanda	AGREGADOS PÉTREOS, BASES Y SUBBASES GRANULARES	12241	SUBBASE GRANULAR PEA CLASE B - (SBG_PEA_B_50)	M3	80920
Demanda	AGREGADOS PÉTREOS, BASES Y SUBBASES GRANULARES	12243	SUBBASE GRANULAR PEA CLASE B - (SBG_PEA_B_64)	M3	80920
Demanda	AGREGADOS PÉTREOS, BASES Y SUBBASES GRANULARES	12244	MATERIAL MARGINAL	M3	19969
Demanda	AGREGADOS PÉTREOS, BASES Y SUBBASES GRANULARES	12245	AGREGADOS RECICLADOS PARA BASE GRANULAR (AR_BG38)	M3	121380
Demanda	AGREGADOS PÉTREOS, BASES Y SUBBASES GRANULARES	12246	AGREGADOS RECICLADOS PARA BASE GRANULAR (AR_BG25)	M3	121380
Demanda	AGREGADOS PÉTREOS, BASES Y SUBBASES GRANULARES	12247	AGREGADOS RECICLADOS PARA SUBBASE GRANULAR PEA (AR_SBG_PEA50)	M3	80920
Demanda	AGREGADOS PÉTREOS, BASES Y SUBBASES GRANULARES	12248	AGREGADOS RECICLADOS PARA SUBBASE GRANULAR PEA (AR_SBG_PEA64)	M3	80920
Demanda	MATERIALES BÁSICOS	12249	GRANO DE CAUCHO RECICLADO (GCR)	KG	3000
Demanda	CONCRETOS Y MORTEROS PREMEZCLADOS	12250	CONCRETO AUTOCOMPACTANTE 3500 PSI 24 Mpa (245 Kg/cm2)	M3	678771
Demanda	CONCRETOS Y MORTEROS PREMEZCLADOS	12251	CONCRETO AUTOCOMPACTANTE 4000 PSI 28 Mpa (280 Kg/cm2)	M3	687324
Demanda	CONCRETOS Y MORTEROS PREMEZCLADOS	12252	CONCRETO AUTOCOMPACTANTE 6000 PSI 44 Mpa (420 Kg/cm2)	M3	844781
Demanda	ENSAYO CAMPO - DIAGNOSTICO DE PAVIMENTOS	12255	LEVANTAMIENTO DE FALLAS EN VIAS CON SUPERFICIE EN AFIRMADO EN ZONA RURAL, CON EQUIPO DE ALTO RENDIMIENTO MEDIANTE CAPTURA DE IMAGENES DE ALTA RESOLUCION O SISTEMA LASER, Y DETERMINACION DEL INDICE DE CONDICION DE VIAS SIN SUPERFICIE-URCI. Incluye movilización, carro escolta del equipo, toma de información, procesamiento, entrega del inventario de fallas y cálculo del valor del URCI. Norma Técnica: TM-5-626-95 (afirmados)	Km-Car	356584
Demanda	ENSAYO LABORATORIO - SUELOS	12257	RESISTENCIA A LA COMPRESION INCONFINADA DE MEZCLAS COMPACTADAS DE SUELO-CAL (CON MEDICION DE ESFUERZO-DEFORMACION). Norma Técnica INVE-605-13.	UN	107100
Demanda	ENSAYO CAMPO - SOLDADURAS	12258	PRACTICA ESTANDAR PARA PRUEBAS DE TINTAS PENETRANTES PARA LA INDUSTRIA EN GENERAL. Norma Técnica: ASTM E165/E165M-23 ASTM E1417/E1417M-21e1	DIA	1725500
Demanda	ENSAYO CAMPO - SOLDADURAS	12259	GUIA ESTANDAR PARA ENSAYO DE PARTICULAS MAGNETICAS. Norma Técnica: ASTM E709-21 AWS D1.1/D1.1M-20 Numeral 8.10	DIA	873650
Demanda	ENSAYO CAMPO -RECUBRIMIENTO ESTRUCTURA METÁLICA	12260	METODO DE PRUEBA ESTANDAR PARA DETERMINAR LA RESISTENCIA AL ARRANQUE DE LOS RECUBRIMIENTOS UTILIZANDO PROBADORES DE ADHERENCIA PORTATILES. Norma Técnica: ASTM D4541-22	DIA	919632
Demanda	ENSAYO CAMPO -RECUBRIMIENTO ESTRUCTURA METÁLICA	12261	EVALUACION DEL ESPESOR DE PELICULA DE ZINC. CALIBRACION DE ESPESORES DE PELICULA SECA. Norma Técnica: ASTM A123/A123M-24 ASTM A153/A153M-23 ASTM D7091-22	DIA	1029988
Demanda	ENSAYO CAMPO -RECUBRIMIENTO ESTRUCTURA METÁLICA	12263	SISTEMAS DE PINTURAS PROTECTORAS. VARIABLES DE EVALUACION EN CAMPO. VALORACION DE LA CONTINUIDAD EN PELICULA. Norma Técnica NTC-3951-96 ASTM D5162-21	DIA	1029988
Demanda	ENSAYO LABORATORIO - CEMENTOS HIDRÁULICOS	12264	METODO DE ENSAYO PARA DETERMINAR LA FINURA DEL CEMENTO HIDRAULICO UTILIZANDO EL TAMIZ DE 45 mm (No. 325). Norma Técnica: NTC-294-18.	UN	87227
Demanda	TUBERIA Y ACCESORIOS EN ACERO GALVANIZADO	12265	TUBERIA HIERRO GALVANIZADO D=4" CALIBRE 16 (E=1.5MM)	ML	134708
Demanda	ENSAYO CAMPO - SOLDADURAS	12266	PRACTICA ESTANDAR PARA PRUEBAS ULTRASONICAS DE JUNTAS DE SOLDADURAS. Norma Técnica: ASTM E164-19 AWS D1.1/D1.1M-20 ANEXO H	DIA	946455
Demanda	ELEMENTOS DE BIOSEGURIDAD	12267	LAVAMANOS PORTATIL DE PEDAL TIPO MANOS LIBRES.	UN	1097900
Demanda	ELEMENTOS DE BIOSEGURIDAD	12268	CALIBRACION TERMOMETRO DIGITAL	UN	207012
Demanda	ELEMENTOS DE BIOSEGURIDAD	12269	TERMOMETRO DIGITAL INFRAROJO PARA USO EN HUMANOS, LIBRE DE CONTACTO, IMPERMEABLE	UN	78100
Demanda	ELEMENTOS DE BIOSEGURIDAD	12270	DISPENSADOR DE JABÓN LÍQUIDO O GEL ANTIBACTERIAL - ALCOHOL, CON PEDAL METÁLICO	UN	143999
Demanda	ELEMENTOS DE BIOSEGURIDAD	12271	RECOLECCION, TRANSPORTE Y DISPOSICION DE RESIDUOS LÍQUIDOS PROVENIENTES DE LAVAMANOS PORTATILES. (INCLUYE EQUIPO DE SUCCIÓN)	M3	399826
Demanda	ELEMENTOS DE BIOSEGURIDAD	12272	BOTIQUIN TIPO B DOTADO PORTÁTIL	UN	387900
Demanda	AFORO DE TRANSITO	12277	AFOROS DE TRANSITO (MOTORIZADOS Y NO MOTORIZADOS) A PARTIR DE CAPTURA DE VIDEO. Incluye digitación y entrega de base de datos en archivo Excel. Captura día hábil y no hábil, con sus respectivos movimientos. Incluye todos los costos directos e indirectos	HR	251285
Demanda	ENSAYO CAMPO - PERFORACIONES	12319	BARRENO MANUAL HASTA 10M.  Incluye descripcion visual de estratos encontrados, lecturas de campo, SPT, Veleta, tipo y prof. muestras recuperadas, datos nivel freático	ML	142800
Demanda	ENSAYO CAMPO - PERFORACIONES	12320	PERFORACION MECANICA EN SUELO BLANDO DE 0 a 30m. Incluye descripción visual de estratos encontrados, lecturas de campo, SPT, Veleta, tipo y profundidad de las muestras recuperadas, datos nivel freático, muestras inalteradas en tubo Shelby y/o muestreador de pistón	ML	250590
Demanda	ENSAYO CAMPO - PERFORACIONES	12321	PERFORACION MECANICA EN SUELO BLANDO DE 0 a 50m. Incluye descripción visual de estratos encontrados, lecturas de campo, SPT, Veleta, tipo y profundidad de las muestras recuperadas, datos nivel freático, muestras inalteradas en tubo Shelby y/o muestreador de pistón	ML	313238
Demanda	ENSAYO CAMPO - PERFORACIONES	12322	PERFORACION MECANICA EN SUELO BLANDO mayor de 50m. Incluye descripción visual de estratos encontrados, lecturas de campo, SPT, Veleta, tipo y profundidad de las muestras recuperadas, datos nivel freático, muestras inalteradas en tubo Shelby y/o muestreador de pistón	ML	289813
Demanda	ENSAYO CAMPO - PERFORACIONES	12323	PERFORACION MECANICA EN SUELO DURO DE 0 a 10m.Incl recuperación continua muestras, descrip visual estratos encontrados, lecturas de campo, SPT, Veleta, tipo y profundidad de las muestras recuperadas, muestras inalteradas en tubo Shelby y/o muestreador de pistón.	ML	226100
Demanda	ENSAYO CAMPO - PERFORACIONES	12324	PERFORACION MECANICA EN SUELO DURO DE 0 a 30m.Incluye recuperación continua muestras, descripción visual estratos encontrados, lecturas de campo, SPT, Veleta de campo, tipo y profundidad de las muestras recuperadas, muestras inalteradas en tubo Shelby y/o muestreador de pistón.	ML	297500
Demanda	ENSAYO CAMPO - PERFORACIONES	12325	PERFORACION MECANICA EN SUELO DURO DE 0 a 50m.Incl recuperación continua muestras, descripción visual estratos encontrados, lecturas de campo, SPT, Veleta, tipo y profundidad de las muestras recuperadas, muestras inalteradas en tubo Shelby y/o muestreador de pistón	ML	286790
Demanda	ENSAYO CAMPO - PERFORACIONES	12326	PERFORACION MECANICA EN SUELO DURO mayor de 50m.Incl recuperación continua muestras, descrip visual estratos encontrados, lecturas de campo, SPT, Veleta, tipo y profundidad de las muestras recuperadas, muestras inalteradas en tubo Shelby y/o muestreador de pistón.	ML	476000
Demanda	ENSAYO CAMPO - PERFORACIONES	12327	PERFORACION MECANICA EN COLUVION/ALUVION DE 0 a 50m. Incluye recuperación continua muestras, descrip visual estratos encontrados, lecturas de campo, SPT, Veleta, tipo y profundidad de las muestras recuperadas	ML	666400
Demanda	ENSAYO CAMPO - PERFORACIONES	12328	PERFORACION MECANICA EN COLUVION/ALUVION mayor de 50m. Incluye recuperación continua muestras, descrip visual estratos encontrados, lecturas de campo, SPT, Veleta, tipo y profundidad de las muestras recuperadas	ML	821100
Demanda	ENSAYO CAMPO - SUELOS	12329	ENSAYO DE REFRACCION SISMICA	UN	3451000
Demanda	ENSAYO CAMPO - SUELOS	12330	ENSAYO REMI (Refraction Microtremors) 	UN	3451000
Demanda	ENSAYO CAMPO - SUELOS	12331	ENSAYO MASW (Multichanel Analysis of Surface Waves). Determinación espesores estratos y velocidad de onda de corte	UN	4760000
Demanda	ENSAYO LABORATORIO - SUELOS	12332	PRUEBA ESTANDAR PARA LA DETERMINACION DEL MODULO Y AMORTIGUAMIENTO DE SUELOS MEDIANTE DISPOSITIVOS DE COLUMNA RESONANTE DE BASE FIJA. Norma Técnica: ASTM D4015-21	UN	1963500
Demanda	ENSAYO LABORATORIO - SUELOS	12333	ENSAYO TRIAXIAL CICLICO	UN	2134444
Demanda	ENSAYO LABORATORIO - SUELOS	12334	ENSAYO Piezoelectric Bender Element	UN	429000
Demanda	ENSAYO LABORATORIO - SUELOS	12335	EXPANSIÓN CONTROLADA EN CONSOLIDOMETRO	UN	332010
Demanda	ENSAYO LABORATORIO - SUELOS	12336	ENSAYO DE VELETA DE LABORATORIO	UN	53550
Demanda	MARCOS, TAPAS, REJILLAS, HERRAJES Y CAJILLAS	12341	MARCO Y TAPA PARA CAJA DE INSPECCION CODENSA CS290	UN	3798837
Demanda	FORMALETAS, ANDAMIOS Y ACCESORIOS	12350	ANDAMIO CERTIFICADO MULTIDIRECCIONAL, 1 TORRE, SECCIÓN  DE 1.4 X 1.4 M, ALTURA DE ANDAMIO 3 M	DIA	33618
Demanda	SELLANTES-IMPERMEABILIZANTES Y ADITIVOS CONCRETOS	12352	MORTERO SIN CONTRACCIÓN PARA ANCLAJES Y RELLENOS DE PRECISIÓN	BULTO	259635
Demanda	FORMALETAS, ANDAMIOS Y ACCESORIOS	12355	ANDAMIO CERTIFICADO MULTIDIRECCIONAL, 1 TORRE, SECCIÓN  DE 1.4 X 1.4 M, ALTURA DE ANDAMIO 4 M	DIA	43197
Demanda	ESTRUCTURAS EN ACERO	12356	LÁMINA HR 8mm x 20"A588 GR B/A709 GR 50/W	KG	13804
Demanda	ELEMENTOS DE BIOSEGURIDAD	12357	BOTIQUIN TIPO A DOTADO PORTÁTIL	UN	91610
Demanda	NEOPRENOS	12358	APOYOS DE NEOPRENO DE 500mm x 400mm x 50mm Dureza 60. Con refuerzo de 2 láminas de 1/4" 	UN	582990
Demanda	CONCRETOS Y MORTEROS PREMEZCLADOS	12373	CONCRETO MR45 (350 Kg/cm2) ACELERADO 7 DÍAS	M3	801006
Demanda	TUBERÍA Y ACCESORIOS EN ACERO	12375	CODO EN ACERO D=24" ENTRE 67.5° Y 90° CON EXTREMOS DE JUNTA ESPIGO / CAMPANA CON EMPAQUE DE CAUCHO, CON REVESTIMIENTO INTERIOR Y RECUBRIMIENTO EXTERIOR EN MORTERO DE CEMENTO. L=1.65X1.65M. PRESION DE TRABAJO = 150 PSI. SUMINISTRO Y TRANSPORTE	UN	11055705
Demanda	TUBERÍA Y ACCESORIOS EN ACERO	12376	TAPON EN ACERO D=16" SOLDADO	UN	809557
Demanda	TUBERÍA Y ACCESORIOS EN ACERO	12377	REDUCCION EN ACERO D=20" x 16" CON EXTREMOS DE ESPIGO D=20" Y CAMPANA D=16", CON REVESTIMIENTO INTERIOR Y RECUBRIMIENTO EXTERIOR EN MORTERO DE CEMENTO. L= 0.58m. PRESION DE TRABAJO = 150 PSI. SUMINISTRO Y TRANSPORTE	UN	3037470
Demanda	NEOPRENOS	12383	JUNTA DE DILATACIÓN ELASTOMERICA MOVIMIENTO 160 mm  (+/- 80 mm)	ML	3905675
Demanda	NEOPRENOS	12384	JUNTA DE DILATACIÓN ELASTOMERICA MOVIMIENTO 230 mm  (+/- 115 mm)	ML	7042024
Demanda	ARQUEOLOGÍA	12390	Conteo cualitativo y cuantitativo de fitolitos en las muestras de suelo, interpretando y reconstruyendo el contexto arqueobótanico. 	UN	2320500
Demanda	ARQUEOLOGÍA	12391	Datación por Carbono 14 y extracción de colageno oseo.	UN	3702428
Demanda	ARQUEOLOGÍA	12392	Transporte aereo , entrega más rapida, de una muestra de 5 kg, desde la ciudad de Bogota hasta Ciudad de Mexico	UN	1346190
Demanda	ARQUEOLOGÍA	12393	Elaboración, digitalización y descripción de sección delgada de fragmento ceramica.	MUESTRA	1433935
Demanda	ENSAYO CAMPO - ELEMENTOS ESTRUCTURALES CONCRETO	12394	PRUEBA ESTANDAR PARA ELEMENTOS DE CIMENTACION PROFUNDA BAJO CARGA DE COMPRESION AXIAL ESTATICA. (PILOTE HASTA 100 TON - INCLUYE TRANSPORTE DE EQUIPOS). Norma Técnica: ASTM D1143/D1143M-20e1	UN	19499839
Demanda	ARQUEOLOGÍA	12396	Analisis Bioantropologico de  restos oseos humanos, cuarteta basica , informe y base de datos detallada. (Incluye limpieza y registro fotografico).	UN	2750000
Demanda	ELEMENTOS DE BIOSEGURIDAD SEGÚN APÉNDICE	12428	FUMIGADORA DE ESPALDA. ASPERSOR BOMBA MANUAL 20 LITROS. DESINFECCIÓN._(Según Apéndice Bioseguridad Covid 19_V1 y V2)	UN	119328
Demanda	ELEMENTOS DE BIOSEGURIDAD SEGÚN APÉNDICE	12429	TAPABOCAS N95 SIN FILTRO._(Según Apéndice Bioseguridad Covid 19_V1 y V2)	UN	2353
Demanda	ELEMENTOS DE BIOSEGURIDAD SEGÚN APÉNDICE	12430	GEL ANTIBACTERIAL Antiséptico para manos sin enjuague, a base de glicerina, alcohol antiséptico al 70%, contenido máx. de agua 30%._(Según Apéndice Bioseguridad Covid 19_V1 y V2)	LT	11345
Demanda	ELEMENTOS DE BIOSEGURIDAD SEGÚN APÉNDICE	12431	BOLSA PARA BASURA TIPO INDUSTRIAL NEGRA DE 60 x 90 Cm CALIBRE 2 (PAQUETE DE 30 UNIDADES)_(Según Apéndice Bioseguridad Covid 19_V2)	UN	10949
Demanda	ELEMENTO DE BIOSEGURIDAD SEGÚN APÉNDICE	12432	RECOLECCION, TRANSPORTE Y DISPOSICION DE RESIDUOS LÍQUIDOS PROVENIENTES DE LAVAMANOS PORTATILES. (INCLUYE EQUIPO DE SUCCIÓN)_(Según Apéndice Bioseguridad Covid 19_V2)	M3	335988
Demanda	ELEMENTOS DE BIOSEGURIDAD SEGÚN APÉNDICE	12434	HIPOCLORITO AL 5%._(Según Apéndice Bioseguridad Covid 19_V1 y V2)	LT	2353
Demanda	ELEMENTOS DE BIOSEGURIDAD SEGÚN APÉNDICE	12435	BOTIQUIN TIPO A DOTADO PORTÁTIL_(Según Apéndice Bioseguridad Covid 19_V2)	UN	76983
Demanda	ELEMENTOS DE BIOSEGURIDAD SEGÚN APÉNDICE	12436	JABÓN LIQUIDO PARA MANOS._(Según Apéndice Bioseguridad Covid 19_V1 y V2)	GLN	21849
Demanda	ELEMENTOS DE BIOSEGURIDAD SEGÚN APÉNDICE	12437	RESPIRADOR ELASTOMÉRICO MEDIA CARA_(Según Apéndice Bioseguridad Covid 19)	UN	52500
Demanda	ELEMENTOS DE BIOSEGURIDAD SEGÚN APÉNDICE	12438	BOTIQUIN TIPO B DOTADO PORTÁTIL_(Según Apéndice Bioseguridad Covid 19_V1)	UN	325966
Demanda	ELEMENTOS DE BIOSEGURIDAD SEGÚN APÉNDICE	12439	LAVAMANOS PORTÁTIL EN ACERO INOXIDABLE CON DOS TANQUES PARA AGUA LIMPIA Y RESIDUAL DE 20 LT C/U_(Según Apéndice Bioseguridad Covid 19_V1)	UN	924370
Demanda	ELEMENTOS DE BIOSEGURIDAD SEGÚN APÉNDICE	12440	CALIBRACION TERMOMETRO DIGITAL_(Según Apéndice Bioseguridad Covid 19_V2)	UN	173960
Demanda	ELEMENTOS DE BIOSEGURIDAD SEGÚN APÉNDICE	12441	CAMILLA FÉRULA ESPINAL LARGA - FEL PARA ADULTO (POLIETILENO). INCLUYE ARNES TIPO ARAÑA CON SECCIONES REFLECTIVAS ._(Según Apéndice Bioseguridad Covid 19_V1 y V2)	UN	125126
Demanda	ELEMENTOS DE BIOSEGURIDAD SEGÚN APÉNDICE	12442	CANECA PLÁSTICA CON TAPA 60 LTS_(Según Apéndice Bioseguridad Covid 19_V1 y V2)	UN	54622
Demanda	ELEMENTOS DE BIOSEGURIDAD SEGÚN APÉNDICE	12443	CARPA VESTIER 2.0m x 2.0m TECHO Y ESTRUCTURA CON LATERALES EN LONA._(Según Apéndice Bioseguridad Covid 19_V1 y V2)	UN	1715000
Demanda	ELEMENTOS DE BIOSEGURIDAD SEGÚN APÉNDICE	12444	CARROTANQUE IRRIGADOR DE AGUA. ( VIAJE DE 10 M3 )_(Según Apéndice Bioseguridad Covid 19_V1 y V2)	VIAJE	320460
Demanda	ELEMENTOS DE BIOSEGURIDAD SEGÚN APÉNDICE	12445	CHALECO REFLECTIVO EN TELA._(Según Apéndice Bioseguridad Covid 19_V1 y V2)	UN	23500
Demanda	ELEMENTOS DE BIOSEGURIDAD SEGÚN APÉNDICE	12446	TERMOMETRO DIGITAL INFRAROJO PARA USO EN HUMANOS, LIBRE DE CONTACTO, IMPERMEABLE_(Según Apéndice Bioseguridad Covid 19_V2)	UN	65630
Demanda	ELEMENTOS DE BIOSEGURIDAD SEGÚN APÉNDICE	12447	TERMOMETRO INFRARROJO PARA USO EN HUMANOS, LIBRE DE CONTACTO, IMPERMEABLE._(Según Apéndice Bioseguridad Covid 19_V1)	UN	65630
Demanda	ELEMENTOS DE BIOSEGURIDAD SEGÚN APÉNDICE	12448	TOALLAS DE PAPEL PARA MANOS. TIPO Z.  DOBLE HOJA. (PAQUETE 150 HOJAS)_(Según Apéndice Bioseguridad Covid 19_V1 y V2)	UN	6964
Demanda	ELEMENTOS DE BIOSEGURIDAD SEGÚN APÉNDICE	12450	PETO PVC - (Según Apéndice Bioseguridad Covid 19)	UN	20474
Demanda	ELEMENTOS DE BIOSEGURIDAD SEGÚN APÉNDICE	12451	MONOGAFAS CON VENTILACIÓN DIRECTA _(Según Apéndice Bioseguridad Covid 19)	PAR	9328
Demanda	EQUIPO LIVIANO Y HERRAMIENTAS	12452	APISONADOR MECÁNICO (CANGURO O SALTARÍN) - GOLPES POR MINUTO DE 585 A 808 - INCLUYE COMBUSTIBLE	DIA	60473
Demanda	ELEMENTOS DE BIOSEGURIDAD SEGÚN APÉNDICE	12453	VYNIPEL DE 50cm x 50cm CALIBRE 6 - (Según apéndice de Bioseguridad Covid 19)	ROLLO	28690
Demanda	EQUIPO PESADO	12454	MINICARGADOR CON MARTILLO HIDRÁULICO - GOLPES POR MINUTO DEL MARTILLO DE 700 A 944 - INCLUYE OPERARIO Y COMBUSTIBLE	HR	142095
Demanda	ELEMENTOS DE BIOSEGURIDAD SEGÚN APÉNDICE	12456	LAVAMANOS PORTATIL DE PEDAL TIPO MANOS LIBRES._(Según Apéndice Bioseguridad Covid 19_V2)	UN	922606
Demanda	ELEMENTOS DE BIOSEGURIDAD SEGÚN APÉNDICE	12457	BIG BAG TELA POLIPROPILENO R220 GM/2 Rollo de 100m-100cm x 100cm x 160cm Solapa/Fondo Ciego. Reata 25/30 blancos (Según Apéndice Bioseguridad Covid 19)	UN	49930
Demanda	EQUIPO LIVIANO Y HERRAMIENTAS	12458	ROTOMARTILLO DEMOLEDOR - POTENCIA DE 1400 A 1600 WATTS	HR	11454
Demanda	EQUIPO PESADO	12460	BULLDOZER MEDIANO - MASA DE 18 A 24 TONELADAS - INCLUYE OPERARIO Y COMBUSTIBLE	HR	379526
Demanda	EQUIPO PESADO	12461	CARGADOR FRONTAL - MASA DE 10 A 18 TONELADAS - VOLUMEN DEL BALDE DE 1.7 A 3.1 METROS CÚBICOS - INCLUYE OPERARIO Y COMBUSTIBLE	HR	286178
Demanda	CONCRETOS Y MORTEROS PREMEZCLADOS	12464	CONCRETO DE TEMPERATURA CONTROLADA 28.	M3	688832
Demanda	CONCRETOS Y MORTEROS PREMEZCLADOS	12465	CONCRETO DE TEMPERATURA CONTROLADA 24.	M3	705037
Demanda	AGREGADOS PÉTREOS, BASES Y SUBBASES GRANULARES	12466	SUBBASE GRANULAR CLASE B  - SBG50 (SBGB_SBG50). Norma Tecnica ET-2018 - 122	M3	104720
Demanda	AGREGADOS PÉTREOS, BASES Y SUBBASES GRANULARES	12467	SUBBASE GRANULAR CLASE A  - SBG50 (SBGA_SBG50). Norma Tecnica ET-2018 - 123	M3	104720
Demanda	ENSAYO LABORATORIO - GEOSINTÉTICOS	12468	PRACTICA ESTANDAR PARA DETERMINAR LA RESISTENCIA DE MATERIALES POLIMERICOS SINTETICOS A LOS HONGOS. Norma Técnica: ASTM G21-15 (21) e1	UN	1071000
Demanda	ENSAYO LABORATORIO - GEOSINTÉTICOS	12469	RESISTENCIA DE LA UNION DE LAS GEOCELDAS RELACIONADAS CON GEOMEMBRANA Y SU EFICIENCIA CON RESPECTO A LA RESISTENCIA DE LA LAMINA PERFORADA (EFICIENCIA EN LA SOLDADURA). Norma Técnica: GRI-GS-13	UN	333200
Demanda	ENSAYO LABORATORIO - GEOSINTÉTICOS	12470	METODO DE PRUEBA ESTANDAR PARA LA RESISTENCIA DE LA UNION DE GEOMALLAS INDIVIDUALES. Norma Técnica: ASTM D7737/D7737M-15 (23)	UN	444108
Demanda	ENSAYO CAMPO - SOLDADURAS	12471	PRUEBA DE SANIDAD DE SOLDADURA REALIZADA EN LABORATORIO (INCLUYE PROBETAS). Norma Técnica: AWS D1.1/D1.1M-20	UN	981750
Demanda	ENSAYO LABORATORIO - ALUMINIO	12472	METODO DE PRUEBA ESTANDAR PARA LA RESISTENCIA A LA ABRASION DE TEJIDOS RECUBIERTOS (DESGASTE DE LAMINA EN ALUMINIO). Norma técnica: ASTM D3389-21	UN	1119304
Demanda	ELEMENTOS DE BIOSEGURIDAD SEGÚN APÉNDICE	12473	DISPOSICIÓN FINAL DE RESIDUOS PELIGROSOS (MATERIALES CON CARACTERÍSTICAS DE PELIGROSIDAD TÓXICA, CORROSIVO, INFLAMABLES, EXPLOSIVOS Y/O ESPECIALES (RESIDUOS APROVECHABLES MEZCLADOS, COLCHONES, SOFÁS, FIBRAS DE VIDRIO Y BOLSAS DE CEMENTOS)_(Según Apéndice Bioseguridad Covid 19)	KG	1780
Demanda	ENSAYO LABORATORIO - MATERIALES BITUMINOSOS	12474	EFECTOS DEL CALOR Y DEL AIRE SOBRE EL ASFALTO EN LAMINA DELGADA. Norma técnica: INVE-721-13.	UN	650000
Demanda	ENSAYO LABORATORIO - MEZCLAS ASFALTICAS	12475	ANALISIS VOLUMETRICO DE MEZCLAS ASFALTICAS COMPACTADAS EN CALIENTE. (Excluye la ejecuciòn de ensayos para la determinación de las diferentes variables volumetricas) Norma técnica: INVE-799-13.	UN	54740
Demanda	ENSAYO LABORATORIO - ANÁLISIS DE AGUAS	12476	METODO DE PRUEBA ESTANDAR PARA SODIO EN AGUA POR ESPECTROFOTOMETRIA DE ABSORCION ATOMICA. Norma técnica: ASTM D4191-15 (Retirada en 2024)	UN	38080
Demanda	ENSAYO LABORATORIO - ANÁLISIS DE AGUAS	12477	METODO DE PRUEBA ESTANDAR PARA POTASIO EN AGUA POR ESPECTROFOTOMETRIA DE ABSORCION ATOMICA. Norma técnica: ASTM D4192-15 (Retirada en 2024)	UN	48266
Demanda	ENSAYO LABORATORIO - ANÁLISIS DE AGUAS	12478	METODOS DE PRUEBA ESTANDAR PARA IONES DE CLORURO EN AGUA. Norma técnica: ASTM D512-23.	UN	31924
Demanda	ELEMENTOS DE BIOSEGURIDAD SEGÚN APÉNDICE	12479	FILTRO P-100 PARTÍCULAS S/ACEITE HUMOS METÁLICOS VAPORES_(Según Apéndice Bioseguridad Covid 19)	PAR	32774
Demanda	ENSAYO LABORATORIO - ANÁLISIS DE AGUAS	12480	METODO DE PRUEBA ESTANDAR PARA IONES SULFATO EN AGUA. Norma técnica: ASTM D516-22 (23).	UN	31924
Demanda	ENSAYO LABORATORIO - MEZCLAS ASFALTICAS	12481	ESPESOR DE LA PELICULA DE ASFALTO EN MEZCLAS BITUMINOSAS. Norma técnica: INVE-741-13.	UN	183268
Demanda	ELEMENTOS DE BIOSEGURIDAD SEGÚN APÉNDICE	12482	GORRO DESECHABLE COFIA BLANCO_(Según Apéndice Bioseguridad Covid 19)	UN	225
Demanda	EQUIPO PESADO	12485	TELEHANDLER - CARGA MÁXIMA DE 4 A 5 TONELADAS - INCLUYE OPERARIO Y COMBUSTIBLE	HR	249405
Demanda	LADRILLOS, BLOQUES Y ADOQUINES	12487	ADOQUIN RECTANGULAR RANURADO EN CONCRETO A28 200mm x 100mm. CARTILLA-003	UN	2180
Demanda	EQUIPO LIVIANO Y HERRAMIENTAS	12488	COMPACTADOR VIBRATORIO MONOCILÍNDRICO MANUAL (BENITIN) - POTENCIA DE 4.8 A 5.9 HP - INCLUYE OPERARIO Y COMBUSTIBLE	DIA	142575
Demanda	LADRILLOS, BLOQUES Y ADOQUINES	12489	ADOQUIN TIPO I EN ARCILLA A29 210 mm x 145 mm.  CARTILLA-004	UN	1093
Demanda	EQUIPO LIVIANO Y HERRAMIENTAS	12491	COMPACTADOR VIBRATORIO BICILÍNDRICO MANUAL (BENITIN) - POTENCIA DE 7.5 A 8.6 HP - INCLUYE OPERARIO Y COMBUSTIBLE	DIA	217965
Demanda	EQUIPO PESADO	12492	EXCAVADORA MEDIANA SOBRE ORUGAS - MASA DE 18,5 A 23 TONELADAS - INCLUYE OPERARIO Y COMBUSTIBLE	HR	290219
Demanda	EQUIPO PESADO	12493	EXCAVADORA GRANDE SOBRE ORUGAS  - MASA DE 33 A 37 TONELADAS - INCLUYE OPERARIO Y COMBUSTIBLE	HR	346876
Demanda	EQUIPO PESADO	12494	EXCAVADORA PEQUEÑA SOBRE ORUGAS - MASA DE 13 A 17 TONELADAS - INCLUYE OPERARIO Y COMBUSTIBLE	HR	235620
Demanda	EQUIPO PESADO	12495	MINIEXCAVADORA SOBRE ORUGAS -  MASA DE 4 A 5 TONELADAS - INCLUYE OPERARIO Y COMBUSTIBLE	HR	136850
Demanda	ELEMENTOS DE BIOSEGURIDAD SEGÚN APÉNDICE	12496	TAPABOCAS DESECHABLE. _(Según Apéndice Bioseguridad Covid 19_V1 y V2)	UN	282
Demanda	ELEMENTOS DE BIOSEGURIDAD SEGÚN APÉNDICE	12497	DISPENSADOR DE JABÓN LÍQUIDO O GEL ANTIBACTERIAL - ALCOHOL, CON PEDAL METÁLICO_(Según Apéndice Bioseguridad Covid 19_V2)	UN	121008
Demanda	ELEMENTOS DE BIOSEGURIDAD SEGÚN APÉNDICE	12498	ALCOHOL ANTISÉPTICO (ALCOHOL AL 70%)._(Según Apéndice Bioseguridad Covid 19_V1 y V2)	GLN	22690
Demanda	ELEMENTOS DE BIOSEGURIDAD SEGÚN APÉNDICE	12499	DISPENSADOR DE JABÓN METÁLICO DE 1 LT_(Según Apéndice Bioseguridad Covid 19_V1)	UN	95301
Demanda	ELEMENTOS DE BIOSEGURIDAD SEGÚN APÉNDICE	12500	AGUA._(Según Apéndice Bioseguridad Covid 19_V1 y V2)	LT	24
Demanda	ELEMENTOS DE BIOSEGURIDAD SEGÚN APÉNDICE	12501	CHALECO SENCILLO EN DRIL SIN LOGO DOS BOLSILLOS._(Según Apéndice Bioseguridad Covid 19_V1 y V2)	UN	36128
Demanda	ELEMENTOS DE BIOSEGURIDAD SEGÚN APÉNDICE	12502	MASCARILLA DESECHABLE_(Según Apéndice Bioseguridad Covid 19_V1 y V2)	UN	631
Demanda	ELEMENTOS DE BIOSEGURIDAD SEGÚN APÉNDICE	12503	MESA PLÁSTICA DE 0.72m x 0.72m x 0.72m._(Según Apéndice Bioseguridad Covid 19_V1 y V2)	UN	90673
Demanda	ELEMENTOS DE BIOSEGURIDAD SEGÚN APÉNDICE	12504	SILLA PLÁSTICA SIN BRAZOS._(Según Apéndice Bioseguridad Covid 19_V1 y V2)	UN	30763
Demanda	ELEMENTOS DE BIOSEGURIDAD SEGÚN APÉNDICE	12505	DISPENSADOR PLÁSTICO DE TOALLAS TIPO Z._((Según Apéndice Bioseguridad Covid 19_V1 y V2)	UN	49777
Demanda	ELEMENTOS DE BIOSEGURIDAD SEGÚN APÉNDICE	12506	OVEROL EN DRILL DOS PIEZAS, CAMISA Y PANTALÓN._(Según Apéndice Bioseguridad Covid 19_V1 y V2)	UN	61404
Demanda	ELEMENTOS DE BIOSEGURIDAD SEGÚN APÉNDICE	12507	BAÑO TIPO FLUSHING - ALQUILER MANTENIMIENTO Y ASEO DE BAÑOS PORTÁTILES VIP MENSUAL_(Según Apéndice Bioseguridad Covid 19_V1 y V2)	UN/MES	725500
Demanda	ELEMENTOS DE BIOSEGURIDAD SEGÚN APÉNDICE	12508	OVEROL TYVEK BLANCO._(Según Apéndice Bioseguridad Covid 19_V1 y V2)	UN	27648
Demanda	ENTIBADOS Y ACCESORIOS	12509	ENTIBADO CONTINUO EN CAJONES DE ACERO (E1A - E1B), PROFUNDIDAD DE EXCAVACIÓN: H <= 3.00 M	M2/MES	218413
Demanda	ENTIBADOS Y ACCESORIOS	12510	ALQUILER ENTIBADO DESLIZANTE E2, RANGO PROFUNDIDAD DE EXCAVACIÓN: 4.8 M < H <= 7.20 M	M2/MES	236715
Demanda	GESTIÓN SOCIAL ELEMENTOS DE IDENTIFICACIÓN EN OBRA	12511	MALLA TEXTIL EN POLIESTER DE 2,8m X 7,0m CON SUBLIMACIÓN EN EL TOTAL DE LA SUPERFICIE Y REFUERZO EXTERNO EN REATA PARA TENSAR, Y OJALES EN REATA CADA 75cm, INCLUYE TRANSPORTE	UN	1080695
Demanda	ELEMENTOS DE BIOSEGURIDAD SEGÚN APÉNDICE	12512	FUMIGADORA DE ESPALDA. ASPERSOR BOMBA MANUAL 20 LITROS. DESINFECCIÓN._(Según Apéndice Bioseguridad Covid 19_V3)	UN	119328
Demanda	ELEMENTOS DE BIOSEGURIDAD SEGÚN APÉNDICE	12513	HIPOCLORITO AL 5%._(Según Apéndice Bioseguridad Covid 19_V3)	LT	2353
Demanda	ELEMENTOS DE BIOSEGURIDAD SEGÚN APÉNDICE	12514	JABÓN LIQUIDO PARA MANOS._(Según Apéndice Bioseguridad Covid 19_V3)	GLN	21849
Demanda	ELEMENTOS DE BIOSEGURIDAD SEGÚN APÉNDICE	12515	CARROTANQUE IRRIGADOR DE AGUA. ( VIAJE DE 10 M3 )_(Según Apéndice Bioseguridad Covid 19_V3)	VIAJE	320460
Demanda	ELEMENTOS DE BIOSEGURIDAD SEGÚN APÉNDICE	12516	CHALECO REFLECTIVO EN TELA._(Según Apéndice Bioseguridad Covid 19_V3)	UN	23500
Demanda	ELEMENTOS DE BIOSEGURIDAD SEGÚN APÉNDICE	12517	TOALLAS DE PAPEL PARA MANOS. TIPO Z.  DOBLE HOJA. (PAQUETE 150 HOJAS)_(Según Apéndice Bioseguridad Covid 19_V3)	UN	6964
Demanda	ELEMENTOS DE BIOSEGURIDAD SEGÚN APÉNDICE	12518	LAVAMANOS PORTATIL DE PEDAL TIPO MANOS LIBRES._(Según Apéndice Bioseguridad Covid 19_V3)	UN	922606
Demanda	ELEMENTO DE BIOSEGURIDAD SEGÚN APÉNDICE	12519	RECOLECCION, TRANSPORTE Y DISPOSICION DE RESIDUOS LÍQUIDOS PROVENIENTES DE LAVAMANOS PORTATILES. (INCLUYE EQUIPO DE SUCCIÓN)_(Según Apéndice Bioseguridad Covid 19_V3)	M3	335988
Demanda	ELEMENTOS DE BIOSEGURIDAD SEGÚN APÉNDICE	12520	TAPABOCAS DESECHABLE._(Según Apéndice Bioseguridad Covid 19_V3)	UN	282
Demanda	ELEMENTOS DE BIOSEGURIDAD SEGÚN APÉNDICE	12521	MASCARILLA DESECHABLE._(Según Apéndice Bioseguridad Covid 19_V3)	UN	631
Demanda	ELEMENTOS DE BIOSEGURIDAD SEGÚN APÉNDICE	12522	DISPENSADOR PLÁSTICO DE TOALLAS TIPO Z._(Según Apéndice Bioseguridad Covid 19_V3)	UN	49777
Demanda	ELEMENTOS DE BIOSEGURIDAD SEGÚN APÉNDICE	12523	OVEROL EN DRILL DOS PIEZAS, CAMISA Y PANTALÓN._(Según Apéndice Bioseguridad Covid 19_V3)	UN	61404
Demanda	ELEMENTOS DE BIOSEGURIDAD SEGÚN APÉNDICE	12524	ALCOHOL GLICERINADO 70%._(Según Apéndice Bioseguridad Covid 19_V3)	LT	8824
Demanda	ELEMENTOS DE BIOSEGURIDAD SEGÚN APÉNDICE	12525	DISPENSADOR DE JABÓN LÍQUIDO O ALCOHOL GLICERINADO, CON PEDAL METÁLICO._(Según Apéndice Bioseguridad Covid 19_V3)	UN	121008
Demanda	ELEMENTOS DE BIOSEGURIDAD SEGÚN APÉNDICE	12526	AGUA (Según Apéndice Bioseguridad Covid 19_V3)	LT	24
Demanda	PISOS (CONVENCIONALES Y TIPO TRANSMILENIO)	12668	PISO EN POLIPROPILENO DE ALTO IMPACTO PARA PUENTES PEATONALES Y ESTACIONES DE TRANSMILENIO, e=25MM. INCLUYE TRANSPORTE.	M2	1951173
Demanda	PISOS (CONVENCIONALES Y TIPO TRANSMILENIO)	12669	PISO EN POLIPROPILENO DE ALTO IMPACTO PARA ESCALERA DE PUENTES PEATONALES, ANCHO 38cm e=2cm. INCLUYE TRANSPORTE.	ML	964971
Demanda	PISOS (CONVENCIONALES Y TIPO TRANSMILENIO)	12670	SOPORTE DE ANCLAJE EN POLIPROPILENO DE ALTO IMPACTO PARA ESCALERA DE PUENTES PEATONALES, LARGO:34CM, ANCHO:4,5CM Y e:2,5CM.INCLUYE TRANSPORTE. 	ML	145436
Demanda	TUBERÍA Y ACCESORIOS EN ACERO	12744	TUBO EN ACERO D=12" CON EXTREMOS DE JUNTA ESPIGO / CAMPANA CON EMPAQUE DE CAUCHO, CON REVESTIMIENTO INTERIOR Y RECUBRIMIENTO EXTERIOR EN MORTERO DE CEMENTO. FABRICADO DE CONFORMIDAD CON LA NORMA AWWA C 200, MANUAL M11 DE LA AWWA Y NORMA NP-032 DE LA EAAB, A PARTIR DE LÁMINA ASTM A 36. L=6,0M. PRESION DE TRABAJO = 150 PSI. SUMINISTRO Y TRANSPORTE	ML	1102773
Demanda	TUBERÍA Y ACCESORIOS EN ACERO	12745	TUBO EN ACERO D=12" CON EXTREMOS DE JUNTA ESPIGO / CAMPANA CON EMPAQUE DE CAUCHO, CON REVESTIMIENTO INTERIOR Y RECUBRIMIENTO EXTERIOR EN MORTERO DE CEMENTO. FABRICADO DE CONFORMIDAD CON LA NORMA AWWA C 200, MANUAL M11 DE LA AWWA Y NORMA NP-032 DE LA EAAB, A PARTIR DE LÁMINA ASTM A 36. L=6,0M. PRESION DE TRABAJO = 250 PSI. SUMINISTRO Y TRANSPORTE	ML	1102773
Demanda	TUBERÍA Y ACCESORIOS EN ACERO	12746	TUBO EN ACERO D=12" CON EXTREMOS DE JUNTA ESPIGO / CAMPANA CON EMPAQUE DE CAUCHO, CON REVESTIMIENTO INTERIOR Y RECUBRIMIENTO EXTERIOR EN MORTERO DE CEMENTO. FABRICADO DE CONFORMIDAD CON LA NORMA AWWA C 200, MANUAL M11 DE LA AWWA Y NORMA NP-032 DE LA EAAB, A PARTIR DE LÁMINA ASTM A 36. L=6,0M. PRESION DE TRABAJO = 330 PSI. SUMINISTRO Y TRANSPORTE	ML	1102773
Demanda	TUBERÍA Y ACCESORIOS EN ACERO	12747	TUBO EN ACERO D=24" CON EXTREMOS DE JUNTA ESPIGO / CAMPANA CON EMPAQUE DE CAUCHO, CON REVESTIMIENTO INTERIOR Y RECUBRIMIENTO EXTERIOR EN MORTERO DE CEMENTO. FABRICADO DE CONFORMIDAD CON LA NORMA AWWA C 200, MANUAL M11 DE LA AWWA Y NORMA NP-032 DE LA EAAB, A PARTIR DE LÁMINA ASTM A 36. L=6,0M. PRESION DE TRABAJO = 150 PSI. SUMINISTRO Y TRANSPORTE	ML	2109632
Demanda	TUBERÍA Y ACCESORIOS EN ACERO	12748	TUBO EN ACERO D=24" CON EXTREMOS DE JUNTA ESPIGO / CAMPANA CON EMPAQUE DE CAUCHO, CON REVESTIMIENTO INTERIOR Y RECUBRIMIENTO EXTERIOR EN MORTERO DE CEMENTO. FABRICADO DE CONFORMIDAD CON LA NORMA AWWA C 200, MANUAL M11 DE LA AWWA Y NORMA NP-032 DE LA EAAB, A PARTIR DE LÁMINA ASTM A 36. L=6,0M. PRESION DE TRABAJO = 330 PSI. SUMINISTRO Y TRANSPORTE	ML	2524003
Demanda	TUBERÍA Y ACCESORIOS EN ACERO	12778	TUBO EN ACERO D=30" CON EXTREMOS DE JUNTA ESPIGO / CAMPANA CON EMPAQUE DE CAUCHO, CON REVESTIMIENTO INTERIOR Y RECUBRIMIENTO EXTERIOR EN MORTERO DE CEMENTO. FABRICADO DE CONFORMIDAD CON LA NORMA AWWA C 200, MANUAL M11 DE LA AWWA Y NORMA NP-032 DE LA EAAB, A PARTIR DE LÁMINA ASTM A 36. L=6,0M. PRESION DE TRABAJO = 150 PSI. SUMINISTRO Y TRANSPORTE	ML	2717841
Demanda	TARIFA _ ALQUILER DE VEHICULO	12781	TARIFA DIA - ALQUILER DE VEHICULO: CAMPERO, PICK-UP, CAMIONETA, CAMION O SIMILAR DE 1300cc A 2000cc DE CILINDRADA, MODELO 2022 A 2019. 80% DE LA TARIFA ESTABLECIDA. INCLUYE TODOS LOS COSTOS DE OPERACIÓN Y MANTENIMIENTO EXCEPTO EL SALARIO DEL CONDUCTOR.	DIA	230000
Demanda	TARIFA _ ALQUILER DE VEHICULO	12782	TARIFA MES - ALQUILER DE VEHICULO MES: CAMPERO, PICK-UP, CAMIONETA, CAMION O SIMILAR DE 1300cc A 2000cc DE CILINDRADA, MODELO 2022 A 2019. 80% DE LA TARIFA ESTABLECIDA. INCLUYE TODOS LOS COSTOS DE OPERACIÓN Y MANTENIMIENTO EXCEPTO EL SALARIO DEL CONDUCTOR.	MES	6997000
Demanda	TARIFA _ ALQUILER DE VEHICULO	12783	TARIFA DIA - ALQUILER DE VEHICULO: CAMPERO, PICK-UP, CAMIONETA, CAMION O SIMILAR MAYOR A 2000cc DE CILINDRADA, MODELO 2022 A 2019. 80% DE LA TARIFA ESTABLECIDA. INCLUYE TODOS LOS COSTOS DE OPERACIÓN Y MANTENIMIENTO EXCEPTO EL SALARIO DEL CONDUCTOR.	DIA	331000
Demanda	TARIFA _ ALQUILER DE VEHICULO	12784	TARIFA MES - ALQUILER DE VEHICULO MES: CAMPERO, PICK-UP, CAMIONETA, CAMION O SIMILAR MAYOR A 2000cc DE CILINDRADA, MODELO 2022 A 2019. 80% DE LA TARIFA ESTABLECIDA. INCLUYE TODOS LOS COSTOS DE OPERACIÓN Y MANTENIMIENTO EXCEPTO EL SALARIO DEL CONDUCTOR.	MES	10036000
Demanda	TARIFA _ ALQUILER DE VEHICULO	12785	TARIFA DIA - ALQUILER DE VEHICULO: CAMPERO, PICK-UP, CAMIONETA, CAMION O SIMILAR MAYOR A 2000cc DE CILINDRADA, MODELO 2018 A 2015. 75% DE LA TARIFA ESTABLECIDA. INCLUYE TODOS LOS COSTOS DE OPERACIÓN Y MANTENIMIENTO EXCEPTO EL SALARIO DEL CONDUCTOR.	DIA	315000
Demanda	TARIFA _ ALQUILER DE VEHICULO	12786	TARIFA MES - ALQUILER DE VEHICULO MES: CAMPERO, PICK-UP, CAMIONETA, CAMION O SIMILAR MAYOR A 2000cc DE CILINDRADA, MODELO 2018 A 2015. 75% DE LA TARIFA ESTABLECIDA. INCLUYE TODOS LOS COSTOS DE OPERACIÓN Y MANTENIMIENTO EXCEPTO EL SALARIO DEL CONDUCTOR.	MES	9405000
Demanda	TARIFA _ ALQUILER DE VEHICULO	12787	TARIFA DIA - ALQUILER DE VEHICULO: CAMPERO, PICK-UP, CAMIONETA, CAMION O SIMILAR CON CAPACIDAD DE CARGA DE 3 TON O MAS, MODELO 2022 A 2019. 80% DE LA TARIFA ESTABLECIDA. INCLUYE TODOS LOS COSTOS DE OPERACIÓN Y MANTENIMIENTO EXCEPTO EL SALARIO DEL CONDUCTOR.	DIA	455000
Demanda	TARIFA _ ALQUILER DE VEHICULO	12788	TARIFA MES - ALQUILER DE VEHICULO MES: CAMPERO, PICK-UP, CAMIONETA, CAMION O SIMILAR CON CAPACIDAD DE CARGA DE 3 TON O MAS, MODELO 2022 A 2019. 80% DE LA TARIFA ESTABLECIDA. INCLUYE TODOS LOS COSTOS DE OPERACIÓN Y MANTENIMIENTO EXCEPTO EL SALARIO DEL CONDUCTOR.	MES	13649000
Demanda	ELEMENTOS DE BIOSEGURIDAD SEGÚN APÉNDICE	12830	TAPABOCAS DESECHABLE._(Según Apéndice Bioseguridad Covid 19_V4)	UN	282
Demanda	ELEMENTOS DE BIOSEGURIDAD SEGÚN APÉNDICE	12831	MASCARILLA DESECHABLE._(Según Apéndice Bioseguridad Covid 19_V4)	UN	631
Demanda	ELEMENTOS DE BIOSEGURIDAD SEGÚN APÉNDICE	12832	JABÓN LIQUIDO PARA MANOS._(Según Apéndice Bioseguridad Covid 19_V4)	GLN	21849
Demanda	ELEMENTOS DE BIOSEGURIDAD SEGÚN APÉNDICE	12833	CARROTANQUE IRRIGADOR DE AGUA. ( VIAJE DE 10 M3 )_(Según Apéndice Bioseguridad Covid 19_V4)	VIAJE	320460
Demanda	ELEMENTOS DE BIOSEGURIDAD SEGÚN APÉNDICE	12834	TOALLAS DE PAPEL PARA MANOS. TIPO Z.  DOBLE HOJA. (PAQUETE 150 HOJAS)_(Según Apéndice Bioseguridad Covid 19_V4)	UN	6964
Demanda	ELEMENTOS DE BIOSEGURIDAD SEGÚN APÉNDICE	12835	DISPENSADOR DE JABÓN LÍQUIDO O ALCOHOL GLICERINADO, CON PEDAL METÁLICO._(Según Apéndice Bioseguridad Covid 19_V4)	UN	121008
Demanda	ELEMENTO DE BIOSEGURIDAD SEGÚN APÉNDICE	12836	RECOLECCION, TRANSPORTE Y DISPOSICION DE RESIDUOS LÍQUIDOS PROVENIENTES DE LAVAMANOS PORTATILES. (INCLUYE EQUIPO DE SUCCIÓN)_(Según Apéndice Bioseguridad Covid 19_V4)	M3	335988
Demanda	ELEMENTOS DE BIOSEGURIDAD SEGÚN APÉNDICE	12837	LAVAMANOS PORTATIL DE PEDAL TIPO MANOS LIBRES._(Según Apéndice Bioseguridad Covid 19_V4)	UN	922606
Demanda	ELEMENTOS DE BIOSEGURIDAD SEGÚN APÉNDICE	12838	ALCOHOL GLICERINADO 70%._(Según Apéndice Bioseguridad Covid 19_V4)	LT	8824
Demanda	ELEMENTOS DE BIOSEGURIDAD SEGÚN APÉNDICE	12839	DISPENSADOR PLÁSTICO DE TOALLAS TIPO Z._(Según Apéndice Bioseguridad Covid 19_V4)	UN	49777
Demanda	TUBERÍA Y ACCESORIOS EN POLIETILENO	12896	TUBERÍA ALCANTARILLADO PEAD 1500 mm (60") SN-8	ML	5484690
Demanda	EQUIPO LIVIANO Y HERRAMIENTAS	12918	PLANTA ELÉCTRICA - POTENCIA ELÉCTRICA GENERADA 11-13 kW - INCLUYE COMBUSTIBLE	HR	21404
Demanda	FORMALETAS, ANDAMIOS Y ACCESORIOS	12919	PARAL METÁLICO CORTO DE 1.50 m A 2.7 m	MES	10996
Demanda	FORMALETAS, ANDAMIOS Y ACCESORIOS	12920	ANDAMIO MULTIDIRECCIONAL - ALTURA 9 m - ÁREA 4 m2	DIA	79195
Demanda	ENSAYO CAMPO - DIAGNOSTICO DE PAVIMENTOS	12925	MEDIDA DE LA IRREGULARIDAD SUPERFICIAL DE UN PAVIMENTO (PLANICIDAD) MEDIANTE LA REGLA DE TRES METROS, ESTATICA O RODANTE (POR UNIDAD). Norma Técnica: INVE-793-13 ASTM E1703/E1703M-10 (23)	UN	85680
Demanda	ENSAYO LABORATORIO - MEZCLAS ASFALTICAS	12926	MEDIDA DE LA SEGREGACION TERMICA DE MEZCLAS ASFALTICAS MEDIANTE CAMARA TERMOGRAFICA. (POR UNIDAD - NO INCLUYE TRANSPORTE). Norma técnica: INVE-788-13	UN	20230
Demanda	ENSAYO LABORATORIO - MEZCLAS ASFALTICAS	12927	MEDIDA DE LA SEGREGACION TERMICA DE MEZCLAS ASFALTICAS MEDIANTE CAMARA TERMOGRAFICA. (POR JORNADA - NO INCLUYE TRANSPORTE). Norma técnica: INVE-788-13	DIA	773500
Demanda	ENSAYO LABORATORIO - RUIDO	13188	MONITOREO DE RUIDO AMBIENTAL (Incluye punto de monitoreo de ruido para una (1) jornada diurna en día hábil y no hábil y una (1) jornada nocturna día hábil y no hábil (total 4 mediciones por punto), (Incluye informe técnico de campo, memoria de cálculo e isófonas)	PUNTO	496212
Demanda	ENSAYO LABORATORIO - AIRE	13189	MONITOREOS DE CALIDAD DE AIRE (Incluye muestra de 20 días como mínimo para medir parámetros en cada estación de calidad del aire en los tiempos de exposición establecidos en la Resolución 2254 de 2017, de acuerdo al Protocolo para el monitoreo y seguimiento de la calidad del aire. (Incluye informe técnico, estación meteorológica y memorias de cálculo)	ESTACION	44524697
Demanda	AMBIENTAL	13190	LOGÍSTICA MONITOREOS (Incluye unidad móvil, técnico de campo, comisión de campo y desplazamiento unidades móviles y transporte (máx 4 puntos monitoreo ruido y 4 estaciones calidad del aire)	UN	10670152
Demanda	ENSAYO LABORATORIO - AIRE	13191	MODELO DE CALIDAD DEL AIRE (Incluye modelo de dispersión de contaminantes atmosféricos con un (01) escenario, donde se simularán los aportes del contaminante PM10, PM2.5 y gases (CO, SOx y NOx))	UN	10115000
Demanda	PISOS (CONVENCIONALES Y TIPO TRANSMILENIO)	13221	LOSETA PULIDA DE MICROGRANO DE MARMOL FORMATO 40 cm * 40 cm * 4,5 cm 	M2	136138
Demanda	ENSAYO CAMPO - DIAGNOSTICO DE PAVIMENTOS	13222	LEVANTAMIENTO CON GEORRADAR (GPR) PARA LA DETECCION DE REDES Y OTRA INFRAESTRUCTURA. CON ANTENAS DE FRECUENCIA ENTRE 1200 MHz Y 200 MHz, PARA PROFUNDIDADES HASTA LOS 9M. Incluye movilización, toma de información, procesamiento, cálculo y entrega de resultados. (informe, incluye radargramas y plano de localización de redes u otra infraestructura. no incluye planos topográficos)	KM	5538141
Demanda	EMULSIONES Y MEZCLAS ASFÁLTICAS	13249	MEZCLA ASFÁLTICA EN CALIENTE DENSA MD19 CON CEMENTO ASFÁLTICO CA 14	M3	978447
Demanda	EMULSIONES Y MEZCLAS ASFÁLTICAS	13250	MEZCLA ASFÁLTICA EN CALIENTE DENSA MD25 CON CEMENTO ASFÁLTICO CA 14	M3	892262
Demanda	EMULSIONES Y MEZCLAS ASFÁLTICAS	13251	MEZCLA ASFÁLTICA EN CALIENTE MCCh25-A CON CEMENTO ASFÁLTICO MODIFICADO CON CAUCHO	M3	1167251
Demanda	AGREGADOS PÉTREOS, BASES Y SUBBASES GRANULARES	13300	ARENA DE PEÑA NORMA NP-040 (EAB)	M3	95200
Demanda	GESTIÓN SOCIAL ELEMENTOS DE PUBLICIDAD	13302	VALLA UNA CARA, DE 3.0M X 6.0M CON ESTRUCTURA METÁLICA - ESTRUCTURA TIPO VALLA EN CERCHA + BANNER. INCLUYE SUMINISTRO E INSTALACIÓN. IMPRESIÓN 720 DPI; TINTAS PARA EXTERIORES. ESTRUCTURA METÁLICA, INCLUYE BANDEJAS EN ALUMINIO, CERCHAS, 6 METROS HORIZONTALES Y 3 VERTICALES, CON 2 METROS DE PROFUNDIDAD, 9 BANDEJAS EN LAMINA GALVANIZADA CALIBRE 24, 4 CERCHAS EN ÁNGULO DE 1 1/2" Y ÁNGULOS DE 1" X 1/8", CERCHA CON ANTICORROSIVO NEGRO. BANNER DE 13 OZ EN TINTAS PARA EXTERIOR Y RESISTENTES A LA INTERPERIE.	UN	7360812
Demanda	GESTIÓN SOCIAL ELEMENTOS DE PUBLICIDAD	13303	VALLA DOBLE CARA, DE 3.0M X 6.0M CON ESTRUCTURA METÁLICA - ESTRUCTURA TIPO VALLA EN CERCHA + BANNER. INCLUYE SUMINISTRO E INSTALACIÓN. IMPRESIÓN 720 DPI; TINTAS PARA EXTERIORES. ESTRUCTURA METÁLICA, INCLUYE BANDEJAS EN ALUMINIO, CERCHAS, 6 METROS HORIZONTALES Y 3 VERTICALES, CON 2 METROS DE PROFUNDIDAD - 9 BANDEJAS EN LAMINA GALVANIZADA CALIBRE 24 - 4 CERCHAS EN ÁNGULO DE 1 1/2" Y ÁNGULOS DE 1" X 1/8" - CERCHA CON ANTICORROSIVO NEGRO. BANNER DE 13 OZ EN TINTAS PARA EXTERIOR Y RESISTENTES A LA INTERPERIE.	UN	9812204
Demanda	EQUIPO PESADO	13318	MICROPÍLOTEADORA PESO 9.200 KG, DIÁMETRO MAXIMO DE ABRAZADERAS 26 CM, FUERZA DE EXTRACCIÓN 6 TONELADAS - INCLUYE OPERARIO Y COMBUSTIBLE	HR	261318
Demanda	TUBERÍA Y ACCESORIOS EN POLIETILENO	13319	TEE PEAD 8" x 8" RDE11 - PN16 - PE100	UN	927111
Demanda	TUBERÍA Y ACCESORIOS EN POLIETILENO	13320	TEE PEAD 6" x 6" RDE11 - PN16 - PE100	UN	367410
Demanda	TUBERÍA Y ACCESORIOS EN POLIETILENO	13321	TEE PEAD 12" x 12" RDE11 - PN16 - PE100	UN	2410534
Demanda	TUBERÍA Y ACCESORIOS EN POLIETILENO	13322	TEE PEAD 8" x 6" RDE11 - PN16 - PE100	UN	782479
Demanda	TUBERÍA Y ACCESORIOS EN POLIETILENO	13323	TEE PEAD 6" x 4" RDE11 - PN16 - PE100	UN	462413
Demanda	TUBERÍA Y ACCESORIOS EN POLIETILENO	13324	REDUCCIÓN PEAD 10" x 8" RDE11 - PN16 - PE100	UN	937299
Demanda	TUBERÍA Y ACCESORIOS EN POLIETILENO	13325	REDUCCIÓN PEAD 8" x 6" RDE11 - PN16 - PE100	UN	388496
Demanda	TUBERÍA Y ACCESORIOS EN POLIETILENO	13326	REDUCCIÓN PEAD 6" x 4" RDE11 - PN16 - PE100	UN	208678
Demanda	TUBERÍA Y ACCESORIOS EN POLIETILENO	13327	REDUCCIÓN PEAD 4" x 3" RDE11 - PN16 - PE100	UN	37577
Demanda	TUBERÍA Y ACCESORIOS EN POLIETILENO	13328	REDUCCIÓN PEAD 10" x 6" RDE11 - PN16 - PE100	UN	567657
Demanda	TUBERÍA Y ACCESORIOS EN POLIETILENO	13329	REDUCCIÓN PEAD 12" x 10" RDE11 - PN16 - PE100	UN	1283518
Demanda	TUBERÍA Y ACCESORIOS EN POLIETILENO	13330	CODO PEAD 12" x 45° RDE11 - PN16 - PE100	UN	1710026
Demanda	TUBERÍA Y ACCESORIOS EN POLIETILENO	13331	CODO PEAD 12" x 90° RDE11 - PN16 - PE100	UN	2198573
Demanda	TUBERÍA Y ACCESORIOS EN POLIETILENO	13332	CODO PEAD 8" x 90° RDE11 - PN16 - PE100	UN	708541
Demanda	TUBERÍA Y ACCESORIOS EN POLIETILENO	13333	CODO PEAD 4" x 90° RDE17 - PN16 - PE100	UN	132453
Demanda	TUBERÍA Y ACCESORIOS EN POLIETILENO	13336	ACOPLE PARA TUBERIA PVC A PEAD DE 4”	UN	271964
Demanda	SELLANTES-IMPERMEABILIZANTES Y ADITIVOS CONCRETOS	13372	ENDURECEDOR COLOR GRIS (4 Kg/m2)	M2	10239
Demanda	SELLANTES-IMPERMEABILIZANTES Y ADITIVOS CONCRETOS	13373	ENDURECEDOR COLOR AMARILLO (4 Kg/m2)	M2	13090
Demanda	SELLANTES-IMPERMEABILIZANTES Y ADITIVOS CONCRETOS	13374	ENDURECEDOR COLOR SALMON (4 Kg/m2)	M2	14033
Demanda	SELLANTES-IMPERMEABILIZANTES Y ADITIVOS CONCRETOS	13375	ENDURECEDOR COLOR OCRE (4 Kg/m2)	M2	12604
Demanda	SEMAFORIZACION	13376	CONTROLADOR OCIT - SIL3 COMPATIBLE CON LA CENTRAL DE BOGOTÁ Y APROBADO POR LA SECRETARIA DE MOVILIDAD, CON CAPACIDAD PARA 16 GRUPOS VEHICULARES O PEATONALES. (Suministro, instalación y puesta en funcionamiento). CON POSIBILIDAD DE AMPLIACIÓN HASTA 32 GRUPOS, PROTOCOLO ABIERTO OCIT, INCLUYE GPS.	UN	137740664
Demanda	SEMAFORIZACION	13377	CONTROLADOR OCIT - SIL3 COMPATIBLE CON LA CENTRAL DE BOGOTÁ Y APROBADO POR LA SECRETARIA DE MOVILIDAD, CON CAPACIDAD PARA 24 GRUPOS VEHICULARES O PEATONALES. (Suministro, instalación y puesta en funcionamiento). CON POSIBILIDAD DE AMPLIACIÓN HASTA 32 GRUPOS, RELOJ EN TIEMPO REAL, 32, PROTOCOLO ABIERTO OCIT, INCLUYE GPS.	UN	156453836
Demanda	SEMAFORIZACION	13378	CONTROLADOR OCIT - SIL3 COMPATIBLE CON LA CENTRAL DE BOGOTÁ Y APROBADO POR LA SECRETARIA DE MOVILIDAD, CON CAPACIDAD PARA 32 GRUPOS VEHICULARES O PEATONALES. (Suministro, instalación y puesta en funcionamiento). CON POSIBILIDAD DE AMPLIACIÓN HASTA 32 GRUPOS, PROTOCOLO ABIERTO OCIT, INCLUYE GPS.	UN	174056651
Demanda	SEMAFORIZACION	13379	INSTALACIÓN Y PUESTA EN SERVICIO DE CONTROLADOR DE TRAFICO EN BOGOTÁ, (INCLUYE TRANSPORTE DE CONTROLADOR DESDE SDM HASTA LUGAR DE INSTALACIÓN EN BOGOTÁ, M. DE O. E IVA, NO INCLUYE SUMINISTRO DE CONTROLADOR	UN	1848266
Demanda	ELEMENTOS DE SEÑALIZACION TRANSMILENIO	13400	SEÑAL TIPO DE FRECUENCIA EN LAMINA DE 15X15CM REMACHADA A LA ESTRUCTURA CON UNA LAMINA DE 4X15CM, RECUBIERTA POR AMBAS CARAS EN PELICULA REFLECTIVA GRADO INGENIERIA AZUL PARA EL FONDO Y BLANCO PARA EL NUMERO O LETRA. SEGUN CARTILLA DE ESTACIONES SENCILLAS DE TRANSMILENIO. SUMINISTRO E INSTALACION	UN	57566
Demanda	ELEMENTOS DE SEÑALIZACION TRANSMILENIO	13401	SEÑAL TIPO DE VAGON EN LAMINA DE 25X25CM REMACHADA A LA ESTRUCTURA CON UNA LAMINA DE 4X25CM, RECUBIERTA POR AMBAS CARAS EN PELICULA REFLECTIVA GRADO INGENIERIA AZUL PARA EL FONDO Y BLANCO PARA EL NUMERO O LETRA. SEGUN CARTILLA DE ESTACIONES SENCILLAS DE TRANSMILENIO. SUMINISTRO E INSTALACION	UN	83072
Demanda	ELEMENTOS DE SEÑALIZACION TRANSMILENIO	13402	SEÑAL ADHESIVA PARA ALINEACION BUS, COLOR ROJO Y AMARILLO, CADA UNA DE 5X50CM. SEGUN CARTILLA DE ESTACIONES SENCILLAS DE TRANSMILENIO. SUMINISTRO E INSTALACION	UN	63003
Demanda	ELEMENTOS DE SEÑALIZACION TRANSMILENIO	13403	BANDERA DE APROXIMACION Y ANGULO PORTABANDERA. BANDERA DE APROXIMACIÓN, COMPUESTA POR 9 ALETAS DE ACERO TEMPLADO DE 0.3 MM DE ESPESOR, CADA ALETA DE 10X5CM, RECUBIERTAS POR AMBAS CARAS EN PELICULA REFLECTIVA GRADO INGENIERIA AMARILLO (5 ALETAS) Y NEGRO OPACO (4 ALETAS). ANGULO PORTABANDERA EN ALUMINIO DE 1/8” DE ESPESOR Y 90CM DE LARGO. SEGUN CARTILLA DE ESTACIONES SENCILLAS DE TRANSMILENIO. SUMINISTRO E INSTALACION	UN	262470
Demanda	ELEMENTOS DE SEÑALIZACION TRANSMILENIO	13404	IDENTIFICACION DE ESTACION TRANSMILENIO EN LAMINA GALVANIZADA CALIBRE 18 DE 25 CM DE ALTO, CON DOS VINILOS: FONDO BLANCO DE CORTE Y LINEA DEL COLOR SEGUN TRONCAL. FIJADA A LA ESTRUCTURA DE LA FACHADA DE LA ESTACION MEDIANTE REMACHE TIPO POP, A UNA ALTURA DE 1.0M MEDIDA DESDE EL PISO AL BORDE INFERIOR DE LA LAMINA. SUMINISTRO E INSTALACION	ML	265615
Demanda	ELEMENTOS DE SEÑALIZACION TRANSMILENIO	13405	VALLA TRANSVERSAL DE SEÑALIZACION PARA SALIDA DE ESTACION (75X42CM) EN VINILO ADHESIVO FOTOLUMINISCENTE SOBRE ALUCOBOND DE 4MM. SEGUN CARTILLA DE SEÑALETICA TRANSMILENIO 2023 PARA ESTACIONES TIPO - ANCHO 5 MT. SUMINISTRO E INSTALACION	UN	1707455
Demanda	ELEMENTOS DE SEÑALIZACION TRANSMILENIO	13406	VALLA TRANSVERSAL DE SEÑALIZACION PARA RUTA DE EVACUACION (75X34.7CM) EN VINILO ADHESIVO FOTOLUMINISCENTE IMPRESION 1440 DPI, SOBRE ALUCOBOND DE 4MM. SEGUN CARTILLA DE SEÑALETICA TRANSMILENIO 2023 PARA ESTACIONES TIPO - ANCHO 5 MT. SUMINISTRO E INSTALACION	UN	1468835
Demanda	ELEMENTOS DE SEÑALIZACION TRANSMILENIO	13407	VALLA TRANSVERSAL DE SEÑALIZACION PARA INTERCAMBIO DE VAGON (100X32CM) EN VINILO ADHESIVO SOBRE ALUCOBOND DE 4MM. SEGUN CARTILLA DE SEÑALETICA TRANSMILENIO 2023 PARA ESTACIONES TIPO - ANCHO 5 MT. SUMINISTRO E INSTALACION	UN	1383189
Demanda	ELEMENTOS DE SEÑALIZACION TRANSMILENIO	13408	VALLA TRANSVERSAL DE SEÑALIZACION PARA INGRESO A VAGON (100X40CM) EN VINILO ADHESIVO SOBRE ALUCOBOND DE 4MM. SEGUN CARTILLA DE SEÑALETICA TRANSMILENIO 2023 PARA ESTACIONES TIPO - ANCHO 5 MT. SUMINISTRO E INSTALACION	UN	1407846
Demanda	ELEMENTOS DE SEÑALIZACION TRANSMILENIO	13409	VALLA TRANSVERSAL DE SEÑALIZACION PARA INGRESO A SERVICIO (100X40CM) EN VINILO ADHESIVO SOBRE ALUCOBOND DE 4MM. SEGUN CARTILLA DE SEÑALETICA TRANSMILENIO 2023 PARA ESTACIONES TIPO - ANCHO 5 MT. SUMINISTRO E INSTALACION	UN	1407846
Demanda	ELEMENTOS DE SEÑALIZACION TRANSMILENIO	13410	VALLA TRANSVERSAL DE SEÑALIZACION PARA TAQUILLA (190X40CM) EN VINILO ADHESIVO SOBRE ALUCOBOND DE 4MM. SEGUN CARTILLA DE SEÑALETICA TRANSMILENIO 2023 PARA ESTACIONES TIPO - ANCHO 5 MT. SUMINISTRO E INSTALACION	UN	3703234
Demanda	ELEMENTOS DE SEÑALIZACION TRANSMILENIO	13411	VALLA TRANSVERSAL DE SEÑALIZACION PARA TAQUILLA (240X40CM) EN VINILO ADHESIVO SOBRE ALUCOBOND DE 4MM. SEGUN CARTILLA DE SEÑALETICA TRANSMILENIO 2023 PARA ESTACIONES TIPO - ANCHO 5 MT. SUMINISTRO E INSTALACION	UN	4281858
Demanda	ELEMENTOS DE SEÑALIZACION TRANSMILENIO	13412	VALLA TRANSVERSAL DE SEÑALIZACION PARA ACCESO A ESTACION (335X32CM) EN VINILO ADHESIVO SOBRE ALUCOBOND DE 4MM. SEGUN CARTILLA DE SEÑALETICA TRANSMILENIO 2023 PARA ESTACIONES TIPO - ANCHO 5 MT. SUMINISTRO E INSTALACION	UN	4768460
Demanda	ELEMENTOS DE SEÑALIZACION TRANSMILENIO	13413	VALLA TRANSVERSAL DE SEÑALIZACION PARA ACCESO A BICI ESTACION (400X30CM) EN VINILO ADHESIVO SOBRE ALUCOBOND DE 4MM. SEGUN CARTILLA DE SEÑALETICA TRANSMILENIO 2023 PARA ESTACIONES TIPO - ANCHO 5 MT. SUMINISTRO E INSTALACION	UN	5035408
Demanda	ELEMENTOS DE SEÑALIZACION TRANSMILENIO	13414	PORTA MAPAS INFORMATIVO PARA BICI ESTACION (115X85CM APROX). SEGUN CARTILLA DE SEÑALETICA TRANSMILENIO 2023. SUMINISTRO E INSTALACION	UN	14096122
Demanda	ELEMENTOS DE SEÑALIZACION TRANSMILENIO	13415	PORTA MAPAS INFORMATIVO PARA ESTACION (205X168CM APROX). SEGUN CARTILLA DE SEÑALETICA TRANSMILENIO 2023. SUMINISTRO E INSTALACION	UN	18038517
Demanda	EQUIPO PESADO	13416	MARTILLO HIDRAULICO PARA EXCAVADORA	HR	65614
Demanda	TARIFA _ OBRA	13417	TARIFA DE SERVICIO ESPECIAL PARA LA RECOLECCION DE ESCOMBROS POR PARTE DE EMPRESA OPERADORA DE ASEO (MATERIALES RESULTANTES DE CONSTRUCCION O DEMOLICION, RESIDUOS VEGETALES PRODUCTO DE ARREGLOS DE ZONAS VERDES PRIVADAS, RESIDUOS VOLUMINOSOS O INSERVIBLES COMO MUEBLES VIEJOS, COLCHONES, SANITARIOS ENTRE OTROS).	M3	120000
Demanda	LEVANTAMIENTO TOPOGRÁFICO	13418	EQUIPO DE TOPOGRAFÍA. ESTACION TOTAL, Precisión lineal ≤ (2 mm + 2 ppm x D), precisión angular ≤ 3".  Alcance: con un prisma hasta 2000 metros en buenas condiciones. (Accesorios: Trípodes, bastones, prismas, cintas metálicas, baterías, entre otros). TARIFA MES	MES	2261000
Demanda	LEVANTAMIENTO TOPOGRÁFICO	13419	EQUIPO DE TOPOGRAFÍA. ESTACION TOTAL, Precisión lineal ≤ (2 mm + 2 ppm x D), precisión angular ≤ 3".  Alcance: con un prisma hasta 2000 metros en buenas condiciones. (Accesorios: Trípodes, bastones, prismas, cintas metálicas, baterías, entre otros). Y  NIVEL  electrónico o automático óptico (lectura de 3 hilos), los diámetros mínimos de los objetivos en centímetros (cm) serán 2.5 a 4.5, sensibilidad del nivel 60" a 30", aumento ≥ 28x, precisión instrumental (mm/km) ≤ 1.5. (Accesorios: Trípode y miras patronadas y/o en buen estado). Incluye todos los accesorios. TARIFA DIA	DIA	142800
Demanda	LEVANTAMIENTO TOPOGRÁFICO	13420	EQUIPO DE TOPOGRAFÍA. ESTACION TOTAL, Precisión lineal ≤ (2 mm + 2 ppm x D), precisión angular ≤ 3".  Alcance: con un prisma hasta 2000 metros en buenas condiciones. (Accesorios: Trípodes, bastones, prismas, cintas metálicas, baterías, entre otros). Y  NIVEL  electrónico o automático óptico (lectura de 3 hilos), los diámetros mínimos de los objetivos en centímetros (cm) serán 2.5 a 4.5, sensibilidad del nivel 60" a 30", aumento ≥ 28x, precisión instrumental (mm/km) ≤ 1.5. (Accesorios: Trípode y miras patronadas y/o en buen estado). Incluye todos los accesorios. TARIFA MES	MES	3451000
Demanda	LEVANTAMIENTO TOPOGRÁFICO	13421	NIVEL  electrónico o automático óptico (lectura de 3 hilos), los diámetros mínimos de los objetivos en centímetros (cm) serán 2.5 a 4.5, sensibilidad del nivel 60" a 30", aumento ≥ 28x, precisión instrumental (mm/km) ≤ 1.5. (Accesorios: Trípode y miras patronadas y/o en buen estado). Incluye todos los accesorios. TARIFA MES	MES	1071000
Demanda	LEVANTAMIENTO TOPOGRÁFICO	13422	NIVEL  electrónico o automático óptico (lectura de 3 hilos), los diámetros mínimos de los objetivos en centímetros (cm) serán 2.5 a 4.5, sensibilidad del nivel 60" a 30", aumento ≥ 28x, precisión instrumental (mm/km) ≤ 1.5. (Accesorios: Trípode y miras patronadas y/o en buen estado). Incluye todos los accesorios. TARIFA DIA	DIA	71400
Demanda	LEVANTAMIENTO TOPOGRÁFICO	13423	SISTEMA GNSS, multifrecuencia o doble frecuencia, precisión geodésica. (Accesorios: Base, Rover, colector de datos, Antena, trípodes, baterías, flexómetro, entre otros). TARIFA DIA	DIA	321300
Demanda	GESTIÓN SOCIAL ELEMENTOS DE IDENTIFICACIÓN EN OBRA	13424	AVISO EN BANNER 13 ONZAS MATE, DE 7, 00m X 1,00m, CON OJALETES Y ARANDELAS METÁLICAS DE 3/8, HORIZONTALES Y VERTICALES CADA 50 CM.	UN	273700
Demanda	GESTIÓN SOCIAL ELEMENTOS DE IDENTIFICACIÓN EN OBRA	13425	AVISO EN BANNER 13 ONZAS MATE, DE 5,00m X 1,00m, CON OJALETES Y ARANDELAS METÁLICAS DE 3/8, HORIZONTALES Y VERTICALES CADA 50 CM.	UN	196350
Demanda	GESTIÓN SOCIAL ELEMENTOS DE IDENTIFICACIÓN EN OBRA	13426	VALLA MÓVIL DE PISO, UNA CARA, DE 1.80M X 1.20M, EN VINILO ADHESIVO SOBRE ALUCOBOND DE 4MM, ÁNGULO EN HIERRO DE 2 X 1-1/8".  IMPRESIÓN 720 DPI; TINTAS PARA EXTERIORES.	UN	1225700
Demanda	GESTIÓN SOCIAL ELEMENTOS DE IDENTIFICACIÓN EN OBRA	13427	VALLA MÓVIL DE PISO, UNA CARA, DE 1.80M X 1.20M, EN LÁMINA GALVANIZADA CALIBRE 20, ÁNGULO EN HIERRO DE 2 X 1-1/8" IMPRESO EN VINILO ADHESIVO. IMPRESIÓN 720 DPI; TINTAS PARA EXTERIORES. 	UN	856800
Demanda	GESTIÓN SOCIAL ELEMENTOS DE PUBLICIDAD	13428	PASACALLE EN BANNER 13 ONZAS MATE, DE 7.00m x 1.00m, INCLUYE UN PALO DE 1,20m DE LARGO EN CADA EXTREMO.	UN	364407
Demanda	MATERIALES DE FERRETERÍA Y OTROS	13429	LAMINA DE POLIESTIRENO e= 0,05 m - 30 KG/CM3	M2	29888
Demanda	ESTRUCTURAS EN ACERO	13430	PLATINA ACERO INOXIDABLE 1 1/2" x 1/4"	ML	12317
Demanda	TRANSPORTES DE MATERIALES Y ACARREOS	13431	TRANSPORTE DE EQUIPO DE 15.1 a 25 TONELADAS POR VIAJE DIURNO (UN TRAYECTO) - SIN ESCOLTA	VIAJE	1904000
Demanda	TRANSPORTES DE MATERIALES Y ACARREOS	13432	TRANSPORTE DE EQUIPO DE 25.1 a 35 TONELADAS POR VIAJE DIURNO (UN TRAYECTO) - SIN ESCOLTA	VIAJE	2856000
Demanda	TRANSPORTES DE MATERIALES Y ACARREOS	13433	TRANSPORTE DE EQUIPO DE 35.1 a 40 TONELADAS POR VIAJE DIURNO (UN TRAYECTO) - SIN ESCOLTA	VIAJE	3332000
Demanda	TRANSPORTES DE MATERIALES Y ACARREOS	13434	TRANSPORTE DE EQUIPO DE 40.1 a 45 TONELADAS POR VIAJE DIURNO (UN TRAYECTO) - SIN ESCOLTA	VIAJE	4522000
Demanda	TRANSPORTES DE MATERIALES Y ACARREOS	13435	TRANSPORTE DE EQUIPO DE 45.1 a 60 TONELADAS POR VIAJE DIURNO (UN TRAYECTO) - SIN ESCOLTA	VIAJE	5355000
Demanda	TRANSPORTES DE MATERIALES Y ACARREOS	13436	TRANSPORTE DE EQUIPO DE 60.1 a 70 TONELADAS POR VIAJE DIURNO (UN TRAYECTO) - SIN ESCOLTA	VIAJE	9520000
Demanda	AGREGADOS PÉTREOS, BASES Y SUBBASES GRANULARES	13437	BASE GRANULAR CLASE A (BGA_BG25) 	M3	132090
Demanda	AGREGADOS PÉTREOS, BASES Y SUBBASES GRANULARES	13438	BASE GRANULAR CLASE B (BGB_BG25)	M3	132090
Demanda	CONCRETOS Y MORTEROS PREMEZCLADOS	13439	CONCRETO MR41 CON MICROFIBRAS DE POLIPROPILENO	M3	825091
Demanda	CONCRETOS Y MORTEROS PREMEZCLADOS	13440	CONCRETO MR43 CON MICROFIBRAS DE POLIPROPILENO	M3	839665
Demanda	CONCRETOS Y MORTEROS PREMEZCLADOS	13441	CONCRETO MR45 CON MICROFIBRAS DE POLIPROPILENO	M3	892915
Demanda	SUELDOS Y JORNALES 	13442	TARIFA MES - PERSONAL TÉCNICO - TOPÓGRAFO INSPECTOR HORARIO NOCTURNO (INCLUYE FACTOR DE PRESTACIONES)	MES	7361890
Demanda	SUELDOS Y JORNALES 	13443	TARIFA MES - PERSONAL AUXILIAR TÉCNICO - CADENERO 2 - HORARIO NOCTURNO (INCLUYE FACTOR DE PRESTACIONES)	MES	4467317
Demanda	SUELDOS Y JORNALES 	13444	TARIFA MES - PERSONAL DE OBRA - INSPECTOR 1 HORARIO NOCTURNO (INCLUYE FACTOR DE PRESTACIONES)	MES	5835615
Demanda	SUELDOS Y JORNALES 	13445	TARIFA MES - PERSONAL AUXILIAR TÉCNICO -  CONDUCTOR O MOTORISTA - HORARIO NOCTURNO (INCLUYE FACTOR DE PRESTACIONES)	MES	3945223
Demanda	NEOPRENOS	13513	JUNTA DE DILATACIÓN ELASTOMERICA MOVIMIENTO 64 mm  (+/- 32 mm)	ML	1106330
Demanda	NEOPRENOS	13514	JUNTA DE DILATACIÓN ELASTOMERICA MOVIMIENTO 80 mm  (+/- 40 mm)	ML	1425618
Demanda	NEOPRENOS	13515	JUNTA DE DILATACIÓN ELASTOMERICA MOVIMIENTO 100 mm  (+/- 50 mm)	ML	1903835
Demanda	NEOPRENOS	13516	JUNTA DE DILATACIÓN ELASTOMERICA MOVIMIENTO 140 mm  (+/- 70 mm)	ML	2673582
Demanda	NEOPRENOS	13517	JUNTA DE DILATACIÓN ELASTOMERICA MOVIMIENTO 180 mm  (+/- 90 mm)	ML	4296242
Demanda	NEOPRENOS	13518	JUNTA DE DILATACIÓN ELASTOMERICA MOVIMIENTO 250 mm  (+/- 125 mm)	ML	7042024
Demanda	NEOPRENOS	13519	JUNTA DE DILATACIÓN ELASTOMERICA MOVIMIENTO 270 mm  (+/- 135 mm)	ML	7042024
Demanda	NEOPRENOS	13520	JUNTA DE DILATACIÓN ELASTOMERICA MOVIMIENTO 330 mm  (+/- 165 mm)	ML	8296515
Demanda	TUBERIAS Y ACCESORIOS DE PVC - ACUEDUCTO	13531	TEE REDUCIDA PVC U.M. D= 4" x 3"	UN	848852
Demanda	TUBERIAS Y ACCESORIOS DE PVC - ACUEDUCTO	13532	UNION UNIVERSAL PVC D=2"	UN	55942
Demanda	TUBERIAS Y ACCESORIOS DE PVC - ACUEDUCTO	13533	BUJE SOLDADO PRESION PVC D= 3" x 1 1/2"	UN	28715
Demanda	BORDILLOS Y LOSETAS	13535	LOSETA PODOTACTIL EN POLIURETANO.  40 x 40 x 0.08 cm	ML	212750
Demanda	NEOPRENOS	13564	NEOPRENO DE 35X25X4,6 CMS - DUREZA 60 SIN REFUERZO (INCLUYE TODOS LOS ELEMENTOS NECESARIOS PARA LA INSTALACIÓN)	UN	279890
Demanda	NEOPRENOS	13565	NEOPRENO DE 20X35X4 CMS - DUREZA 60 SIN REFUERZO (INCLUYE TODOS LOS ELEMENTOS NECESARIOS PARA LA INSTALACIÓN)	UN	194705
Demanda	NEOPRENOS	13566	NEOPRENO DE 30X35X4 CMS - DUREZA 60 SIN REFUERZO (INCLUYE TODOS LOS ELEMENTOS NECESARIOS PARA LA INSTALACIÓN)	UN	292058
Demanda	NEOPRENOS	13567	NEOPRENO DE 50X12X2 CMS - DUREZA 60 SIN REFUERZO (INCLUYE TODOS LOS ELEMENTOS NECESARIOS PARA LA INSTALACIÓN)	UN	83445
Demanda	NEOPRENOS	13568	NEOPRENO DE 50X10X2 CMS - DUREZA 60 SIN REFUERZO (INCLUYE TODOS LOS ELEMENTOS NECESARIOS PARA LA INSTALACIÓN)	UN	69538
Demanda	NEOPRENOS	13569	NEOPRENO DE 60X30X2 CMS - DUREZA 50 SIN REFUERZO (INCLUYE TODOS LOS ELEMENTOS NECESARIOS PARA LA INSTALACIÓN)	UN	205680
Demanda	NEOPRENOS	13570	NEOPRENO DE 30X15X2,5 CMS - DUREZA 50 SIN REFUERZO (INCLUYE TODOS LOS ELEMENTOS NECESARIOS PARA LA INSTALACIÓN)	UN	78229
Demanda	NEOPRENOS	13571	NEOPRENO DE 80X50X4 CMS - DUREZA 50 SIN REFUERZO (INCLUYE TODOS LOS ELEMENTOS NECESARIOS PARA LA INSTALACIÓN)	UN	706933
Demanda	NEOPRENOS	13572	NEOPRENO DE 40X50X5 CMS - DUREZA 60 CON REFUERZO DE DOS LAMINAS DE 1/4" (INCLUYE TODOS LOS ELEMENTOS NECESARIOS PARA LA INSTALACIÓN)	UN	672945
Demanda	NEOPRENOS	13573	NEOPRENO DE 30X30X4 CMS - DUREZA 60 CON REFUERZO DE DOS LAMINAS DE 1/4" (INCLUYE TODOS LOS ELEMENTOS NECESARIOS PARA LA INSTALACIÓN)	UN	349125
Demanda	NEOPRENOS	13574	NEOPRENO DE 60X15X1 CMS - DUREZA 60 CON REFUERZO DE DOS LAMINAS DE 1/4" (INCLUYE TODOS LOS ELEMENTOS NECESARIOS PARA LA INSTALACIÓN)	UN	146637
Demanda	NEOPRENOS	13575	APOYO FIJO EN NEOPRENO DE 30X50X0,72 CMS - DUREZA 60 CON REFUERZO DE DOS LAMINAS DE 1/4" (INCLUYE TODOS LOS ELEMENTOS NECESARIOS PARA LA INSTALACIÓN)	UN	919612
Demanda	ENSAYO CAMPO - DIAGNOSTICO DE PAVIMENTOS	13576	MEDICION DE PERFIL LONGITUDINAL Y TRANSVERSAL EN ESTRUCTURA DE PAVIMENTO CON PERFILOMETRO LASER Y DETERMINACION DEL INDICE DE RUGOSIDAD INTERNACIONAL -IRI- Y LA IRREGULARIDAD SUPERFICIAL (AHUELLAMIENTO). HORARIO NOCTURNO. Incluye movilización, toma de información, procesamiento, cálculo y entrega de resultados. Tramos continuos de mínimo 500 metros. Norma técnica: ASTM E950/E950M-22 INVE-794-13 ASTM E1926-08 (21)	Km-Car	229019
Demanda	ENSAYO CAMPO - DIAGNOSTICO DE PAVIMENTOS	13577	TOMA DE DEFLEXIONES CON EQUIPO DEFLECTOMETRO DE IMPACTO (FWD/HWD) PARA PAVIMENTO CON SUPERFICIE FLEXIBLE Y RIGIDA (Máximo 200 Puntos - 3 Repeticiones por punto). Incluye movilización, carro escolta del equipo, toma de información, procesamiento, cálculo y entrega del cuenco de deflexiones promedio. Norma técnica: INVE-798-13 ASTM D4694-09 (20) INVE-797-13 ASTM D4695-03 (20) ASTM D5858-96 (20)	JR	3507205
Demanda	NEOPRENOS	13578	APOYO FIJO EN NEOPRENO DE 40X60X0,47 CMS - DUREZA 60 CON REFUERZO DE DOS LAMINAS DE 1/4" (INCLUYE TODOS LOS ELEMENTOS NECESARIOS PARA LA INSTALACIÓN)	UN	825455
Demanda	ENSAYO CAMPO - DIAGNOSTICO DE PAVIMENTOS	13579	TOMA DE DEFLEXIONES CON EQUIPO DEFLECTOMETRO DE IMPACTO (FWD/HWD) PARA PAVIMENTO CON SUPERFICIE FLEXIBLE Y RIGIDA (Máximo 200 Puntos - 3 Repeticiones por punto). HORARIO NOCTURNO. Incluye movilización, carro escolta del equipo, toma de información, procesamiento, cálculo y entrega del cuenco de deflexiones promedio. Norma técnica: INVE-798-13 ASTM D4694-09 (20) INVE-797-13 ASTM D4695-03 (20) ASTM D5858-96 (20)	JR	3566832
Demanda	ENSAYO CAMPO - DIAGNOSTICO DE PAVIMENTOS	13580	TOMA DE DEFLEXIONES CON EQUIPO DEFLECTOMETRO DE IMPACTO (LWD) EN ESTRUCTURA DE PAVIMENTO (POR JORNADA). Incluye movilización, toma de información y entrega de resultados. Norma técnica: ASTM E2583-07 (20)	JR	1428000
Demanda	NEOPRENOS	13581	APOYO MÓVIL EN NEOPRENO DE 30X50X0,72 CMS - DUREZA 60 CON REFUERZO DE DOS LAMINAS DE 1/4" (INCLUYE TODOS LOS ELEMENTOS NECESARIOS PARA LA INSTALACIÓN)	UN	919612
Demanda	ENSAYO CAMPO - DIAGNOSTICO DE PAVIMENTOS	13582	MEDICION DE PERFIL LONGITUDINAL EN ESTRUCTURA DE PAVIMENTO CON PERFILOMETRO LASER Y DETERMINACION DEL INDICE DE RUGOSIDAD INTERNACIONAL -IRI-. HORARIO NOCTURNO. Incluye movilización, toma de información, procesamiento, cálculo y entrega de resultados. Tramos continuos de mínimo 500 metros. Norma técnica: ASTM E950/E950M-22 INVE-794-13 ASTM E1926-08 (21) INVE-790-13	Km-Car	139871
Demanda	NEOPRENOS	13583	APOYO MÓVIL EN NEOPRENO DE 60X20X1,5 CMS - DUREZA 50 CON REFUERZO DE UNA LAMINA DE 1/8" (INCLUYE TODOS LOS ELEMENTOS NECESARIOS PARA LA INSTALACIÓN)	UN	106134
Demanda	ENSAYO CAMPO - DIAGNOSTICO DE PAVIMENTOS	13584	LEVANTAMIENTO DE FALLAS EN ESTRUCTURA DE PAVIMENTO CON SUPERFICIE FLEXIBLE, RIGIDA O ARTICULADA EN ZONA URBANA, CON EQUIPO DE ALTO RENDIMIENTO MEDIANTE CAPTURA DE IMAGENES DE ALTA RESOLUCION O SISTEMA LASER, Y DETERMINACION DEL INDICE DE CONDICION DEL PAVIMENTO-PCI. HORARIO NOCTURNO. Incluye movilización, carro escolta del equipo, toma de información, procesamiento, entrega del inventario de fallas y cálculo del valor de PCI. Norma técnica: ASTM D6433-23 (flexible y rígido) ASTM E2840-11(24)(articulado)	Km-Car	392551
Demanda	ENSAYO CAMPO - DIAGNOSTICO DE PAVIMENTOS	13585	MEDICION DE PERFIL TRANSVERSAL EN ESTRUCTURA DE PAVIMENTO CON PERFILOMETRO LASER Y DETERMINACION DE LA IRREGULARIDAD SUPERFICIAL (AHUELLAMIENTO). HORARIO NOCTURNO. Incluye movilización, toma de información, procesamiento, cálculo y entrega de resultados. Norma técnica: INVE-789-13	Km-Car	175538
Demanda	ENSAYO CAMPO - DIAGNOSTICO DE PAVIMENTOS	13586	MEDICION DE PERFIL DE MACROTEXTURA EN ESTRUCTURA DE PAVIMENTO CON PERFILOMETRO LASER Y DETERMINACION DE LA PROFUNDIDAD MEDIA DEL PERFIL (MDP). HORARIO NOCTURNO. Incluye movilización, toma de información, procesamiento, cálculo y entrega de resultados. Norma técnica: ASTM E1845-23	Km-Car	185440
Demanda	ENSAYO CAMPO - DIAGNOSTICO DE PAVIMENTOS	13587	MEDICION DE PERFIL LONGITUDINAL, TRANSVERSAL Y DE MACROTEXTURA  EN ESTRUCTURA DE PAVIMENTO CON PERFILOMETRO LASER Y DETERMINACION DEL INDICE DE RUGOSIDAD INTERNACIONAL -IRI-, IRREGULARIDAD SUPERFICIAL (AHUELLAMIENTO). HORARIO NOCTURNO. Incluye movilización, toma de información, procesamiento, cálculo y entrega de resultados. Tramos continuos de mínimo 500 metros. Norma técnica: ASTM E950/E950M-22 INVE-794-13 ASTM E1926-08 (21) ASTM E1845-23	Km-Car	229019
Demanda	ENSAYO CAMPO - DIAGNOSTICO DE PAVIMENTOS	13588	MEDICION DEL COEFICIENTE DE FRICCION EN ESTRUCTURA DE PAVIMENTO. Incluye movilización, carro escolta del equipo, toma de información, procesamiento, cálculo y entrega de resultados, se incluye el agua para la realización de la prueba. Norma técnica: INVE-815-13 ASTM E2340/E2340M-11(21) ASTM E274-15(20) ASTM F408-21 ASTM E1551-16 (20), ASTM E670-09 (20)	Km-Car	246449
Demanda	ENSAYO CAMPO - DIAGNOSTICO DE PAVIMENTOS	13589	MEDICION DEL COEFICIENTE DE FRICCION EN ESTRUCTURA DE PAVIMENTO. HORARIO NOCTURNO. Incluye movilización, carro escolta del equipo, toma de información, procesamiento, cálculo y entrega de resultados, se incluye el agua para la realización de la prueba. Norma técnica: INVE-815-13 ASTM E2340/E2340M-11(21) ASTM E274-15(20) ASTM F408-21 ASTM E1551-16 (20), ASTM E670-09 (20)	Km-Car	327971
Demanda	GEOSINTETICOS	13590	GEOMALLA BIAXIAL CON RESISTENCIA ULTIMA A LA TENSION, SENTIDO LONGITUDINAL Y TRANSVERSAL: ENTRE 100 KN/M Y 106 KN/M	M2	18568
