7	NO	ACTIVIDADES POR EJECUTAR > PRELIMINARES > OBRAS PRELIMINARES > OBRAS PRELIMINARES GENERALES	Obras preliminares generales SUBETAPA 1	%
8	NO	ACTIVIDADES POR EJECUTAR > PRELIMINARES > OBRAS PRELIMINARES > OBRAS PRELIMINARES GENERALES	Obras preliminares generales SUBETAPA 2	%
9	NO	ACTIVIDADES POR EJECUTAR > PRELIMINARES > OBRAS PRELIMINARES > OBRAS PRELIMINARES GENERALES	Obras preliminares generales SUBETAPA 3	%
10	NO	ACTIVIDADES POR EJECUTAR > PRELIMINARES > OBRAS PRELIMINARES > OBRAS PRELIMINARES GENERALES	Obras preliminares generales SUBETAPA 3A	%
11	NO	ACTIVIDADES POR EJECUTAR > PRELIMINARES > OBRAS PRELIMINARES > OBRAS PRELIMINARES GENERALES	Obras preliminares generales SUBETAPA 3B	%
12	NO	ACTIVIDADES POR EJECUTAR > PRELIMINARES > OBRAS PRELIMINARES > OBRAS PRELIMINARES GENERALES	Obras preliminares generales SUBETAPA 4	%
13	NO	ACTIVIDADES POR EJECUTAR > PRELIMINARES > OBRAS PRELIMINARES > OBRAS PRELIMINARES GENERALES	Obras preliminares generales SUBETAPA 4A	%
14	NO	ACTIVIDADES POR EJECUTAR > PRELIMINARES > OBRAS PRELIMINARES > OBRAS PRELIMINARES GENERALES	Obras preliminares generales SUBETAPA 4B	%
15	NO	ACTIVIDADES POR EJECUTAR > PRELIMINARES > OBRAS PRELIMINARES > OBRAS PRELIMINARES GENERALES	Obras preliminares generales SUBETAPA 4C	%
16	NO	ACTIVIDADES POR EJECUTAR > PRELIMINARES > OBRAS PRELIMINARES > OBRAS PRELIMINARES GENERALES	Obras preliminares generales SUBETAPA 4D	%
17	NO	ACTIVIDADES POR EJECUTAR > PRELIMINARES > OBRAS PRELIMINARES > OBRAS PRELIMINARES GENERALES	Obras preliminares generales SUBETAPA 4E	%
18	NO	ACTIVIDADES POR EJECUTAR > PRELIMINARES > OBRAS PRELIMINARES > OBRAS PRELIMINARES GENERALES	Obras preliminares generales SUBETAPA 4F	%
19	NO	ACTIVIDADES POR EJECUTAR > PRELIMINARES > OBRAS PRELIMINARES > OBRAS PRELIMINARES GENERALES	Obras preliminares generales SUBETAPA 5	%
20	NO	ACTIVIDADES POR EJECUTAR > PRELIMINARES > OBRAS PRELIMINARES > OBRAS PRELIMINARES GENERALES	Obras preliminares generales SUBETAPA 5A	%
21	NO	ACTIVIDADES POR EJECUTAR > PRELIMINARES > OBRAS PRELIMINARES > OBRAS PRELIMINARES GENERALES	Obras preliminares generales SUBETAPA 5B	%
22	NO	ACTIVIDADES POR EJECUTAR > PRELIMINARES > OBRAS PRELIMINARES > OBRAS PRELIMINARES GENERALES	Obras preliminares generales SUBETAPA 5C	%
23	NO	ACTIVIDADES POR EJECUTAR > PRELIMINARES > OBRAS PRELIMINARES > OBRAS PRELIMINARES GENERALES	Obras preliminares generales SUBETAPA 5D	%
24	NO	ACTIVIDADES POR EJECUTAR > PRELIMINARES > OBRAS PRELIMINARES > OBRAS PRELIMINARES GENERALES	Obras preliminares generales SUBETAPA 5E	%
25	NO	ACTIVIDADES POR EJECUTAR > PRELIMINARES > OBRAS PRELIMINARES > OBRAS PRELIMINARES GENERALES	Obras preliminares generales SUBETAPA 5F	%
26	NO	ACTIVIDADES POR EJECUTAR > PRELIMINARES > OBRAS PRELIMINARES > OBRAS PRELIMINARES GENERALES	Obras preliminares generales SUBETAPA 5G	%
27	NO	ACTIVIDADES POR EJECUTAR > PRELIMINARES > OBRAS PRELIMINARES > OBRAS PRELIMINARES GENERALES	Obras preliminares generales SUBETAPA 6	%
28	NO	ACTIVIDADES POR EJECUTAR > PRELIMINARES > OBRAS PRELIMINARES > OBRAS PRELIMINARES GENERALES	Obras preliminares generales SUBETAPA 7	%
29	NO	ACTIVIDADES POR EJECUTAR > PRELIMINARES > OBRAS PRELIMINARES > OBRAS PRELIMINARES GENERALES	Obras preliminares generales SUBETAPA 8	%
30	NO	ACTIVIDADES POR EJECUTAR > PRELIMINARES > OBRAS PRELIMINARES > OBRAS PRELIMINARES GENERALES	Obras preliminares generales SUBETAPA 8A	%
31	NO	ACTIVIDADES POR EJECUTAR > PRELIMINARES > OBRAS PRELIMINARES > OBRAS PRELIMINARES GENERALES	Obras preliminares generales SUBETAPA 8B	%
32	NO	ACTIVIDADES POR EJECUTAR > PRELIMINARES > OBRAS PRELIMINARES > OBRAS PRELIMINARES GENERALES	Obras preliminares generales SUBETAPA 8C	%
33	NO	ACTIVIDADES POR EJECUTAR > PRELIMINARES > OBRAS PRELIMINARES > OBRAS PRELIMINARES GENERALES	Obras preliminares generales SUBETAPA 8D	%
34	NO	ACTIVIDADES POR EJECUTAR > PRELIMINARES > OBRAS PRELIMINARES > OBRAS PRELIMINARES GENERALES	Obras preliminares generales SUBETAPA 9	%
35	NO	ACTIVIDADES POR EJECUTAR > PRELIMINARES > OBRAS PRELIMINARES > OBRAS PRELIMINARES GENERALES	Obras preliminares generales SUBETAPA 9A	%
36	NO	ACTIVIDADES POR EJECUTAR > PRELIMINARES > OBRAS PRELIMINARES > OBRAS PRELIMINARES GENERALES	Obras preliminares generales SUBETAPA 9B	%
37	NO	ACTIVIDADES POR EJECUTAR > PRELIMINARES > OBRAS PRELIMINARES > OBRAS PRELIMINARES GENERALES	Obras preliminares generales SUBETAPA 9C	%
38	NO	ACTIVIDADES POR EJECUTAR > PRELIMINARES > OBRAS PRELIMINARES > OBRAS PRELIMINARES GENERALES	Obras preliminares generales SUBETAPA 9D	%
39	NO	ACTIVIDADES POR EJECUTAR > PRELIMINARES > OBRAS PRELIMINARES > OBRAS PRELIMINARES GENERALES	Obras preliminares generales SUBETAPA 9E	%
40	NO	ACTIVIDADES POR EJECUTAR > PRELIMINARES > OBRAS PRELIMINARES > OBRAS PRELIMINARES GENERALES	Obras preliminares generales GENERAL	%
44	SI	ACTIVIDADES POR EJECUTAR > PERFILES VIALES (VIAS-ANDENES) > ANDENES > Descapote y nivelación subrasante	Compactación de subrasante (Incluye nivelación)	M2
45	SI	ACTIVIDADES POR EJECUTAR > PERFILES VIALES (VIAS-ANDENES) > ANDENES > Descapote y nivelación subrasante	Descapote mecánico de material vegetal (Incluye cargue y retiro externo)	M2
47	SI	ACTIVIDADES POR EJECUTAR > PERFILES VIALES (VIAS-ANDENES) > ANDENES > Suministro	Adoquín gris 10x20x6	UN
48	SI	ACTIVIDADES POR EJECUTAR > PERFILES VIALES (VIAS-ANDENES) > ANDENES > Suministro	Loseta lisa 20x20x6	UN
49	SI	ACTIVIDADES POR EJECUTAR > PERFILES VIALES (VIAS-ANDENES) > ANDENES > Suministro	Loseta toperol 20x20x6	UN
50	SI	ACTIVIDADES POR EJECUTAR > PERFILES VIALES (VIAS-ANDENES) > ANDENES > Suministro	Loseta guía 20x20x6	UN
51	SI	ACTIVIDADES POR EJECUTAR > PERFILES VIALES (VIAS-ANDENES) > ANDENES > Suministro	Bordillo prefabricado A-80	UN
52	SI	ACTIVIDADES POR EJECUTAR > PERFILES VIALES (VIAS-ANDENES) > ANDENES > Suministro	Transporte de prefabricados	KG
53	SI	ACTIVIDADES POR EJECUTAR > PERFILES VIALES (VIAS-ANDENES) > ANDENES > Suministro	Arena de nivelación	M3
55	SI	ACTIVIDADES POR EJECUTAR > PERFILES VIALES (VIAS-ANDENES) > ANDENES > Instalación	M.O. localización y replanteo	M2
56	SI	ACTIVIDADES POR EJECUTAR > PERFILES VIALES (VIAS-ANDENES) > ANDENES > Instalación	M.O. instalación de adoquín y tabletas	M2
57	SI	ACTIVIDADES POR EJECUTAR > PERFILES VIALES (VIAS-ANDENES) > ANDENES > Instalación	M.O. nivelación con arena	M2
58	SI	ACTIVIDADES POR EJECUTAR > PERFILES VIALES (VIAS-ANDENES) > ANDENES > Instalación	M.O. instalación de bordillo prefabricado	ML
59	SI	ACTIVIDADES POR EJECUTAR > PERFILES VIALES (VIAS-ANDENES) > ANDENES > Instalación	M.O. instalación de loseta guía y toperol	ML
61	SI	ACTIVIDADES POR EJECUTAR > PERFILES VIALES (VIAS-ANDENES) > ANDENES > Excavaciones y rellenos	Excavación mecánica en material común (Incluye cargue, transporte y disposición externa)	M3
62	SI	ACTIVIDADES POR EJECUTAR > PERFILES VIALES (VIAS-ANDENES) > ANDENES > Excavaciones y rellenos	Suministro y colocación de recebo B-200	M3
64	SI	ACTIVIDADES POR EJECUTAR > PERFILES VIALES (VIAS-ANDENES) > ANDENES > Granulares	Subbase granular SBG	M3
65	SI	ACTIVIDADES POR EJECUTAR > PERFILES VIALES (VIAS-ANDENES) > ANDENES > Granulares	Geotextil tejido 2100	M2
67	NO	ACTIVIDADES POR EJECUTAR > PERFILES VIALES (VIAS-ANDENES) > ANDENES > Arborización	Suministro e instalación de árbol	UN
69	NO	ACTIVIDADES POR EJECUTAR > PERFILES VIALES (VIAS-ANDENES) > ANDENES > Mobiliario	Suministro e instalación de banca en concreto con espaldar M-30	UN
70	NO	ACTIVIDADES POR EJECUTAR > PERFILES VIALES (VIAS-ANDENES) > ANDENES > Mobiliario	Suministro e instalación de banca L=2,06m (CIO106682)	UN
71	NO	ACTIVIDADES POR EJECUTAR > PERFILES VIALES (VIAS-ANDENES) > ANDENES > Mobiliario	Suministro e instalación de dos canecas M-121	UN
72	NO	ACTIVIDADES POR EJECUTAR > PERFILES VIALES (VIAS-ANDENES) > ANDENES > Mobiliario	Suministro e instalación de protector de árbol de dos tubos Tipo M-91	UN
73	NO	ACTIVIDADES POR EJECUTAR > PERFILES VIALES (VIAS-ANDENES) > ANDENES > Mobiliario	Suministro y construcción de contenedor de raíces (Dimensiones: 2,0x1,2m). Incluye tierra negra	UN
74	NO	ACTIVIDADES POR EJECUTAR > PERFILES VIALES (VIAS-ANDENES) > ANDENES > Mobiliario	Suministro y construcción de contenedor de raíces Tipo A (2,00x2,20)m	UN
75	NO	ACTIVIDADES POR EJECUTAR > PERFILES VIALES (VIAS-ANDENES) > ANDENES > Mobiliario	Suministro y construcción de contenedor de raíces Tipo B (1,50x2,20)m	UN
76	NO	ACTIVIDADES POR EJECUTAR > PERFILES VIALES (VIAS-ANDENES) > ANDENES > Mobiliario	Suministro y construcción de contenedor de raíces Tipo C (1,20x2,20)m	UN
77	NO	ACTIVIDADES POR EJECUTAR > PERFILES VIALES (VIAS-ANDENES) > ANDENES > Mobiliario	Suministro y construcción de contenedor de raíces Tipo D (0,84x4,20)m	UN
78	NO	ACTIVIDADES POR EJECUTAR > PERFILES VIALES (VIAS-ANDENES) > ANDENES > Mobiliario	Suministro y construcción de contenedor de raíces Tipo E (0,70x4,20)m	UN
79	NO	ACTIVIDADES POR EJECUTAR > PERFILES VIALES (VIAS-ANDENES) > ANDENES > Mobiliario	Suministro y construcción de contenedor de raíces Tipo F (0,70x4,20)m	UN
82	SI	ACTIVIDADES POR EJECUTAR > PERFILES VIALES (VIAS-ANDENES) > VÍA > Descapote y nivelación subrasante	Compactación de subrasante (Incluye nivelación)	M2
83	SI	ACTIVIDADES POR EJECUTAR > PERFILES VIALES (VIAS-ANDENES) > VÍA > Descapote y nivelación subrasante	Descapote mecánico de material vegetal (Incluye cargue y retiro externo)	M2
85	NO	ACTIVIDADES POR EJECUTAR > PERFILES VIALES (VIAS-ANDENES) > VÍA > Acabados	Grano de caucho reciclado	M3
86	NO	ACTIVIDADES POR EJECUTAR > PERFILES VIALES (VIAS-ANDENES) > VÍA > Acabados	Transporte de equipos para asfaltos	VJ
88	SI	ACTIVIDADES POR EJECUTAR > PERFILES VIALES (VIAS-ANDENES) > VÍA > Instalación	M.O. instalación de sardinel prefabricado	ML
90	SI	ACTIVIDADES POR EJECUTAR > PERFILES VIALES (VIAS-ANDENES) > VÍA > Mezclas asfálticas	Suministro y colocación de Emulsión Asfáltica de Rompimiento Lento CRL-1 (Imprimación)	M2
91	SI	ACTIVIDADES POR EJECUTAR > PERFILES VIALES (VIAS-ANDENES) > VÍA > Mezclas asfálticas	Suministro y colocación de Emulsión Asfáltica de Rompimiento rápido CRR-2 (Riego de liga)	M2
92	SI	ACTIVIDADES POR EJECUTAR > PERFILES VIALES (VIAS-ANDENES) > VÍA > Mezclas asfálticas	Suministro, extendida y compactación de Rodadura Asfáltica MDC-19	M3
93	SI	ACTIVIDADES POR EJECUTAR > PERFILES VIALES (VIAS-ANDENES) > VÍA > Mezclas asfálticas	Suministro, extendida y compactación de Capa intermedia asfáltica MDC-25	M3
94	SI	ACTIVIDADES POR EJECUTAR > PERFILES VIALES (VIAS-ANDENES) > VÍA > Mezclas asfálticas	Sardinel prefabricado A-10	UN
96	SI	ACTIVIDADES POR EJECUTAR > PERFILES VIALES (VIAS-ANDENES) > VÍA > Excavaciones y rellenos	Excavación mecánica en material común (Incluye cargue, transporte y disposición externa)	M3
97	SI	ACTIVIDADES POR EJECUTAR > PERFILES VIALES (VIAS-ANDENES) > VÍA > Excavaciones y rellenos	Suministro y colocación de recebo B-200	M3
99	SI	ACTIVIDADES POR EJECUTAR > PERFILES VIALES (VIAS-ANDENES) > VÍA > Granulares	Base granular BG	M3
100	SI	ACTIVIDADES POR EJECUTAR > PERFILES VIALES (VIAS-ANDENES) > VÍA > Granulares	Subbase granular SBG (sello subrasante)	M3
101	SI	ACTIVIDADES POR EJECUTAR > PERFILES VIALES (VIAS-ANDENES) > VÍA > Granulares	Subbase granular SBG	M3
102	SI	ACTIVIDADES POR EJECUTAR > PERFILES VIALES (VIAS-ANDENES) > VÍA > Granulares	Geotextil tejido 2400	M2
103	SI	ACTIVIDADES POR EJECUTAR > PERFILES VIALES (VIAS-ANDENES) > VÍA > Granulares	Piedra rajón (mejoramiento subrasante)	M3
105	NO	ACTIVIDADES POR EJECUTAR > PERFILES VIALES (VIAS-ANDENES) > VÍA > Drenaje	Suministro e instalación de filtro tipo francés (Ancho=0,30m. Incluye tubo PVC perforado Ø=4", geotextil, arena lavada + gravilla 1/2" 0,60:0,40)	ML
108	SI	ACTIVIDADES POR EJECUTAR > PERFILES VIALES (VIAS-ANDENES) > CICLORRUTA > Descapote y nivelación subrasante	Compactación de subrasante (Incluye nivelación)	M2
109	SI	ACTIVIDADES POR EJECUTAR > PERFILES VIALES (VIAS-ANDENES) > CICLORRUTA > Descapote y nivelación subrasante	Descapote mecánico de material vegetal (Incluye cargue y retiro externo)	M2
111	NO	ACTIVIDADES POR EJECUTAR > PERFILES VIALES (VIAS-ANDENES) > CICLORRUTA > Acabados	Suministro, extendida y compactación de Rodadura Asfáltica MD-13	M3
112	NO	ACTIVIDADES POR EJECUTAR > PERFILES VIALES (VIAS-ANDENES) > CICLORRUTA > Acabados	Transporte de equipos para asfaltos	VJ
113	SI	ACTIVIDADES POR EJECUTAR > PERFILES VIALES (VIAS-ANDENES) > CICLORRUTA > Acabados	Bordillo prefabricado A-80	UN
114	SI	ACTIVIDADES POR EJECUTAR > PERFILES VIALES (VIAS-ANDENES) > CICLORRUTA > Acabados	Transporte de prefabricados	KG
115	NO	ACTIVIDADES POR EJECUTAR > PERFILES VIALES (VIAS-ANDENES) > CICLORRUTA > Acabados	Suministro de cañuela prefabricada	UN
117	SI	ACTIVIDADES POR EJECUTAR > PERFILES VIALES (VIAS-ANDENES) > CICLORRUTA > Instalación	M.O. instalación de bordillo prefabricado	ML
118	NO	ACTIVIDADES POR EJECUTAR > PERFILES VIALES (VIAS-ANDENES) > CICLORRUTA > Instalación	M.O. instalación de cañuela prefabricada	ML
120	SI	ACTIVIDADES POR EJECUTAR > PERFILES VIALES (VIAS-ANDENES) > CICLORRUTA > Excavaciones y rellenos	Excavación mecánica en material común (Incluye cargue, transporte y disposición externa)	M3
121	SI	ACTIVIDADES POR EJECUTAR > PERFILES VIALES (VIAS-ANDENES) > CICLORRUTA > Excavaciones y rellenos	Suministro y colocación de recebo B-200	M3
123	SI	ACTIVIDADES POR EJECUTAR > PERFILES VIALES (VIAS-ANDENES) > CICLORRUTA > Granulares	Subbase granular SBG	M3
124	SI	ACTIVIDADES POR EJECUTAR > PERFILES VIALES (VIAS-ANDENES) > CICLORRUTA > Granulares	Geotextil tejido 2100	M2
127	SI	ACTIVIDADES POR EJECUTAR > PERFILES VIALES (VIAS-ANDENES) > RAMPA VEHICULAR > Descapote y nivelación subrasante	Compactación de subrasante (Incluye nivelación)	M2
128	SI	ACTIVIDADES POR EJECUTAR > PERFILES VIALES (VIAS-ANDENES) > RAMPA VEHICULAR > Descapote y nivelación subrasante	Descapote mecánico de material vegetal (Incluye cargue y retiro externo)	M2
130	NO	ACTIVIDADES POR EJECUTAR > PERFILES VIALES (VIAS-ANDENES) > RAMPA VEHICULAR > Suministro	Suministro pieza remate A-105 para rampa	UN
131	SI	ACTIVIDADES POR EJECUTAR > PERFILES VIALES (VIAS-ANDENES) > RAMPA VEHICULAR > Suministro	Sardinel prefabricado A-10	UN
132	NO	ACTIVIDADES POR EJECUTAR > PERFILES VIALES (VIAS-ANDENES) > RAMPA VEHICULAR > Suministro	Suministro sardinel alto A-86 para rampas	UN
133	SI	ACTIVIDADES POR EJECUTAR > PERFILES VIALES (VIAS-ANDENES) > RAMPA VEHICULAR > Suministro	Suministro sardinel bajo A-85 para rampa	UN
134	NO	ACTIVIDADES POR EJECUTAR > PERFILES VIALES (VIAS-ANDENES) > RAMPA VEHICULAR > Suministro	Suministro sardinel especial A-100 para rampa	UN
135	SI	ACTIVIDADES POR EJECUTAR > PERFILES VIALES (VIAS-ANDENES) > RAMPA VEHICULAR > Suministro	Bordillo prefabricado A-80	UN
136	SI	ACTIVIDADES POR EJECUTAR > PERFILES VIALES (VIAS-ANDENES) > RAMPA VEHICULAR > Suministro	Adoquín gris 10x20x6	UN
137	SI	ACTIVIDADES POR EJECUTAR > PERFILES VIALES (VIAS-ANDENES) > RAMPA VEHICULAR > Suministro	Loseta lisa 20x20x6	UN
138	SI	ACTIVIDADES POR EJECUTAR > PERFILES VIALES (VIAS-ANDENES) > RAMPA VEHICULAR > Suministro	Loseta toperol 20x20x6	UN
139	SI	ACTIVIDADES POR EJECUTAR > PERFILES VIALES (VIAS-ANDENES) > RAMPA VEHICULAR > Suministro	Loseta guía 20x20x6	UN
140	SI	ACTIVIDADES POR EJECUTAR > PERFILES VIALES (VIAS-ANDENES) > RAMPA VEHICULAR > Suministro	Transporte de prefabricados	KG
141	SI	ACTIVIDADES POR EJECUTAR > PERFILES VIALES (VIAS-ANDENES) > RAMPA VEHICULAR > Suministro	Arena de nivelación	M3
143	SI	ACTIVIDADES POR EJECUTAR > PERFILES VIALES (VIAS-ANDENES) > RAMPA VEHICULAR > Instalación	M.O. instalación de adoquín y tabletas	M2
144	SI	ACTIVIDADES POR EJECUTAR > PERFILES VIALES (VIAS-ANDENES) > RAMPA VEHICULAR > Instalación	M.O. instalación de bordillo prefabricado	ML
145	SI	ACTIVIDADES POR EJECUTAR > PERFILES VIALES (VIAS-ANDENES) > RAMPA VEHICULAR > Instalación	M.O. instalación de sardinel prefabricado	ML
146	SI	ACTIVIDADES POR EJECUTAR > PERFILES VIALES (VIAS-ANDENES) > RAMPA VEHICULAR > Instalación	M.O. instalación de loseta guía y toperol	ML
147	SI	ACTIVIDADES POR EJECUTAR > PERFILES VIALES (VIAS-ANDENES) > RAMPA VEHICULAR > Instalación	M.O. localización y replanteo	M2
148	SI	ACTIVIDADES POR EJECUTAR > PERFILES VIALES (VIAS-ANDENES) > RAMPA VEHICULAR > Instalación	M.O. nivelación con arena	M2
149	NO	ACTIVIDADES POR EJECUTAR > PERFILES VIALES (VIAS-ANDENES) > RAMPA VEHICULAR > Instalación	M.O. instalación pieza remate A-105	UN
151	SI	ACTIVIDADES POR EJECUTAR > PERFILES VIALES (VIAS-ANDENES) > RAMPA VEHICULAR > Excavaciones y rellenos	Excavación mecánica en material común (Incluye cargue, transporte y disposición externa)	M3
152	SI	ACTIVIDADES POR EJECUTAR > PERFILES VIALES (VIAS-ANDENES) > RAMPA VEHICULAR > Excavaciones y rellenos	Suministro y colocación de recebo B-200	M3
154	SI	ACTIVIDADES POR EJECUTAR > PERFILES VIALES (VIAS-ANDENES) > RAMPA VEHICULAR > Granulares	Subbase granular SBG	M3
155	SI	ACTIVIDADES POR EJECUTAR > PERFILES VIALES (VIAS-ANDENES) > RAMPA VEHICULAR > Granulares	Geotextil tejido 2100	M2
157	SI	ACTIVIDADES POR EJECUTAR > PERFILES VIALES (VIAS-ANDENES) > RAMPA VEHICULAR > Mobiliario	Suministro e instalación de bolardo alto en hierro Tipo M-63	UN
160	SI	ACTIVIDADES POR EJECUTAR > PERFILES VIALES (VIAS-ANDENES) > RAMPA PEATONAL > Descapote y nivelación subrasante	Compactación de subrasante (Incluye nivelación)	M2
161	SI	ACTIVIDADES POR EJECUTAR > PERFILES VIALES (VIAS-ANDENES) > RAMPA PEATONAL > Descapote y nivelación subrasante	Descapote mecánico de material vegetal (Incluye cargue y retiro externo)	M2
163	NO	ACTIVIDADES POR EJECUTAR > PERFILES VIALES (VIAS-ANDENES) > RAMPA PEATONAL > Suministro	Suministro sardinel alto A-86 para rampas	ML
164	SI	ACTIVIDADES POR EJECUTAR > PERFILES VIALES (VIAS-ANDENES) > RAMPA PEATONAL > Suministro	Suministro sardinel bajo A-85 para rampa	UN
165	NO	ACTIVIDADES POR EJECUTAR > PERFILES VIALES (VIAS-ANDENES) > RAMPA PEATONAL > Suministro	Suministro sardinel especial A-100 para rampa	UN
166	SI	ACTIVIDADES POR EJECUTAR > PERFILES VIALES (VIAS-ANDENES) > RAMPA PEATONAL > Suministro	Suministro y construcción de remate de rampa en concreto fundido en sitio	M2
167	SI	ACTIVIDADES POR EJECUTAR > PERFILES VIALES (VIAS-ANDENES) > RAMPA PEATONAL > Suministro	Adoquín gris 10x20x6	UN
168	SI	ACTIVIDADES POR EJECUTAR > PERFILES VIALES (VIAS-ANDENES) > RAMPA PEATONAL > Suministro	Loseta toperol 20x20x6	UN
169	SI	ACTIVIDADES POR EJECUTAR > PERFILES VIALES (VIAS-ANDENES) > RAMPA PEATONAL > Suministro	Loseta guía 20x20x6	UN
170	SI	ACTIVIDADES POR EJECUTAR > PERFILES VIALES (VIAS-ANDENES) > RAMPA PEATONAL > Suministro	Bordillo prefabricado A-80	UN
171	SI	ACTIVIDADES POR EJECUTAR > PERFILES VIALES (VIAS-ANDENES) > RAMPA PEATONAL > Suministro	Transporte de prefabricados	KG
172	SI	ACTIVIDADES POR EJECUTAR > PERFILES VIALES (VIAS-ANDENES) > RAMPA PEATONAL > Suministro	Arena de nivelación	M3
173	SI	ACTIVIDADES POR EJECUTAR > PERFILES VIALES (VIAS-ANDENES) > RAMPA PEATONAL > Suministro	Loseta lisa 20x20x6	UN
175	SI	ACTIVIDADES POR EJECUTAR > PERFILES VIALES (VIAS-ANDENES) > RAMPA PEATONAL > Instalación	M.O. localización y replanteo	M2
176	SI	ACTIVIDADES POR EJECUTAR > PERFILES VIALES (VIAS-ANDENES) > RAMPA PEATONAL > Instalación	M.O. instalación de adoquín y tabletas	M2
177	SI	ACTIVIDADES POR EJECUTAR > PERFILES VIALES (VIAS-ANDENES) > RAMPA PEATONAL > Instalación	M.O. nivelación con arena	M2
178	SI	ACTIVIDADES POR EJECUTAR > PERFILES VIALES (VIAS-ANDENES) > RAMPA PEATONAL > Instalación	M.O. instalación de bordillo prefabricado	ML
179	SI	ACTIVIDADES POR EJECUTAR > PERFILES VIALES (VIAS-ANDENES) > RAMPA PEATONAL > Instalación	M.O. instalación de loseta guía y toperol	ML
180	SI	ACTIVIDADES POR EJECUTAR > PERFILES VIALES (VIAS-ANDENES) > RAMPA PEATONAL > Instalación	M.O. instalación de sardinel prefabricado	ML
182	SI	ACTIVIDADES POR EJECUTAR > PERFILES VIALES (VIAS-ANDENES) > RAMPA PEATONAL > Excavaciones y rellenos	Excavación mecánica en material común (Incluye cargue, transporte y disposición externa)	M3
183	SI	ACTIVIDADES POR EJECUTAR > PERFILES VIALES (VIAS-ANDENES) > RAMPA PEATONAL > Excavaciones y rellenos	Suministro y colocación de recebo B-200	M3
185	SI	ACTIVIDADES POR EJECUTAR > PERFILES VIALES (VIAS-ANDENES) > RAMPA PEATONAL > Granulares	Subbase granular SBG	M3
186	SI	ACTIVIDADES POR EJECUTAR > PERFILES VIALES (VIAS-ANDENES) > RAMPA PEATONAL > Granulares	Geotextil tejido 2100	M2
188	SI	ACTIVIDADES POR EJECUTAR > PERFILES VIALES (VIAS-ANDENES) > RAMPA PEATONAL > Mobiliario	Suministro e instalación de bolardo alto en hierro Tipo M-63	UN
191	SI	ACTIVIDADES POR EJECUTAR > PERFILES VIALES (VIAS-ANDENES) > PASO PEATONAL SEGURO > Descapote y nivelación subrasante	Compactación de subrasante (Incluye nivelación)	M2
192	SI	ACTIVIDADES POR EJECUTAR > PERFILES VIALES (VIAS-ANDENES) > PASO PEATONAL SEGURO > Descapote y nivelación subrasante	Descapote mecánico de material vegetal (Incluye cargue y retiro externo)	M2
194	SI	ACTIVIDADES POR EJECUTAR > PERFILES VIALES (VIAS-ANDENES) > PASO PEATONAL SEGURO > Suministro	Adoquín gris 10x20x6	UN
195	SI	ACTIVIDADES POR EJECUTAR > PERFILES VIALES (VIAS-ANDENES) > PASO PEATONAL SEGURO > Suministro	Bordillo prefabricado A-80	UN
196	SI	ACTIVIDADES POR EJECUTAR > PERFILES VIALES (VIAS-ANDENES) > PASO PEATONAL SEGURO > Suministro	Transporte de prefabricados	KG
197	SI	ACTIVIDADES POR EJECUTAR > PERFILES VIALES (VIAS-ANDENES) > PASO PEATONAL SEGURO > Suministro	Arena de nivelación	M3
199	SI	ACTIVIDADES POR EJECUTAR > PERFILES VIALES (VIAS-ANDENES) > PASO PEATONAL SEGURO > Instalación	M.O. localización y replanteo	M2
200	SI	ACTIVIDADES POR EJECUTAR > PERFILES VIALES (VIAS-ANDENES) > PASO PEATONAL SEGURO > Instalación	M.O. instalación de adoquín y tabletas	M2
201	SI	ACTIVIDADES POR EJECUTAR > PERFILES VIALES (VIAS-ANDENES) > PASO PEATONAL SEGURO > Instalación	M.O. nivelación con arena	M2
202	SI	ACTIVIDADES POR EJECUTAR > PERFILES VIALES (VIAS-ANDENES) > PASO PEATONAL SEGURO > Instalación	M.O. instalación de bordillo prefabricado	ML
204	SI	ACTIVIDADES POR EJECUTAR > PERFILES VIALES (VIAS-ANDENES) > PASO PEATONAL SEGURO > Excavaciones y rellenos	Excavación mecánica en material común (Incluye cargue, transporte y disposición externa)	M3
205	SI	ACTIVIDADES POR EJECUTAR > PERFILES VIALES (VIAS-ANDENES) > PASO PEATONAL SEGURO > Excavaciones y rellenos	Suministro y colocación de recebo B-200	M3
207	SI	ACTIVIDADES POR EJECUTAR > PERFILES VIALES (VIAS-ANDENES) > PASO PEATONAL SEGURO > Granulares	Subbase granular SBG	M3
208	SI	ACTIVIDADES POR EJECUTAR > PERFILES VIALES (VIAS-ANDENES) > PASO PEATONAL SEGURO > Granulares	Geotextil tejido 2100	M2
211	SI	ACTIVIDADES POR EJECUTAR > PERFILES VIALES (VIAS-ANDENES) > ZONA VERDE > Empradización	Empradización y conformación	M2
212	NO	ACTIVIDADES POR EJECUTAR > PERFILES VIALES (VIAS-ANDENES) > ZONA VERDE > Empradización	Localizacion y replanteo	M2
213	NO	ACTIVIDADES POR EJECUTAR > PERFILES VIALES (VIAS-ANDENES) > ZONA VERDE > Empradización	Relleno Manual Tierra Negra X 30CM	M3
214	NO	ACTIVIDADES POR EJECUTAR > PERFILES VIALES (VIAS-ANDENES) > ZONA VERDE > Empradización	Coberturas Zonas Verdes	M2
216	NO	ACTIVIDADES POR EJECUTAR > PERFILES VIALES (VIAS-ANDENES) > ZONA VERDE > Arborización	Suministro e instalación de árbol	UN
218	SI	ACTIVIDADES POR EJECUTAR > PERFILES VIALES (VIAS-ANDENES) > ZONA VERDE > Excavaciones y rellenos	Excavación mecánica en material común (Incluye cargue, transporte y disposición externa)	M3
219	SI	ACTIVIDADES POR EJECUTAR > PERFILES VIALES (VIAS-ANDENES) > ZONA VERDE > Excavaciones y rellenos	Suministro y colocación de recebo B-200	M3
222	NO	ACTIVIDADES POR EJECUTAR > PERFILES VIALES (VIAS-ANDENES) > SEÑALIZACIÓN Y DEMARCACIÓN > Señalización horizontal	Cruce ciclorruta por calzada (0,4m x 0,4m) - Pintura de dos componentes metil metacrilato	M2
223	NO	ACTIVIDADES POR EJECUTAR > PERFILES VIALES (VIAS-ANDENES) > SEÑALIZACIÓN Y DEMARCACIÓN > Señalización horizontal	Cruce ciclorruta por calzada (Color azul) - Pintura de dos componentes metil metacrilato	M2
224	NO	ACTIVIDADES POR EJECUTAR > PERFILES VIALES (VIAS-ANDENES) > SEÑALIZACIÓN Y DEMARCACIÓN > Señalización horizontal	Demarcación de letras - Pintura acrílica	M2
225	NO	ACTIVIDADES POR EJECUTAR > PERFILES VIALES (VIAS-ANDENES) > SEÑALIZACIÓN Y DEMARCACIÓN > Señalización horizontal	Demarcación de rampas de pompeyano (Color amarillo) - Pintura de dos componentes metil metacrilato	M2
226	NO	ACTIVIDADES POR EJECUTAR > PERFILES VIALES (VIAS-ANDENES) > SEÑALIZACIÓN Y DEMARCACIÓN > Señalización horizontal	Demarcación máxima velocidad permitida (20 km/h) - Pintura de dos componentes metil metacrilato	M2
227	NO	ACTIVIDADES POR EJECUTAR > PERFILES VIALES (VIAS-ANDENES) > SEÑALIZACIÓN Y DEMARCACIÓN > Señalización horizontal	Flecha a la derecha - Pintura de dos componentes metil metacrilato	M2
228	NO	ACTIVIDADES POR EJECUTAR > PERFILES VIALES (VIAS-ANDENES) > SEÑALIZACIÓN Y DEMARCACIÓN > Señalización horizontal	Flecha a la derecha o a la izquierda - Pintura de dos componentes metil metacrilato	M2
229	NO	ACTIVIDADES POR EJECUTAR > PERFILES VIALES (VIAS-ANDENES) > SEÑALIZACIÓN Y DEMARCACIÓN > Señalización horizontal	Flecha a la izquierda - Pintura de dos componentes metil metacrilato	M2
230	NO	ACTIVIDADES POR EJECUTAR > PERFILES VIALES (VIAS-ANDENES) > SEÑALIZACIÓN Y DEMARCACIÓN > Señalización horizontal	Flecha de frente - Pintura de dos componentes metil metacrilato	M2
231	NO	ACTIVIDADES POR EJECUTAR > PERFILES VIALES (VIAS-ANDENES) > SEÑALIZACIÓN Y DEMARCACIÓN > Señalización horizontal	Flecha de frente o a la derecha - Pintura de dos componentes metil metacrilato	M2
232	NO	ACTIVIDADES POR EJECUTAR > PERFILES VIALES (VIAS-ANDENES) > SEÑALIZACIÓN Y DEMARCACIÓN > Señalización horizontal	Flecha de frente o a la izquierda - Pintura de dos componentes metil metacrilato	M2
233	NO	ACTIVIDADES POR EJECUTAR > PERFILES VIALES (VIAS-ANDENES) > SEÑALIZACIÓN Y DEMARCACIÓN > Señalización horizontal	Flecha de frente para ciclocarril - Pintura acrílica	M2
234	NO	ACTIVIDADES POR EJECUTAR > PERFILES VIALES (VIAS-ANDENES) > SEÑALIZACIÓN Y DEMARCACIÓN > Señalización horizontal	Flecha de frente, a la derecha o a la izquierda - Pintura de dos componentes metil metacrilato	M2
235	NO	ACTIVIDADES POR EJECUTAR > PERFILES VIALES (VIAS-ANDENES) > SEÑALIZACIÓN Y DEMARCACIÓN > Señalización horizontal	Línea cebreada para paso de peatones (a=0,4m) - Pintura de dos componentes metil metacrilato	M2
236	NO	ACTIVIDADES POR EJECUTAR > PERFILES VIALES (VIAS-ANDENES) > SEÑALIZACIÓN Y DEMARCACIÓN > Señalización horizontal	Línea continua de color amarillo - Pintura de dos componentes metil metacrilato (a=0,12m)	ML
237	NO	ACTIVIDADES POR EJECUTAR > PERFILES VIALES (VIAS-ANDENES) > SEÑALIZACIÓN Y DEMARCACIÓN > Señalización horizontal	Línea continua de color amarillo - Pintura de dos componentes metil metacrilato (a=0,15m)	ML
238	NO	ACTIVIDADES POR EJECUTAR > PERFILES VIALES (VIAS-ANDENES) > SEÑALIZACIÓN Y DEMARCACIÓN > Señalización horizontal	Línea continua de color blanco - Pintura de dos componentes metil metacrilato (a=0,12m)	ML
239	NO	ACTIVIDADES POR EJECUTAR > PERFILES VIALES (VIAS-ANDENES) > SEÑALIZACIÓN Y DEMARCACIÓN > Señalización horizontal	Línea continua de color blanco para ciclorruta - Pintura acrílica (a=0,10m)	ML
240	NO	ACTIVIDADES POR EJECUTAR > PERFILES VIALES (VIAS-ANDENES) > SEÑALIZACIÓN Y DEMARCACIÓN > Señalización horizontal	Línea de Pare - Pintura acrílica (a=0,2m)	M2
241	NO	ACTIVIDADES POR EJECUTAR > PERFILES VIALES (VIAS-ANDENES) > SEÑALIZACIÓN Y DEMARCACIÓN > Señalización horizontal	Línea de Pare - Pintura de dos componentes metil metacrilato (a=0,6m)	M2
242	NO	ACTIVIDADES POR EJECUTAR > PERFILES VIALES (VIAS-ANDENES) > SEÑALIZACIÓN Y DEMARCACIÓN > Señalización horizontal	Línea discontinua de color amarillo para ciclorruta 1m x 2m - Pintura acrílica (a=0,10m)	ML
243	NO	ACTIVIDADES POR EJECUTAR > PERFILES VIALES (VIAS-ANDENES) > SEÑALIZACIÓN Y DEMARCACIÓN > Señalización horizontal	Línea discontinua de color blanco 1m x 1m - Pintura de dos componentes metil metacrilato (a=0,20m)	ML
244	NO	ACTIVIDADES POR EJECUTAR > PERFILES VIALES (VIAS-ANDENES) > SEÑALIZACIÓN Y DEMARCACIÓN > Señalización horizontal	Línea discontinua de color blanco 3m x 5m - Pintura de dos componentes metil metacrilato (a=0,12m)	ML
245	NO	ACTIVIDADES POR EJECUTAR > PERFILES VIALES (VIAS-ANDENES) > SEÑALIZACIÓN Y DEMARCACIÓN > Señalización horizontal	Pictograma de bicicleta - Pintura acrílica	M2
246	NO	ACTIVIDADES POR EJECUTAR > PERFILES VIALES (VIAS-ANDENES) > SEÑALIZACIÓN Y DEMARCACIÓN > Señalización horizontal	Pictograma de cruce peatonal - Pintura de dos componentes metil metacrilato	M2
247	NO	ACTIVIDADES POR EJECUTAR > PERFILES VIALES (VIAS-ANDENES) > SEÑALIZACIÓN Y DEMARCACIÓN > Señalización horizontal	Reproceso de pintura	GL
248	NO	ACTIVIDADES POR EJECUTAR > PERFILES VIALES (VIAS-ANDENES) > SEÑALIZACIÓN Y DEMARCACIÓN > Señalización horizontal	Sentido del tránsito en pompeyanos (Triángulos) - Pintura de dos componentes metil metacrilato	M2
249	NO	ACTIVIDADES POR EJECUTAR > PERFILES VIALES (VIAS-ANDENES) > SEÑALIZACIÓN Y DEMARCACIÓN > Señalización horizontal	Suministro e instalación de resalto en concreto	ML
250	NO	ACTIVIDADES POR EJECUTAR > PERFILES VIALES (VIAS-ANDENES) > SEÑALIZACIÓN Y DEMARCACIÓN > Señalización horizontal	Tacha reflectiva bidireccional (Línea central)	UN
251	NO	ACTIVIDADES POR EJECUTAR > PERFILES VIALES (VIAS-ANDENES) > SEÑALIZACIÓN Y DEMARCACIÓN > Señalización horizontal	Tacha reflectiva bidireccional (Línea de borde)	UN
253	NO	ACTIVIDADES POR EJECUTAR > PERFILES VIALES (VIAS-ANDENES) > SEÑALIZACIÓN Y DEMARCACIÓN > Señalización vertical	Señal vertical (0,60mx0,60m)	UN
254	NO	ACTIVIDADES POR EJECUTAR > PERFILES VIALES (VIAS-ANDENES) > SEÑALIZACIÓN Y DEMARCACIÓN > Señalización vertical	Señal vertical ciclorruta doble (0,45m x 0,45m)	UN
255	NO	ACTIVIDADES POR EJECUTAR > PERFILES VIALES (VIAS-ANDENES) > SEÑALIZACIÓN Y DEMARCACIÓN > Señalización vertical	Señal vertical ciclorruta sencilla "Fin ciclorruta"	UN
256	NO	ACTIVIDADES POR EJECUTAR > PERFILES VIALES (VIAS-ANDENES) > SEÑALIZACIÓN Y DEMARCACIÓN > Señalización vertical	Señal vertical ciclorruta sencilla "Inicio ciclorruta"	UN
257	NO	ACTIVIDADES POR EJECUTAR > PERFILES VIALES (VIAS-ANDENES) > SEÑALIZACIÓN Y DEMARCACIÓN > Señalización vertical	Señal vertical ciclorruta sencilla (0,45m x 0,45m)	UN
258	NO	ACTIVIDADES POR EJECUTAR > PERFILES VIALES (VIAS-ANDENES) > SEÑALIZACIÓN Y DEMARCACIÓN > Señalización vertical	Señal vertical SP-46A / SR-30	UN
259	NO	ACTIVIDADES POR EJECUTAR > PERFILES VIALES (VIAS-ANDENES) > SEÑALIZACIÓN Y DEMARCACIÓN > Señalización vertical	Señal vertical SPB-03	UN
260	NO	ACTIVIDADES POR EJECUTAR > PERFILES VIALES (VIAS-ANDENES) > SEÑALIZACIÓN Y DEMARCACIÓN > Señalización vertical	Señal vertical SPB-04	UN
261	NO	ACTIVIDADES POR EJECUTAR > PERFILES VIALES (VIAS-ANDENES) > SEÑALIZACIÓN Y DEMARCACIÓN > Señalización vertical	Señal vertical SPC-01 / SPC-01	UN
262	NO	ACTIVIDADES POR EJECUTAR > PERFILES VIALES (VIAS-ANDENES) > SEÑALIZACIÓN Y DEMARCACIÓN > Señalización vertical	Señal vertical SPC-01 / SRC-01	UN
263	NO	ACTIVIDADES POR EJECUTAR > PERFILES VIALES (VIAS-ANDENES) > SEÑALIZACIÓN Y DEMARCACIÓN > Señalización vertical	Señal vertical ubicación de cruce ciclistas SP-59A	UN
264	NO	ACTIVIDADES POR EJECUTAR > PERFILES VIALES (VIAS-ANDENES) > SEÑALIZACIÓN Y DEMARCACIÓN > Señalización vertical	Señal vertical ubicación de cruce peatonal SP-46	UN
265	NO	ACTIVIDADES POR EJECUTAR > PERFILES VIALES (VIAS-ANDENES) > SEÑALIZACIÓN Y DEMARCACIÓN > Señalización vertical	Señal vertical ubicación de cruce peatonal SP-46B	UN
269	NO	ACTIVIDADES POR EJECUTAR > EQUIPAMIENTOS (PARQUES-SENDEROS PEATONALES Y PUENTES) > PL3 > MOVIMIENTO DE TIERRA	Localizacion y replanteo	M2
270	NO	ACTIVIDADES POR EJECUTAR > EQUIPAMIENTOS (PARQUES-SENDEROS PEATONALES Y PUENTES) > PL3 > MOVIMIENTO DE TIERRA	Descapote con botadero certificado	M3
271	NO	ACTIVIDADES POR EJECUTAR > EQUIPAMIENTOS (PARQUES-SENDEROS PEATONALES Y PUENTES) > PL3 > MOVIMIENTO DE TIERRA	Subabase granular SBG-B	M3
273	NO	ACTIVIDADES POR EJECUTAR > EQUIPAMIENTOS (PARQUES-SENDEROS PEATONALES Y PUENTES) > PL3 > ZONAS VERDES	Localizacion y replanteo	M2
274	NO	ACTIVIDADES POR EJECUTAR > EQUIPAMIENTOS (PARQUES-SENDEROS PEATONALES Y PUENTES) > PL3 > ZONAS VERDES	Relleno Material seleccionado(montañas)	M3
275	NO	ACTIVIDADES POR EJECUTAR > EQUIPAMIENTOS (PARQUES-SENDEROS PEATONALES Y PUENTES) > PL3 > ZONAS VERDES	Relleno Manual Tierra Negra X 30CM	M3
276	NO	ACTIVIDADES POR EJECUTAR > EQUIPAMIENTOS (PARQUES-SENDEROS PEATONALES Y PUENTES) > PL3 > ZONAS VERDES	Arboles 80 cm	M3
277	NO	ACTIVIDADES POR EJECUTAR > EQUIPAMIENTOS (PARQUES-SENDEROS PEATONALES Y PUENTES) > PL3 > ZONAS VERDES	Arboles 120 cm	M2
278	NO	ACTIVIDADES POR EJECUTAR > EQUIPAMIENTOS (PARQUES-SENDEROS PEATONALES Y PUENTES) > PL3 > ZONAS VERDES	Jardineria	M2
279	NO	ACTIVIDADES POR EJECUTAR > EQUIPAMIENTOS (PARQUES-SENDEROS PEATONALES Y PUENTES) > PL3 > ZONAS VERDES	Coberturas Zonas Verdes	M2
281	NO	ACTIVIDADES POR EJECUTAR > EQUIPAMIENTOS (PARQUES-SENDEROS PEATONALES Y PUENTES) > PL3 > SENDEROS PEATONALES - Incluye el area de los escalones	Localizacion y replanteo	M2
282	NO	ACTIVIDADES POR EJECUTAR > EQUIPAMIENTOS (PARQUES-SENDEROS PEATONALES Y PUENTES) > PL3 > SENDEROS PEATONALES - Incluye el area de los escalones	Excavacion y retiro a maquina con batadero certificado	M3
283	NO	ACTIVIDADES POR EJECUTAR > EQUIPAMIENTOS (PARQUES-SENDEROS PEATONALES Y PUENTES) > PL3 > SENDEROS PEATONALES - Incluye el area de los escalones	Subabase granular SBG-B	M3
284	SI	ACTIVIDADES POR EJECUTAR > EQUIPAMIENTOS (PARQUES-SENDEROS PEATONALES Y PUENTES) > PL3 > SENDEROS PEATONALES - Incluye el area de los escalones	Base granular BG	M3
285	SI	ACTIVIDADES POR EJECUTAR > EQUIPAMIENTOS (PARQUES-SENDEROS PEATONALES Y PUENTES) > PL3 > SENDEROS PEATONALES - Incluye el area de los escalones	Geotextil tejido 2100	M2
286	NO	ACTIVIDADES POR EJECUTAR > EQUIPAMIENTOS (PARQUES-SENDEROS PEATONALES Y PUENTES) > PL3 > SENDEROS PEATONALES - Incluye el area de los escalones	Concreto 3000 psi	M3
287	NO	ACTIVIDADES POR EJECUTAR > EQUIPAMIENTOS (PARQUES-SENDEROS PEATONALES Y PUENTES) > PL3 > SENDEROS PEATONALES - Incluye el area de los escalones	Malla electrosoldada	KG
288	NO	ACTIVIDADES POR EJECUTAR > EQUIPAMIENTOS (PARQUES-SENDEROS PEATONALES Y PUENTES) > PL3 > SENDEROS PEATONALES - Incluye el area de los escalones	Mano de obra losa contrapiso	M2
289	NO	ACTIVIDADES POR EJECUTAR > EQUIPAMIENTOS (PARQUES-SENDEROS PEATONALES Y PUENTES) > PL3 > SENDEROS PEATONALES - Incluye el area de los escalones	Separadores losa	UN
290	NO	ACTIVIDADES POR EJECUTAR > EQUIPAMIENTOS (PARQUES-SENDEROS PEATONALES Y PUENTES) > PL3 > SENDEROS PEATONALES - Incluye el area de los escalones	Cañuela prefabricado	ML
291	NO	ACTIVIDADES POR EJECUTAR > EQUIPAMIENTOS (PARQUES-SENDEROS PEATONALES Y PUENTES) > PL3 > SENDEROS PEATONALES - Incluye el area de los escalones	Bordillo de confinamiento	ML
292	NO	ACTIVIDADES POR EJECUTAR > EQUIPAMIENTOS (PARQUES-SENDEROS PEATONALES Y PUENTES) > PL3 > SENDEROS PEATONALES - Incluye el area de los escalones	MO Escobillado concreto	M2
293	NO	ACTIVIDADES POR EJECUTAR > EQUIPAMIENTOS (PARQUES-SENDEROS PEATONALES Y PUENTES) > PL3 > SENDEROS PEATONALES - Incluye el area de los escalones	Señalizacion zonas	GB
294	NO	ACTIVIDADES POR EJECUTAR > EQUIPAMIENTOS (PARQUES-SENDEROS PEATONALES Y PUENTES) > PL3 > SENDEROS PEATONALES - Incluye el area de los escalones	Canecas tipo idu	UN
295	NO	ACTIVIDADES POR EJECUTAR > EQUIPAMIENTOS (PARQUES-SENDEROS PEATONALES Y PUENTES) > PL3 > SENDEROS PEATONALES - Incluye el area de los escalones	totem parque	UN
296	NO	ACTIVIDADES POR EJECUTAR > EQUIPAMIENTOS (PARQUES-SENDEROS PEATONALES Y PUENTES) > PL3 > SENDEROS PEATONALES - Incluye el area de los escalones	Mesa rural con asientos	UN
297	NO	ACTIVIDADES POR EJECUTAR > EQUIPAMIENTOS (PARQUES-SENDEROS PEATONALES Y PUENTES) > PL3 > SENDEROS PEATONALES - Incluye el area de los escalones	Bancas tipo idu en concreto(sin espaldar)	UN
298	NO	ACTIVIDADES POR EJECUTAR > EQUIPAMIENTOS (PARQUES-SENDEROS PEATONALES Y PUENTES) > PL3 > SENDEROS PEATONALES - Incluye el area de los escalones	Bancas tipo idu en concreto(con espaldar)	UN
300	NO	ACTIVIDADES POR EJECUTAR > EQUIPAMIENTOS (PARQUES-SENDEROS PEATONALES Y PUENTES) > PL3 > PARQUE DE NIÑOS	Localizacion y replanteo	M2
301	NO	ACTIVIDADES POR EJECUTAR > EQUIPAMIENTOS (PARQUES-SENDEROS PEATONALES Y PUENTES) > PL3 > PARQUE DE NIÑOS	Excavacion y retiro a maquina con batadero certificado	M3
302	NO	ACTIVIDADES POR EJECUTAR > EQUIPAMIENTOS (PARQUES-SENDEROS PEATONALES Y PUENTES) > PL3 > PARQUE DE NIÑOS	Subabase granular SBG-B	M3
303	SI	ACTIVIDADES POR EJECUTAR > EQUIPAMIENTOS (PARQUES-SENDEROS PEATONALES Y PUENTES) > PL3 > PARQUE DE NIÑOS	Base granular BG	M3
304	SI	ACTIVIDADES POR EJECUTAR > EQUIPAMIENTOS (PARQUES-SENDEROS PEATONALES Y PUENTES) > PL3 > PARQUE DE NIÑOS	Geotextil tejido 2100	M2
305	NO	ACTIVIDADES POR EJECUTAR > EQUIPAMIENTOS (PARQUES-SENDEROS PEATONALES Y PUENTES) > PL3 > PARQUE DE NIÑOS	Concreto 3000 psi	M3
306	NO	ACTIVIDADES POR EJECUTAR > EQUIPAMIENTOS (PARQUES-SENDEROS PEATONALES Y PUENTES) > PL3 > PARQUE DE NIÑOS	Malla electrosoldada	KG
307	NO	ACTIVIDADES POR EJECUTAR > EQUIPAMIENTOS (PARQUES-SENDEROS PEATONALES Y PUENTES) > PL3 > PARQUE DE NIÑOS	Mano de obra losa contrapiso	M2
308	NO	ACTIVIDADES POR EJECUTAR > EQUIPAMIENTOS (PARQUES-SENDEROS PEATONALES Y PUENTES) > PL3 > PARQUE DE NIÑOS	Separadores losa	UN
309	NO	ACTIVIDADES POR EJECUTAR > EQUIPAMIENTOS (PARQUES-SENDEROS PEATONALES Y PUENTES) > PL3 > PARQUE DE NIÑOS	Piso en mulch de madera inorganico	M2
310	NO	ACTIVIDADES POR EJECUTAR > EQUIPAMIENTOS (PARQUES-SENDEROS PEATONALES Y PUENTES) > PL3 > PARQUE DE NIÑOS	D5-02 deslizadero recto en polimero	UN
311	NO	ACTIVIDADES POR EJECUTAR > EQUIPAMIENTOS (PARQUES-SENDEROS PEATONALES Y PUENTES) > PL3 > PARQUE DE NIÑOS	D5-03 columpio en canasta	UN
312	NO	ACTIVIDADES POR EJECUTAR > EQUIPAMIENTOS (PARQUES-SENDEROS PEATONALES Y PUENTES) > PL3 > PARQUE DE NIÑOS	D5-05 red piramidal pequeña	UN
313	NO	ACTIVIDADES POR EJECUTAR > EQUIPAMIENTOS (PARQUES-SENDEROS PEATONALES Y PUENTES) > PL3 > PARQUE DE NIÑOS	D5-07 arco con red y rocodromo	UN
314	NO	ACTIVIDADES POR EJECUTAR > EQUIPAMIENTOS (PARQUES-SENDEROS PEATONALES Y PUENTES) > PL3 > PARQUE DE NIÑOS	D5-10,11,12 juegos de muelle	UN
315	NO	ACTIVIDADES POR EJECUTAR > EQUIPAMIENTOS (PARQUES-SENDEROS PEATONALES Y PUENTES) > PL3 > PARQUE DE NIÑOS	D2-01 troncos de equilibrio en madera	UN
316	NO	ACTIVIDADES POR EJECUTAR > EQUIPAMIENTOS (PARQUES-SENDEROS PEATONALES Y PUENTES) > PL3 > PARQUE DE NIÑOS	D2-02 laberinto de troncos	UN
318	NO	ACTIVIDADES POR EJECUTAR > EQUIPAMIENTOS (PARQUES-SENDEROS PEATONALES Y PUENTES) > PL3 > ZONA GYM BIOSALUDABLE	Localizacion y replanteo	M2
319	NO	ACTIVIDADES POR EJECUTAR > EQUIPAMIENTOS (PARQUES-SENDEROS PEATONALES Y PUENTES) > PL3 > ZONA GYM BIOSALUDABLE	Excavacion y retiro a maquina con batadero certificado	M3
320	NO	ACTIVIDADES POR EJECUTAR > EQUIPAMIENTOS (PARQUES-SENDEROS PEATONALES Y PUENTES) > PL3 > ZONA GYM BIOSALUDABLE	Subabase granular SBG-B	M3
321	SI	ACTIVIDADES POR EJECUTAR > EQUIPAMIENTOS (PARQUES-SENDEROS PEATONALES Y PUENTES) > PL3 > ZONA GYM BIOSALUDABLE	Base granular BG	M3
322	SI	ACTIVIDADES POR EJECUTAR > EQUIPAMIENTOS (PARQUES-SENDEROS PEATONALES Y PUENTES) > PL3 > ZONA GYM BIOSALUDABLE	Geotextil tejido 2100	M2
323	NO	ACTIVIDADES POR EJECUTAR > EQUIPAMIENTOS (PARQUES-SENDEROS PEATONALES Y PUENTES) > PL3 > ZONA GYM BIOSALUDABLE	Concreto 3000 psi	M3
324	NO	ACTIVIDADES POR EJECUTAR > EQUIPAMIENTOS (PARQUES-SENDEROS PEATONALES Y PUENTES) > PL3 > ZONA GYM BIOSALUDABLE	Malla electrosoldada	KG
325	NO	ACTIVIDADES POR EJECUTAR > EQUIPAMIENTOS (PARQUES-SENDEROS PEATONALES Y PUENTES) > PL3 > ZONA GYM BIOSALUDABLE	Mano de obra losa contrapiso	M2
326	NO	ACTIVIDADES POR EJECUTAR > EQUIPAMIENTOS (PARQUES-SENDEROS PEATONALES Y PUENTES) > PL3 > ZONA GYM BIOSALUDABLE	Separadores losa	UN
327	NO	ACTIVIDADES POR EJECUTAR > EQUIPAMIENTOS (PARQUES-SENDEROS PEATONALES Y PUENTES) > PL3 > ZONA GYM BIOSALUDABLE	superficie en caucho reciclado	M2
328	NO	ACTIVIDADES POR EJECUTAR > EQUIPAMIENTOS (PARQUES-SENDEROS PEATONALES Y PUENTES) > PL3 > ZONA GYM BIOSALUDABLE	Maquinas gym	UN
330	NO	ACTIVIDADES POR EJECUTAR > EQUIPAMIENTOS (PARQUES-SENDEROS PEATONALES Y PUENTES) > PL3 > PISTA DE TROTE	Localizacion y replanteo	M2
331	NO	ACTIVIDADES POR EJECUTAR > EQUIPAMIENTOS (PARQUES-SENDEROS PEATONALES Y PUENTES) > PL3 > PISTA DE TROTE	Excavacion y retiro a maquina con batadero certificado	M3
332	NO	ACTIVIDADES POR EJECUTAR > EQUIPAMIENTOS (PARQUES-SENDEROS PEATONALES Y PUENTES) > PL3 > PISTA DE TROTE	Subabase granular SBG-B	M3
333	SI	ACTIVIDADES POR EJECUTAR > EQUIPAMIENTOS (PARQUES-SENDEROS PEATONALES Y PUENTES) > PL3 > PISTA DE TROTE	Geotextil tejido 2100	M2
334	NO	ACTIVIDADES POR EJECUTAR > EQUIPAMIENTOS (PARQUES-SENDEROS PEATONALES Y PUENTES) > PL3 > PISTA DE TROTE	mortero de nivelacion	M3
335	NO	ACTIVIDADES POR EJECUTAR > EQUIPAMIENTOS (PARQUES-SENDEROS PEATONALES Y PUENTES) > PL3 > PISTA DE TROTE	superficie en caucho reciclado	M2
337	NO	ACTIVIDADES POR EJECUTAR > EQUIPAMIENTOS (PARQUES-SENDEROS PEATONALES Y PUENTES) > PL3 > BICIPARQUEO	Localizacion y replanteo	M2
338	NO	ACTIVIDADES POR EJECUTAR > EQUIPAMIENTOS (PARQUES-SENDEROS PEATONALES Y PUENTES) > PL3 > BICIPARQUEO	Excavacion y retiro a maquina con batadero certificado	M3
339	NO	ACTIVIDADES POR EJECUTAR > EQUIPAMIENTOS (PARQUES-SENDEROS PEATONALES Y PUENTES) > PL3 > BICIPARQUEO	Subabase granular SBG-B	M3
340	SI	ACTIVIDADES POR EJECUTAR > EQUIPAMIENTOS (PARQUES-SENDEROS PEATONALES Y PUENTES) > PL3 > BICIPARQUEO	Geotextil tejido 2100	M2
341	NO	ACTIVIDADES POR EJECUTAR > EQUIPAMIENTOS (PARQUES-SENDEROS PEATONALES Y PUENTES) > PL3 > BICIPARQUEO	mortero de nivelacion	M3
342	NO	ACTIVIDADES POR EJECUTAR > EQUIPAMIENTOS (PARQUES-SENDEROS PEATONALES Y PUENTES) > PL3 > BICIPARQUEO	Bicicletero enrollado (capacidad: 11 bicicletas)	UN
343	NO	ACTIVIDADES POR EJECUTAR > EQUIPAMIENTOS (PARQUES-SENDEROS PEATONALES Y PUENTES) > PL3 > BICIPARQUEO	superficie en ecopavimento	M2
345	NO	ACTIVIDADES POR EJECUTAR > EQUIPAMIENTOS (PARQUES-SENDEROS PEATONALES Y PUENTES) > PL3 > CANCHA MULTIPLE NO REGLAMENTARIA	Localizacion y replanteo	M2
346	NO	ACTIVIDADES POR EJECUTAR > EQUIPAMIENTOS (PARQUES-SENDEROS PEATONALES Y PUENTES) > PL3 > CANCHA MULTIPLE NO REGLAMENTARIA	Descapote con botadero certificado	M2
347	NO	ACTIVIDADES POR EJECUTAR > EQUIPAMIENTOS (PARQUES-SENDEROS PEATONALES Y PUENTES) > PL3 > CANCHA MULTIPLE NO REGLAMENTARIA	Excavacion y retiro a maquina con batadero certificado	M3
348	SI	ACTIVIDADES POR EJECUTAR > EQUIPAMIENTOS (PARQUES-SENDEROS PEATONALES Y PUENTES) > PL3 > CANCHA MULTIPLE NO REGLAMENTARIA	Geotextil tejido 2400	M2
349	NO	ACTIVIDADES POR EJECUTAR > EQUIPAMIENTOS (PARQUES-SENDEROS PEATONALES Y PUENTES) > PL3 > CANCHA MULTIPLE NO REGLAMENTARIA	Mejoramiento en rajon 0,25m	M3
350	NO	ACTIVIDADES POR EJECUTAR > EQUIPAMIENTOS (PARQUES-SENDEROS PEATONALES Y PUENTES) > PL3 > CANCHA MULTIPLE NO REGLAMENTARIA	base granular 0,20m idu	M3
351	NO	ACTIVIDADES POR EJECUTAR > EQUIPAMIENTOS (PARQUES-SENDEROS PEATONALES Y PUENTES) > PL3 > CANCHA MULTIPLE NO REGLAMENTARIA	Subabase granular SBG-B	M3
352	NO	ACTIVIDADES POR EJECUTAR > EQUIPAMIENTOS (PARQUES-SENDEROS PEATONALES Y PUENTES) > PL3 > CANCHA MULTIPLE NO REGLAMENTARIA	Rodadura asfaltica MDC-II de 5.5cm	M2
353	NO	ACTIVIDADES POR EJECUTAR > EQUIPAMIENTOS (PARQUES-SENDEROS PEATONALES Y PUENTES) > PL3 > CANCHA MULTIPLE NO REGLAMENTARIA	Excavacion manual de vigas cerramiento y zanjas filto perimetral	M3
354	NO	ACTIVIDADES POR EJECUTAR > EQUIPAMIENTOS (PARQUES-SENDEROS PEATONALES Y PUENTES) > PL3 > CANCHA MULTIPLE NO REGLAMENTARIA	Concreto 3000psi impermeabilzado	M3
355	NO	ACTIVIDADES POR EJECUTAR > EQUIPAMIENTOS (PARQUES-SENDEROS PEATONALES Y PUENTES) > PL3 > CANCHA MULTIPLE NO REGLAMENTARIA	Hierro 60000 psi - losa y vigas	KG
356	NO	ACTIVIDADES POR EJECUTAR > EQUIPAMIENTOS (PARQUES-SENDEROS PEATONALES Y PUENTES) > PL3 > CANCHA MULTIPLE NO REGLAMENTARIA	Alambre negro	KG
357	NO	ACTIVIDADES POR EJECUTAR > EQUIPAMIENTOS (PARQUES-SENDEROS PEATONALES Y PUENTES) > PL3 > CANCHA MULTIPLE NO REGLAMENTARIA	MO Dados cerramiento	M3
358	NO	ACTIVIDADES POR EJECUTAR > EQUIPAMIENTOS (PARQUES-SENDEROS PEATONALES Y PUENTES) > PL3 > CANCHA MULTIPLE NO REGLAMENTARIA	MO Vigas corridas cimentacion cerramiento	M3
359	NO	ACTIVIDADES POR EJECUTAR > EQUIPAMIENTOS (PARQUES-SENDEROS PEATONALES Y PUENTES) > PL3 > CANCHA MULTIPLE NO REGLAMENTARIA	Sum + MO Bordillo de confinamiento	ML
360	NO	ACTIVIDADES POR EJECUTAR > EQUIPAMIENTOS (PARQUES-SENDEROS PEATONALES Y PUENTES) > PL3 > CANCHA MULTIPLE NO REGLAMENTARIA	Filtro perimetral a todo costo	ML
361	NO	ACTIVIDADES POR EJECUTAR > EQUIPAMIENTOS (PARQUES-SENDEROS PEATONALES Y PUENTES) > PL3 > CANCHA MULTIPLE NO REGLAMENTARIA	Sum + Inst malla eslabonada cerramiento de altura 5m -	M2
362	NO	ACTIVIDADES POR EJECUTAR > EQUIPAMIENTOS (PARQUES-SENDEROS PEATONALES Y PUENTES) > PL3 > CANCHA MULTIPLE NO REGLAMENTARIA	Pintura de trafico peatonal y deportivo antideslizante Demarcacion de cancha	ML
363	NO	ACTIVIDADES POR EJECUTAR > EQUIPAMIENTOS (PARQUES-SENDEROS PEATONALES Y PUENTES) > PL3 > CANCHA MULTIPLE NO REGLAMENTARIA	Arcos metalicos de microfutbol altura 1,80 x 2,5 ancho	UN
364	NO	ACTIVIDADES POR EJECUTAR > EQUIPAMIENTOS (PARQUES-SENDEROS PEATONALES Y PUENTES) > PL3 > CANCHA MULTIPLE NO REGLAMENTARIA	Tableros para baloncesto	UN
366	NO	ACTIVIDADES POR EJECUTAR > EQUIPAMIENTOS (PARQUES-SENDEROS PEATONALES Y PUENTES) > PL3 > CANCHA SINTETICA	Localizacion y replanteo	M2
367	NO	ACTIVIDADES POR EJECUTAR > EQUIPAMIENTOS (PARQUES-SENDEROS PEATONALES Y PUENTES) > PL3 > CANCHA SINTETICA	Descapote con botadero certificado	M2
368	NO	ACTIVIDADES POR EJECUTAR > EQUIPAMIENTOS (PARQUES-SENDEROS PEATONALES Y PUENTES) > PL3 > CANCHA SINTETICA	Excavacion y retiro a maquina con batadero certificado	M3
369	NO	ACTIVIDADES POR EJECUTAR > EQUIPAMIENTOS (PARQUES-SENDEROS PEATONALES Y PUENTES) > PL3 > CANCHA SINTETICA	Acabado sintetico	M2
370	NO	ACTIVIDADES POR EJECUTAR > EQUIPAMIENTOS (PARQUES-SENDEROS PEATONALES Y PUENTES) > PL3 > CANCHA SINTETICA	Riego de arena y caucho	M2
371	NO	ACTIVIDADES POR EJECUTAR > EQUIPAMIENTOS (PARQUES-SENDEROS PEATONALES Y PUENTES) > PL3 > CANCHA SINTETICA	Geotextil tejido 1600	M2
372	NO	ACTIVIDADES POR EJECUTAR > EQUIPAMIENTOS (PARQUES-SENDEROS PEATONALES Y PUENTES) > PL3 > CANCHA SINTETICA	Mejoramiento en gravilla(material de filtro)	M3
373	NO	ACTIVIDADES POR EJECUTAR > EQUIPAMIENTOS (PARQUES-SENDEROS PEATONALES Y PUENTES) > PL3 > CANCHA SINTETICA	Geomembrana impermable HDPE 1mm	M2
374	NO	ACTIVIDADES POR EJECUTAR > EQUIPAMIENTOS (PARQUES-SENDEROS PEATONALES Y PUENTES) > PL3 > CANCHA SINTETICA	Subabase granular SBG-B	M3
375	NO	ACTIVIDADES POR EJECUTAR > EQUIPAMIENTOS (PARQUES-SENDEROS PEATONALES Y PUENTES) > PL3 > CANCHA SINTETICA	Excavacion manual de vigas cerramiento y zanjas filto perimetral	M3
376	NO	ACTIVIDADES POR EJECUTAR > EQUIPAMIENTOS (PARQUES-SENDEROS PEATONALES Y PUENTES) > PL3 > CANCHA SINTETICA	Concreto 3000psi impermeabilzado	M3
377	NO	ACTIVIDADES POR EJECUTAR > EQUIPAMIENTOS (PARQUES-SENDEROS PEATONALES Y PUENTES) > PL3 > CANCHA SINTETICA	Hierro 60000 psi - losa y vigas	KG
378	NO	ACTIVIDADES POR EJECUTAR > EQUIPAMIENTOS (PARQUES-SENDEROS PEATONALES Y PUENTES) > PL3 > CANCHA SINTETICA	Alambre negro	KG
379	NO	ACTIVIDADES POR EJECUTAR > EQUIPAMIENTOS (PARQUES-SENDEROS PEATONALES Y PUENTES) > PL3 > CANCHA SINTETICA	MO Dados cerramiento	M3
380	NO	ACTIVIDADES POR EJECUTAR > EQUIPAMIENTOS (PARQUES-SENDEROS PEATONALES Y PUENTES) > PL3 > CANCHA SINTETICA	MO Vigas corridas cimentacion cerramiento	M3
381	NO	ACTIVIDADES POR EJECUTAR > EQUIPAMIENTOS (PARQUES-SENDEROS PEATONALES Y PUENTES) > PL3 > CANCHA SINTETICA	Sum + Inst malla eslabonada cerramiento de altura 5m -	M2
382	NO	ACTIVIDADES POR EJECUTAR > EQUIPAMIENTOS (PARQUES-SENDEROS PEATONALES Y PUENTES) > PL3 > CANCHA SINTETICA	Pintura de trafico peatonal y deportivo antideslizante Demarcacion de cancha	ML
383	NO	ACTIVIDADES POR EJECUTAR > EQUIPAMIENTOS (PARQUES-SENDEROS PEATONALES Y PUENTES) > PL3 > CANCHA SINTETICA	Relleno Manual Tierra Negra X 30CM	M3
384	NO	ACTIVIDADES POR EJECUTAR > EQUIPAMIENTOS (PARQUES-SENDEROS PEATONALES Y PUENTES) > PL3 > CANCHA SINTETICA	Coberturas Zonas Verdes	M2
385	NO	ACTIVIDADES POR EJECUTAR > EQUIPAMIENTOS (PARQUES-SENDEROS PEATONALES Y PUENTES) > PL3 > CANCHA SINTETICA	Arcos metalicos de futbol(incluyen malla)	UN
387	NO	ACTIVIDADES POR EJECUTAR > EQUIPAMIENTOS (PARQUES-SENDEROS PEATONALES Y PUENTES) > PL3 > SKATEPARK	Localizacion y replanteo	M2
388	NO	ACTIVIDADES POR EJECUTAR > EQUIPAMIENTOS (PARQUES-SENDEROS PEATONALES Y PUENTES) > PL3 > SKATEPARK	Descapote con botadero certificado	M2
389	NO	ACTIVIDADES POR EJECUTAR > EQUIPAMIENTOS (PARQUES-SENDEROS PEATONALES Y PUENTES) > PL3 > SKATEPARK	Excavacion y retiro a maquina con batadero certificado	M3
390	SI	ACTIVIDADES POR EJECUTAR > EQUIPAMIENTOS (PARQUES-SENDEROS PEATONALES Y PUENTES) > PL3 > SKATEPARK	Geotextil tejido 2400	M2
391	NO	ACTIVIDADES POR EJECUTAR > EQUIPAMIENTOS (PARQUES-SENDEROS PEATONALES Y PUENTES) > PL3 > SKATEPARK	base granular 0,20m idu	M3
392	NO	ACTIVIDADES POR EJECUTAR > EQUIPAMIENTOS (PARQUES-SENDEROS PEATONALES Y PUENTES) > PL3 > SKATEPARK	Excavacion manual de muro contencion con zarpa	M3
393	NO	ACTIVIDADES POR EJECUTAR > EQUIPAMIENTOS (PARQUES-SENDEROS PEATONALES Y PUENTES) > PL3 > SKATEPARK	Concreto 3000psi impermeabilzado	M3
394	NO	ACTIVIDADES POR EJECUTAR > EQUIPAMIENTOS (PARQUES-SENDEROS PEATONALES Y PUENTES) > PL3 > SKATEPARK	Hierro 60000 psi - losa y vigas	KG
395	NO	ACTIVIDADES POR EJECUTAR > EQUIPAMIENTOS (PARQUES-SENDEROS PEATONALES Y PUENTES) > PL3 > SKATEPARK	Alambre negro	KG
396	NO	ACTIVIDADES POR EJECUTAR > EQUIPAMIENTOS (PARQUES-SENDEROS PEATONALES Y PUENTES) > PL3 > SKATEPARK	MO Muro contencion con zarpa	M3
397	NO	ACTIVIDADES POR EJECUTAR > EQUIPAMIENTOS (PARQUES-SENDEROS PEATONALES Y PUENTES) > PL3 > SKATEPARK	MO Placa de contrapiso	M3
398	NO	ACTIVIDADES POR EJECUTAR > EQUIPAMIENTOS (PARQUES-SENDEROS PEATONALES Y PUENTES) > PL3 > SKATEPARK	MO Pulida de concreto con helicoptero	M2
399	NO	ACTIVIDADES POR EJECUTAR > EQUIPAMIENTOS (PARQUES-SENDEROS PEATONALES Y PUENTES) > PL3 > SKATEPARK	Sum + MO Tuberia en acero galvanizado 2"	ML
400	NO	ACTIVIDADES POR EJECUTAR > EQUIPAMIENTOS (PARQUES-SENDEROS PEATONALES Y PUENTES) > PL3 > SKATEPARK	Sum + MO Baranda M-18 tipo idu	ML
402	NO	ACTIVIDADES POR EJECUTAR > EQUIPAMIENTOS (PARQUES-SENDEROS PEATONALES Y PUENTES) > PL3 > INSTALACIONES REDES HUMEDAS	Excavacion mecanica material	M3
403	NO	ACTIVIDADES POR EJECUTAR > EQUIPAMIENTOS (PARQUES-SENDEROS PEATONALES Y PUENTES) > PL3 > INSTALACIONES REDES HUMEDAS	Relleno en recebo b400	M3
404	NO	ACTIVIDADES POR EJECUTAR > EQUIPAMIENTOS (PARQUES-SENDEROS PEATONALES Y PUENTES) > PL3 > INSTALACIONES REDES HUMEDAS	Relleno en arena peña	M3
405	NO	ACTIVIDADES POR EJECUTAR > EQUIPAMIENTOS (PARQUES-SENDEROS PEATONALES Y PUENTES) > PL3 > INSTALACIONES REDES HUMEDAS	Relleno con mezcla de gravilla de 3/4" y arena de rio	M3
406	SI	ACTIVIDADES POR EJECUTAR > EQUIPAMIENTOS (PARQUES-SENDEROS PEATONALES Y PUENTES) > PL3 > INSTALACIONES REDES HUMEDAS	Geotextil tejido 2400	M2
407	NO	ACTIVIDADES POR EJECUTAR > EQUIPAMIENTOS (PARQUES-SENDEROS PEATONALES Y PUENTES) > PL3 > INSTALACIONES REDES HUMEDAS	Mano de obra tuberia novafort 315 mm - 6"	ML
408	NO	ACTIVIDADES POR EJECUTAR > EQUIPAMIENTOS (PARQUES-SENDEROS PEATONALES Y PUENTES) > PL3 > INSTALACIONES REDES HUMEDAS	Suministro tuberia novafor 315 mm 6"- 6 mts	UN
409	NO	ACTIVIDADES POR EJECUTAR > EQUIPAMIENTOS (PARQUES-SENDEROS PEATONALES Y PUENTES) > PL3 > INSTALACIONES REDES HUMEDAS	Dren filtro 100 mm(filtro frances)	ML
410	NO	ACTIVIDADES POR EJECUTAR > EQUIPAMIENTOS (PARQUES-SENDEROS PEATONALES Y PUENTES) > PL3 > INSTALACIONES REDES HUMEDAS	Dren filtro 200 mm (filtro frances)	ML
411	NO	ACTIVIDADES POR EJECUTAR > EQUIPAMIENTOS (PARQUES-SENDEROS PEATONALES Y PUENTES) > PL3 > INSTALACIONES REDES HUMEDAS	Tuberia plana 12"x1"	ML
412	NO	ACTIVIDADES POR EJECUTAR > EQUIPAMIENTOS (PARQUES-SENDEROS PEATONALES Y PUENTES) > PL3 > INSTALACIONES REDES HUMEDAS	Empate a punto de conexión	UN
413	NO	ACTIVIDADES POR EJECUTAR > EQUIPAMIENTOS (PARQUES-SENDEROS PEATONALES Y PUENTES) > PL3 > INSTALACIONES REDES HUMEDAS	Pozo de inspeccion en concreto hmax=2m, tapa en concreto	UN
414	NO	ACTIVIDADES POR EJECUTAR > EQUIPAMIENTOS (PARQUES-SENDEROS PEATONALES Y PUENTES) > PL3 > INSTALACIONES REDES HUMEDAS	Caja de desague h=1 m, incluye marco y tapa	UN
415	NO	ACTIVIDADES POR EJECUTAR > EQUIPAMIENTOS (PARQUES-SENDEROS PEATONALES Y PUENTES) > PL3 > INSTALACIONES REDES HUMEDAS	Sumidero de concreto prefabricado	UN
417	NO	ACTIVIDADES POR EJECUTAR > EQUIPAMIENTOS (PARQUES-SENDEROS PEATONALES Y PUENTES) > PL3 > INSTALACIONES REDES ELECTRICAS	INSTALACIONES REDES ELECTRICAS	GB
419	NO	ACTIVIDADES POR EJECUTAR > EQUIPAMIENTOS (PARQUES-SENDEROS PEATONALES Y PUENTES) > PL3 > IMPREVISTOS	IMPREVISTOS	%
422	NO	ACTIVIDADES POR EJECUTAR > EQUIPAMIENTOS (PARQUES-SENDEROS PEATONALES Y PUENTES) > PQ10A-PQ10B > MOVIMIENTO DE TIERRA	Localizacion y replanteo	M2
423	NO	ACTIVIDADES POR EJECUTAR > EQUIPAMIENTOS (PARQUES-SENDEROS PEATONALES Y PUENTES) > PQ10A-PQ10B > MOVIMIENTO DE TIERRA	Descapote con botadero certificado	M3
424	NO	ACTIVIDADES POR EJECUTAR > EQUIPAMIENTOS (PARQUES-SENDEROS PEATONALES Y PUENTES) > PQ10A-PQ10B > MOVIMIENTO DE TIERRA	Subabase granular SBG-B	M3
426	NO	ACTIVIDADES POR EJECUTAR > EQUIPAMIENTOS (PARQUES-SENDEROS PEATONALES Y PUENTES) > PQ10A-PQ10B > ZONAS VERDES	Localizacion y replanteo	M2
427	NO	ACTIVIDADES POR EJECUTAR > EQUIPAMIENTOS (PARQUES-SENDEROS PEATONALES Y PUENTES) > PQ10A-PQ10B > ZONAS VERDES	Relleno Material seleccionado(montañas)	M3
428	NO	ACTIVIDADES POR EJECUTAR > EQUIPAMIENTOS (PARQUES-SENDEROS PEATONALES Y PUENTES) > PQ10A-PQ10B > ZONAS VERDES	Relleno Manual Tierra Negra X 30CM	M3
429	NO	ACTIVIDADES POR EJECUTAR > EQUIPAMIENTOS (PARQUES-SENDEROS PEATONALES Y PUENTES) > PQ10A-PQ10B > ZONAS VERDES	Arboles 80 cm	M3
430	NO	ACTIVIDADES POR EJECUTAR > EQUIPAMIENTOS (PARQUES-SENDEROS PEATONALES Y PUENTES) > PQ10A-PQ10B > ZONAS VERDES	Arboles 120 cm	M2
431	NO	ACTIVIDADES POR EJECUTAR > EQUIPAMIENTOS (PARQUES-SENDEROS PEATONALES Y PUENTES) > PQ10A-PQ10B > ZONAS VERDES	Jardineria	M2
432	NO	ACTIVIDADES POR EJECUTAR > EQUIPAMIENTOS (PARQUES-SENDEROS PEATONALES Y PUENTES) > PQ10A-PQ10B > ZONAS VERDES	Coberturas Zonas Verdes	M2
434	NO	ACTIVIDADES POR EJECUTAR > EQUIPAMIENTOS (PARQUES-SENDEROS PEATONALES Y PUENTES) > PQ10A-PQ10B > SENDEROS PEATONALES - Incluye el area de los escalones	Localizacion y replanteo	M2
435	NO	ACTIVIDADES POR EJECUTAR > EQUIPAMIENTOS (PARQUES-SENDEROS PEATONALES Y PUENTES) > PQ10A-PQ10B > SENDEROS PEATONALES - Incluye el area de los escalones	Excavacion y retiro a maquina con batadero certificado	M3
436	NO	ACTIVIDADES POR EJECUTAR > EQUIPAMIENTOS (PARQUES-SENDEROS PEATONALES Y PUENTES) > PQ10A-PQ10B > SENDEROS PEATONALES - Incluye el area de los escalones	Subabase granular SBG-B	M3
437	SI	ACTIVIDADES POR EJECUTAR > EQUIPAMIENTOS (PARQUES-SENDEROS PEATONALES Y PUENTES) > PQ10A-PQ10B > SENDEROS PEATONALES - Incluye el area de los escalones	Base granular BG	M3
438	SI	ACTIVIDADES POR EJECUTAR > EQUIPAMIENTOS (PARQUES-SENDEROS PEATONALES Y PUENTES) > PQ10A-PQ10B > SENDEROS PEATONALES - Incluye el area de los escalones	Geotextil tejido 2100	M2
439	NO	ACTIVIDADES POR EJECUTAR > EQUIPAMIENTOS (PARQUES-SENDEROS PEATONALES Y PUENTES) > PQ10A-PQ10B > SENDEROS PEATONALES - Incluye el area de los escalones	Concreto 3000 psi	M3
440	NO	ACTIVIDADES POR EJECUTAR > EQUIPAMIENTOS (PARQUES-SENDEROS PEATONALES Y PUENTES) > PQ10A-PQ10B > SENDEROS PEATONALES - Incluye el area de los escalones	Malla electrosoldada	KG
441	NO	ACTIVIDADES POR EJECUTAR > EQUIPAMIENTOS (PARQUES-SENDEROS PEATONALES Y PUENTES) > PQ10A-PQ10B > SENDEROS PEATONALES - Incluye el area de los escalones	Mano de obra losa contrapiso	M2
442	NO	ACTIVIDADES POR EJECUTAR > EQUIPAMIENTOS (PARQUES-SENDEROS PEATONALES Y PUENTES) > PQ10A-PQ10B > SENDEROS PEATONALES - Incluye el area de los escalones	Separadores losa	UN
443	NO	ACTIVIDADES POR EJECUTAR > EQUIPAMIENTOS (PARQUES-SENDEROS PEATONALES Y PUENTES) > PQ10A-PQ10B > SENDEROS PEATONALES - Incluye el area de los escalones	Cañuela prefabricado	ML
444	NO	ACTIVIDADES POR EJECUTAR > EQUIPAMIENTOS (PARQUES-SENDEROS PEATONALES Y PUENTES) > PQ10A-PQ10B > SENDEROS PEATONALES - Incluye el area de los escalones	Bordillo de confinamiento	ML
445	NO	ACTIVIDADES POR EJECUTAR > EQUIPAMIENTOS (PARQUES-SENDEROS PEATONALES Y PUENTES) > PQ10A-PQ10B > SENDEROS PEATONALES - Incluye el area de los escalones	MO Escobillado concreto	M2
446	NO	ACTIVIDADES POR EJECUTAR > EQUIPAMIENTOS (PARQUES-SENDEROS PEATONALES Y PUENTES) > PQ10A-PQ10B > SENDEROS PEATONALES - Incluye el area de los escalones	Señalizacion zonas	GB
447	NO	ACTIVIDADES POR EJECUTAR > EQUIPAMIENTOS (PARQUES-SENDEROS PEATONALES Y PUENTES) > PQ10A-PQ10B > SENDEROS PEATONALES - Incluye el area de los escalones	Canecas tipo idu	UN
448	NO	ACTIVIDADES POR EJECUTAR > EQUIPAMIENTOS (PARQUES-SENDEROS PEATONALES Y PUENTES) > PQ10A-PQ10B > SENDEROS PEATONALES - Incluye el area de los escalones	totem parque	UN
449	NO	ACTIVIDADES POR EJECUTAR > EQUIPAMIENTOS (PARQUES-SENDEROS PEATONALES Y PUENTES) > PQ10A-PQ10B > SENDEROS PEATONALES - Incluye el area de los escalones	Mesa rural con asientos	UN
450	NO	ACTIVIDADES POR EJECUTAR > EQUIPAMIENTOS (PARQUES-SENDEROS PEATONALES Y PUENTES) > PQ10A-PQ10B > SENDEROS PEATONALES - Incluye el area de los escalones	Bancas tipo idu en concreto(sin espaldar)	UN
451	NO	ACTIVIDADES POR EJECUTAR > EQUIPAMIENTOS (PARQUES-SENDEROS PEATONALES Y PUENTES) > PQ10A-PQ10B > SENDEROS PEATONALES - Incluye el area de los escalones	Bancas tipo idu en concreto(con espaldar)	UN
453	NO	ACTIVIDADES POR EJECUTAR > EQUIPAMIENTOS (PARQUES-SENDEROS PEATONALES Y PUENTES) > PQ10A-PQ10B > PARQUE DE NIÑOS	Localizacion y replanteo	M2
454	NO	ACTIVIDADES POR EJECUTAR > EQUIPAMIENTOS (PARQUES-SENDEROS PEATONALES Y PUENTES) > PQ10A-PQ10B > PARQUE DE NIÑOS	Excavacion y retiro a maquina con batadero certificado	M3
455	NO	ACTIVIDADES POR EJECUTAR > EQUIPAMIENTOS (PARQUES-SENDEROS PEATONALES Y PUENTES) > PQ10A-PQ10B > PARQUE DE NIÑOS	Subabase granular SBG-B	M3
456	SI	ACTIVIDADES POR EJECUTAR > EQUIPAMIENTOS (PARQUES-SENDEROS PEATONALES Y PUENTES) > PQ10A-PQ10B > PARQUE DE NIÑOS	Base granular BG	M3
457	SI	ACTIVIDADES POR EJECUTAR > EQUIPAMIENTOS (PARQUES-SENDEROS PEATONALES Y PUENTES) > PQ10A-PQ10B > PARQUE DE NIÑOS	Geotextil tejido 2100	M2
458	NO	ACTIVIDADES POR EJECUTAR > EQUIPAMIENTOS (PARQUES-SENDEROS PEATONALES Y PUENTES) > PQ10A-PQ10B > PARQUE DE NIÑOS	Concreto 3000 psi	M3
459	NO	ACTIVIDADES POR EJECUTAR > EQUIPAMIENTOS (PARQUES-SENDEROS PEATONALES Y PUENTES) > PQ10A-PQ10B > PARQUE DE NIÑOS	Malla electrosoldada	KG
460	NO	ACTIVIDADES POR EJECUTAR > EQUIPAMIENTOS (PARQUES-SENDEROS PEATONALES Y PUENTES) > PQ10A-PQ10B > PARQUE DE NIÑOS	Mano de obra losa contrapiso	M2
461	NO	ACTIVIDADES POR EJECUTAR > EQUIPAMIENTOS (PARQUES-SENDEROS PEATONALES Y PUENTES) > PQ10A-PQ10B > PARQUE DE NIÑOS	Separadores losa	UN
462	NO	ACTIVIDADES POR EJECUTAR > EQUIPAMIENTOS (PARQUES-SENDEROS PEATONALES Y PUENTES) > PQ10A-PQ10B > PARQUE DE NIÑOS	Piso en mulch de madera inorganico	M2
463	NO	ACTIVIDADES POR EJECUTAR > EQUIPAMIENTOS (PARQUES-SENDEROS PEATONALES Y PUENTES) > PQ10A-PQ10B > PARQUE DE NIÑOS	D5-01 casa con malla y deslizadero	UN
464	NO	ACTIVIDADES POR EJECUTAR > EQUIPAMIENTOS (PARQUES-SENDEROS PEATONALES Y PUENTES) > PQ10A-PQ10B > PARQUE DE NIÑOS	D5-03 columpio en canasta	UN
465	NO	ACTIVIDADES POR EJECUTAR > EQUIPAMIENTOS (PARQUES-SENDEROS PEATONALES Y PUENTES) > PQ10A-PQ10B > PARQUE DE NIÑOS	D5-04 Columpio Convencional doble estruc. Madera	UN
466	NO	ACTIVIDADES POR EJECUTAR > EQUIPAMIENTOS (PARQUES-SENDEROS PEATONALES Y PUENTES) > PQ10A-PQ10B > PARQUE DE NIÑOS	D5-06 red de escalar hexa piramidal	UN
467	NO	ACTIVIDADES POR EJECUTAR > EQUIPAMIENTOS (PARQUES-SENDEROS PEATONALES Y PUENTES) > PQ10A-PQ10B > PARQUE DE NIÑOS	D5-07 arco con red y rocodromo	UN
468	NO	ACTIVIDADES POR EJECUTAR > EQUIPAMIENTOS (PARQUES-SENDEROS PEATONALES Y PUENTES) > PQ10A-PQ10B > PARQUE DE NIÑOS	D5-08 juego de rotacion	UN
469	NO	ACTIVIDADES POR EJECUTAR > EQUIPAMIENTOS (PARQUES-SENDEROS PEATONALES Y PUENTES) > PQ10A-PQ10B > PARQUE DE NIÑOS	D5-10,11,12 juegos de muelle	UN
470	NO	ACTIVIDADES POR EJECUTAR > EQUIPAMIENTOS (PARQUES-SENDEROS PEATONALES Y PUENTES) > PQ10A-PQ10B > PARQUE DE NIÑOS	D2-01 troncos de equilibrio en madera	UN
471	NO	ACTIVIDADES POR EJECUTAR > EQUIPAMIENTOS (PARQUES-SENDEROS PEATONALES Y PUENTES) > PQ10A-PQ10B > PARQUE DE NIÑOS	D2-02 laberinto de troncos	UN
473	NO	ACTIVIDADES POR EJECUTAR > EQUIPAMIENTOS (PARQUES-SENDEROS PEATONALES Y PUENTES) > PQ10A-PQ10B > ZONA GYM BIOSALUDABLE	Localizacion y replanteo	M2
474	NO	ACTIVIDADES POR EJECUTAR > EQUIPAMIENTOS (PARQUES-SENDEROS PEATONALES Y PUENTES) > PQ10A-PQ10B > ZONA GYM BIOSALUDABLE	Excavacion y retiro a maquina con batadero certificado	M3
475	NO	ACTIVIDADES POR EJECUTAR > EQUIPAMIENTOS (PARQUES-SENDEROS PEATONALES Y PUENTES) > PQ10A-PQ10B > ZONA GYM BIOSALUDABLE	Subabase granular SBG-B	M3
476	SI	ACTIVIDADES POR EJECUTAR > EQUIPAMIENTOS (PARQUES-SENDEROS PEATONALES Y PUENTES) > PQ10A-PQ10B > ZONA GYM BIOSALUDABLE	Base granular BG	M3
477	SI	ACTIVIDADES POR EJECUTAR > EQUIPAMIENTOS (PARQUES-SENDEROS PEATONALES Y PUENTES) > PQ10A-PQ10B > ZONA GYM BIOSALUDABLE	Geotextil tejido 2100	M2
478	NO	ACTIVIDADES POR EJECUTAR > EQUIPAMIENTOS (PARQUES-SENDEROS PEATONALES Y PUENTES) > PQ10A-PQ10B > ZONA GYM BIOSALUDABLE	Concreto 3000 psi	M3
479	NO	ACTIVIDADES POR EJECUTAR > EQUIPAMIENTOS (PARQUES-SENDEROS PEATONALES Y PUENTES) > PQ10A-PQ10B > ZONA GYM BIOSALUDABLE	Malla electrosoldada	KG
480	NO	ACTIVIDADES POR EJECUTAR > EQUIPAMIENTOS (PARQUES-SENDEROS PEATONALES Y PUENTES) > PQ10A-PQ10B > ZONA GYM BIOSALUDABLE	Mano de obra losa contrapiso	M2
481	NO	ACTIVIDADES POR EJECUTAR > EQUIPAMIENTOS (PARQUES-SENDEROS PEATONALES Y PUENTES) > PQ10A-PQ10B > ZONA GYM BIOSALUDABLE	Separadores losa	UN
482	NO	ACTIVIDADES POR EJECUTAR > EQUIPAMIENTOS (PARQUES-SENDEROS PEATONALES Y PUENTES) > PQ10A-PQ10B > ZONA GYM BIOSALUDABLE	superficie en caucho reciclado	M2
483	NO	ACTIVIDADES POR EJECUTAR > EQUIPAMIENTOS (PARQUES-SENDEROS PEATONALES Y PUENTES) > PQ10A-PQ10B > ZONA GYM BIOSALUDABLE	Maquinas gym	UN
485	NO	ACTIVIDADES POR EJECUTAR > EQUIPAMIENTOS (PARQUES-SENDEROS PEATONALES Y PUENTES) > PQ10A-PQ10B > BICIPARQUEO	Localizacion y replanteo	M2
486	NO	ACTIVIDADES POR EJECUTAR > EQUIPAMIENTOS (PARQUES-SENDEROS PEATONALES Y PUENTES) > PQ10A-PQ10B > BICIPARQUEO	Excavacion y retiro a maquina con batadero certificado	M3
487	NO	ACTIVIDADES POR EJECUTAR > EQUIPAMIENTOS (PARQUES-SENDEROS PEATONALES Y PUENTES) > PQ10A-PQ10B > BICIPARQUEO	Subabase granular SBG-B	M3
488	SI	ACTIVIDADES POR EJECUTAR > EQUIPAMIENTOS (PARQUES-SENDEROS PEATONALES Y PUENTES) > PQ10A-PQ10B > BICIPARQUEO	Geotextil tejido 2100	M2
489	NO	ACTIVIDADES POR EJECUTAR > EQUIPAMIENTOS (PARQUES-SENDEROS PEATONALES Y PUENTES) > PQ10A-PQ10B > BICIPARQUEO	mortero de nivelacion	M3
490	NO	ACTIVIDADES POR EJECUTAR > EQUIPAMIENTOS (PARQUES-SENDEROS PEATONALES Y PUENTES) > PQ10A-PQ10B > BICIPARQUEO	Bicicletero enrollado (capacidad: 11 bicicletas)	UN
491	NO	ACTIVIDADES POR EJECUTAR > EQUIPAMIENTOS (PARQUES-SENDEROS PEATONALES Y PUENTES) > PQ10A-PQ10B > BICIPARQUEO	superficie en ecopavimento	M2
493	NO	ACTIVIDADES POR EJECUTAR > EQUIPAMIENTOS (PARQUES-SENDEROS PEATONALES Y PUENTES) > PQ10A-PQ10B > CANCHA SINTETICA	Localizacion y replanteo	M2
494	NO	ACTIVIDADES POR EJECUTAR > EQUIPAMIENTOS (PARQUES-SENDEROS PEATONALES Y PUENTES) > PQ10A-PQ10B > CANCHA SINTETICA	Descapote con botadero certificado	M2
495	NO	ACTIVIDADES POR EJECUTAR > EQUIPAMIENTOS (PARQUES-SENDEROS PEATONALES Y PUENTES) > PQ10A-PQ10B > CANCHA SINTETICA	Excavacion y retiro a maquina con batadero certificado	M3
496	NO	ACTIVIDADES POR EJECUTAR > EQUIPAMIENTOS (PARQUES-SENDEROS PEATONALES Y PUENTES) > PQ10A-PQ10B > CANCHA SINTETICA	Acabado sintetico	M2
497	NO	ACTIVIDADES POR EJECUTAR > EQUIPAMIENTOS (PARQUES-SENDEROS PEATONALES Y PUENTES) > PQ10A-PQ10B > CANCHA SINTETICA	Riego de arena y caucho	M2
498	NO	ACTIVIDADES POR EJECUTAR > EQUIPAMIENTOS (PARQUES-SENDEROS PEATONALES Y PUENTES) > PQ10A-PQ10B > CANCHA SINTETICA	Geotextil tejido 1600	M2
499	NO	ACTIVIDADES POR EJECUTAR > EQUIPAMIENTOS (PARQUES-SENDEROS PEATONALES Y PUENTES) > PQ10A-PQ10B > CANCHA SINTETICA	Mejoramiento en gravilla(material de filtro)	M3
500	NO	ACTIVIDADES POR EJECUTAR > EQUIPAMIENTOS (PARQUES-SENDEROS PEATONALES Y PUENTES) > PQ10A-PQ10B > CANCHA SINTETICA	Geomembrana impermable HDPE 1mm	M2
501	NO	ACTIVIDADES POR EJECUTAR > EQUIPAMIENTOS (PARQUES-SENDEROS PEATONALES Y PUENTES) > PQ10A-PQ10B > CANCHA SINTETICA	Subabase granular SBG-B	M3
503	NO	ACTIVIDADES POR EJECUTAR > EQUIPAMIENTOS (PARQUES-SENDEROS PEATONALES Y PUENTES) > PQ10A-PQ10B > CICLORUTA	Localizacion y replanteo	M2
504	NO	ACTIVIDADES POR EJECUTAR > EQUIPAMIENTOS (PARQUES-SENDEROS PEATONALES Y PUENTES) > PQ10A-PQ10B > CICLORUTA	Descapote con botadero certificado	M2
505	NO	ACTIVIDADES POR EJECUTAR > EQUIPAMIENTOS (PARQUES-SENDEROS PEATONALES Y PUENTES) > PQ10A-PQ10B > CICLORUTA	Excavacion y retiro a maquina con batadero certificado	M3
506	SI	ACTIVIDADES POR EJECUTAR > EQUIPAMIENTOS (PARQUES-SENDEROS PEATONALES Y PUENTES) > PQ10A-PQ10B > CICLORUTA	Geotextil tejido 2400	M2
507	NO	ACTIVIDADES POR EJECUTAR > EQUIPAMIENTOS (PARQUES-SENDEROS PEATONALES Y PUENTES) > PQ10A-PQ10B > CICLORUTA	Mejoramiento en rajon 0,25m	M3
508	NO	ACTIVIDADES POR EJECUTAR > EQUIPAMIENTOS (PARQUES-SENDEROS PEATONALES Y PUENTES) > PQ10A-PQ10B > CICLORUTA	base granular 0,20m idu	M3
509	NO	ACTIVIDADES POR EJECUTAR > EQUIPAMIENTOS (PARQUES-SENDEROS PEATONALES Y PUENTES) > PQ10A-PQ10B > CICLORUTA	Subabase granular SBG-B	M3
510	NO	ACTIVIDADES POR EJECUTAR > EQUIPAMIENTOS (PARQUES-SENDEROS PEATONALES Y PUENTES) > PQ10A-PQ10B > CICLORUTA	Rodadura asfaltica MDC-II de 5.5cm	M2
511	NO	ACTIVIDADES POR EJECUTAR > EQUIPAMIENTOS (PARQUES-SENDEROS PEATONALES Y PUENTES) > PQ10A-PQ10B > CICLORUTA	Demarcacion cicloruta	ML
513	NO	ACTIVIDADES POR EJECUTAR > EQUIPAMIENTOS (PARQUES-SENDEROS PEATONALES Y PUENTES) > PQ10A-PQ10B > INSTALACIONES REDES HUMEDAS	Excavacion mecanica material	M3
514	NO	ACTIVIDADES POR EJECUTAR > EQUIPAMIENTOS (PARQUES-SENDEROS PEATONALES Y PUENTES) > PQ10A-PQ10B > INSTALACIONES REDES HUMEDAS	Relleno en recebo b400	M3
515	NO	ACTIVIDADES POR EJECUTAR > EQUIPAMIENTOS (PARQUES-SENDEROS PEATONALES Y PUENTES) > PQ10A-PQ10B > INSTALACIONES REDES HUMEDAS	Relleno en arena peña	M3
516	NO	ACTIVIDADES POR EJECUTAR > EQUIPAMIENTOS (PARQUES-SENDEROS PEATONALES Y PUENTES) > PQ10A-PQ10B > INSTALACIONES REDES HUMEDAS	Relleno con mezcla de gravilla de 3/4" y arena de rio	M3
517	SI	ACTIVIDADES POR EJECUTAR > EQUIPAMIENTOS (PARQUES-SENDEROS PEATONALES Y PUENTES) > PQ10A-PQ10B > INSTALACIONES REDES HUMEDAS	Geotextil tejido 2400	M2
518	NO	ACTIVIDADES POR EJECUTAR > EQUIPAMIENTOS (PARQUES-SENDEROS PEATONALES Y PUENTES) > PQ10A-PQ10B > INSTALACIONES REDES HUMEDAS	Mano de obra tuberia novafort 315 mm - 6"	ML
519	NO	ACTIVIDADES POR EJECUTAR > EQUIPAMIENTOS (PARQUES-SENDEROS PEATONALES Y PUENTES) > PQ10A-PQ10B > INSTALACIONES REDES HUMEDAS	Suministro tuberia novafor 315 mm 6"- 6 mts	UN
520	NO	ACTIVIDADES POR EJECUTAR > EQUIPAMIENTOS (PARQUES-SENDEROS PEATONALES Y PUENTES) > PQ10A-PQ10B > INSTALACIONES REDES HUMEDAS	Dren filtro 100 mm(filtro frances)	ML
521	NO	ACTIVIDADES POR EJECUTAR > EQUIPAMIENTOS (PARQUES-SENDEROS PEATONALES Y PUENTES) > PQ10A-PQ10B > INSTALACIONES REDES HUMEDAS	Dren filtro 200 mm (filtro frances)	ML
522	NO	ACTIVIDADES POR EJECUTAR > EQUIPAMIENTOS (PARQUES-SENDEROS PEATONALES Y PUENTES) > PQ10A-PQ10B > INSTALACIONES REDES HUMEDAS	Empate a punto de conexión	UN
523	NO	ACTIVIDADES POR EJECUTAR > EQUIPAMIENTOS (PARQUES-SENDEROS PEATONALES Y PUENTES) > PQ10A-PQ10B > INSTALACIONES REDES HUMEDAS	Pozo de inspeccion en concreto hmax=2m, tapa en concreto	UN
524	NO	ACTIVIDADES POR EJECUTAR > EQUIPAMIENTOS (PARQUES-SENDEROS PEATONALES Y PUENTES) > PQ10A-PQ10B > INSTALACIONES REDES HUMEDAS	Caja de desague h=1 m, incluye marco y tapa	UN
525	NO	ACTIVIDADES POR EJECUTAR > EQUIPAMIENTOS (PARQUES-SENDEROS PEATONALES Y PUENTES) > PQ10A-PQ10B > INSTALACIONES REDES HUMEDAS	Sumidero de concreto prefabricado	UN
527	NO	ACTIVIDADES POR EJECUTAR > EQUIPAMIENTOS (PARQUES-SENDEROS PEATONALES Y PUENTES) > PQ10A-PQ10B > INSTALACIONES REDES ELECTRICAS	INSTALACIONES REDES ELECTRICAS	GB
529	NO	ACTIVIDADES POR EJECUTAR > EQUIPAMIENTOS (PARQUES-SENDEROS PEATONALES Y PUENTES) > PQ10A-PQ10B > OTROS	BIORETENEDORES	GB
531	NO	ACTIVIDADES POR EJECUTAR > EQUIPAMIENTOS (PARQUES-SENDEROS PEATONALES Y PUENTES) > PQ10A-PQ10B > IMPREVISTOS	IMPREVISTOS	%
534	NO	ACTIVIDADES POR EJECUTAR > EQUIPAMIENTOS (PARQUES-SENDEROS PEATONALES Y PUENTES) > PQ14 > MOVIMIENTO DE TIERRA	Localizacion y replanteo	M2
535	NO	ACTIVIDADES POR EJECUTAR > EQUIPAMIENTOS (PARQUES-SENDEROS PEATONALES Y PUENTES) > PQ14 > MOVIMIENTO DE TIERRA	Descapote con botadero certificado	M3
536	NO	ACTIVIDADES POR EJECUTAR > EQUIPAMIENTOS (PARQUES-SENDEROS PEATONALES Y PUENTES) > PQ14 > MOVIMIENTO DE TIERRA	excavacion mecanica	M3
537	NO	ACTIVIDADES POR EJECUTAR > EQUIPAMIENTOS (PARQUES-SENDEROS PEATONALES Y PUENTES) > PQ14 > MOVIMIENTO DE TIERRA	Subabase granular SBG-B	M3
539	NO	ACTIVIDADES POR EJECUTAR > EQUIPAMIENTOS (PARQUES-SENDEROS PEATONALES Y PUENTES) > PQ14 > ZONAS VERDES	Localizacion y replanteo	M2
540	NO	ACTIVIDADES POR EJECUTAR > EQUIPAMIENTOS (PARQUES-SENDEROS PEATONALES Y PUENTES) > PQ14 > ZONAS VERDES	Relleno Manual Tierra Negra X 30CM	M3
541	NO	ACTIVIDADES POR EJECUTAR > EQUIPAMIENTOS (PARQUES-SENDEROS PEATONALES Y PUENTES) > PQ14 > ZONAS VERDES	Arboles 80 cm	M3
542	NO	ACTIVIDADES POR EJECUTAR > EQUIPAMIENTOS (PARQUES-SENDEROS PEATONALES Y PUENTES) > PQ14 > ZONAS VERDES	Arboles 120 cm	M2
543	NO	ACTIVIDADES POR EJECUTAR > EQUIPAMIENTOS (PARQUES-SENDEROS PEATONALES Y PUENTES) > PQ14 > ZONAS VERDES	Jardineria	M2
544	NO	ACTIVIDADES POR EJECUTAR > EQUIPAMIENTOS (PARQUES-SENDEROS PEATONALES Y PUENTES) > PQ14 > ZONAS VERDES	Coberturas Zonas Verdes	M2
546	NO	ACTIVIDADES POR EJECUTAR > EQUIPAMIENTOS (PARQUES-SENDEROS PEATONALES Y PUENTES) > PQ14 > SENDEROS PEATONALES - Incluye el area de los escalones	Localizacion y replanteo	M2
547	NO	ACTIVIDADES POR EJECUTAR > EQUIPAMIENTOS (PARQUES-SENDEROS PEATONALES Y PUENTES) > PQ14 > SENDEROS PEATONALES - Incluye el area de los escalones	Excavacion y retiro a maquina con batadero certificado	M3
548	NO	ACTIVIDADES POR EJECUTAR > EQUIPAMIENTOS (PARQUES-SENDEROS PEATONALES Y PUENTES) > PQ14 > SENDEROS PEATONALES - Incluye el area de los escalones	Subabase granular SBG-B	M3
549	SI	ACTIVIDADES POR EJECUTAR > EQUIPAMIENTOS (PARQUES-SENDEROS PEATONALES Y PUENTES) > PQ14 > SENDEROS PEATONALES - Incluye el area de los escalones	Base granular BG	M3
550	SI	ACTIVIDADES POR EJECUTAR > EQUIPAMIENTOS (PARQUES-SENDEROS PEATONALES Y PUENTES) > PQ14 > SENDEROS PEATONALES - Incluye el area de los escalones	Geotextil tejido 2100	M2
551	NO	ACTIVIDADES POR EJECUTAR > EQUIPAMIENTOS (PARQUES-SENDEROS PEATONALES Y PUENTES) > PQ14 > SENDEROS PEATONALES - Incluye el area de los escalones	Concreto 3000 psi	M3
552	NO	ACTIVIDADES POR EJECUTAR > EQUIPAMIENTOS (PARQUES-SENDEROS PEATONALES Y PUENTES) > PQ14 > SENDEROS PEATONALES - Incluye el area de los escalones	Malla electrosoldada	KG
553	NO	ACTIVIDADES POR EJECUTAR > EQUIPAMIENTOS (PARQUES-SENDEROS PEATONALES Y PUENTES) > PQ14 > SENDEROS PEATONALES - Incluye el area de los escalones	Mano de obra losa contrapiso	M2
554	NO	ACTIVIDADES POR EJECUTAR > EQUIPAMIENTOS (PARQUES-SENDEROS PEATONALES Y PUENTES) > PQ14 > SENDEROS PEATONALES - Incluye el area de los escalones	Separadores losa	UN
555	NO	ACTIVIDADES POR EJECUTAR > EQUIPAMIENTOS (PARQUES-SENDEROS PEATONALES Y PUENTES) > PQ14 > SENDEROS PEATONALES - Incluye el area de los escalones	Cañuela prefabricado	ML
556	NO	ACTIVIDADES POR EJECUTAR > EQUIPAMIENTOS (PARQUES-SENDEROS PEATONALES Y PUENTES) > PQ14 > SENDEROS PEATONALES - Incluye el area de los escalones	Bordillo de confinamiento	ML
557	NO	ACTIVIDADES POR EJECUTAR > EQUIPAMIENTOS (PARQUES-SENDEROS PEATONALES Y PUENTES) > PQ14 > SENDEROS PEATONALES - Incluye el area de los escalones	MO Escobillado concreto	M2
558	NO	ACTIVIDADES POR EJECUTAR > EQUIPAMIENTOS (PARQUES-SENDEROS PEATONALES Y PUENTES) > PQ14 > SENDEROS PEATONALES - Incluye el area de los escalones	Señalizacion zonas	GB
559	NO	ACTIVIDADES POR EJECUTAR > EQUIPAMIENTOS (PARQUES-SENDEROS PEATONALES Y PUENTES) > PQ14 > SENDEROS PEATONALES - Incluye el area de los escalones	Canecas tipo idu	UN
560	NO	ACTIVIDADES POR EJECUTAR > EQUIPAMIENTOS (PARQUES-SENDEROS PEATONALES Y PUENTES) > PQ14 > SENDEROS PEATONALES - Incluye el area de los escalones	totem parque	UN
561	NO	ACTIVIDADES POR EJECUTAR > EQUIPAMIENTOS (PARQUES-SENDEROS PEATONALES Y PUENTES) > PQ14 > SENDEROS PEATONALES - Incluye el area de los escalones	Mesa rural con asientos	UN
562	NO	ACTIVIDADES POR EJECUTAR > EQUIPAMIENTOS (PARQUES-SENDEROS PEATONALES Y PUENTES) > PQ14 > SENDEROS PEATONALES - Incluye el area de los escalones	Bancas tipo idu en concreto(sin espaldar)	UN
564	NO	ACTIVIDADES POR EJECUTAR > EQUIPAMIENTOS (PARQUES-SENDEROS PEATONALES Y PUENTES) > PQ14 > PARQUE DE NIÑOS	Localizacion y replanteo	M2
565	NO	ACTIVIDADES POR EJECUTAR > EQUIPAMIENTOS (PARQUES-SENDEROS PEATONALES Y PUENTES) > PQ14 > PARQUE DE NIÑOS	Excavacion y retiro a maquina con batadero certificado	M3
566	NO	ACTIVIDADES POR EJECUTAR > EQUIPAMIENTOS (PARQUES-SENDEROS PEATONALES Y PUENTES) > PQ14 > PARQUE DE NIÑOS	Subabase granular SBG-B	M3
567	SI	ACTIVIDADES POR EJECUTAR > EQUIPAMIENTOS (PARQUES-SENDEROS PEATONALES Y PUENTES) > PQ14 > PARQUE DE NIÑOS	Base granular BG	M3
568	SI	ACTIVIDADES POR EJECUTAR > EQUIPAMIENTOS (PARQUES-SENDEROS PEATONALES Y PUENTES) > PQ14 > PARQUE DE NIÑOS	Geotextil tejido 2100	M2
569	NO	ACTIVIDADES POR EJECUTAR > EQUIPAMIENTOS (PARQUES-SENDEROS PEATONALES Y PUENTES) > PQ14 > PARQUE DE NIÑOS	Concreto 3000 psi	M3
570	NO	ACTIVIDADES POR EJECUTAR > EQUIPAMIENTOS (PARQUES-SENDEROS PEATONALES Y PUENTES) > PQ14 > PARQUE DE NIÑOS	Malla electrosoldada	KG
571	NO	ACTIVIDADES POR EJECUTAR > EQUIPAMIENTOS (PARQUES-SENDEROS PEATONALES Y PUENTES) > PQ14 > PARQUE DE NIÑOS	Mano de obra losa contrapiso	M2
572	NO	ACTIVIDADES POR EJECUTAR > EQUIPAMIENTOS (PARQUES-SENDEROS PEATONALES Y PUENTES) > PQ14 > PARQUE DE NIÑOS	Separadores losa	UN
573	NO	ACTIVIDADES POR EJECUTAR > EQUIPAMIENTOS (PARQUES-SENDEROS PEATONALES Y PUENTES) > PQ14 > PARQUE DE NIÑOS	Piso en mulch de madera inorganico	M2
574	NO	ACTIVIDADES POR EJECUTAR > EQUIPAMIENTOS (PARQUES-SENDEROS PEATONALES Y PUENTES) > PQ14 > PARQUE DE NIÑOS	D5-02 deslizadero recto en polimero	UN
575	NO	ACTIVIDADES POR EJECUTAR > EQUIPAMIENTOS (PARQUES-SENDEROS PEATONALES Y PUENTES) > PQ14 > PARQUE DE NIÑOS	D5-03 columpio en canasta	UN
576	NO	ACTIVIDADES POR EJECUTAR > EQUIPAMIENTOS (PARQUES-SENDEROS PEATONALES Y PUENTES) > PQ14 > PARQUE DE NIÑOS	D5-05 red piramidal pequeña	UN
577	NO	ACTIVIDADES POR EJECUTAR > EQUIPAMIENTOS (PARQUES-SENDEROS PEATONALES Y PUENTES) > PQ14 > PARQUE DE NIÑOS	D5-09 presas infantiles de escalada	UN
578	NO	ACTIVIDADES POR EJECUTAR > EQUIPAMIENTOS (PARQUES-SENDEROS PEATONALES Y PUENTES) > PQ14 > PARQUE DE NIÑOS	D2-02 laberinto de troncos	UN
580	NO	ACTIVIDADES POR EJECUTAR > EQUIPAMIENTOS (PARQUES-SENDEROS PEATONALES Y PUENTES) > PQ14 > ZONA GYM BIOSALUDABLE	Localizacion y replanteo	M2
581	NO	ACTIVIDADES POR EJECUTAR > EQUIPAMIENTOS (PARQUES-SENDEROS PEATONALES Y PUENTES) > PQ14 > ZONA GYM BIOSALUDABLE	Excavacion y retiro a maquina con batadero certificado	M3
582	NO	ACTIVIDADES POR EJECUTAR > EQUIPAMIENTOS (PARQUES-SENDEROS PEATONALES Y PUENTES) > PQ14 > ZONA GYM BIOSALUDABLE	Subabase granular SBG-B	M3
583	SI	ACTIVIDADES POR EJECUTAR > EQUIPAMIENTOS (PARQUES-SENDEROS PEATONALES Y PUENTES) > PQ14 > ZONA GYM BIOSALUDABLE	Base granular BG	M3
584	SI	ACTIVIDADES POR EJECUTAR > EQUIPAMIENTOS (PARQUES-SENDEROS PEATONALES Y PUENTES) > PQ14 > ZONA GYM BIOSALUDABLE	Geotextil tejido 2100	M2
585	NO	ACTIVIDADES POR EJECUTAR > EQUIPAMIENTOS (PARQUES-SENDEROS PEATONALES Y PUENTES) > PQ14 > ZONA GYM BIOSALUDABLE	Concreto 3000 psi	M3
586	NO	ACTIVIDADES POR EJECUTAR > EQUIPAMIENTOS (PARQUES-SENDEROS PEATONALES Y PUENTES) > PQ14 > ZONA GYM BIOSALUDABLE	Malla electrosoldada	KG
587	NO	ACTIVIDADES POR EJECUTAR > EQUIPAMIENTOS (PARQUES-SENDEROS PEATONALES Y PUENTES) > PQ14 > ZONA GYM BIOSALUDABLE	Mano de obra losa contrapiso	M2
588	NO	ACTIVIDADES POR EJECUTAR > EQUIPAMIENTOS (PARQUES-SENDEROS PEATONALES Y PUENTES) > PQ14 > ZONA GYM BIOSALUDABLE	Separadores losa	UN
589	NO	ACTIVIDADES POR EJECUTAR > EQUIPAMIENTOS (PARQUES-SENDEROS PEATONALES Y PUENTES) > PQ14 > ZONA GYM BIOSALUDABLE	superficie en caucho reciclado	M2
590	NO	ACTIVIDADES POR EJECUTAR > EQUIPAMIENTOS (PARQUES-SENDEROS PEATONALES Y PUENTES) > PQ14 > ZONA GYM BIOSALUDABLE	Maquinas gym	UN
592	NO	ACTIVIDADES POR EJECUTAR > EQUIPAMIENTOS (PARQUES-SENDEROS PEATONALES Y PUENTES) > PQ14 > PISTA DE TROTE	Localizacion y replanteo	M2
593	NO	ACTIVIDADES POR EJECUTAR > EQUIPAMIENTOS (PARQUES-SENDEROS PEATONALES Y PUENTES) > PQ14 > PISTA DE TROTE	Excavacion y retiro a maquina con batadero certificado	M3
594	NO	ACTIVIDADES POR EJECUTAR > EQUIPAMIENTOS (PARQUES-SENDEROS PEATONALES Y PUENTES) > PQ14 > PISTA DE TROTE	Subabase granular SBG-B	M3
595	SI	ACTIVIDADES POR EJECUTAR > EQUIPAMIENTOS (PARQUES-SENDEROS PEATONALES Y PUENTES) > PQ14 > PISTA DE TROTE	Geotextil tejido 2100	M2
596	NO	ACTIVIDADES POR EJECUTAR > EQUIPAMIENTOS (PARQUES-SENDEROS PEATONALES Y PUENTES) > PQ14 > PISTA DE TROTE	mortero de nivelacion	M3
597	NO	ACTIVIDADES POR EJECUTAR > EQUIPAMIENTOS (PARQUES-SENDEROS PEATONALES Y PUENTES) > PQ14 > PISTA DE TROTE	superficie en caucho reciclado	M2
599	NO	ACTIVIDADES POR EJECUTAR > EQUIPAMIENTOS (PARQUES-SENDEROS PEATONALES Y PUENTES) > PQ14 > BICIPARQUEO	Localizacion y replanteo	M2
600	NO	ACTIVIDADES POR EJECUTAR > EQUIPAMIENTOS (PARQUES-SENDEROS PEATONALES Y PUENTES) > PQ14 > BICIPARQUEO	Excavacion y retiro a maquina con batadero certificado	M3
601	NO	ACTIVIDADES POR EJECUTAR > EQUIPAMIENTOS (PARQUES-SENDEROS PEATONALES Y PUENTES) > PQ14 > BICIPARQUEO	Subabase granular SBG-B	M3
602	SI	ACTIVIDADES POR EJECUTAR > EQUIPAMIENTOS (PARQUES-SENDEROS PEATONALES Y PUENTES) > PQ14 > BICIPARQUEO	Geotextil tejido 2100	M2
603	NO	ACTIVIDADES POR EJECUTAR > EQUIPAMIENTOS (PARQUES-SENDEROS PEATONALES Y PUENTES) > PQ14 > BICIPARQUEO	mortero de nivelacion	M3
604	NO	ACTIVIDADES POR EJECUTAR > EQUIPAMIENTOS (PARQUES-SENDEROS PEATONALES Y PUENTES) > PQ14 > BICIPARQUEO	Bicicletero enrollado (capacidad: 11 bicicletas)	UN
605	NO	ACTIVIDADES POR EJECUTAR > EQUIPAMIENTOS (PARQUES-SENDEROS PEATONALES Y PUENTES) > PQ14 > BICIPARQUEO	superficie en ecopavimento	M2
607	NO	ACTIVIDADES POR EJECUTAR > EQUIPAMIENTOS (PARQUES-SENDEROS PEATONALES Y PUENTES) > PQ14 > CANCHA MULTIPLE NO REGLAMENTARIA	Localizacion y replanteo	M2
608	NO	ACTIVIDADES POR EJECUTAR > EQUIPAMIENTOS (PARQUES-SENDEROS PEATONALES Y PUENTES) > PQ14 > CANCHA MULTIPLE NO REGLAMENTARIA	Descapote con botadero certificado	M2
609	NO	ACTIVIDADES POR EJECUTAR > EQUIPAMIENTOS (PARQUES-SENDEROS PEATONALES Y PUENTES) > PQ14 > CANCHA MULTIPLE NO REGLAMENTARIA	Excavacion y retiro a maquina con batadero certificado	M3
610	SI	ACTIVIDADES POR EJECUTAR > EQUIPAMIENTOS (PARQUES-SENDEROS PEATONALES Y PUENTES) > PQ14 > CANCHA MULTIPLE NO REGLAMENTARIA	Geotextil tejido 2400	M2
611	NO	ACTIVIDADES POR EJECUTAR > EQUIPAMIENTOS (PARQUES-SENDEROS PEATONALES Y PUENTES) > PQ14 > CANCHA MULTIPLE NO REGLAMENTARIA	Mejoramiento en rajon 0,25m	M3
612	NO	ACTIVIDADES POR EJECUTAR > EQUIPAMIENTOS (PARQUES-SENDEROS PEATONALES Y PUENTES) > PQ14 > CANCHA MULTIPLE NO REGLAMENTARIA	base granular 0,20m idu	M3
613	NO	ACTIVIDADES POR EJECUTAR > EQUIPAMIENTOS (PARQUES-SENDEROS PEATONALES Y PUENTES) > PQ14 > CANCHA MULTIPLE NO REGLAMENTARIA	Subabase granular SBG-B	M3
614	NO	ACTIVIDADES POR EJECUTAR > EQUIPAMIENTOS (PARQUES-SENDEROS PEATONALES Y PUENTES) > PQ14 > CANCHA MULTIPLE NO REGLAMENTARIA	Rodadura asfaltica MDC-II de 5.5cm	M2
615	NO	ACTIVIDADES POR EJECUTAR > EQUIPAMIENTOS (PARQUES-SENDEROS PEATONALES Y PUENTES) > PQ14 > CANCHA MULTIPLE NO REGLAMENTARIA	Excavacion manual de vigas cerramiento y zanjas filto perimetral	M3
616	NO	ACTIVIDADES POR EJECUTAR > EQUIPAMIENTOS (PARQUES-SENDEROS PEATONALES Y PUENTES) > PQ14 > CANCHA MULTIPLE NO REGLAMENTARIA	Concreto 3000psi impermeabilzado	M3
617	NO	ACTIVIDADES POR EJECUTAR > EQUIPAMIENTOS (PARQUES-SENDEROS PEATONALES Y PUENTES) > PQ14 > CANCHA MULTIPLE NO REGLAMENTARIA	Hierro 60000 psi - losa y vigas	KG
618	NO	ACTIVIDADES POR EJECUTAR > EQUIPAMIENTOS (PARQUES-SENDEROS PEATONALES Y PUENTES) > PQ14 > CANCHA MULTIPLE NO REGLAMENTARIA	Alambre negro	KG
619	NO	ACTIVIDADES POR EJECUTAR > EQUIPAMIENTOS (PARQUES-SENDEROS PEATONALES Y PUENTES) > PQ14 > CANCHA MULTIPLE NO REGLAMENTARIA	MO Dados cerramiento	M3
620	NO	ACTIVIDADES POR EJECUTAR > EQUIPAMIENTOS (PARQUES-SENDEROS PEATONALES Y PUENTES) > PQ14 > CANCHA MULTIPLE NO REGLAMENTARIA	MO Vigas corridas cimentacion cerramiento	M3
621	NO	ACTIVIDADES POR EJECUTAR > EQUIPAMIENTOS (PARQUES-SENDEROS PEATONALES Y PUENTES) > PQ14 > CANCHA MULTIPLE NO REGLAMENTARIA	Sum + MO Bordillo de confinamiento	ML
622	NO	ACTIVIDADES POR EJECUTAR > EQUIPAMIENTOS (PARQUES-SENDEROS PEATONALES Y PUENTES) > PQ14 > CANCHA MULTIPLE NO REGLAMENTARIA	Filtro perimetral a todo costo	ML
623	NO	ACTIVIDADES POR EJECUTAR > EQUIPAMIENTOS (PARQUES-SENDEROS PEATONALES Y PUENTES) > PQ14 > CANCHA MULTIPLE NO REGLAMENTARIA	Sum + Inst malla eslabonada cerramiento de altura 5m -	M2
624	NO	ACTIVIDADES POR EJECUTAR > EQUIPAMIENTOS (PARQUES-SENDEROS PEATONALES Y PUENTES) > PQ14 > CANCHA MULTIPLE NO REGLAMENTARIA	Arcos metalicos de microfutbol altura 1,80 x 2,5 ancho	UN
625	NO	ACTIVIDADES POR EJECUTAR > EQUIPAMIENTOS (PARQUES-SENDEROS PEATONALES Y PUENTES) > PQ14 > CANCHA MULTIPLE NO REGLAMENTARIA	Tableros para baloncesto	UN
627	NO	ACTIVIDADES POR EJECUTAR > EQUIPAMIENTOS (PARQUES-SENDEROS PEATONALES Y PUENTES) > PQ14 > SKATEPARK	Localizacion y replanteo	M2
628	NO	ACTIVIDADES POR EJECUTAR > EQUIPAMIENTOS (PARQUES-SENDEROS PEATONALES Y PUENTES) > PQ14 > SKATEPARK	Descapote con botadero certificado	M2
629	SI	ACTIVIDADES POR EJECUTAR > EQUIPAMIENTOS (PARQUES-SENDEROS PEATONALES Y PUENTES) > PQ14 > SKATEPARK	Geotextil tejido 2400	M2
630	NO	ACTIVIDADES POR EJECUTAR > EQUIPAMIENTOS (PARQUES-SENDEROS PEATONALES Y PUENTES) > PQ14 > SKATEPARK	base granular 0,20m idu	M3
631	NO	ACTIVIDADES POR EJECUTAR > EQUIPAMIENTOS (PARQUES-SENDEROS PEATONALES Y PUENTES) > PQ14 > SKATEPARK	Excavacion manual de muro contencion con zarpa	M3
632	NO	ACTIVIDADES POR EJECUTAR > EQUIPAMIENTOS (PARQUES-SENDEROS PEATONALES Y PUENTES) > PQ14 > SKATEPARK	Concreto 3000psi impermeabilzado	M3
633	NO	ACTIVIDADES POR EJECUTAR > EQUIPAMIENTOS (PARQUES-SENDEROS PEATONALES Y PUENTES) > PQ14 > SKATEPARK	Hierro 60000 psi - losa y vigas	KG
634	NO	ACTIVIDADES POR EJECUTAR > EQUIPAMIENTOS (PARQUES-SENDEROS PEATONALES Y PUENTES) > PQ14 > SKATEPARK	Alambre negro	KG
635	NO	ACTIVIDADES POR EJECUTAR > EQUIPAMIENTOS (PARQUES-SENDEROS PEATONALES Y PUENTES) > PQ14 > SKATEPARK	MO Muro contencion con zarpa	M3
636	NO	ACTIVIDADES POR EJECUTAR > EQUIPAMIENTOS (PARQUES-SENDEROS PEATONALES Y PUENTES) > PQ14 > SKATEPARK	MO Placa de contrapiso	M3
637	NO	ACTIVIDADES POR EJECUTAR > EQUIPAMIENTOS (PARQUES-SENDEROS PEATONALES Y PUENTES) > PQ14 > SKATEPARK	MO Pulida de concreto con helicoptero	M2
638	NO	ACTIVIDADES POR EJECUTAR > EQUIPAMIENTOS (PARQUES-SENDEROS PEATONALES Y PUENTES) > PQ14 > SKATEPARK	Sum + MO Tuberia en acero galvanizado 2"	ML
639	NO	ACTIVIDADES POR EJECUTAR > EQUIPAMIENTOS (PARQUES-SENDEROS PEATONALES Y PUENTES) > PQ14 > SKATEPARK	Sum + MO Baranda M-18 tipo idu	ML
641	NO	ACTIVIDADES POR EJECUTAR > EQUIPAMIENTOS (PARQUES-SENDEROS PEATONALES Y PUENTES) > PQ14 > ESCALERAS	Localizacion y replanteo	M2
642	NO	ACTIVIDADES POR EJECUTAR > EQUIPAMIENTOS (PARQUES-SENDEROS PEATONALES Y PUENTES) > PQ14 > ESCALERAS	Descapote con botadero certificado	M2
643	NO	ACTIVIDADES POR EJECUTAR > EQUIPAMIENTOS (PARQUES-SENDEROS PEATONALES Y PUENTES) > PQ14 > ESCALERAS	Excavacion y retiro a maquina con batadero certificado	M3
644	SI	ACTIVIDADES POR EJECUTAR > EQUIPAMIENTOS (PARQUES-SENDEROS PEATONALES Y PUENTES) > PQ14 > ESCALERAS	Geotextil tejido 2400	M2
645	NO	ACTIVIDADES POR EJECUTAR > EQUIPAMIENTOS (PARQUES-SENDEROS PEATONALES Y PUENTES) > PQ14 > ESCALERAS	base granular 0,20m idu	M3
646	NO	ACTIVIDADES POR EJECUTAR > EQUIPAMIENTOS (PARQUES-SENDEROS PEATONALES Y PUENTES) > PQ14 > ESCALERAS	Concreto 3000psi impermeabilzado	M3
647	NO	ACTIVIDADES POR EJECUTAR > EQUIPAMIENTOS (PARQUES-SENDEROS PEATONALES Y PUENTES) > PQ14 > ESCALERAS	Hierro 60000 psi - losa y vigas	KG
648	NO	ACTIVIDADES POR EJECUTAR > EQUIPAMIENTOS (PARQUES-SENDEROS PEATONALES Y PUENTES) > PQ14 > ESCALERAS	Alambre negro	KG
649	NO	ACTIVIDADES POR EJECUTAR > EQUIPAMIENTOS (PARQUES-SENDEROS PEATONALES Y PUENTES) > PQ14 > ESCALERAS	MO escalera	M3
651	NO	ACTIVIDADES POR EJECUTAR > EQUIPAMIENTOS (PARQUES-SENDEROS PEATONALES Y PUENTES) > PQ14 > GRADERIA	Localizacion y replanteo	M2
652	NO	ACTIVIDADES POR EJECUTAR > EQUIPAMIENTOS (PARQUES-SENDEROS PEATONALES Y PUENTES) > PQ14 > GRADERIA	Descapote con botadero certificado	M2
653	SI	ACTIVIDADES POR EJECUTAR > EQUIPAMIENTOS (PARQUES-SENDEROS PEATONALES Y PUENTES) > PQ14 > GRADERIA	Geotextil tejido 2400	M2
654	NO	ACTIVIDADES POR EJECUTAR > EQUIPAMIENTOS (PARQUES-SENDEROS PEATONALES Y PUENTES) > PQ14 > GRADERIA	base granular 0,20m idu	M3
655	NO	ACTIVIDADES POR EJECUTAR > EQUIPAMIENTOS (PARQUES-SENDEROS PEATONALES Y PUENTES) > PQ14 > GRADERIA	Excavacion manual de muro contencion con zarpa	M3
656	NO	ACTIVIDADES POR EJECUTAR > EQUIPAMIENTOS (PARQUES-SENDEROS PEATONALES Y PUENTES) > PQ14 > GRADERIA	Concreto 3000psi impermeabilzado	M3
657	NO	ACTIVIDADES POR EJECUTAR > EQUIPAMIENTOS (PARQUES-SENDEROS PEATONALES Y PUENTES) > PQ14 > GRADERIA	Hierro 60000 psi - losa y vigas	KG
658	NO	ACTIVIDADES POR EJECUTAR > EQUIPAMIENTOS (PARQUES-SENDEROS PEATONALES Y PUENTES) > PQ14 > GRADERIA	Sc-bloque de concreto graderia	ML
659	NO	ACTIVIDADES POR EJECUTAR > EQUIPAMIENTOS (PARQUES-SENDEROS PEATONALES Y PUENTES) > PQ14 > GRADERIA	Alambre negro	KG
660	NO	ACTIVIDADES POR EJECUTAR > EQUIPAMIENTOS (PARQUES-SENDEROS PEATONALES Y PUENTES) > PQ14 > GRADERIA	MO Muro contencion con zarpa	M3
661	NO	ACTIVIDADES POR EJECUTAR > EQUIPAMIENTOS (PARQUES-SENDEROS PEATONALES Y PUENTES) > PQ14 > GRADERIA	Relleno Manual Tierra Negra X 30CM	M3
662	NO	ACTIVIDADES POR EJECUTAR > EQUIPAMIENTOS (PARQUES-SENDEROS PEATONALES Y PUENTES) > PQ14 > GRADERIA	Coberturas Zonas Verdes	M2
664	NO	ACTIVIDADES POR EJECUTAR > EQUIPAMIENTOS (PARQUES-SENDEROS PEATONALES Y PUENTES) > PQ14 > INSTALACIONES REDES HUMEDAS	Excavacion mecanica material	M3
665	NO	ACTIVIDADES POR EJECUTAR > EQUIPAMIENTOS (PARQUES-SENDEROS PEATONALES Y PUENTES) > PQ14 > INSTALACIONES REDES HUMEDAS	Relleno en recebo b400	M3
666	NO	ACTIVIDADES POR EJECUTAR > EQUIPAMIENTOS (PARQUES-SENDEROS PEATONALES Y PUENTES) > PQ14 > INSTALACIONES REDES HUMEDAS	Relleno en arena peña	M3
667	NO	ACTIVIDADES POR EJECUTAR > EQUIPAMIENTOS (PARQUES-SENDEROS PEATONALES Y PUENTES) > PQ14 > INSTALACIONES REDES HUMEDAS	Relleno con mezcla de gravilla de 3/4" y arena de rio	M3
668	SI	ACTIVIDADES POR EJECUTAR > EQUIPAMIENTOS (PARQUES-SENDEROS PEATONALES Y PUENTES) > PQ14 > INSTALACIONES REDES HUMEDAS	Geotextil tejido 2400	M2
669	NO	ACTIVIDADES POR EJECUTAR > EQUIPAMIENTOS (PARQUES-SENDEROS PEATONALES Y PUENTES) > PQ14 > INSTALACIONES REDES HUMEDAS	Mano de obra tuberia novafort 315 mm - 6"	ML
670	NO	ACTIVIDADES POR EJECUTAR > EQUIPAMIENTOS (PARQUES-SENDEROS PEATONALES Y PUENTES) > PQ14 > INSTALACIONES REDES HUMEDAS	Suministro tuberia novafor 315 mm 6"- 6 mts	UN
671	NO	ACTIVIDADES POR EJECUTAR > EQUIPAMIENTOS (PARQUES-SENDEROS PEATONALES Y PUENTES) > PQ14 > INSTALACIONES REDES HUMEDAS	Dren filtro 200 mm (filtro frances)	ML
672	NO	ACTIVIDADES POR EJECUTAR > EQUIPAMIENTOS (PARQUES-SENDEROS PEATONALES Y PUENTES) > PQ14 > INSTALACIONES REDES HUMEDAS	Empate a punto de conexión	UN
673	NO	ACTIVIDADES POR EJECUTAR > EQUIPAMIENTOS (PARQUES-SENDEROS PEATONALES Y PUENTES) > PQ14 > INSTALACIONES REDES HUMEDAS	Pozo de inspeccion en concreto hmax=2m, tapa en concreto	UN
674	NO	ACTIVIDADES POR EJECUTAR > EQUIPAMIENTOS (PARQUES-SENDEROS PEATONALES Y PUENTES) > PQ14 > INSTALACIONES REDES HUMEDAS	Caja de desague h=1 m, incluye marco y tapa	UN
675	NO	ACTIVIDADES POR EJECUTAR > EQUIPAMIENTOS (PARQUES-SENDEROS PEATONALES Y PUENTES) > PQ14 > INSTALACIONES REDES HUMEDAS	Sumidero de concreto prefabricado	UN
677	NO	ACTIVIDADES POR EJECUTAR > EQUIPAMIENTOS (PARQUES-SENDEROS PEATONALES Y PUENTES) > PQ14 > INSTALACIONES REDES ELECTRICAS	INSTALACIONES REDES ELECTRICAS	GB
679	NO	ACTIVIDADES POR EJECUTAR > EQUIPAMIENTOS (PARQUES-SENDEROS PEATONALES Y PUENTES) > PQ14 > OTROS	BIORETENEDORES	GB
681	NO	ACTIVIDADES POR EJECUTAR > EQUIPAMIENTOS (PARQUES-SENDEROS PEATONALES Y PUENTES) > PQ14 > IMPREVISTOS	IMPREVISTOS	%
684	NO	ACTIVIDADES POR EJECUTAR > EQUIPAMIENTOS (PARQUES-SENDEROS PEATONALES Y PUENTES) > PQ16 > MOVIMIENTO DE TIERRA	Localizacion y replanteo	M2
685	NO	ACTIVIDADES POR EJECUTAR > EQUIPAMIENTOS (PARQUES-SENDEROS PEATONALES Y PUENTES) > PQ16 > MOVIMIENTO DE TIERRA	Descapote con botadero certificado	M3
686	NO	ACTIVIDADES POR EJECUTAR > EQUIPAMIENTOS (PARQUES-SENDEROS PEATONALES Y PUENTES) > PQ16 > MOVIMIENTO DE TIERRA	excavacion mecanica	M3
687	NO	ACTIVIDADES POR EJECUTAR > EQUIPAMIENTOS (PARQUES-SENDEROS PEATONALES Y PUENTES) > PQ16 > MOVIMIENTO DE TIERRA	Subabase granular SBG-B	M3
689	NO	ACTIVIDADES POR EJECUTAR > EQUIPAMIENTOS (PARQUES-SENDEROS PEATONALES Y PUENTES) > PQ16 > ZONAS VERDES	Localizacion y replanteo	M2
690	NO	ACTIVIDADES POR EJECUTAR > EQUIPAMIENTOS (PARQUES-SENDEROS PEATONALES Y PUENTES) > PQ16 > ZONAS VERDES	Relleno Manual Tierra Negra X 30CM	M3
691	NO	ACTIVIDADES POR EJECUTAR > EQUIPAMIENTOS (PARQUES-SENDEROS PEATONALES Y PUENTES) > PQ16 > ZONAS VERDES	Arboles 80 cm	M3
692	NO	ACTIVIDADES POR EJECUTAR > EQUIPAMIENTOS (PARQUES-SENDEROS PEATONALES Y PUENTES) > PQ16 > ZONAS VERDES	Arboles 120 cm	M2
693	NO	ACTIVIDADES POR EJECUTAR > EQUIPAMIENTOS (PARQUES-SENDEROS PEATONALES Y PUENTES) > PQ16 > ZONAS VERDES	Coberturas Zonas Verdes	M2
695	NO	ACTIVIDADES POR EJECUTAR > EQUIPAMIENTOS (PARQUES-SENDEROS PEATONALES Y PUENTES) > PQ16 > SENDEROS PEATONALES - Incluye el area de los escalones	Localizacion y replanteo	M2
696	NO	ACTIVIDADES POR EJECUTAR > EQUIPAMIENTOS (PARQUES-SENDEROS PEATONALES Y PUENTES) > PQ16 > SENDEROS PEATONALES - Incluye el area de los escalones	Excavacion y retiro a maquina con batadero certificado	M3
697	NO	ACTIVIDADES POR EJECUTAR > EQUIPAMIENTOS (PARQUES-SENDEROS PEATONALES Y PUENTES) > PQ16 > SENDEROS PEATONALES - Incluye el area de los escalones	Subabase granular SBG-B	M3
698	SI	ACTIVIDADES POR EJECUTAR > EQUIPAMIENTOS (PARQUES-SENDEROS PEATONALES Y PUENTES) > PQ16 > SENDEROS PEATONALES - Incluye el area de los escalones	Base granular BG	M3
699	SI	ACTIVIDADES POR EJECUTAR > EQUIPAMIENTOS (PARQUES-SENDEROS PEATONALES Y PUENTES) > PQ16 > SENDEROS PEATONALES - Incluye el area de los escalones	Geotextil tejido 2100	M2
700	NO	ACTIVIDADES POR EJECUTAR > EQUIPAMIENTOS (PARQUES-SENDEROS PEATONALES Y PUENTES) > PQ16 > SENDEROS PEATONALES - Incluye el area de los escalones	Concreto 3000 psi	M3
701	NO	ACTIVIDADES POR EJECUTAR > EQUIPAMIENTOS (PARQUES-SENDEROS PEATONALES Y PUENTES) > PQ16 > SENDEROS PEATONALES - Incluye el area de los escalones	Malla electrosoldada	KG
702	NO	ACTIVIDADES POR EJECUTAR > EQUIPAMIENTOS (PARQUES-SENDEROS PEATONALES Y PUENTES) > PQ16 > SENDEROS PEATONALES - Incluye el area de los escalones	Mano de obra losa contrapiso	M2
703	NO	ACTIVIDADES POR EJECUTAR > EQUIPAMIENTOS (PARQUES-SENDEROS PEATONALES Y PUENTES) > PQ16 > SENDEROS PEATONALES - Incluye el area de los escalones	Separadores losa	UN
704	NO	ACTIVIDADES POR EJECUTAR > EQUIPAMIENTOS (PARQUES-SENDEROS PEATONALES Y PUENTES) > PQ16 > SENDEROS PEATONALES - Incluye el area de los escalones	Bordillo de confinamiento	ML
705	NO	ACTIVIDADES POR EJECUTAR > EQUIPAMIENTOS (PARQUES-SENDEROS PEATONALES Y PUENTES) > PQ16 > SENDEROS PEATONALES - Incluye el area de los escalones	MO Escobillado concreto	M2
706	NO	ACTIVIDADES POR EJECUTAR > EQUIPAMIENTOS (PARQUES-SENDEROS PEATONALES Y PUENTES) > PQ16 > SENDEROS PEATONALES - Incluye el area de los escalones	Señalizacion zonas	GB
707	NO	ACTIVIDADES POR EJECUTAR > EQUIPAMIENTOS (PARQUES-SENDEROS PEATONALES Y PUENTES) > PQ16 > SENDEROS PEATONALES - Incluye el area de los escalones	Canecas tipo idu	UN
708	NO	ACTIVIDADES POR EJECUTAR > EQUIPAMIENTOS (PARQUES-SENDEROS PEATONALES Y PUENTES) > PQ16 > SENDEROS PEATONALES - Incluye el area de los escalones	totem parque	UN
709	NO	ACTIVIDADES POR EJECUTAR > EQUIPAMIENTOS (PARQUES-SENDEROS PEATONALES Y PUENTES) > PQ16 > SENDEROS PEATONALES - Incluye el area de los escalones	Bancas tipo idu en concreto(sin espaldar)	UN
710	NO	ACTIVIDADES POR EJECUTAR > EQUIPAMIENTOS (PARQUES-SENDEROS PEATONALES Y PUENTES) > PQ16 > SENDEROS PEATONALES - Incluye el area de los escalones	Bancas tipo idu en concreto(con espaldar)	UN
712	NO	ACTIVIDADES POR EJECUTAR > EQUIPAMIENTOS (PARQUES-SENDEROS PEATONALES Y PUENTES) > PQ16 > PARQUE DE NIÑOS	D5-02 deslizadero recto en polimero	UN
714	NO	ACTIVIDADES POR EJECUTAR > EQUIPAMIENTOS (PARQUES-SENDEROS PEATONALES Y PUENTES) > PQ16 > INSTALACIONES REDES HUMEDAS	Excavacion mecanica material	M3
715	NO	ACTIVIDADES POR EJECUTAR > EQUIPAMIENTOS (PARQUES-SENDEROS PEATONALES Y PUENTES) > PQ16 > INSTALACIONES REDES HUMEDAS	Relleno en recebo b400	M3
716	NO	ACTIVIDADES POR EJECUTAR > EQUIPAMIENTOS (PARQUES-SENDEROS PEATONALES Y PUENTES) > PQ16 > INSTALACIONES REDES HUMEDAS	Relleno en arena peña	M3
717	NO	ACTIVIDADES POR EJECUTAR > EQUIPAMIENTOS (PARQUES-SENDEROS PEATONALES Y PUENTES) > PQ16 > INSTALACIONES REDES HUMEDAS	Relleno con mezcla de gravilla de 3/4" y arena de rio	M3
718	SI	ACTIVIDADES POR EJECUTAR > EQUIPAMIENTOS (PARQUES-SENDEROS PEATONALES Y PUENTES) > PQ16 > INSTALACIONES REDES HUMEDAS	Geotextil tejido 2400	M2
719	NO	ACTIVIDADES POR EJECUTAR > EQUIPAMIENTOS (PARQUES-SENDEROS PEATONALES Y PUENTES) > PQ16 > INSTALACIONES REDES HUMEDAS	Mano de obra tuberia novafort 250 mm - 8"	ML
720	NO	ACTIVIDADES POR EJECUTAR > EQUIPAMIENTOS (PARQUES-SENDEROS PEATONALES Y PUENTES) > PQ16 > INSTALACIONES REDES HUMEDAS	Suministro tuberia novafor 250 mm 8"- 6 mts	UN
721	NO	ACTIVIDADES POR EJECUTAR > EQUIPAMIENTOS (PARQUES-SENDEROS PEATONALES Y PUENTES) > PQ16 > INSTALACIONES REDES HUMEDAS	Mano de obra tuberia novafort 315 mm - 6"	ML
722	NO	ACTIVIDADES POR EJECUTAR > EQUIPAMIENTOS (PARQUES-SENDEROS PEATONALES Y PUENTES) > PQ16 > INSTALACIONES REDES HUMEDAS	Suministro tuberia novafor 315 mm 6"- 6 mts	UN
723	NO	ACTIVIDADES POR EJECUTAR > EQUIPAMIENTOS (PARQUES-SENDEROS PEATONALES Y PUENTES) > PQ16 > INSTALACIONES REDES HUMEDAS	Dren filtro 100 mm(filtro frances)	ML
724	NO	ACTIVIDADES POR EJECUTAR > EQUIPAMIENTOS (PARQUES-SENDEROS PEATONALES Y PUENTES) > PQ16 > INSTALACIONES REDES HUMEDAS	Dren filtro 200 mm (filtro frances)	ML
725	NO	ACTIVIDADES POR EJECUTAR > EQUIPAMIENTOS (PARQUES-SENDEROS PEATONALES Y PUENTES) > PQ16 > INSTALACIONES REDES HUMEDAS	Empate a punto de conexión	UN
726	NO	ACTIVIDADES POR EJECUTAR > EQUIPAMIENTOS (PARQUES-SENDEROS PEATONALES Y PUENTES) > PQ16 > INSTALACIONES REDES HUMEDAS	Pozo de inspeccion en concreto hmax=2m, tapa en concreto	UN
727	NO	ACTIVIDADES POR EJECUTAR > EQUIPAMIENTOS (PARQUES-SENDEROS PEATONALES Y PUENTES) > PQ16 > INSTALACIONES REDES HUMEDAS	Caja de desague h=1 m, incluye marco y tapa	UN
728	NO	ACTIVIDADES POR EJECUTAR > EQUIPAMIENTOS (PARQUES-SENDEROS PEATONALES Y PUENTES) > PQ16 > INSTALACIONES REDES HUMEDAS	Sumidero de concreto prefabricado	UN
730	NO	ACTIVIDADES POR EJECUTAR > EQUIPAMIENTOS (PARQUES-SENDEROS PEATONALES Y PUENTES) > PQ16 > INSTALACIONES REDES ELECTRICAS	INSTALACIONES REDES ELECTRICAS	GB
732	NO	ACTIVIDADES POR EJECUTAR > EQUIPAMIENTOS (PARQUES-SENDEROS PEATONALES Y PUENTES) > PQ16 > IMPREVISTOS	IMPREVISTOS	%
735	NO	ACTIVIDADES POR EJECUTAR > EQUIPAMIENTOS (PARQUES-SENDEROS PEATONALES Y PUENTES) > PQ19 > MOVIMIENTO DE TIERRA	Localizacion y replanteo	M2
736	NO	ACTIVIDADES POR EJECUTAR > EQUIPAMIENTOS (PARQUES-SENDEROS PEATONALES Y PUENTES) > PQ19 > MOVIMIENTO DE TIERRA	Descapote con botadero certificado	M3
737	NO	ACTIVIDADES POR EJECUTAR > EQUIPAMIENTOS (PARQUES-SENDEROS PEATONALES Y PUENTES) > PQ19 > MOVIMIENTO DE TIERRA	excavacion mecanica	M3
738	NO	ACTIVIDADES POR EJECUTAR > EQUIPAMIENTOS (PARQUES-SENDEROS PEATONALES Y PUENTES) > PQ19 > MOVIMIENTO DE TIERRA	Subabase granular SBG-B	M3
740	NO	ACTIVIDADES POR EJECUTAR > EQUIPAMIENTOS (PARQUES-SENDEROS PEATONALES Y PUENTES) > PQ19 > ZONAS VERDES	Localizacion y replanteo	M2
741	NO	ACTIVIDADES POR EJECUTAR > EQUIPAMIENTOS (PARQUES-SENDEROS PEATONALES Y PUENTES) > PQ19 > ZONAS VERDES	Relleno Manual Tierra Negra X 30CM	M3
742	NO	ACTIVIDADES POR EJECUTAR > EQUIPAMIENTOS (PARQUES-SENDEROS PEATONALES Y PUENTES) > PQ19 > ZONAS VERDES	Arboles 80 cm	M3
743	NO	ACTIVIDADES POR EJECUTAR > EQUIPAMIENTOS (PARQUES-SENDEROS PEATONALES Y PUENTES) > PQ19 > ZONAS VERDES	Arboles 120 cm	M2
744	NO	ACTIVIDADES POR EJECUTAR > EQUIPAMIENTOS (PARQUES-SENDEROS PEATONALES Y PUENTES) > PQ19 > ZONAS VERDES	Coberturas Zonas Verdes	M2
746	NO	ACTIVIDADES POR EJECUTAR > EQUIPAMIENTOS (PARQUES-SENDEROS PEATONALES Y PUENTES) > PQ19 > SENDEROS PEATONALES - Incluye el area de los escalones	Localizacion y replanteo	M2
747	NO	ACTIVIDADES POR EJECUTAR > EQUIPAMIENTOS (PARQUES-SENDEROS PEATONALES Y PUENTES) > PQ19 > SENDEROS PEATONALES - Incluye el area de los escalones	Excavacion y retiro a maquina con batadero certificado	M3
748	NO	ACTIVIDADES POR EJECUTAR > EQUIPAMIENTOS (PARQUES-SENDEROS PEATONALES Y PUENTES) > PQ19 > SENDEROS PEATONALES - Incluye el area de los escalones	Subabase granular SBG-B	M3
749	SI	ACTIVIDADES POR EJECUTAR > EQUIPAMIENTOS (PARQUES-SENDEROS PEATONALES Y PUENTES) > PQ19 > SENDEROS PEATONALES - Incluye el area de los escalones	Base granular BG	M3
750	SI	ACTIVIDADES POR EJECUTAR > EQUIPAMIENTOS (PARQUES-SENDEROS PEATONALES Y PUENTES) > PQ19 > SENDEROS PEATONALES - Incluye el area de los escalones	Geotextil tejido 2100	M2
751	NO	ACTIVIDADES POR EJECUTAR > EQUIPAMIENTOS (PARQUES-SENDEROS PEATONALES Y PUENTES) > PQ19 > SENDEROS PEATONALES - Incluye el area de los escalones	Concreto 3000 psi	M3
752	NO	ACTIVIDADES POR EJECUTAR > EQUIPAMIENTOS (PARQUES-SENDEROS PEATONALES Y PUENTES) > PQ19 > SENDEROS PEATONALES - Incluye el area de los escalones	Malla electrosoldada	KG
753	NO	ACTIVIDADES POR EJECUTAR > EQUIPAMIENTOS (PARQUES-SENDEROS PEATONALES Y PUENTES) > PQ19 > SENDEROS PEATONALES - Incluye el area de los escalones	Mano de obra losa contrapiso	M2
754	NO	ACTIVIDADES POR EJECUTAR > EQUIPAMIENTOS (PARQUES-SENDEROS PEATONALES Y PUENTES) > PQ19 > SENDEROS PEATONALES - Incluye el area de los escalones	Separadores losa	UN
755	NO	ACTIVIDADES POR EJECUTAR > EQUIPAMIENTOS (PARQUES-SENDEROS PEATONALES Y PUENTES) > PQ19 > SENDEROS PEATONALES - Incluye el area de los escalones	Cañuela prefabricado	ML
756	NO	ACTIVIDADES POR EJECUTAR > EQUIPAMIENTOS (PARQUES-SENDEROS PEATONALES Y PUENTES) > PQ19 > SENDEROS PEATONALES - Incluye el area de los escalones	Bordillo de confinamiento	ML
757	NO	ACTIVIDADES POR EJECUTAR > EQUIPAMIENTOS (PARQUES-SENDEROS PEATONALES Y PUENTES) > PQ19 > SENDEROS PEATONALES - Incluye el area de los escalones	MO Escobillado concreto	M2
758	NO	ACTIVIDADES POR EJECUTAR > EQUIPAMIENTOS (PARQUES-SENDEROS PEATONALES Y PUENTES) > PQ19 > SENDEROS PEATONALES - Incluye el area de los escalones	Señalizacion zonas	GB
759	NO	ACTIVIDADES POR EJECUTAR > EQUIPAMIENTOS (PARQUES-SENDEROS PEATONALES Y PUENTES) > PQ19 > SENDEROS PEATONALES - Incluye el area de los escalones	Canecas tipo idu	UN
760	NO	ACTIVIDADES POR EJECUTAR > EQUIPAMIENTOS (PARQUES-SENDEROS PEATONALES Y PUENTES) > PQ19 > SENDEROS PEATONALES - Incluye el area de los escalones	totem parque	UN
761	NO	ACTIVIDADES POR EJECUTAR > EQUIPAMIENTOS (PARQUES-SENDEROS PEATONALES Y PUENTES) > PQ19 > SENDEROS PEATONALES - Incluye el area de los escalones	Bancas tipo idu en concreto(sin espaldar)	UN
762	NO	ACTIVIDADES POR EJECUTAR > EQUIPAMIENTOS (PARQUES-SENDEROS PEATONALES Y PUENTES) > PQ19 > SENDEROS PEATONALES - Incluye el area de los escalones	Bancas tipo idu en concreto(con espaldar)	UN
764	NO	ACTIVIDADES POR EJECUTAR > EQUIPAMIENTOS (PARQUES-SENDEROS PEATONALES Y PUENTES) > PQ19 > PARQUE DE NIÑOS	D5-02 deslizadero recto en polimero	UN
766	NO	ACTIVIDADES POR EJECUTAR > EQUIPAMIENTOS (PARQUES-SENDEROS PEATONALES Y PUENTES) > PQ19 > INSTALACIONES REDES HUMEDAS	Excavacion mecanica material	M3
767	NO	ACTIVIDADES POR EJECUTAR > EQUIPAMIENTOS (PARQUES-SENDEROS PEATONALES Y PUENTES) > PQ19 > INSTALACIONES REDES HUMEDAS	Relleno en recebo b400	M3
768	NO	ACTIVIDADES POR EJECUTAR > EQUIPAMIENTOS (PARQUES-SENDEROS PEATONALES Y PUENTES) > PQ19 > INSTALACIONES REDES HUMEDAS	Relleno en arena peña	M3
769	SI	ACTIVIDADES POR EJECUTAR > EQUIPAMIENTOS (PARQUES-SENDEROS PEATONALES Y PUENTES) > PQ19 > INSTALACIONES REDES HUMEDAS	Geotextil tejido 2400	M2
770	NO	ACTIVIDADES POR EJECUTAR > EQUIPAMIENTOS (PARQUES-SENDEROS PEATONALES Y PUENTES) > PQ19 > INSTALACIONES REDES HUMEDAS	Mano de obra tuberia novafort 315 mm - 6"	ML
771	NO	ACTIVIDADES POR EJECUTAR > EQUIPAMIENTOS (PARQUES-SENDEROS PEATONALES Y PUENTES) > PQ19 > INSTALACIONES REDES HUMEDAS	Suministro tuberia novafor 315 mm 6"- 6 mts	UN
772	NO	ACTIVIDADES POR EJECUTAR > EQUIPAMIENTOS (PARQUES-SENDEROS PEATONALES Y PUENTES) > PQ19 > INSTALACIONES REDES HUMEDAS	Mano de obra tuberia novafort 315 mm - 4"	ML
773	NO	ACTIVIDADES POR EJECUTAR > EQUIPAMIENTOS (PARQUES-SENDEROS PEATONALES Y PUENTES) > PQ19 > INSTALACIONES REDES HUMEDAS	Suministro tuberia novafor 315 mm 4"- 6 mts	UN
774	NO	ACTIVIDADES POR EJECUTAR > EQUIPAMIENTOS (PARQUES-SENDEROS PEATONALES Y PUENTES) > PQ19 > INSTALACIONES REDES HUMEDAS	Empate a punto de conexión	UN
775	NO	ACTIVIDADES POR EJECUTAR > EQUIPAMIENTOS (PARQUES-SENDEROS PEATONALES Y PUENTES) > PQ19 > INSTALACIONES REDES HUMEDAS	Pozo de inspeccion en concreto hmax=2m, tapa en concreto	UN
776	NO	ACTIVIDADES POR EJECUTAR > EQUIPAMIENTOS (PARQUES-SENDEROS PEATONALES Y PUENTES) > PQ19 > INSTALACIONES REDES HUMEDAS	Caja de desague h=1 m, incluye marco y tapa	UN
777	NO	ACTIVIDADES POR EJECUTAR > EQUIPAMIENTOS (PARQUES-SENDEROS PEATONALES Y PUENTES) > PQ19 > INSTALACIONES REDES HUMEDAS	Sumidero de concreto prefabricado	UN
779	NO	ACTIVIDADES POR EJECUTAR > EQUIPAMIENTOS (PARQUES-SENDEROS PEATONALES Y PUENTES) > PQ19 > INSTALACIONES REDES ELECTRICAS	INSTALACIONES REDES ELECTRICAS	GB
781	NO	ACTIVIDADES POR EJECUTAR > EQUIPAMIENTOS (PARQUES-SENDEROS PEATONALES Y PUENTES) > PQ19 > IMPREVISTOS	IMPREVISTOS	%
785	NO	ACTIVIDADES POR EJECUTAR > REDES HIDRAULICAS-SANITARIAS Y GAS > RED DE ACUEDUCTO > SUMINISTRO DE TUBERÍAS	Suministro tubería PVC presión Ø1"	UN
786	SI	ACTIVIDADES POR EJECUTAR > REDES HIDRAULICAS-SANITARIAS Y GAS > RED DE ACUEDUCTO > SUMINISTRO DE TUBERÍAS	Suministro tubería PVC presión Ø2"	UN
787	SI	ACTIVIDADES POR EJECUTAR > REDES HIDRAULICAS-SANITARIAS Y GAS > RED DE ACUEDUCTO > SUMINISTRO DE TUBERÍAS	Suministro tubería PVC presión Ø3"	UN
788	SI	ACTIVIDADES POR EJECUTAR > REDES HIDRAULICAS-SANITARIAS Y GAS > RED DE ACUEDUCTO > SUMINISTRO DE TUBERÍAS	Suministro tubería PVC presión Ø4"	UN
789	SI	ACTIVIDADES POR EJECUTAR > REDES HIDRAULICAS-SANITARIAS Y GAS > RED DE ACUEDUCTO > SUMINISTRO DE TUBERÍAS	Suministro tubería PVC presión Ø6"	UN
790	SI	ACTIVIDADES POR EJECUTAR > REDES HIDRAULICAS-SANITARIAS Y GAS > RED DE ACUEDUCTO > SUMINISTRO DE TUBERÍAS	Suministro tubería PVC presión Ø8"	UN
791	NO	ACTIVIDADES POR EJECUTAR > REDES HIDRAULICAS-SANITARIAS Y GAS > RED DE ACUEDUCTO > SUMINISTRO DE TUBERÍAS	Suministro tubería PVC presión Ø10"	UN
792	SI	ACTIVIDADES POR EJECUTAR > REDES HIDRAULICAS-SANITARIAS Y GAS > RED DE ACUEDUCTO > SUMINISTRO DE TUBERÍAS	Suministro tubería PVC presión Ø12"	UN
793	NO	ACTIVIDADES POR EJECUTAR > REDES HIDRAULICAS-SANITARIAS Y GAS > RED DE ACUEDUCTO > SUMINISTRO DE TUBERÍAS	Suministro tubería y piezas especiales HD Ø4"	UN
794	SI	ACTIVIDADES POR EJECUTAR > REDES HIDRAULICAS-SANITARIAS Y GAS > RED DE ACUEDUCTO > SUMINISTRO DE TUBERÍAS	Suministro tubería y piezas especiales HD Ø12"	UN
796	NO	ACTIVIDADES POR EJECUTAR > REDES HIDRAULICAS-SANITARIAS Y GAS > RED DE ACUEDUCTO > INSTALACIÓN DE TUBERÍAS	Instalación tubería PVC presión Ø1"	ML
797	SI	ACTIVIDADES POR EJECUTAR > REDES HIDRAULICAS-SANITARIAS Y GAS > RED DE ACUEDUCTO > INSTALACIÓN DE TUBERÍAS	Instalación tubería PVC presión Ø2"	ML
798	SI	ACTIVIDADES POR EJECUTAR > REDES HIDRAULICAS-SANITARIAS Y GAS > RED DE ACUEDUCTO > INSTALACIÓN DE TUBERÍAS	Instalación tubería PVC presión Ø3"	ML
799	SI	ACTIVIDADES POR EJECUTAR > REDES HIDRAULICAS-SANITARIAS Y GAS > RED DE ACUEDUCTO > INSTALACIÓN DE TUBERÍAS	Instalación tubería PVC presión Ø4"	ML
800	SI	ACTIVIDADES POR EJECUTAR > REDES HIDRAULICAS-SANITARIAS Y GAS > RED DE ACUEDUCTO > INSTALACIÓN DE TUBERÍAS	Instalación tubería PVC presión Ø6"	ML
801	SI	ACTIVIDADES POR EJECUTAR > REDES HIDRAULICAS-SANITARIAS Y GAS > RED DE ACUEDUCTO > INSTALACIÓN DE TUBERÍAS	Instalación tubería PVC presión Ø8"	ML
802	NO	ACTIVIDADES POR EJECUTAR > REDES HIDRAULICAS-SANITARIAS Y GAS > RED DE ACUEDUCTO > INSTALACIÓN DE TUBERÍAS	Instalación tubería PVC presión Ø10"	ML
803	SI	ACTIVIDADES POR EJECUTAR > REDES HIDRAULICAS-SANITARIAS Y GAS > RED DE ACUEDUCTO > INSTALACIÓN DE TUBERÍAS	Instalación tubería PVC presión Ø12"	ML
804	NO	ACTIVIDADES POR EJECUTAR > REDES HIDRAULICAS-SANITARIAS Y GAS > RED DE ACUEDUCTO > INSTALACIÓN DE TUBERÍAS	Instalación tubería y piezas especiales HD Ø4"	ML
805	SI	ACTIVIDADES POR EJECUTAR > REDES HIDRAULICAS-SANITARIAS Y GAS > RED DE ACUEDUCTO > INSTALACIÓN DE TUBERÍAS	Instalación tubería y piezas especiales HD Ø12"	ML
807	SI	ACTIVIDADES POR EJECUTAR > REDES HIDRAULICAS-SANITARIAS Y GAS > RED DE ACUEDUCTO > MOVIMIENTO DE TIERRAS, CIMENTACIÓN Y PROTECCIÓN	Localización y replanteo topográfico	ML
808	SI	ACTIVIDADES POR EJECUTAR > REDES HIDRAULICAS-SANITARIAS Y GAS > RED DE ACUEDUCTO > MOVIMIENTO DE TIERRAS, CIMENTACIÓN Y PROTECCIÓN	Excavación mecánica en material común	M3
809	SI	ACTIVIDADES POR EJECUTAR > REDES HIDRAULICAS-SANITARIAS Y GAS > RED DE ACUEDUCTO > MOVIMIENTO DE TIERRAS, CIMENTACIÓN Y PROTECCIÓN	Cargue, transporte y disposición de sobrantes	M3
810	NO	ACTIVIDADES POR EJECUTAR > REDES HIDRAULICAS-SANITARIAS Y GAS > RED DE ACUEDUCTO > MOVIMIENTO DE TIERRAS, CIMENTACIÓN Y PROTECCIÓN	Geotextil NT 1600	M2
811	SI	ACTIVIDADES POR EJECUTAR > REDES HIDRAULICAS-SANITARIAS Y GAS > RED DE ACUEDUCTO > MOVIMIENTO DE TIERRAS, CIMENTACIÓN Y PROTECCIÓN	Entibado continuo E-1A, H≤2,00 m	M2
812	SI	ACTIVIDADES POR EJECUTAR > REDES HIDRAULICAS-SANITARIAS Y GAS > RED DE ACUEDUCTO > MOVIMIENTO DE TIERRAS, CIMENTACIÓN Y PROTECCIÓN	Entibado continuo E-1B, 2,00<H≤3,00 m	M2
813	SI	ACTIVIDADES POR EJECUTAR > REDES HIDRAULICAS-SANITARIAS Y GAS > RED DE ACUEDUCTO > MOVIMIENTO DE TIERRAS, CIMENTACIÓN Y PROTECCIÓN	Entibado E-2, H>3,00 m	M2
814	SI	ACTIVIDADES POR EJECUTAR > REDES HIDRAULICAS-SANITARIAS Y GAS > RED DE ACUEDUCTO > MOVIMIENTO DE TIERRAS, CIMENTACIÓN Y PROTECCIÓN	Cinta de señalización	ML
815	NO	ACTIVIDADES POR EJECUTAR > REDES HIDRAULICAS-SANITARIAS Y GAS > RED DE ACUEDUCTO > MOVIMIENTO DE TIERRAS, CIMENTACIÓN Y PROTECCIÓN	Cárcamo o placa de protección para tubería (Red de acueducto)	ML
816	SI	ACTIVIDADES POR EJECUTAR > REDES HIDRAULICAS-SANITARIAS Y GAS > RED DE ACUEDUCTO > MOVIMIENTO DE TIERRAS, CIMENTACIÓN Y PROTECCIÓN	Cama y atraque en arena de peña	M3
817	SI	ACTIVIDADES POR EJECUTAR > REDES HIDRAULICAS-SANITARIAS Y GAS > RED DE ACUEDUCTO > MOVIMIENTO DE TIERRAS, CIMENTACIÓN Y PROTECCIÓN	Suministro y colocación de recebo B-200	M3
819	NO	ACTIVIDADES POR EJECUTAR > REDES HIDRAULICAS-SANITARIAS Y GAS > RED DE ACUEDUCTO > ACOMETIDAS	Construcción y conexión de acometida Ø1"	UN
820	NO	ACTIVIDADES POR EJECUTAR > REDES HIDRAULICAS-SANITARIAS Y GAS > RED DE ACUEDUCTO > ACOMETIDAS	Construcción y conexión de acometida Ø2"	UN
821	NO	ACTIVIDADES POR EJECUTAR > REDES HIDRAULICAS-SANITARIAS Y GAS > RED DE ACUEDUCTO > ACOMETIDAS	Construcción y conexión de acometida Ø3"	UN
822	NO	ACTIVIDADES POR EJECUTAR > REDES HIDRAULICAS-SANITARIAS Y GAS > RED DE ACUEDUCTO > ACOMETIDAS	Construcción y conexión de acometida Ø4"	UN
823	NO	ACTIVIDADES POR EJECUTAR > REDES HIDRAULICAS-SANITARIAS Y GAS > RED DE ACUEDUCTO > ACOMETIDAS	Acometida domiciliaria Ø1/2" con collar Ø4" y cajilla de medidor	UN
825	SI	ACTIVIDADES POR EJECUTAR > REDES HIDRAULICAS-SANITARIAS Y GAS > RED DE ACUEDUCTO > ACCESORIOS Y ANCLAJES	Codo 11,25° Ø4"	UN
826	SI	ACTIVIDADES POR EJECUTAR > REDES HIDRAULICAS-SANITARIAS Y GAS > RED DE ACUEDUCTO > ACCESORIOS Y ANCLAJES	Codo 11,25° Ø6"	UN
827	SI	ACTIVIDADES POR EJECUTAR > REDES HIDRAULICAS-SANITARIAS Y GAS > RED DE ACUEDUCTO > ACCESORIOS Y ANCLAJES	Codo 11,25° Ø8"	UN
828	SI	ACTIVIDADES POR EJECUTAR > REDES HIDRAULICAS-SANITARIAS Y GAS > RED DE ACUEDUCTO > ACCESORIOS Y ANCLAJES	Codo 11,25° Ø12"	UN
829	SI	ACTIVIDADES POR EJECUTAR > REDES HIDRAULICAS-SANITARIAS Y GAS > RED DE ACUEDUCTO > ACCESORIOS Y ANCLAJES	Codo 22,5° Ø6"	UN
830	SI	ACTIVIDADES POR EJECUTAR > REDES HIDRAULICAS-SANITARIAS Y GAS > RED DE ACUEDUCTO > ACCESORIOS Y ANCLAJES	Codo 22,5° Ø8"	UN
831	SI	ACTIVIDADES POR EJECUTAR > REDES HIDRAULICAS-SANITARIAS Y GAS > RED DE ACUEDUCTO > ACCESORIOS Y ANCLAJES	Codo 22,5° Ø12"	UN
832	SI	ACTIVIDADES POR EJECUTAR > REDES HIDRAULICAS-SANITARIAS Y GAS > RED DE ACUEDUCTO > ACCESORIOS Y ANCLAJES	Codo 45° Ø6"	UN
833	SI	ACTIVIDADES POR EJECUTAR > REDES HIDRAULICAS-SANITARIAS Y GAS > RED DE ACUEDUCTO > ACCESORIOS Y ANCLAJES	Codo 45° Ø8"	UN
834	SI	ACTIVIDADES POR EJECUTAR > REDES HIDRAULICAS-SANITARIAS Y GAS > RED DE ACUEDUCTO > ACCESORIOS Y ANCLAJES	Codo 45° Ø12"	UN
835	SI	ACTIVIDADES POR EJECUTAR > REDES HIDRAULICAS-SANITARIAS Y GAS > RED DE ACUEDUCTO > ACCESORIOS Y ANCLAJES	Codo 90° Ø6"	UN
836	SI	ACTIVIDADES POR EJECUTAR > REDES HIDRAULICAS-SANITARIAS Y GAS > RED DE ACUEDUCTO > ACCESORIOS Y ANCLAJES	Codo 90° Ø8"	UN
837	SI	ACTIVIDADES POR EJECUTAR > REDES HIDRAULICAS-SANITARIAS Y GAS > RED DE ACUEDUCTO > ACCESORIOS Y ANCLAJES	Codo 90° Ø12"	UN
838	SI	ACTIVIDADES POR EJECUTAR > REDES HIDRAULICAS-SANITARIAS Y GAS > RED DE ACUEDUCTO > ACCESORIOS Y ANCLAJES	Tee Ø6" × Ø1"	UN
839	SI	ACTIVIDADES POR EJECUTAR > REDES HIDRAULICAS-SANITARIAS Y GAS > RED DE ACUEDUCTO > ACCESORIOS Y ANCLAJES	Tee Ø6" × Ø2"	UN
840	SI	ACTIVIDADES POR EJECUTAR > REDES HIDRAULICAS-SANITARIAS Y GAS > RED DE ACUEDUCTO > ACCESORIOS Y ANCLAJES	Tee Ø6" × Ø4"	UN
841	SI	ACTIVIDADES POR EJECUTAR > REDES HIDRAULICAS-SANITARIAS Y GAS > RED DE ACUEDUCTO > ACCESORIOS Y ANCLAJES	Tee Ø6" × Ø6"	UN
842	SI	ACTIVIDADES POR EJECUTAR > REDES HIDRAULICAS-SANITARIAS Y GAS > RED DE ACUEDUCTO > ACCESORIOS Y ANCLAJES	Tee Ø8" × Ø2"	UN
843	SI	ACTIVIDADES POR EJECUTAR > REDES HIDRAULICAS-SANITARIAS Y GAS > RED DE ACUEDUCTO > ACCESORIOS Y ANCLAJES	Tee Ø8" × Ø4"	UN
844	SI	ACTIVIDADES POR EJECUTAR > REDES HIDRAULICAS-SANITARIAS Y GAS > RED DE ACUEDUCTO > ACCESORIOS Y ANCLAJES	Tee Ø8" × Ø6"	UN
845	SI	ACTIVIDADES POR EJECUTAR > REDES HIDRAULICAS-SANITARIAS Y GAS > RED DE ACUEDUCTO > ACCESORIOS Y ANCLAJES	Tee Ø8" × Ø8"	UN
846	SI	ACTIVIDADES POR EJECUTAR > REDES HIDRAULICAS-SANITARIAS Y GAS > RED DE ACUEDUCTO > ACCESORIOS Y ANCLAJES	Tee Ø10" × Ø8"	UN
847	SI	ACTIVIDADES POR EJECUTAR > REDES HIDRAULICAS-SANITARIAS Y GAS > RED DE ACUEDUCTO > ACCESORIOS Y ANCLAJES	Tee Ø12" × Ø4"	UN
848	SI	ACTIVIDADES POR EJECUTAR > REDES HIDRAULICAS-SANITARIAS Y GAS > RED DE ACUEDUCTO > ACCESORIOS Y ANCLAJES	Tee Ø12" × Ø6"	UN
849	SI	ACTIVIDADES POR EJECUTAR > REDES HIDRAULICAS-SANITARIAS Y GAS > RED DE ACUEDUCTO > ACCESORIOS Y ANCLAJES	Tee Ø12" × Ø8"	UN
850	SI	ACTIVIDADES POR EJECUTAR > REDES HIDRAULICAS-SANITARIAS Y GAS > RED DE ACUEDUCTO > ACCESORIOS Y ANCLAJES	Tee Ø12" × Ø12"	UN
851	SI	ACTIVIDADES POR EJECUTAR > REDES HIDRAULICAS-SANITARIAS Y GAS > RED DE ACUEDUCTO > ACCESORIOS Y ANCLAJES	Reducción concéntrica Ø4" × Ø2"	UN
852	SI	ACTIVIDADES POR EJECUTAR > REDES HIDRAULICAS-SANITARIAS Y GAS > RED DE ACUEDUCTO > ACCESORIOS Y ANCLAJES	Reducción concéntrica Ø4" × Ø3"	UN
853	SI	ACTIVIDADES POR EJECUTAR > REDES HIDRAULICAS-SANITARIAS Y GAS > RED DE ACUEDUCTO > ACCESORIOS Y ANCLAJES	Reducción concéntrica Ø6" × Ø2"	UN
854	SI	ACTIVIDADES POR EJECUTAR > REDES HIDRAULICAS-SANITARIAS Y GAS > RED DE ACUEDUCTO > ACCESORIOS Y ANCLAJES	Reducción concéntrica Ø6" × Ø4"	UN
855	SI	ACTIVIDADES POR EJECUTAR > REDES HIDRAULICAS-SANITARIAS Y GAS > RED DE ACUEDUCTO > ACCESORIOS Y ANCLAJES	Reducción concéntrica Ø8" × Ø4"	UN
856	SI	ACTIVIDADES POR EJECUTAR > REDES HIDRAULICAS-SANITARIAS Y GAS > RED DE ACUEDUCTO > ACCESORIOS Y ANCLAJES	Reducción concéntrica Ø8" × Ø6"	UN
857	SI	ACTIVIDADES POR EJECUTAR > REDES HIDRAULICAS-SANITARIAS Y GAS > RED DE ACUEDUCTO > ACCESORIOS Y ANCLAJES	Reducción concéntrica Ø12" × Ø8"	UN
858	SI	ACTIVIDADES POR EJECUTAR > REDES HIDRAULICAS-SANITARIAS Y GAS > RED DE ACUEDUCTO > ACCESORIOS Y ANCLAJES	Tapón Ø1"	UN
859	SI	ACTIVIDADES POR EJECUTAR > REDES HIDRAULICAS-SANITARIAS Y GAS > RED DE ACUEDUCTO > ACCESORIOS Y ANCLAJES	Tapón Ø2"	UN
860	SI	ACTIVIDADES POR EJECUTAR > REDES HIDRAULICAS-SANITARIAS Y GAS > RED DE ACUEDUCTO > ACCESORIOS Y ANCLAJES	Tapón Ø3"	UN
861	SI	ACTIVIDADES POR EJECUTAR > REDES HIDRAULICAS-SANITARIAS Y GAS > RED DE ACUEDUCTO > ACCESORIOS Y ANCLAJES	Tapón Ø4"	UN
862	SI	ACTIVIDADES POR EJECUTAR > REDES HIDRAULICAS-SANITARIAS Y GAS > RED DE ACUEDUCTO > ACCESORIOS Y ANCLAJES	Tapón Ø6"	UN
863	SI	ACTIVIDADES POR EJECUTAR > REDES HIDRAULICAS-SANITARIAS Y GAS > RED DE ACUEDUCTO > ACCESORIOS Y ANCLAJES	Tapón Ø8"	UN
864	SI	ACTIVIDADES POR EJECUTAR > REDES HIDRAULICAS-SANITARIAS Y GAS > RED DE ACUEDUCTO > ACCESORIOS Y ANCLAJES	Tapón Ø12"	UN
865	NO	ACTIVIDADES POR EJECUTAR > REDES HIDRAULICAS-SANITARIAS Y GAS > RED DE ACUEDUCTO > ACCESORIOS Y ANCLAJES	Unión Ø12"	UN
866	SI	ACTIVIDADES POR EJECUTAR > REDES HIDRAULICAS-SANITARIAS Y GAS > RED DE ACUEDUCTO > ACCESORIOS Y ANCLAJES	Unión de reparación según diámetro	UN
867	NO	ACTIVIDADES POR EJECUTAR > REDES HIDRAULICAS-SANITARIAS Y GAS > RED DE ACUEDUCTO > ACCESORIOS Y ANCLAJES	Niples, pasamuros, bridas y piezas especiales	UN
868	NO	ACTIVIDADES POR EJECUTAR > REDES HIDRAULICAS-SANITARIAS Y GAS > RED DE ACUEDUCTO > ACCESORIOS Y ANCLAJES	Anclaje de concreto para accesorios	UN
869	NO	ACTIVIDADES POR EJECUTAR > REDES HIDRAULICAS-SANITARIAS Y GAS > RED DE ACUEDUCTO > ACCESORIOS Y ANCLAJES	Tubería de acero al carbón SCH 40 Ø4"	ML
871	SI	ACTIVIDADES POR EJECUTAR > REDES HIDRAULICAS-SANITARIAS Y GAS > RED DE ACUEDUCTO > VÁLVULAS Y CAJAS	Válvula de compuerta Ø4"	UN
872	SI	ACTIVIDADES POR EJECUTAR > REDES HIDRAULICAS-SANITARIAS Y GAS > RED DE ACUEDUCTO > VÁLVULAS Y CAJAS	Válvula de compuerta Ø6"	UN
873	SI	ACTIVIDADES POR EJECUTAR > REDES HIDRAULICAS-SANITARIAS Y GAS > RED DE ACUEDUCTO > VÁLVULAS Y CAJAS	Válvula de compuerta Ø8"	UN
874	SI	ACTIVIDADES POR EJECUTAR > REDES HIDRAULICAS-SANITARIAS Y GAS > RED DE ACUEDUCTO > VÁLVULAS Y CAJAS	Válvula de compuerta Ø12"	UN
875	SI	ACTIVIDADES POR EJECUTAR > REDES HIDRAULICAS-SANITARIAS Y GAS > RED DE ACUEDUCTO > VÁLVULAS Y CAJAS	Válvula ventosa	UN
876	NO	ACTIVIDADES POR EJECUTAR > REDES HIDRAULICAS-SANITARIAS Y GAS > RED DE ACUEDUCTO > VÁLVULAS Y CAJAS	Válvula de purga	UN
877	SI	ACTIVIDADES POR EJECUTAR > REDES HIDRAULICAS-SANITARIAS Y GAS > RED DE ACUEDUCTO > VÁLVULAS Y CAJAS	Válvula de cierre permanente VCP	UN
878	NO	ACTIVIDADES POR EJECUTAR > REDES HIDRAULICAS-SANITARIAS Y GAS > RED DE ACUEDUCTO > VÁLVULAS Y CAJAS	Caja convencional para válvula	UN
879	NO	ACTIVIDADES POR EJECUTAR > REDES HIDRAULICAS-SANITARIAS Y GAS > RED DE ACUEDUCTO > VÁLVULAS Y CAJAS	Caja estructural para válvula Ø12"	UN
881	SI	ACTIVIDADES POR EJECUTAR > REDES HIDRAULICAS-SANITARIAS Y GAS > RED DE ACUEDUCTO > HIDRANTES	Hidrante de torre Ø4"	UN
882	SI	ACTIVIDADES POR EJECUTAR > REDES HIDRAULICAS-SANITARIAS Y GAS > RED DE ACUEDUCTO > HIDRANTES	Válvula de pie y accesorios para hidrante	UN
883	NO	ACTIVIDADES POR EJECUTAR > REDES HIDRAULICAS-SANITARIAS Y GAS > RED DE ACUEDUCTO > HIDRANTES	Kit de nivelación para hidrante de tráfico	UN
885	NO	ACTIVIDADES POR EJECUTAR > REDES HIDRAULICAS-SANITARIAS Y GAS > RED DE ACUEDUCTO > ESTACIONES REGULADORAS DE PRESIÓN	Obra civil VRP asimétrica costado norte	UN
886	NO	ACTIVIDADES POR EJECUTAR > REDES HIDRAULICAS-SANITARIAS Y GAS > RED DE ACUEDUCTO > ESTACIONES REGULADORAS DE PRESIÓN	Equipamiento hidromecánico VRP costado norte	UN
887	NO	ACTIVIDADES POR EJECUTAR > REDES HIDRAULICAS-SANITARIAS Y GAS > RED DE ACUEDUCTO > ESTACIONES REGULADORAS DE PRESIÓN	Obra civil VRP simétrica costado sur	UN
888	NO	ACTIVIDADES POR EJECUTAR > REDES HIDRAULICAS-SANITARIAS Y GAS > RED DE ACUEDUCTO > ESTACIONES REGULADORAS DE PRESIÓN	Equipamiento hidromecánico VRP costado sur	UN
890	SI	ACTIVIDADES POR EJECUTAR > REDES HIDRAULICAS-SANITARIAS Y GAS > RED DE ACUEDUCTO > CONEXIONES Y REDES EXISTENTES	Empate a red existente Ø4"	UN
891	NO	ACTIVIDADES POR EJECUTAR > REDES HIDRAULICAS-SANITARIAS Y GAS > RED DE ACUEDUCTO > CONEXIONES Y REDES EXISTENTES	Empate a red existente Ø6"	UN
892	SI	ACTIVIDADES POR EJECUTAR > REDES HIDRAULICAS-SANITARIAS Y GAS > RED DE ACUEDUCTO > CONEXIONES Y REDES EXISTENTES	Empate a red existente Ø10"	UN
893	SI	ACTIVIDADES POR EJECUTAR > REDES HIDRAULICAS-SANITARIAS Y GAS > RED DE ACUEDUCTO > CONEXIONES Y REDES EXISTENTES	Empate a red existente Ø12"	UN
894	SI	ACTIVIDADES POR EJECUTAR > REDES HIDRAULICAS-SANITARIAS Y GAS > RED DE ACUEDUCTO > CONEXIONES Y REDES EXISTENTES	Empate en tee Ø6" × Ø6"	UN
895	NO	ACTIVIDADES POR EJECUTAR > REDES HIDRAULICAS-SANITARIAS Y GAS > RED DE ACUEDUCTO > CONEXIONES Y REDES EXISTENTES	Empate en tee Ø8" × Ø2"	UN
896	SI	ACTIVIDADES POR EJECUTAR > REDES HIDRAULICAS-SANITARIAS Y GAS > RED DE ACUEDUCTO > CONEXIONES Y REDES EXISTENTES	Empate en tee Ø8" × Ø6"	UN
897	NO	ACTIVIDADES POR EJECUTAR > REDES HIDRAULICAS-SANITARIAS Y GAS > RED DE ACUEDUCTO > CONEXIONES Y REDES EXISTENTES	Conexión especial Ø6" × Ø12"	UN
898	NO	ACTIVIDADES POR EJECUTAR > REDES HIDRAULICAS-SANITARIAS Y GAS > RED DE ACUEDUCTO > CONEXIONES Y REDES EXISTENTES	Retiro de red existente	ML
899	NO	ACTIVIDADES POR EJECUTAR > REDES HIDRAULICAS-SANITARIAS Y GAS > RED DE ACUEDUCTO > CONEXIONES Y REDES EXISTENTES	Taponamiento o abandono de red existente	UN
901	NO	ACTIVIDADES POR EJECUTAR > REDES HIDRAULICAS-SANITARIAS Y GAS > RED DE ACUEDUCTO > PRUEBAS Y ENTREGA	Prueba hidrostática, lavado y desinfección	ML
902	NO	ACTIVIDADES POR EJECUTAR > REDES HIDRAULICAS-SANITARIAS Y GAS > RED DE ACUEDUCTO > PRUEBAS Y ENTREGA	Pruebas de válvulas, hidrantes y ventosas	UN
903	NO	ACTIVIDADES POR EJECUTAR > REDES HIDRAULICAS-SANITARIAS Y GAS > RED DE ACUEDUCTO > PRUEBAS Y ENTREGA	Planos récord y levantamiento final (Red de acueducto)	GB
904	NO	ACTIVIDADES POR EJECUTAR > REDES HIDRAULICAS-SANITARIAS Y GAS > RED DE ACUEDUCTO > PRUEBAS Y ENTREGA	Manual de operación, entrega y puesta en servicio	GB
907	SI	ACTIVIDADES POR EJECUTAR > REDES HIDRAULICAS-SANITARIAS Y GAS > RED DE ALCANTARILLADO SANITARIO > SUMINISTRO DE TUBERÍAS	Suministro tubería PVC flexible Ø8"	UN
908	SI	ACTIVIDADES POR EJECUTAR > REDES HIDRAULICAS-SANITARIAS Y GAS > RED DE ALCANTARILLADO SANITARIO > SUMINISTRO DE TUBERÍAS	Suministro tubería PVC flexible Ø6"	UN
909	SI	ACTIVIDADES POR EJECUTAR > REDES HIDRAULICAS-SANITARIAS Y GAS > RED DE ALCANTARILLADO SANITARIO > SUMINISTRO DE TUBERÍAS	Suministro tubería PVC flexible Ø10"	UN
910	SI	ACTIVIDADES POR EJECUTAR > REDES HIDRAULICAS-SANITARIAS Y GAS > RED DE ALCANTARILLADO SANITARIO > SUMINISTRO DE TUBERÍAS	Suministro tubería PVC flexible Ø12"	UN
911	SI	ACTIVIDADES POR EJECUTAR > REDES HIDRAULICAS-SANITARIAS Y GAS > RED DE ALCANTARILLADO SANITARIO > SUMINISTRO DE TUBERÍAS	Suministro tubería PVC flexible Ø14"	UN
912	NO	ACTIVIDADES POR EJECUTAR > REDES HIDRAULICAS-SANITARIAS Y GAS > RED DE ALCANTARILLADO SANITARIO > SUMINISTRO DE TUBERÍAS	Suministro tubería PVC flexible Ø16"	UN
913	NO	ACTIVIDADES POR EJECUTAR > REDES HIDRAULICAS-SANITARIAS Y GAS > RED DE ALCANTARILLADO SANITARIO > SUMINISTRO DE TUBERÍAS	Suministro tubería PVC flexible Ø18"	UN
914	NO	ACTIVIDADES POR EJECUTAR > REDES HIDRAULICAS-SANITARIAS Y GAS > RED DE ALCANTARILLADO SANITARIO > SUMINISTRO DE TUBERÍAS	Suministro tubería PVC flexible Ø24"	UN
915	SI	ACTIVIDADES POR EJECUTAR > REDES HIDRAULICAS-SANITARIAS Y GAS > RED DE ALCANTARILLADO SANITARIO > SUMINISTRO DE TUBERÍAS	Suministro tubería PVC flexible Ø30"	UN
917	SI	ACTIVIDADES POR EJECUTAR > REDES HIDRAULICAS-SANITARIAS Y GAS > RED DE ALCANTARILLADO SANITARIO > INSTALACIÓN DE TUBERÍAS	Instalación tubería PVC flexible Ø8"	ML
918	SI	ACTIVIDADES POR EJECUTAR > REDES HIDRAULICAS-SANITARIAS Y GAS > RED DE ALCANTARILLADO SANITARIO > INSTALACIÓN DE TUBERÍAS	Instalación tubería PVC flexible Ø6"	ML
919	SI	ACTIVIDADES POR EJECUTAR > REDES HIDRAULICAS-SANITARIAS Y GAS > RED DE ALCANTARILLADO SANITARIO > INSTALACIÓN DE TUBERÍAS	Instalación tubería PVC flexible Ø10"	ML
920	SI	ACTIVIDADES POR EJECUTAR > REDES HIDRAULICAS-SANITARIAS Y GAS > RED DE ALCANTARILLADO SANITARIO > INSTALACIÓN DE TUBERÍAS	Instalación tubería PVC flexible Ø12"	ML
921	SI	ACTIVIDADES POR EJECUTAR > REDES HIDRAULICAS-SANITARIAS Y GAS > RED DE ALCANTARILLADO SANITARIO > INSTALACIÓN DE TUBERÍAS	Instalación tubería PVC flexible Ø14"	ML
922	NO	ACTIVIDADES POR EJECUTAR > REDES HIDRAULICAS-SANITARIAS Y GAS > RED DE ALCANTARILLADO SANITARIO > INSTALACIÓN DE TUBERÍAS	Instalación tubería PVC flexible Ø16"	ML
923	NO	ACTIVIDADES POR EJECUTAR > REDES HIDRAULICAS-SANITARIAS Y GAS > RED DE ALCANTARILLADO SANITARIO > INSTALACIÓN DE TUBERÍAS	Instalación tubería PVC flexible Ø18"	ML
924	NO	ACTIVIDADES POR EJECUTAR > REDES HIDRAULICAS-SANITARIAS Y GAS > RED DE ALCANTARILLADO SANITARIO > INSTALACIÓN DE TUBERÍAS	Instalación tubería PVC flexible Ø24"	ML
925	SI	ACTIVIDADES POR EJECUTAR > REDES HIDRAULICAS-SANITARIAS Y GAS > RED DE ALCANTARILLADO SANITARIO > INSTALACIÓN DE TUBERÍAS	Instalación tubería PVC flexible Ø30"	ML
927	SI	ACTIVIDADES POR EJECUTAR > REDES HIDRAULICAS-SANITARIAS Y GAS > RED DE ALCANTARILLADO SANITARIO > MOVIMIENTO DE TIERRAS, CIMENTACIÓN Y PROTECCIÓN	Localización y replanteo topográfico	ML
928	SI	ACTIVIDADES POR EJECUTAR > REDES HIDRAULICAS-SANITARIAS Y GAS > RED DE ALCANTARILLADO SANITARIO > MOVIMIENTO DE TIERRAS, CIMENTACIÓN Y PROTECCIÓN	Excavación mecánica en material común	M3
929	SI	ACTIVIDADES POR EJECUTAR > REDES HIDRAULICAS-SANITARIAS Y GAS > RED DE ALCANTARILLADO SANITARIO > MOVIMIENTO DE TIERRAS, CIMENTACIÓN Y PROTECCIÓN	Cargue, transporte y disposición de sobrantes	M3
930	NO	ACTIVIDADES POR EJECUTAR > REDES HIDRAULICAS-SANITARIAS Y GAS > RED DE ALCANTARILLADO SANITARIO > MOVIMIENTO DE TIERRAS, CIMENTACIÓN Y PROTECCIÓN	Geotextil NT 1600	M2
931	SI	ACTIVIDADES POR EJECUTAR > REDES HIDRAULICAS-SANITARIAS Y GAS > RED DE ALCANTARILLADO SANITARIO > MOVIMIENTO DE TIERRAS, CIMENTACIÓN Y PROTECCIÓN	Entibado continuo E-1A, H≤2,00 m	M2
932	SI	ACTIVIDADES POR EJECUTAR > REDES HIDRAULICAS-SANITARIAS Y GAS > RED DE ALCANTARILLADO SANITARIO > MOVIMIENTO DE TIERRAS, CIMENTACIÓN Y PROTECCIÓN	Entibado continuo E-1B, 2,00<H≤3,00 m	M2
933	SI	ACTIVIDADES POR EJECUTAR > REDES HIDRAULICAS-SANITARIAS Y GAS > RED DE ALCANTARILLADO SANITARIO > MOVIMIENTO DE TIERRAS, CIMENTACIÓN Y PROTECCIÓN	Entibado E-2, H>3,00 m	M2
934	SI	ACTIVIDADES POR EJECUTAR > REDES HIDRAULICAS-SANITARIAS Y GAS > RED DE ALCANTARILLADO SANITARIO > MOVIMIENTO DE TIERRAS, CIMENTACIÓN Y PROTECCIÓN	Cinta de señalización	ML
935	NO	ACTIVIDADES POR EJECUTAR > REDES HIDRAULICAS-SANITARIAS Y GAS > RED DE ALCANTARILLADO SANITARIO > MOVIMIENTO DE TIERRAS, CIMENTACIÓN Y PROTECCIÓN	Cárcamo o placa de protección para tubería (Red de alcantarillado sanitario)	ML
936	SI	ACTIVIDADES POR EJECUTAR > REDES HIDRAULICAS-SANITARIAS Y GAS > RED DE ALCANTARILLADO SANITARIO > MOVIMIENTO DE TIERRAS, CIMENTACIÓN Y PROTECCIÓN	Cimentación de tubería en gravilla (cama y atraque)	M3
937	SI	ACTIVIDADES POR EJECUTAR > REDES HIDRAULICAS-SANITARIAS Y GAS > RED DE ALCANTARILLADO SANITARIO > MOVIMIENTO DE TIERRAS, CIMENTACIÓN Y PROTECCIÓN	Suministro y colocación de recebo B-200	M3
939	SI	ACTIVIDADES POR EJECUTAR > REDES HIDRAULICAS-SANITARIAS Y GAS > RED DE ALCANTARILLADO SANITARIO > POZOS DE INSPECCIÓN	Suministro e instalación base, cono y tapa para pozo de inspección	UN
940	SI	ACTIVIDADES POR EJECUTAR > REDES HIDRAULICAS-SANITARIAS Y GAS > RED DE ALCANTARILLADO SANITARIO > POZOS DE INSPECCIÓN	Cañuela y acabado interior de pozo	UN
941	SI	ACTIVIDADES POR EJECUTAR > REDES HIDRAULICAS-SANITARIAS Y GAS > RED DE ALCANTARILLADO SANITARIO > POZOS DE INSPECCIÓN	Anillo/cilindro prefabricado de pozo	ML
942	SI	ACTIVIDADES POR EJECUTAR > REDES HIDRAULICAS-SANITARIAS Y GAS > RED DE ALCANTARILLADO SANITARIO > POZOS DE INSPECCIÓN	Cono de reducción para pozo	UN
943	SI	ACTIVIDADES POR EJECUTAR > REDES HIDRAULICAS-SANITARIAS Y GAS > RED DE ALCANTARILLADO SANITARIO > POZOS DE INSPECCIÓN	Marco y tapa de pozo	UN
944	NO	ACTIVIDADES POR EJECUTAR > REDES HIDRAULICAS-SANITARIAS Y GAS > RED DE ALCANTARILLADO SANITARIO > POZOS DE INSPECCIÓN	Pasos o escalera de acceso	UN
945	NO	ACTIVIDADES POR EJECUTAR > REDES HIDRAULICAS-SANITARIAS Y GAS > RED DE ALCANTARILLADO SANITARIO > POZOS DE INSPECCIÓN	Cámara de caída	UN
947	NO	ACTIVIDADES POR EJECUTAR > REDES HIDRAULICAS-SANITARIAS Y GAS > RED DE ALCANTARILLADO SANITARIO > CONEXIONES DOMICILIARIAS	Construcción de conexión domiciliaria sanitaria Ø8"	UN
948	NO	ACTIVIDADES POR EJECUTAR > REDES HIDRAULICAS-SANITARIAS Y GAS > RED DE ALCANTARILLADO SANITARIO > CONEXIONES DOMICILIARIAS	Empate de domiciliaria a pozo o colector	UN
949	NO	ACTIVIDADES POR EJECUTAR > REDES HIDRAULICAS-SANITARIAS Y GAS > RED DE ALCANTARILLADO SANITARIO > CONEXIONES DOMICILIARIAS	Accesorios de conexión domiciliaria	UN
951	NO	ACTIVIDADES POR EJECUTAR > REDES HIDRAULICAS-SANITARIAS Y GAS > RED DE ALCANTARILLADO SANITARIO > PRUEBAS, INSPECCIÓN Y ENTREGA	Prueba de hermeticidad	ML
952	NO	ACTIVIDADES POR EJECUTAR > REDES HIDRAULICAS-SANITARIAS Y GAS > RED DE ALCANTARILLADO SANITARIO > PRUEBAS, INSPECCIÓN Y ENTREGA	Limpieza interna de tubería y pozos	ML
953	NO	ACTIVIDADES POR EJECUTAR > REDES HIDRAULICAS-SANITARIAS Y GAS > RED DE ALCANTARILLADO SANITARIO > PRUEBAS, INSPECCIÓN Y ENTREGA	Inspección CCTV	ML
954	NO	ACTIVIDADES POR EJECUTAR > REDES HIDRAULICAS-SANITARIAS Y GAS > RED DE ALCANTARILLADO SANITARIO > PRUEBAS, INSPECCIÓN Y ENTREGA	Verificación de cotas y pendientes	ML
955	NO	ACTIVIDADES POR EJECUTAR > REDES HIDRAULICAS-SANITARIAS Y GAS > RED DE ALCANTARILLADO SANITARIO > PRUEBAS, INSPECCIÓN Y ENTREGA	Plan de manejo de tránsito y señalización	ML
956	NO	ACTIVIDADES POR EJECUTAR > REDES HIDRAULICAS-SANITARIAS Y GAS > RED DE ALCANTARILLADO SANITARIO > PRUEBAS, INSPECCIÓN Y ENTREGA	Planos récord y levantamiento final (Red de alcantarillado sanitario)	GB
957	NO	ACTIVIDADES POR EJECUTAR > REDES HIDRAULICAS-SANITARIAS Y GAS > RED DE ALCANTARILLADO SANITARIO > PRUEBAS, INSPECCIÓN Y ENTREGA	Manual, entrega y puesta en servicio	GB
960	SI	ACTIVIDADES POR EJECUTAR > REDES HIDRAULICAS-SANITARIAS Y GAS > RED DE ALCANTARILLADO PLUVIAL > SUMINISTRO DE TUBERÍAS	Suministro tubería PVC flexible Ø12"	UN
961	SI	ACTIVIDADES POR EJECUTAR > REDES HIDRAULICAS-SANITARIAS Y GAS > RED DE ALCANTARILLADO PLUVIAL > SUMINISTRO DE TUBERÍAS	Suministro tubería PVC flexible Ø14"	UN
962	SI	ACTIVIDADES POR EJECUTAR > REDES HIDRAULICAS-SANITARIAS Y GAS > RED DE ALCANTARILLADO PLUVIAL > SUMINISTRO DE TUBERÍAS	Suministro tubería PVC flexible Ø20"	UN
963	NO	ACTIVIDADES POR EJECUTAR > REDES HIDRAULICAS-SANITARIAS Y GAS > RED DE ALCANTARILLADO PLUVIAL > SUMINISTRO DE TUBERÍAS	Suministro tubería PVC flexible Ø24"	UN
964	SI	ACTIVIDADES POR EJECUTAR > REDES HIDRAULICAS-SANITARIAS Y GAS > RED DE ALCANTARILLADO PLUVIAL > SUMINISTRO DE TUBERÍAS	Suministro tubería GRP Ø45"	UN
966	SI	ACTIVIDADES POR EJECUTAR > REDES HIDRAULICAS-SANITARIAS Y GAS > RED DE ALCANTARILLADO PLUVIAL > INSTALACIÓN DE TUBERÍAS	Instalación tubería PVC flexible Ø12"	ML
967	SI	ACTIVIDADES POR EJECUTAR > REDES HIDRAULICAS-SANITARIAS Y GAS > RED DE ALCANTARILLADO PLUVIAL > INSTALACIÓN DE TUBERÍAS	Instalación tubería PVC flexible Ø14"	ML
968	SI	ACTIVIDADES POR EJECUTAR > REDES HIDRAULICAS-SANITARIAS Y GAS > RED DE ALCANTARILLADO PLUVIAL > INSTALACIÓN DE TUBERÍAS	Instalación tubería PVC flexible Ø20"	ML
969	NO	ACTIVIDADES POR EJECUTAR > REDES HIDRAULICAS-SANITARIAS Y GAS > RED DE ALCANTARILLADO PLUVIAL > INSTALACIÓN DE TUBERÍAS	Instalación tubería PVC flexible Ø24"	ML
970	SI	ACTIVIDADES POR EJECUTAR > REDES HIDRAULICAS-SANITARIAS Y GAS > RED DE ALCANTARILLADO PLUVIAL > INSTALACIÓN DE TUBERÍAS	Instalación tubería GRP Ø45"	ML
972	SI	ACTIVIDADES POR EJECUTAR > REDES HIDRAULICAS-SANITARIAS Y GAS > RED DE ALCANTARILLADO PLUVIAL > MOVIMIENTO DE TIERRAS, CIMENTACIÓN Y PROTECCIÓN	Localización y replanteo topográfico	ML
973	SI	ACTIVIDADES POR EJECUTAR > REDES HIDRAULICAS-SANITARIAS Y GAS > RED DE ALCANTARILLADO PLUVIAL > MOVIMIENTO DE TIERRAS, CIMENTACIÓN Y PROTECCIÓN	Excavación mecánica en material común	M3
974	SI	ACTIVIDADES POR EJECUTAR > REDES HIDRAULICAS-SANITARIAS Y GAS > RED DE ALCANTARILLADO PLUVIAL > MOVIMIENTO DE TIERRAS, CIMENTACIÓN Y PROTECCIÓN	Cargue, transporte y disposición de sobrantes	M3
975	NO	ACTIVIDADES POR EJECUTAR > REDES HIDRAULICAS-SANITARIAS Y GAS > RED DE ALCANTARILLADO PLUVIAL > MOVIMIENTO DE TIERRAS, CIMENTACIÓN Y PROTECCIÓN	Geotextil NT 1600	M2
976	SI	ACTIVIDADES POR EJECUTAR > REDES HIDRAULICAS-SANITARIAS Y GAS > RED DE ALCANTARILLADO PLUVIAL > MOVIMIENTO DE TIERRAS, CIMENTACIÓN Y PROTECCIÓN	Entibado continuo E-1A, H≤2,00 m	M2
977	SI	ACTIVIDADES POR EJECUTAR > REDES HIDRAULICAS-SANITARIAS Y GAS > RED DE ALCANTARILLADO PLUVIAL > MOVIMIENTO DE TIERRAS, CIMENTACIÓN Y PROTECCIÓN	Entibado continuo E-1B, 2,00<H≤3,00 m	M2
978	SI	ACTIVIDADES POR EJECUTAR > REDES HIDRAULICAS-SANITARIAS Y GAS > RED DE ALCANTARILLADO PLUVIAL > MOVIMIENTO DE TIERRAS, CIMENTACIÓN Y PROTECCIÓN	Entibado E-2, H>3,00 m	M2
979	SI	ACTIVIDADES POR EJECUTAR > REDES HIDRAULICAS-SANITARIAS Y GAS > RED DE ALCANTARILLADO PLUVIAL > MOVIMIENTO DE TIERRAS, CIMENTACIÓN Y PROTECCIÓN	Cinta de señalización	ML
980	NO	ACTIVIDADES POR EJECUTAR > REDES HIDRAULICAS-SANITARIAS Y GAS > RED DE ALCANTARILLADO PLUVIAL > MOVIMIENTO DE TIERRAS, CIMENTACIÓN Y PROTECCIÓN	Cárcamo o placa de protección para tubería (Red de alcantarillado pluvial)	ML
981	SI	ACTIVIDADES POR EJECUTAR > REDES HIDRAULICAS-SANITARIAS Y GAS > RED DE ALCANTARILLADO PLUVIAL > MOVIMIENTO DE TIERRAS, CIMENTACIÓN Y PROTECCIÓN	Cimentación de tubería en gravilla (cama y atraque)	M3
982	SI	ACTIVIDADES POR EJECUTAR > REDES HIDRAULICAS-SANITARIAS Y GAS > RED DE ALCANTARILLADO PLUVIAL > MOVIMIENTO DE TIERRAS, CIMENTACIÓN Y PROTECCIÓN	Suministro y colocación de recebo B-200	M3
984	SI	ACTIVIDADES POR EJECUTAR > REDES HIDRAULICAS-SANITARIAS Y GAS > RED DE ALCANTARILLADO PLUVIAL > POZOS DE INSPECCIÓN	Suministro e instalación base, cono y tapa para pozo de inspección	UN
985	SI	ACTIVIDADES POR EJECUTAR > REDES HIDRAULICAS-SANITARIAS Y GAS > RED DE ALCANTARILLADO PLUVIAL > POZOS DE INSPECCIÓN	Anillo en concreto prefabricado	ML
986	NO	ACTIVIDADES POR EJECUTAR > REDES HIDRAULICAS-SANITARIAS Y GAS > RED DE ALCANTARILLADO PLUVIAL > POZOS DE INSPECCIÓN	Cámara de caída	UN
988	SI	ACTIVIDADES POR EJECUTAR > REDES HIDRAULICAS-SANITARIAS Y GAS > RED DE ALCANTARILLADO PLUVIAL > SUMINISTRO E INSTALACIÓN DE SUMIDEROS	Suministro e instalación de sumidero	UN
990	SI	ACTIVIDADES POR EJECUTAR > REDES HIDRAULICAS-SANITARIAS Y GAS > RED DE ALCANTARILLADO PLUVIAL > BIORETENEDORES Y BIOSWALES	Excavación manual para bioswale/bioretenedor	M3
991	SI	ACTIVIDADES POR EJECUTAR > REDES HIDRAULICAS-SANITARIAS Y GAS > RED DE ALCANTARILLADO PLUVIAL > BIORETENEDORES Y BIOSWALES	Base de gravilla permeable para bioretenedor	M3
992	SI	ACTIVIDADES POR EJECUTAR > REDES HIDRAULICAS-SANITARIAS Y GAS > RED DE ALCANTARILLADO PLUVIAL > BIORETENEDORES Y BIOSWALES	Suministro y colocación de gravilla 10-15 mm (capa filtrante)	M3
993	SI	ACTIVIDADES POR EJECUTAR > REDES HIDRAULICAS-SANITARIAS Y GAS > RED DE ALCANTARILLADO PLUVIAL > BIORETENEDORES Y BIOSWALES	Suministro y colocación de gravilla 25-40 mm (capa drenante)	M3
994	SI	ACTIVIDADES POR EJECUTAR > REDES HIDRAULICAS-SANITARIAS Y GAS > RED DE ALCANTARILLADO PLUVIAL > BIORETENEDORES Y BIOSWALES	Relleno con material orgánico para bioretenedor	M3
995	SI	ACTIVIDADES POR EJECUTAR > REDES HIDRAULICAS-SANITARIAS Y GAS > RED DE ALCANTARILLADO PLUVIAL > BIORETENEDORES Y BIOSWALES	Tubería perforada PVC Ø6" para drenaje de bioswale	ML
996	SI	ACTIVIDADES POR EJECUTAR > REDES HIDRAULICAS-SANITARIAS Y GAS > RED DE ALCANTARILLADO PLUVIAL > BIORETENEDORES Y BIOSWALES	Rejilla de drenaje para bioswale	UN
998	SI	ACTIVIDADES POR EJECUTAR > REDES HIDRAULICAS-SANITARIAS Y GAS > RED DE ALCANTARILLADO PLUVIAL > CABEZALES DE DESCARGA	Cabezal de descarga en concreto para tubería Ø12"-Ø16" (incluye aletas y solado)	UN
999	NO	ACTIVIDADES POR EJECUTAR > REDES HIDRAULICAS-SANITARIAS Y GAS > RED DE ALCANTARILLADO PLUVIAL > CABEZALES DE DESCARGA	Cabezal de descarga en concreto para tubería Ø18"-Ø24" (incluye aletas y solado)	UN
1000	NO	ACTIVIDADES POR EJECUTAR > REDES HIDRAULICAS-SANITARIAS Y GAS > RED DE ALCANTARILLADO PLUVIAL > CABEZALES DE DESCARGA	Cabezal de descarga en concreto para tubería Ø8"-Ø10" (incluye aletas y solado)	UN
1001	NO	ACTIVIDADES POR EJECUTAR > REDES HIDRAULICAS-SANITARIAS Y GAS > RED DE ALCANTARILLADO PLUVIAL > CABEZALES DE DESCARGA	Cabezal de entrega	UN
1003	NO	ACTIVIDADES POR EJECUTAR > REDES HIDRAULICAS-SANITARIAS Y GAS > RED DE ALCANTARILLADO PLUVIAL > OBRAS COMPLEMENTARIAS DE DRENAJE	Construcción de cuneta en concreto fundida en sitio	ML
1004	NO	ACTIVIDADES POR EJECUTAR > REDES HIDRAULICAS-SANITARIAS Y GAS > RED DE ALCANTARILLADO PLUVIAL > OBRAS COMPLEMENTARIAS DE DRENAJE	Construcción de captación de aguas lluvias	UN
1005	NO	ACTIVIDADES POR EJECUTAR > REDES HIDRAULICAS-SANITARIAS Y GAS > RED DE ALCANTARILLADO PLUVIAL > OBRAS COMPLEMENTARIAS DE DRENAJE	Alcantarilla rural con cabezales (descole)	UN
1006	NO	ACTIVIDADES POR EJECUTAR > REDES HIDRAULICAS-SANITARIAS Y GAS > RED DE ALCANTARILLADO PLUVIAL > OBRAS COMPLEMENTARIAS DE DRENAJE	Conformación de dique del reservorio con material del sitio	M3
1008	NO	ACTIVIDADES POR EJECUTAR > REDES HIDRAULICAS-SANITARIAS Y GAS > RED DE ALCANTARILLADO PLUVIAL > PRUEBAS, INSPECCIÓN Y ENTREGA	Implementación de Plan de manejo de tránsito (Incluye señalización)	ML
1009	NO	ACTIVIDADES POR EJECUTAR > REDES HIDRAULICAS-SANITARIAS Y GAS > RED DE ALCANTARILLADO PLUVIAL > PRUEBAS, INSPECCIÓN Y ENTREGA	Prueba de hermeticidad	ML
1012	NO	ACTIVIDADES POR EJECUTAR > REDES HIDRAULICAS-SANITARIAS Y GAS > RED DE GAS > RED DE GAS	Excavaciones, atraque en arena, rellenos e instalación de cinta para red de gas	ML
1013	NO	ACTIVIDADES POR EJECUTAR > REDES HIDRAULICAS-SANITARIAS Y GAS > RED DE GAS > RED DE GAS	Construcción de caja para válvulas de gas	UN
1017	NO	ACTIVIDADES POR EJECUTAR > REDES SECAS (TELECOMUNICACIONES-ALUMBRADO PUBLICO Y MEDIA TENSION) > RED DE MEDIA TENSIÓN > PRELIMINARES Y GESTIÓN	Replanteo, localización y coordinación de la red de media tensión	GB
1018	NO	ACTIVIDADES POR EJECUTAR > REDES SECAS (TELECOMUNICACIONES-ALUMBRADO PUBLICO Y MEDIA TENSION) > RED DE MEDIA TENSIÓN > PRELIMINARES Y GESTIÓN	Señalización y plan de manejo de tránsito para frentes de red MT	GB
1020	SI	ACTIVIDADES POR EJECUTAR > REDES SECAS (TELECOMUNICACIONES-ALUMBRADO PUBLICO Y MEDIA TENSION) > RED DE MEDIA TENSIÓN > MOVIMIENTO DE TIERRAS Y REPOSICIONES	Excavación para canalización MT, incluye cargue	M3
1021	SI	ACTIVIDADES POR EJECUTAR > REDES SECAS (TELECOMUNICACIONES-ALUMBRADO PUBLICO Y MEDIA TENSION) > RED DE MEDIA TENSIÓN > MOVIMIENTO DE TIERRAS Y REPOSICIONES	Relleno en arena limpia para protección de ductos	M3
1022	SI	ACTIVIDADES POR EJECUTAR > REDES SECAS (TELECOMUNICACIONES-ALUMBRADO PUBLICO Y MEDIA TENSION) > RED DE MEDIA TENSIÓN > MOVIMIENTO DE TIERRAS Y REPOSICIONES	Relleno y compactación con base granular clase B	M3
1023	NO	ACTIVIDADES POR EJECUTAR > REDES SECAS (TELECOMUNICACIONES-ALUMBRADO PUBLICO Y MEDIA TENSION) > RED DE MEDIA TENSIÓN > MOVIMIENTO DE TIERRAS Y REPOSICIONES	Transporte y disposición final de sobrantes	M3
1024	NO	ACTIVIDADES POR EJECUTAR > REDES SECAS (TELECOMUNICACIONES-ALUMBRADO PUBLICO Y MEDIA TENSION) > RED DE MEDIA TENSIÓN > MOVIMIENTO DE TIERRAS Y REPOSICIONES	Reposición de pavimento, andén o zona dura afectada	M2
1026	SI	ACTIVIDADES POR EJECUTAR > REDES SECAS (TELECOMUNICACIONES-ALUMBRADO PUBLICO Y MEDIA TENSION) > RED DE MEDIA TENSIÓN > CANALIZACIONES MT	Suministro e instalación de banco de ductos PVC-TDP 4Ø6"	ML
1027	NO	ACTIVIDADES POR EJECUTAR > REDES SECAS (TELECOMUNICACIONES-ALUMBRADO PUBLICO Y MEDIA TENSION) > RED DE MEDIA TENSIÓN > CANALIZACIONES MT	Suministro e instalación de banco de ductos PVC-TDP 6Ø6"	ML
1028	NO	ACTIVIDADES POR EJECUTAR > REDES SECAS (TELECOMUNICACIONES-ALUMBRADO PUBLICO Y MEDIA TENSION) > RED DE MEDIA TENSIÓN > CANALIZACIONES MT	Suministro e instalación de banco de ductos PVC-TDP 12Ø6"	ML
1029	NO	ACTIVIDADES POR EJECUTAR > REDES SECAS (TELECOMUNICACIONES-ALUMBRADO PUBLICO Y MEDIA TENSION) > RED DE MEDIA TENSIÓN > CANALIZACIONES MT	Suministro e instalación de banco de ductos PVC-TDP 9Ø6"	ML
1030	NO	ACTIVIDADES POR EJECUTAR > REDES SECAS (TELECOMUNICACIONES-ALUMBRADO PUBLICO Y MEDIA TENSION) > RED DE MEDIA TENSIÓN > CANALIZACIONES MT	Bajante o transición en tubería conduit IMC Ø6"	UN
1031	SI	ACTIVIDADES POR EJECUTAR > REDES SECAS (TELECOMUNICACIONES-ALUMBRADO PUBLICO Y MEDIA TENSION) > RED DE MEDIA TENSIÓN > CANALIZACIONES MT	Cinta de señalización para red de media tensión	ML
1032	SI	ACTIVIDADES POR EJECUTAR > REDES SECAS (TELECOMUNICACIONES-ALUMBRADO PUBLICO Y MEDIA TENSION) > RED DE MEDIA TENSIÓN > CANALIZACIONES MT	Limpieza, mandrilado y verificación de ductos MT	ML
1034	SI	ACTIVIDADES POR EJECUTAR > REDES SECAS (TELECOMUNICACIONES-ALUMBRADO PUBLICO Y MEDIA TENSION) > RED DE MEDIA TENSIÓN > CAJAS, CÁMARAS Y CÁRCAMOS	Construcción de caja de inspección doble norma CS276	UN
1035	SI	ACTIVIDADES POR EJECUTAR > REDES SECAS (TELECOMUNICACIONES-ALUMBRADO PUBLICO Y MEDIA TENSION) > RED DE MEDIA TENSIÓN > CAJAS, CÁMARAS Y CÁRCAMOS	Construccion de camara de paso MT norma CS280	UN
1036	NO	ACTIVIDADES POR EJECUTAR > REDES SECAS (TELECOMUNICACIONES-ALUMBRADO PUBLICO Y MEDIA TENSION) > RED DE MEDIA TENSIÓN > CAJAS, CÁMARAS Y CÁRCAMOS	Construcción de cárcamo de protección para red MT en cruce	ML
1038	NO	ACTIVIDADES POR EJECUTAR > REDES SECAS (TELECOMUNICACIONES-ALUMBRADO PUBLICO Y MEDIA TENSION) > RED DE MEDIA TENSIÓN > CABLEADO MT	Suministro cable 3x120 mm² Al XLPE 15 kV	ML
1039	NO	ACTIVIDADES POR EJECUTAR > REDES SECAS (TELECOMUNICACIONES-ALUMBRADO PUBLICO Y MEDIA TENSION) > RED DE MEDIA TENSIÓN > CABLEADO MT	Tendido, conexionado e identificación cable 3x120 mm² Al XLPE 15 kV	ML
1040	SI	ACTIVIDADES POR EJECUTAR > REDES SECAS (TELECOMUNICACIONES-ALUMBRADO PUBLICO Y MEDIA TENSION) > RED DE MEDIA TENSIÓN > CABLEADO MT	Suministro cable 3x185 mm² Al XLPE 15 kV	ML
1041	SI	ACTIVIDADES POR EJECUTAR > REDES SECAS (TELECOMUNICACIONES-ALUMBRADO PUBLICO Y MEDIA TENSION) > RED DE MEDIA TENSIÓN > CABLEADO MT	Tendido, conexionado e identificación cable 3x185 mm² Al XLPE 15 kV	ML
1042	NO	ACTIVIDADES POR EJECUTAR > REDES SECAS (TELECOMUNICACIONES-ALUMBRADO PUBLICO Y MEDIA TENSION) > RED DE MEDIA TENSIÓN > CABLEADO MT	Suministro cable 3x240 mm² Al XLPE 15 kV	ML
1043	NO	ACTIVIDADES POR EJECUTAR > REDES SECAS (TELECOMUNICACIONES-ALUMBRADO PUBLICO Y MEDIA TENSION) > RED DE MEDIA TENSIÓN > CABLEADO MT	Tendido, conexionado e identificación cable 3x240 mm² Al XLPE 15 kV	ML
1044	NO	ACTIVIDADES POR EJECUTAR > REDES SECAS (TELECOMUNICACIONES-ALUMBRADO PUBLICO Y MEDIA TENSION) > RED DE MEDIA TENSIÓN > CABLEADO MT	Juego de terminales premoldeados 15 kV para cable MT	JG
1045	NO	ACTIVIDADES POR EJECUTAR > REDES SECAS (TELECOMUNICACIONES-ALUMBRADO PUBLICO Y MEDIA TENSION) > RED DE MEDIA TENSIÓN > CABLEADO MT	Empalme premoldeado 15 kV	JG
1047	NO	ACTIVIDADES POR EJECUTAR > REDES SECAS (TELECOMUNICACIONES-ALUMBRADO PUBLICO Y MEDIA TENSION) > RED DE MEDIA TENSIÓN > MANIOBRA Y PROTECCIÓN	Celda MT SF6 17,5 kV - 630 A norma CTS508	UN
1048	NO	ACTIVIDADES POR EJECUTAR > REDES SECAS (TELECOMUNICACIONES-ALUMBRADO PUBLICO Y MEDIA TENSION) > RED DE MEDIA TENSIÓN > MANIOBRA Y PROTECCIÓN	Fusible limitador de corriente norma CTS507	UN
1049	NO	ACTIVIDADES POR EJECUTAR > REDES SECAS (TELECOMUNICACIONES-ALUMBRADO PUBLICO Y MEDIA TENSION) > RED DE MEDIA TENSIÓN > MANIOBRA Y PROTECCIÓN	Caja de maniobra pedestal de 5 vías ET512 Fig. 4	UN
1050	NO	ACTIVIDADES POR EJECUTAR > REDES SECAS (TELECOMUNICACIONES-ALUMBRADO PUBLICO Y MEDIA TENSION) > RED DE MEDIA TENSIÓN > MANIOBRA Y PROTECCIÓN	Caja de maniobra pedestal de 3 vías ET512 Fig. 1	UN
1051	NO	ACTIVIDADES POR EJECUTAR > REDES SECAS (TELECOMUNICACIONES-ALUMBRADO PUBLICO Y MEDIA TENSION) > RED DE MEDIA TENSIÓN > MANIOBRA Y PROTECCIÓN	Suministro e instalación CDMT-7, 1 entrada, 1 salida y 2 derivaciones	UN
1052	NO	ACTIVIDADES POR EJECUTAR > REDES SECAS (TELECOMUNICACIONES-ALUMBRADO PUBLICO Y MEDIA TENSION) > RED DE MEDIA TENSIÓN > MANIOBRA Y PROTECCIÓN	Retiro controlado de barraje preformado B-2 existente	UN
1054	NO	ACTIVIDADES POR EJECUTAR > REDES SECAS (TELECOMUNICACIONES-ALUMBRADO PUBLICO Y MEDIA TENSION) > RED DE MEDIA TENSIÓN > SUBESTACIONES Y TRANSFORMADORES	Suministro e instalación transformador trifásico tipo aceite 30 kVA, 11,4 kV / 208-120 V	UN
1055	NO	ACTIVIDADES POR EJECUTAR > REDES SECAS (TELECOMUNICACIONES-ALUMBRADO PUBLICO Y MEDIA TENSION) > RED DE MEDIA TENSIÓN > SUBESTACIONES Y TRANSFORMADORES	Suministro e instalación transformador trifásico tipo aceite 45 kVA, 11,4 kV / 208-120 V	UN
1056	NO	ACTIVIDADES POR EJECUTAR > REDES SECAS (TELECOMUNICACIONES-ALUMBRADO PUBLICO Y MEDIA TENSION) > RED DE MEDIA TENSIÓN > SUBESTACIONES Y TRANSFORMADORES	Suministro e instalación transformador trifásico tipo aceite 112,5 kVA, 11,4 kV / 208-120 V	UN
1057	NO	ACTIVIDADES POR EJECUTAR > REDES SECAS (TELECOMUNICACIONES-ALUMBRADO PUBLICO Y MEDIA TENSION) > RED DE MEDIA TENSIÓN > SUBESTACIONES Y TRANSFORMADORES	Suministro e instalación transformador trifásico tipo aceite 150 kVA, 11,4 kV / 208-120 V	UN
1058	NO	ACTIVIDADES POR EJECUTAR > REDES SECAS (TELECOMUNICACIONES-ALUMBRADO PUBLICO Y MEDIA TENSION) > RED DE MEDIA TENSIÓN > SUBESTACIONES Y TRANSFORMADORES	Suministro e instalación transformador trifásico tipo aceite 225 kVA, 11,4 kV / 208-120 V	UN
1059	NO	ACTIVIDADES POR EJECUTAR > REDES SECAS (TELECOMUNICACIONES-ALUMBRADO PUBLICO Y MEDIA TENSION) > RED DE MEDIA TENSIÓN > SUBESTACIONES Y TRANSFORMADORES	Suministro e instalación transformador trifásico tipo aceite 300 kVA, 11,4 kV / 208-120 V	UN
1060	NO	ACTIVIDADES POR EJECUTAR > REDES SECAS (TELECOMUNICACIONES-ALUMBRADO PUBLICO Y MEDIA TENSION) > RED DE MEDIA TENSIÓN > SUBESTACIONES Y TRANSFORMADORES	Suministro e instalación transformador trifásico tipo aceite 400 kVA, 11,4 kV / 208-120 V	UN
1061	NO	ACTIVIDADES POR EJECUTAR > REDES SECAS (TELECOMUNICACIONES-ALUMBRADO PUBLICO Y MEDIA TENSION) > RED DE MEDIA TENSIÓN > SUBESTACIONES Y TRANSFORMADORES	Suministro e instalación transformador trifásico tipo aceite 500 kVA, 11,4 kV / 208-120 V	UN
1062	NO	ACTIVIDADES POR EJECUTAR > REDES SECAS (TELECOMUNICACIONES-ALUMBRADO PUBLICO Y MEDIA TENSION) > RED DE MEDIA TENSIÓN > SUBESTACIONES Y TRANSFORMADORES	Suministro e instalación transformador trifásico tipo aceite 630 kVA, 11,4 kV / 208-120 V	UN
1063	NO	ACTIVIDADES POR EJECUTAR > REDES SECAS (TELECOMUNICACIONES-ALUMBRADO PUBLICO Y MEDIA TENSION) > RED DE MEDIA TENSIÓN > SUBESTACIONES Y TRANSFORMADORES	Base, foso de aceite, cerramiento y adecuación civil del centro de transformación	UN
1065	NO	ACTIVIDADES POR EJECUTAR > REDES SECAS (TELECOMUNICACIONES-ALUMBRADO PUBLICO Y MEDIA TENSION) > RED DE MEDIA TENSIÓN > PUESTA A TIERRA	Sistema de puesta a tierra completo por centro de transformación	UN
1066	NO	ACTIVIDADES POR EJECUTAR > REDES SECAS (TELECOMUNICACIONES-ALUMBRADO PUBLICO Y MEDIA TENSION) > RED DE MEDIA TENSIÓN > PUESTA A TIERRA	Malla o puesta a tierra para CDMT y cajas de maniobra	UN
1068	NO	ACTIVIDADES POR EJECUTAR > REDES SECAS (TELECOMUNICACIONES-ALUMBRADO PUBLICO Y MEDIA TENSION) > RED DE MEDIA TENSIÓN > TRANSICIONES E INTERCONEXIONES	Estructura de transición aérea-subterránea MT en punto de conexión	UN
1069	NO	ACTIVIDADES POR EJECUTAR > REDES SECAS (TELECOMUNICACIONES-ALUMBRADO PUBLICO Y MEDIA TENSION) > RED DE MEDIA TENSIÓN > TRANSICIONES E INTERCONEXIONES	Retiro de cable existente 3x120 mm² Al entre Colegio L6 y Supermercado L12	ML
1071	NO	ACTIVIDADES POR EJECUTAR > REDES SECAS (TELECOMUNICACIONES-ALUMBRADO PUBLICO Y MEDIA TENSION) > RED DE MEDIA TENSIÓN > PRUEBAS, ENERGIZACIÓN Y ENTREGA	Prueba VLF para circuito de media tensión	UN
1072	NO	ACTIVIDADES POR EJECUTAR > REDES SECAS (TELECOMUNICACIONES-ALUMBRADO PUBLICO Y MEDIA TENSION) > RED DE MEDIA TENSIÓN > PRUEBAS, ENERGIZACIÓN Y ENTREGA	Pruebas, coordinación, energización y recibo por operador de red	GB
1073	NO	ACTIVIDADES POR EJECUTAR > REDES SECAS (TELECOMUNICACIONES-ALUMBRADO PUBLICO Y MEDIA TENSION) > RED DE MEDIA TENSIÓN > PRUEBAS, ENERGIZACIÓN Y ENTREGA	Planos récord, rotulado e inventario final de red MT	GB
1076	SI	ACTIVIDADES POR EJECUTAR > REDES SECAS (TELECOMUNICACIONES-ALUMBRADO PUBLICO Y MEDIA TENSION) > RED DE ALUMBRADO PÚBLICO > CAJAS DE PASO	Suministro e instalación Caja de paso en mamposteria según norma CS-274	UN
1078	SI	ACTIVIDADES POR EJECUTAR > REDES SECAS (TELECOMUNICACIONES-ALUMBRADO PUBLICO Y MEDIA TENSION) > RED DE ALUMBRADO PÚBLICO > LUMINARIAS	Suministro e instalación de luminaria LED DECOLED 100 W (Incluye brazo)	UN
1080	SI	ACTIVIDADES POR EJECUTAR > REDES SECAS (TELECOMUNICACIONES-ALUMBRADO PUBLICO Y MEDIA TENSION) > RED DE ALUMBRADO PÚBLICO > POSTERÍA	Suministro e instalación poste de concreto 10 m. Tipo recto AP  (Incluye ahoyada, hincada y plomada)	UN
1082	SI	ACTIVIDADES POR EJECUTAR > REDES SECAS (TELECOMUNICACIONES-ALUMBRADO PUBLICO Y MEDIA TENSION) > RED DE ALUMBRADO PÚBLICO > TRANSFORMADORES	Transformador tipo pedestal 30 KVA 11400 / 380 / 220V (Incluye obra civil, cerramiento en malla eslabonada y todos los elementos eléctricos necesarios para su correcto funcionamiento)	UN
1083	NO	ACTIVIDADES POR EJECUTAR > REDES SECAS (TELECOMUNICACIONES-ALUMBRADO PUBLICO Y MEDIA TENSION) > RED DE ALUMBRADO PÚBLICO > TRANSFORMADORES	Suministro e instalación de Barraje preformado de B.T. para fusibles limitadores de corriente de cable de 6 salidas según norma AP820	UN
1085	SI	ACTIVIDADES POR EJECUTAR > REDES SECAS (TELECOMUNICACIONES-ALUMBRADO PUBLICO Y MEDIA TENSION) > RED DE ALUMBRADO PÚBLICO > CANALIZACIÓN	Suministro e instalación de tuberia 2Ф3" TDP (incluye excavación, retiro de escombros y relleno)	ML
1087	SI	ACTIVIDADES POR EJECUTAR > REDES SECAS (TELECOMUNICACIONES-ALUMBRADO PUBLICO Y MEDIA TENSION) > RED DE ALUMBRADO PÚBLICO > RED DE ALUMBRADO PÚBLICO	Suministro e instalación de cable 4x4 THW Al	ML
1088	SI	ACTIVIDADES POR EJECUTAR > REDES SECAS (TELECOMUNICACIONES-ALUMBRADO PUBLICO Y MEDIA TENSION) > RED DE ALUMBRADO PÚBLICO > RED DE ALUMBRADO PÚBLICO	Suministro e instalación de alambre 2x12 AWG-THW (Acometida para luminarias)	ML
1089	NO	ACTIVIDADES POR EJECUTAR > REDES SECAS (TELECOMUNICACIONES-ALUMBRADO PUBLICO Y MEDIA TENSION) > RED DE ALUMBRADO PÚBLICO > RED DE ALUMBRADO PÚBLICO	Suministro e instalación de empalmes en resina (Juegox2)	JG
1090	NO	ACTIVIDADES POR EJECUTAR > REDES SECAS (TELECOMUNICACIONES-ALUMBRADO PUBLICO Y MEDIA TENSION) > RED DE ALUMBRADO PÚBLICO > RED DE ALUMBRADO PÚBLICO	Suministro e instalación de malla a tierra de iluminación exterior conformada por 1 Varilla copper de 2.4 m, soldadura exotérmica, 1 Empalme bimetálico y 1 m de Cable de Cobre 2/0 AWG	UN
1092	SI	ACTIVIDADES POR EJECUTAR > REDES SECAS (TELECOMUNICACIONES-ALUMBRADO PUBLICO Y MEDIA TENSION) > RED DE ALUMBRADO PÚBLICO > CAJAS DE PASO	Suministro e instalación Caja de paso en mamposteria según norma CS-274	UN
1094	SI	ACTIVIDADES POR EJECUTAR > REDES SECAS (TELECOMUNICACIONES-ALUMBRADO PUBLICO Y MEDIA TENSION) > RED DE ALUMBRADO PÚBLICO > LUMINARIAS	Suministro e instalación de luminaria LED DECOLED 100 W (Incluye brazo)	UN
1096	SI	ACTIVIDADES POR EJECUTAR > REDES SECAS (TELECOMUNICACIONES-ALUMBRADO PUBLICO Y MEDIA TENSION) > RED DE ALUMBRADO PÚBLICO > POSTERÍA	Suministro e instalación poste de concreto 12 m. Tipo recto AP  (Incluye ahoyada, hincada y plomada)	UN
1097	SI	ACTIVIDADES POR EJECUTAR > REDES SECAS (TELECOMUNICACIONES-ALUMBRADO PUBLICO Y MEDIA TENSION) > RED DE ALUMBRADO PÚBLICO > POSTERÍA	Suministro e instalación poste de concreto 14 m. Tipo recto AP  (Incluye ahoyada, hincada y plomada)	UN
1099	SI	ACTIVIDADES POR EJECUTAR > REDES SECAS (TELECOMUNICACIONES-ALUMBRADO PUBLICO Y MEDIA TENSION) > RED DE ALUMBRADO PÚBLICO > CANALIZACIÓN	Suministro e instalación de tuberia 2Ф3" TDP (incluye excavación, retiro de escombros y relleno)	ML
1101	SI	ACTIVIDADES POR EJECUTAR > REDES SECAS (TELECOMUNICACIONES-ALUMBRADO PUBLICO Y MEDIA TENSION) > RED DE ALUMBRADO PÚBLICO > RED DE ALUMBRADO PÚBLICO	Suministro e instalación de cable 4x4 THW Al	ML
1102	SI	ACTIVIDADES POR EJECUTAR > REDES SECAS (TELECOMUNICACIONES-ALUMBRADO PUBLICO Y MEDIA TENSION) > RED DE ALUMBRADO PÚBLICO > RED DE ALUMBRADO PÚBLICO	Suministro e instalación de alambre 2x12 AWG-THW (Acometida para luminarias)	ML
1103	NO	ACTIVIDADES POR EJECUTAR > REDES SECAS (TELECOMUNICACIONES-ALUMBRADO PUBLICO Y MEDIA TENSION) > RED DE ALUMBRADO PÚBLICO > RED DE ALUMBRADO PÚBLICO	Suministro e instalación de empalmes en resina (Juegox2)	JG
1104	NO	ACTIVIDADES POR EJECUTAR > REDES SECAS (TELECOMUNICACIONES-ALUMBRADO PUBLICO Y MEDIA TENSION) > RED DE ALUMBRADO PÚBLICO > RED DE ALUMBRADO PÚBLICO	Suministro e instalación de malla a tierra de iluminación exterior conformada por 1 Varilla copper de 2.4 m, soldadura exotérmica, 1 Empalme bimetálico y 1 m de Cable de Cobre 2/0 AWG	UN
1106	NO	ACTIVIDADES POR EJECUTAR > REDES SECAS (TELECOMUNICACIONES-ALUMBRADO PUBLICO Y MEDIA TENSION) > RED DE ALUMBRADO PÚBLICO > RED DE ALUMBRADO PUBLICO	Indicador de red de alumbrado público parques	M2
1109	NO	ACTIVIDADES POR EJECUTAR > REDES SECAS (TELECOMUNICACIONES-ALUMBRADO PUBLICO Y MEDIA TENSION) > RED DE TELECOMUNICACIONES (VOZ & DATOS) > CANALIZACIONES Y CAJAS	Canalización banco de ductos TDP PVC 8Ø3" EPM RS1-003	ML
1110	NO	ACTIVIDADES POR EJECUTAR > REDES SECAS (TELECOMUNICACIONES-ALUMBRADO PUBLICO Y MEDIA TENSION) > RED DE TELECOMUNICACIONES (VOZ & DATOS) > CANALIZACIONES Y CAJAS	Canalización banco de ductos TDP PVC 7Ø3" EPM RS1-003	ML
1111	NO	ACTIVIDADES POR EJECUTAR > REDES SECAS (TELECOMUNICACIONES-ALUMBRADO PUBLICO Y MEDIA TENSION) > RED DE TELECOMUNICACIONES (VOZ & DATOS) > CANALIZACIONES Y CAJAS	Canalización banco de ductos TDP PVC 6Ø3" EPM RS1-003	ML
1112	NO	ACTIVIDADES POR EJECUTAR > REDES SECAS (TELECOMUNICACIONES-ALUMBRADO PUBLICO Y MEDIA TENSION) > RED DE TELECOMUNICACIONES (VOZ & DATOS) > CANALIZACIONES Y CAJAS	Canalización banco de ductos TDP PVC 5Ø3" EPM RS1-003	ML
1113	NO	ACTIVIDADES POR EJECUTAR > REDES SECAS (TELECOMUNICACIONES-ALUMBRADO PUBLICO Y MEDIA TENSION) > RED DE TELECOMUNICACIONES (VOZ & DATOS) > CANALIZACIONES Y CAJAS	Cárcamo de protección de ductos ETB	ML
1114	NO	ACTIVIDADES POR EJECUTAR > REDES SECAS (TELECOMUNICACIONES-ALUMBRADO PUBLICO Y MEDIA TENSION) > RED DE TELECOMUNICACIONES (VOZ & DATOS) > CANALIZACIONES Y CAJAS	Caja de inspección prefabricada 0,80x0,80 m (incluye base, muros, cubierta y aros)	UN
1116	NO	ACTIVIDADES POR EJECUTAR > REDES SECAS (TELECOMUNICACIONES-ALUMBRADO PUBLICO Y MEDIA TENSION) > RED DE TELECOMUNICACIONES (VOZ & DATOS) > MOVIMIENTO DE TIERRAS Y GRANULARES	Excavación manual para redes profundidad 0-2 m (incluye cargue)	M3
1117	NO	ACTIVIDADES POR EJECUTAR > REDES SECAS (TELECOMUNICACIONES-ALUMBRADO PUBLICO Y MEDIA TENSION) > RED DE TELECOMUNICACIONES (VOZ & DATOS) > MOVIMIENTO DE TIERRAS Y GRANULARES	Relleno para redes en arena de peña	M3
1118	NO	ACTIVIDADES POR EJECUTAR > REDES SECAS (TELECOMUNICACIONES-ALUMBRADO PUBLICO Y MEDIA TENSION) > RED DE TELECOMUNICACIONES (VOZ & DATOS) > MOVIMIENTO DE TIERRAS Y GRANULARES	Base granular clase B (BG38/BG25) para telecomunicaciones	M3
1119	NO	ACTIVIDADES POR EJECUTAR > REDES SECAS (TELECOMUNICACIONES-ALUMBRADO PUBLICO Y MEDIA TENSION) > RED DE TELECOMUNICACIONES (VOZ & DATOS) > MOVIMIENTO DE TIERRAS Y GRANULARES	Sub-base granular clase C para telecomunicaciones	M3
1120	NO	ACTIVIDADES POR EJECUTAR > REDES SECAS (TELECOMUNICACIONES-ALUMBRADO PUBLICO Y MEDIA TENSION) > RED DE TELECOMUNICACIONES (VOZ & DATOS) > MOVIMIENTO DE TIERRAS Y GRANULARES	Transporte y disposición final de escombros (21 km)	M3
1124	NO	ACTIVIDADES POR EJECUTAR > ACTIVIDADES Y OBRAS ADICIONALES (MANTENIMIENTOS Y OBRAS COLSUBSIDIO) > MANTENIMIENTOS DE PARQUES Y VIAS > MANTENIMIENTO DE VIAS Y ANDENES	REPARACION VIAS Y ANDENES ETAPA 1	GB
1125	NO	ACTIVIDADES POR EJECUTAR > ACTIVIDADES Y OBRAS ADICIONALES (MANTENIMIENTOS Y OBRAS COLSUBSIDIO) > MANTENIMIENTOS DE PARQUES Y VIAS > MANTENIMIENTO DE VIAS Y ANDENES	REPARACION VIAS Y ANDENES ETAPA 2	GB
1126	NO	ACTIVIDADES POR EJECUTAR > ACTIVIDADES Y OBRAS ADICIONALES (MANTENIMIENTOS Y OBRAS COLSUBSIDIO) > MANTENIMIENTOS DE PARQUES Y VIAS > MANTENIMIENTO DE VIAS Y ANDENES	VIA PEATONAL V-PE - MANTENIMIENTO	M2
1127	NO	ACTIVIDADES POR EJECUTAR > ACTIVIDADES Y OBRAS ADICIONALES (MANTENIMIENTOS Y OBRAS COLSUBSIDIO) > MANTENIMIENTOS DE PARQUES Y VIAS > MANTENIMIENTO DE VIAS Y ANDENES	VIA PEATONAL PTN3 - MANTENIMIENTO	M2
1128	NO	ACTIVIDADES POR EJECUTAR > ACTIVIDADES Y OBRAS ADICIONALES (MANTENIMIENTOS Y OBRAS COLSUBSIDIO) > MANTENIMIENTOS DE PARQUES Y VIAS > MANTENIMIENTO DE VIAS Y ANDENES	VIA PEATONAL PTN4 - MANTENIMIENTO	M2
1129	NO	ACTIVIDADES POR EJECUTAR > ACTIVIDADES Y OBRAS ADICIONALES (MANTENIMIENTOS Y OBRAS COLSUBSIDIO) > MANTENIMIENTOS DE PARQUES Y VIAS > MANTENIMIENTO DE VIAS Y ANDENES	VIA PEATONAL PTN2 - MANTENIMIENTO	M2
1131	NO	ACTIVIDADES POR EJECUTAR > ACTIVIDADES Y OBRAS ADICIONALES (MANTENIMIENTOS Y OBRAS COLSUBSIDIO) > MANTENIMIENTOS DE PARQUES Y VIAS > MANTENIMIENTO DE PARQUES	PQ-1A - MANTENIMIENTO	M2
1132	NO	ACTIVIDADES POR EJECUTAR > ACTIVIDADES Y OBRAS ADICIONALES (MANTENIMIENTOS Y OBRAS COLSUBSIDIO) > MANTENIMIENTOS DE PARQUES Y VIAS > MANTENIMIENTO DE PARQUES	PQ-1B - MANTENIMIENTO	M2
1133	NO	ACTIVIDADES POR EJECUTAR > ACTIVIDADES Y OBRAS ADICIONALES (MANTENIMIENTOS Y OBRAS COLSUBSIDIO) > MANTENIMIENTOS DE PARQUES Y VIAS > MANTENIMIENTO DE PARQUES	PL 1 - MANTENIMIENTO	M2
1134	NO	ACTIVIDADES POR EJECUTAR > ACTIVIDADES Y OBRAS ADICIONALES (MANTENIMIENTOS Y OBRAS COLSUBSIDIO) > MANTENIMIENTOS DE PARQUES Y VIAS > MANTENIMIENTO DE PARQUES	PQ-7 - MANTENIMIENTO	M2
1135	NO	ACTIVIDADES POR EJECUTAR > ACTIVIDADES Y OBRAS ADICIONALES (MANTENIMIENTOS Y OBRAS COLSUBSIDIO) > MANTENIMIENTOS DE PARQUES Y VIAS > MANTENIMIENTO DE PARQUES	PQ-8 - MANTENIMIENTO	M2
1136	NO	ACTIVIDADES POR EJECUTAR > ACTIVIDADES Y OBRAS ADICIONALES (MANTENIMIENTOS Y OBRAS COLSUBSIDIO) > MANTENIMIENTOS DE PARQUES Y VIAS > MANTENIMIENTO DE PARQUES	PQ-12 - MANTENIMIENTO	M2
1137	NO	ACTIVIDADES POR EJECUTAR > ACTIVIDADES Y OBRAS ADICIONALES (MANTENIMIENTOS Y OBRAS COLSUBSIDIO) > MANTENIMIENTOS DE PARQUES Y VIAS > MANTENIMIENTO DE PARQUES	PQ-13 - MANTENIMIENTO	M2
1138	NO	ACTIVIDADES POR EJECUTAR > ACTIVIDADES Y OBRAS ADICIONALES (MANTENIMIENTOS Y OBRAS COLSUBSIDIO) > MANTENIMIENTOS DE PARQUES Y VIAS > MANTENIMIENTO DE PARQUES	PQ-14 - MANTENIMIENTO	M2
1139	NO	ACTIVIDADES POR EJECUTAR > ACTIVIDADES Y OBRAS ADICIONALES (MANTENIMIENTOS Y OBRAS COLSUBSIDIO) > MANTENIMIENTOS DE PARQUES Y VIAS > MANTENIMIENTO DE PARQUES	PQ-4 - MANTENIMIENTO	M2
1140	NO	ACTIVIDADES POR EJECUTAR > ACTIVIDADES Y OBRAS ADICIONALES (MANTENIMIENTOS Y OBRAS COLSUBSIDIO) > MANTENIMIENTOS DE PARQUES Y VIAS > MANTENIMIENTO DE PARQUES	PQ-6 - MANTENIMIENTO	M2
1141	NO	ACTIVIDADES POR EJECUTAR > ACTIVIDADES Y OBRAS ADICIONALES (MANTENIMIENTOS Y OBRAS COLSUBSIDIO) > MANTENIMIENTOS DE PARQUES Y VIAS > MANTENIMIENTO DE PARQUES	PQ-9 - MANTENIMIENTO	M2
1142	NO	ACTIVIDADES POR EJECUTAR > ACTIVIDADES Y OBRAS ADICIONALES (MANTENIMIENTOS Y OBRAS COLSUBSIDIO) > MANTENIMIENTOS DE PARQUES Y VIAS > MANTENIMIENTO DE PARQUES	PQ-10A Y PQ-10B - MANTENIMIENTO	M2
1143	NO	ACTIVIDADES POR EJECUTAR > ACTIVIDADES Y OBRAS ADICIONALES (MANTENIMIENTOS Y OBRAS COLSUBSIDIO) > MANTENIMIENTOS DE PARQUES Y VIAS > MANTENIMIENTO DE PARQUES	PQ-11 - MANTENIMIENTO	M2
1144	NO	ACTIVIDADES POR EJECUTAR > ACTIVIDADES Y OBRAS ADICIONALES (MANTENIMIENTOS Y OBRAS COLSUBSIDIO) > MANTENIMIENTOS DE PARQUES Y VIAS > MANTENIMIENTO DE PARQUES	PQ-5 - MANTENIMIENTO	M2
1145	NO	ACTIVIDADES POR EJECUTAR > ACTIVIDADES Y OBRAS ADICIONALES (MANTENIMIENTOS Y OBRAS COLSUBSIDIO) > MANTENIMIENTOS DE PARQUES Y VIAS > MANTENIMIENTO DE PARQUES	PL 3 - MANTENIMIENTO	M2
1146	NO	ACTIVIDADES POR EJECUTAR > ACTIVIDADES Y OBRAS ADICIONALES (MANTENIMIENTOS Y OBRAS COLSUBSIDIO) > MANTENIMIENTOS DE PARQUES Y VIAS > MANTENIMIENTO DE PARQUES	PQ-2 - MANTENIMIENTO	M2
1147	NO	ACTIVIDADES POR EJECUTAR > ACTIVIDADES Y OBRAS ADICIONALES (MANTENIMIENTOS Y OBRAS COLSUBSIDIO) > MANTENIMIENTOS DE PARQUES Y VIAS > MANTENIMIENTO DE PARQUES	PQ-3 - MANTENIMIENTO	M2
1148	NO	ACTIVIDADES POR EJECUTAR > ACTIVIDADES Y OBRAS ADICIONALES (MANTENIMIENTOS Y OBRAS COLSUBSIDIO) > MANTENIMIENTOS DE PARQUES Y VIAS > MANTENIMIENTO DE PARQUES	PQ-15 - MANTENIMIENTO	M2
1149	NO	ACTIVIDADES POR EJECUTAR > ACTIVIDADES Y OBRAS ADICIONALES (MANTENIMIENTOS Y OBRAS COLSUBSIDIO) > MANTENIMIENTOS DE PARQUES Y VIAS > MANTENIMIENTO DE PARQUES	PQ-16 - MANTENIMIENTO	M2
1150	NO	ACTIVIDADES POR EJECUTAR > ACTIVIDADES Y OBRAS ADICIONALES (MANTENIMIENTOS Y OBRAS COLSUBSIDIO) > MANTENIMIENTOS DE PARQUES Y VIAS > MANTENIMIENTO DE PARQUES	PQ-17 - MANTENIMIENTO	M2
1151	NO	ACTIVIDADES POR EJECUTAR > ACTIVIDADES Y OBRAS ADICIONALES (MANTENIMIENTOS Y OBRAS COLSUBSIDIO) > MANTENIMIENTOS DE PARQUES Y VIAS > MANTENIMIENTO DE PARQUES	PQ-18 - MANTENIMIENTO	M2
1152	NO	ACTIVIDADES POR EJECUTAR > ACTIVIDADES Y OBRAS ADICIONALES (MANTENIMIENTOS Y OBRAS COLSUBSIDIO) > MANTENIMIENTOS DE PARQUES Y VIAS > MANTENIMIENTO DE PARQUES	PQ-19 - MANTENIMIENTO	M2
1155	NO	ACTIVIDADES POR EJECUTAR > ACTIVIDADES Y OBRAS ADICIONALES (MANTENIMIENTOS Y OBRAS COLSUBSIDIO) > ACTIVIDADES ADICIONALES (AREA DE PRESUPUESTO DE COLSUBSIDIO) > OBRAS ADICIONALES DEL URBANISMO	REFORESTACION LADERA	GB
1156	NO	ACTIVIDADES POR EJECUTAR > ACTIVIDADES Y OBRAS ADICIONALES (MANTENIMIENTOS Y OBRAS COLSUBSIDIO) > ACTIVIDADES ADICIONALES (AREA DE PRESUPUESTO DE COLSUBSIDIO) > OBRAS ADICIONALES DEL URBANISMO	CERRAMIENTO ANTIINVASION	GB
1157	NO	ACTIVIDADES POR EJECUTAR > ACTIVIDADES Y OBRAS ADICIONALES (MANTENIMIENTOS Y OBRAS COLSUBSIDIO) > ACTIVIDADES ADICIONALES (AREA DE PRESUPUESTO DE COLSUBSIDIO) > OBRAS ADICIONALES DEL URBANISMO	OBRAS CIVILES CONEXIONES LOTE 05 (ZARZAL)	GB
1158	NO	ACTIVIDADES POR EJECUTAR > ACTIVIDADES Y OBRAS ADICIONALES (MANTENIMIENTOS Y OBRAS COLSUBSIDIO) > ACTIVIDADES ADICIONALES (AREA DE PRESUPUESTO DE COLSUBSIDIO) > OBRAS ADICIONALES DEL URBANISMO	HABILITACION LOTES SOBRE COTA ACUEDUCTO 2570 (LOTE 45)	GB
1160	NO	ACTIVIDADES POR EJECUTAR > ACTIVIDADES Y OBRAS ADICIONALES (MANTENIMIENTOS Y OBRAS COLSUBSIDIO) > ACTIVIDADES ADICIONALES (AREA DE PRESUPUESTO DE COLSUBSIDIO) > DESMONTE CAMPAMENTO Y SALA DE VENTAS	ARREGLO LOTE 3 (DESMONTE CAMPAMENTO Y SALA DE VENTAS)	GB
1162	NO	ACTIVIDADES POR EJECUTAR > ACTIVIDADES Y OBRAS ADICIONALES (MANTENIMIENTOS Y OBRAS COLSUBSIDIO) > ACTIVIDADES ADICIONALES (AREA DE PRESUPUESTO DE COLSUBSIDIO) > OBRAS DE MITIGACION	OBRAS DE MITIGACION ETAPA 8	M2
1163	NO	ACTIVIDADES POR EJECUTAR > ACTIVIDADES Y OBRAS ADICIONALES (MANTENIMIENTOS Y OBRAS COLSUBSIDIO) > ACTIVIDADES ADICIONALES (AREA DE PRESUPUESTO DE COLSUBSIDIO) > OBRAS DE MITIGACION	OBRAS DE MITIGACION ETAPA 9	M2
1167	NO	ACTIVIDADES POR EJECUTAR > TRONCAL Y CABEZAL MUÑA > TRONCAL MUÑA > PRELIMINARES	Cerramiento en tela para tramos de ejecucion para la totalidad del proyecto	ML
1168	NO	ACTIVIDADES POR EJECUTAR > TRONCAL Y CABEZAL MUÑA > TRONCAL MUÑA > PRELIMINARES	Acondicionamiento de acopio y campamentos(incluye servicios, logistica y seguridad para totalidad del proyecto)	M2
1169	NO	ACTIVIDADES POR EJECUTAR > TRONCAL Y CABEZAL MUÑA > TRONCAL MUÑA > PRELIMINARES	Construcción lavado de llantas	GLB
1170	NO	ACTIVIDADES POR EJECUTAR > TRONCAL Y CABEZAL MUÑA > TRONCAL MUÑA > PRELIMINARES	PMT(incluye suministro, tramite y personal de obra)	GLB
1171	NO	ACTIVIDADES POR EJECUTAR > TRONCAL Y CABEZAL MUÑA > TRONCAL MUÑA > PRELIMINARES	Comision topografica	MES
1172	NO	ACTIVIDADES POR EJECUTAR > TRONCAL Y CABEZAL MUÑA > TRONCAL MUÑA > PRELIMINARES	Stand-by	DIA
1174	NO	ACTIVIDADES POR EJECUTAR > TRONCAL Y CABEZAL MUÑA > TRONCAL MUÑA > RED TRONCAL MUÑA PERFORACIÓN DIRIGIDA	Instalación de tubería de concreto reforzado mediante tecnología sin zanja Pipe Jacking de DI 900mm	ML
1175	NO	ACTIVIDADES POR EJECUTAR > TRONCAL Y CABEZAL MUÑA > TRONCAL MUÑA > RED TRONCAL MUÑA PERFORACIÓN DIRIGIDA	Suministro de tubería de concreto reforzado DI 900mm tipo Pipe Jacking	ML
1176	NO	ACTIVIDADES POR EJECUTAR > TRONCAL Y CABEZAL MUÑA > TRONCAL MUÑA > RED TRONCAL MUÑA PERFORACIÓN DIRIGIDA	Instalación de tubería de concreto reforzado mediante tecnología sin zanja Pipe Jacking de DI 30"	ML
1177	NO	ACTIVIDADES POR EJECUTAR > TRONCAL Y CABEZAL MUÑA > TRONCAL MUÑA > RED TRONCAL MUÑA PERFORACIÓN DIRIGIDA	Suministro de tubería de concreto reforzado DI 30" tipo Pipe Jacking	ML
1178	NO	ACTIVIDADES POR EJECUTAR > TRONCAL Y CABEZAL MUÑA > TRONCAL MUÑA > RED TRONCAL MUÑA PERFORACIÓN DIRIGIDA	Construcción de pozos de lanzamiento	UN
1179	NO	ACTIVIDADES POR EJECUTAR > TRONCAL Y CABEZAL MUÑA > TRONCAL MUÑA > RED TRONCAL MUÑA PERFORACIÓN DIRIGIDA	Construcción de pozos de salida	UN
1180	NO	ACTIVIDADES POR EJECUTAR > TRONCAL Y CABEZAL MUÑA > TRONCAL MUÑA > RED TRONCAL MUÑA PERFORACIÓN DIRIGIDA	Construcción de pozos intermedios	UN
1182	NO	ACTIVIDADES POR EJECUTAR > TRONCAL Y CABEZAL MUÑA > TRONCAL MUÑA > ZANJA ABIERTA	Excavación mecánica en material común (Incluye cargue, transporte y disposición Final)	M3
1183	NO	ACTIVIDADES POR EJECUTAR > TRONCAL Y CABEZAL MUÑA > TRONCAL MUÑA > ZANJA ABIERTA	Suministro y colocación de triturado 3/4	M3
1184	SI	ACTIVIDADES POR EJECUTAR > TRONCAL Y CABEZAL MUÑA > TRONCAL MUÑA > ZANJA ABIERTA	Suministro y colocación de recebo B-200	M3
1185	NO	ACTIVIDADES POR EJECUTAR > TRONCAL Y CABEZAL MUÑA > TRONCAL MUÑA > ZANJA ABIERTA	Instalación de tubería de alcantarillado en concreto	ML
1186	NO	ACTIVIDADES POR EJECUTAR > TRONCAL Y CABEZAL MUÑA > TRONCAL MUÑA > ZANJA ABIERTA	Entibado para excavaciones >3m	M2
1187	NO	ACTIVIDADES POR EJECUTAR > TRONCAL Y CABEZAL MUÑA > TRONCAL MUÑA > ZANJA ABIERTA	Suministro y colocación de geotextil Tejido 2400	M2
1188	NO	ACTIVIDADES POR EJECUTAR > TRONCAL Y CABEZAL MUÑA > TRONCAL MUÑA > ZANJA ABIERTA	Prueba de hermeticidad	ML
1189	NO	ACTIVIDADES POR EJECUTAR > TRONCAL Y CABEZAL MUÑA > TRONCAL MUÑA > ZANJA ABIERTA	Inspección con cámara para tubería	ML
1190	NO	ACTIVIDADES POR EJECUTAR > TRONCAL Y CABEZAL MUÑA > TRONCAL MUÑA > ZANJA ABIERTA	Transporte de tubería en concreto	KG
1191	NO	ACTIVIDADES POR EJECUTAR > TRONCAL Y CABEZAL MUÑA > TRONCAL MUÑA > ZANJA ABIERTA	Descargue y acopio de tubería en concreto	GB
1192	NO	ACTIVIDADES POR EJECUTAR > TRONCAL Y CABEZAL MUÑA > TRONCAL MUÑA > ZANJA ABIERTA	Suministro de Tubería	ML
1193	NO	ACTIVIDADES POR EJECUTAR > TRONCAL Y CABEZAL MUÑA > TRONCAL MUÑA > ZANJA ABIERTA	Construcción de pozos intermedios	UN
1195	NO	ACTIVIDADES POR EJECUTAR > TRONCAL Y CABEZAL MUÑA > TRONCAL MUÑA > GENERALES	Campaña geotécnica	UN
1196	NO	ACTIVIDADES POR EJECUTAR > TRONCAL Y CABEZAL MUÑA > TRONCAL MUÑA > GENERALES	Identificación de interferencias	UN
1197	NO	ACTIVIDADES POR EJECUTAR > TRONCAL Y CABEZAL MUÑA > TRONCAL MUÑA > GENERALES	Pruebas de hermeticidad y CCTV según norma EAAB de tramos acabados	GB
1199	NO	ACTIVIDADES POR EJECUTAR > TRONCAL Y CABEZAL MUÑA > TRONCAL MUÑA > REPARACIONES DE OBRA	Rotura de anden	M2
1200	NO	ACTIVIDADES POR EJECUTAR > TRONCAL Y CABEZAL MUÑA > TRONCAL MUÑA > REPARACIONES DE OBRA	Reparación (Andenes)	M2
1201	NO	ACTIVIDADES POR EJECUTAR > TRONCAL Y CABEZAL MUÑA > TRONCAL MUÑA > REPARACIONES DE OBRA	Reparación de parques	GLB
1203	NO	ACTIVIDADES POR EJECUTAR > TRONCAL Y CABEZAL MUÑA > TRONCAL MUÑA > IMPREVISTOS 3%	Imprevistos 3%	GLB
1205	NO	ACTIVIDADES POR EJECUTAR > TRONCAL Y CABEZAL MUÑA > TRONCAL MUÑA > INCREMENTOS	Incrementos	GLB
1207	NO	ACTIVIDADES POR EJECUTAR > TRONCAL Y CABEZAL MUÑA > TRONCAL MUÑA > ACTIVIDADES COSTOS INDIRECTOS	Pago de Servidumbres con cuantía	GLB
1208	NO	ACTIVIDADES POR EJECUTAR > TRONCAL Y CABEZAL MUÑA > TRONCAL MUÑA > ACTIVIDADES COSTOS INDIRECTOS	Gastos notariales, beneficencia y registro de Servidumbres	GLB
1209	NO	ACTIVIDADES POR EJECUTAR > TRONCAL Y CABEZAL MUÑA > TRONCAL MUÑA > ACTIVIDADES COSTOS INDIRECTOS	Estudio de gestión predial	GLB
1210	NO	ACTIVIDADES POR EJECUTAR > TRONCAL Y CABEZAL MUÑA > TRONCAL MUÑA > ACTIVIDADES COSTOS INDIRECTOS	Incoporación catastral	GLB
1211	NO	ACTIVIDADES POR EJECUTAR > TRONCAL Y CABEZAL MUÑA > TRONCAL MUÑA > ACTIVIDADES COSTOS INDIRECTOS	Actas de vecindad	GLB
1212	NO	ACTIVIDADES POR EJECUTAR > TRONCAL Y CABEZAL MUÑA > TRONCAL MUÑA > ACTIVIDADES COSTOS INDIRECTOS	Polizas	GLB
1213	NO	ACTIVIDADES POR EJECUTAR > TRONCAL Y CABEZAL MUÑA > TRONCAL MUÑA > ACTIVIDADES COSTOS INDIRECTOS	Gestión Tramites - Asesoria juridica	GLB
1214	NO	ACTIVIDADES POR EJECUTAR > TRONCAL Y CABEZAL MUÑA > TRONCAL MUÑA > ACTIVIDADES COSTOS INDIRECTOS	Gastos de mantenimiento	GLB
1215	NO	ACTIVIDADES POR EJECUTAR > TRONCAL Y CABEZAL MUÑA > TRONCAL MUÑA > ACTIVIDADES COSTOS INDIRECTOS	Tramite PMT y permiso de circulacion de volquetas	GLB
1216	NO	ACTIVIDADES POR EJECUTAR > TRONCAL Y CABEZAL MUÑA > TRONCAL MUÑA > ACTIVIDADES COSTOS INDIRECTOS	Tramite Licencias de intervencion de espacio publico	GLB
1217	NO	ACTIVIDADES POR EJECUTAR > TRONCAL Y CABEZAL MUÑA > TRONCAL MUÑA > ACTIVIDADES COSTOS INDIRECTOS	Arqueologicos	MES
1218	NO	ACTIVIDADES POR EJECUTAR > TRONCAL Y CABEZAL MUÑA > TRONCAL MUÑA > ACTIVIDADES COSTOS INDIRECTOS	Planos record	GLB
1220	NO	ACTIVIDADES POR EJECUTAR > TRONCAL Y CABEZAL MUÑA > TRONCAL MUÑA > HONORARIOS	Honorarios Interventoría	GLB
1221	NO	ACTIVIDADES POR EJECUTAR > TRONCAL Y CABEZAL MUÑA > TRONCAL MUÑA > HONORARIOS	Honorarios Tramitador (Entrega obras Acueducto)	GLB
1223	NO	ACTIVIDADES POR EJECUTAR > TRONCAL Y CABEZAL MUÑA > TRONCAL MUÑA > OTROS GASTOS (COSTOS FINANCIEROS)	Impuesto 4x1000	GLB
1224	NO	ACTIVIDADES POR EJECUTAR > TRONCAL Y CABEZAL MUÑA > TRONCAL MUÑA > OTROS GASTOS (COSTOS FINANCIEROS)	Apertura Fideicomiso	GLB
1225	NO	ACTIVIDADES POR EJECUTAR > TRONCAL Y CABEZAL MUÑA > TRONCAL MUÑA > OTROS GASTOS (COSTOS FINANCIEROS)	Costo Fideicomiso	MES
1228	NO	ACTIVIDADES POR EJECUTAR > TRONCAL Y CABEZAL MUÑA > CABEZAL DE DESCARGA > PRELIMINARES Y LOGISTICA	CERRAMIENTO PROVISIONAL EN POLISOMBRA H=2.20MTS	ML
1229	NO	ACTIVIDADES POR EJECUTAR > TRONCAL Y CABEZAL MUÑA > CABEZAL DE DESCARGA > PRELIMINARES Y LOGISTICA	CAMPAMENTO DE OBRA - CONTENEDOR OFICINAS 12FT (1 UN - 6 MESES)	MES
1230	NO	ACTIVIDADES POR EJECUTAR > TRONCAL Y CABEZAL MUÑA > CABEZAL DE DESCARGA > PRELIMINARES Y LOGISTICA	INSTALACIÓN PROVISIONAL DE ACUEDUCTO (SUMINISTRO CARROTANQUE)	MES
1231	NO	ACTIVIDADES POR EJECUTAR > TRONCAL Y CABEZAL MUÑA > CABEZAL DE DESCARGA > PRELIMINARES Y LOGISTICA	INSTALACIÓN PROVISIONAL DE ENERGÍA (PLANTA + COMBUSTIBLE)	MES
1232	NO	ACTIVIDADES POR EJECUTAR > TRONCAL Y CABEZAL MUÑA > CABEZAL DE DESCARGA > PRELIMINARES Y LOGISTICA	SEÑALIZACIÓN PMT (VERTICAL Y HORIZONTAL)	GLB
1233	NO	ACTIVIDADES POR EJECUTAR > TRONCAL Y CABEZAL MUÑA > CABEZAL DE DESCARGA > PRELIMINARES Y LOGISTICA	ELABORACION PLAN MANEJO DE TRANSITO	UN
1234	NO	ACTIVIDADES POR EJECUTAR > TRONCAL Y CABEZAL MUÑA > CABEZAL DE DESCARGA > PRELIMINARES Y LOGISTICA	ELABORACION PLAN MANEJO AMBIENTAL	UN
1235	NO	ACTIVIDADES POR EJECUTAR > TRONCAL Y CABEZAL MUÑA > CABEZAL DE DESCARGA > PRELIMINARES Y LOGISTICA	CONSTRUCCION CARRETEABLE ACCESO Y SALIDA DEL PROYECTO - ANCHO=5.00M (INC. MEJORAMIENTO DE RAJON E=0.45M Y SELLO EN MATERIAL SELECCIONADO E=0.20M)	ML
1236	NO	ACTIVIDADES POR EJECUTAR > TRONCAL Y CABEZAL MUÑA > CABEZAL DE DESCARGA > PRELIMINARES Y LOGISTICA	Demolicion cabezal existente de entrada	M3
1237	NO	ACTIVIDADES POR EJECUTAR > TRONCAL Y CABEZAL MUÑA > CABEZAL DE DESCARGA > PRELIMINARES Y LOGISTICA	Comision topografica	MES
1238	NO	ACTIVIDADES POR EJECUTAR > TRONCAL Y CABEZAL MUÑA > CABEZAL DE DESCARGA > PRELIMINARES Y LOGISTICA	ENSAYOS DE CALIDAD	GLB
1240	SI	ACTIVIDADES POR EJECUTAR > TRONCAL Y CABEZAL MUÑA > CABEZAL DE DESCARGA > RED DE DESCARGA GRP	Excavación mecánica en material común (Incluye cargue, transporte y disposición externa)	M3
1241	NO	ACTIVIDADES POR EJECUTAR > TRONCAL Y CABEZAL MUÑA > CABEZAL DE DESCARGA > RED DE DESCARGA GRP	Suministro y colocación de triturado 3/4	M3
1242	SI	ACTIVIDADES POR EJECUTAR > TRONCAL Y CABEZAL MUÑA > CABEZAL DE DESCARGA > RED DE DESCARGA GRP	Suministro y colocación de recebo B-200	M3
1243	NO	ACTIVIDADES POR EJECUTAR > TRONCAL Y CABEZAL MUÑA > CABEZAL DE DESCARGA > RED DE DESCARGA GRP	Entibado para excavaciones >3m	M2
1244	NO	ACTIVIDADES POR EJECUTAR > TRONCAL Y CABEZAL MUÑA > CABEZAL DE DESCARGA > RED DE DESCARGA GRP	Suministro y colocación de geotextil Tejido 2400	M2
1245	NO	ACTIVIDADES POR EJECUTAR > TRONCAL Y CABEZAL MUÑA > CABEZAL DE DESCARGA > RED DE DESCARGA GRP	Prueba de hermeticidad	ML
1246	NO	ACTIVIDADES POR EJECUTAR > TRONCAL Y CABEZAL MUÑA > CABEZAL DE DESCARGA > RED DE DESCARGA GRP	Inspección con cámara para tubería	ML
1247	NO	ACTIVIDADES POR EJECUTAR > TRONCAL Y CABEZAL MUÑA > CABEZAL DE DESCARGA > RED DE DESCARGA GRP	Descargue y acopio de tubería	KG
1248	NO	ACTIVIDADES POR EJECUTAR > TRONCAL Y CABEZAL MUÑA > CABEZAL DE DESCARGA > RED DE DESCARGA GRP	Suministro de Tubería GRP 92"	ML
1249	NO	ACTIVIDADES POR EJECUTAR > TRONCAL Y CABEZAL MUÑA > CABEZAL DE DESCARGA > RED DE DESCARGA GRP	Suministro de Tubería GRP 48"	ML
1250	NO	ACTIVIDADES POR EJECUTAR > TRONCAL Y CABEZAL MUÑA > CABEZAL DE DESCARGA > RED DE DESCARGA GRP	Uniones GRP para tuberia de 48"	UN
1251	NO	ACTIVIDADES POR EJECUTAR > TRONCAL Y CABEZAL MUÑA > CABEZAL DE DESCARGA > RED DE DESCARGA GRP	Uniones GRP para tuberia de 92"	UN
1252	NO	ACTIVIDADES POR EJECUTAR > TRONCAL Y CABEZAL MUÑA > CABEZAL DE DESCARGA > RED DE DESCARGA GRP	CAMARA GRP 2500 * 2500 * 1200 (INCLUYE TUBERIA , CHIMENEA 2.5M Y ACCESORIOS. INCLUYE TRANSPORTE, SUMINISTRO E INSTALACION.	UN
1254	NO	ACTIVIDADES POR EJECUTAR > TRONCAL Y CABEZAL MUÑA > CABEZAL DE DESCARGA > CABEZAL 1	SC - Excavación maquina, incluye retiro escombros	M3
1255	NO	ACTIVIDADES POR EJECUTAR > TRONCAL Y CABEZAL MUÑA > CABEZAL DE DESCARGA > CABEZAL 1	SC - Descapote de terreno	M2
1256	NO	ACTIVIDADES POR EJECUTAR > TRONCAL Y CABEZAL MUÑA > CABEZAL DE DESCARGA > CABEZAL 1	SC - Mejoramiento en rajon	M3
1257	NO	ACTIVIDADES POR EJECUTAR > TRONCAL Y CABEZAL MUÑA > CABEZAL DE DESCARGA > CABEZAL 1	SC-Entibado laterales taludes	M2
1258	NO	ACTIVIDADES POR EJECUTAR > TRONCAL Y CABEZAL MUÑA > CABEZAL DE DESCARGA > CABEZAL 1	SC - Relleno con material granular	M3
1259	NO	ACTIVIDADES POR EJECUTAR > TRONCAL Y CABEZAL MUÑA > CABEZAL DE DESCARGA > CABEZAL 1	SC - geotextil no tejido	M2
1260	NO	ACTIVIDADES POR EJECUTAR > TRONCAL Y CABEZAL MUÑA > CABEZAL DE DESCARGA > CABEZAL 1	SC - localizacion y replanteo	M2
1261	NO	ACTIVIDADES POR EJECUTAR > TRONCAL Y CABEZAL MUÑA > CABEZAL DE DESCARGA > CABEZAL 1	MAT - Concreto pobre 1500 psi	M3
1262	NO	ACTIVIDADES POR EJECUTAR > TRONCAL Y CABEZAL MUÑA > CABEZAL DE DESCARGA > CABEZAL 1	MAT - Concreto industrializado 4000 psi	M3
1263	NO	ACTIVIDADES POR EJECUTAR > TRONCAL Y CABEZAL MUÑA > CABEZAL DE DESCARGA > CABEZAL 1	MAT - Concreto tremie 4000 psi	M3
1264	NO	ACTIVIDADES POR EJECUTAR > TRONCAL Y CABEZAL MUÑA > CABEZAL DE DESCARGA > CABEZAL 1	sc-Bombeo de concreto	M3
1265	NO	ACTIVIDADES POR EJECUTAR > TRONCAL Y CABEZAL MUÑA > CABEZAL DE DESCARGA > CABEZAL 1	MO - Concreto de limpieza	M2
1266	NO	ACTIVIDADES POR EJECUTAR > TRONCAL Y CABEZAL MUÑA > CABEZAL DE DESCARGA > CABEZAL 1	MO - Box Culvert(Incluye formaleta y consumible)	M3
1267	NO	ACTIVIDADES POR EJECUTAR > TRONCAL Y CABEZAL MUÑA > CABEZAL DE DESCARGA > CABEZAL 1	MO - Pilote Preexcavado ø50cm	ML
1268	NO	ACTIVIDADES POR EJECUTAR > TRONCAL Y CABEZAL MUÑA > CABEZAL DE DESCARGA > CABEZAL 1	Movilizacion equipos pilotaje hinca y prebarrena	UN
1269	NO	ACTIVIDADES POR EJECUTAR > TRONCAL Y CABEZAL MUÑA > CABEZAL DE DESCARGA > CABEZAL 1	MAT - Hierro 60000 PSI	KG
1270	NO	ACTIVIDADES POR EJECUTAR > TRONCAL Y CABEZAL MUÑA > CABEZAL DE DESCARGA > CABEZAL 1	MAT - Alambre negro	KG
1271	NO	ACTIVIDADES POR EJECUTAR > TRONCAL Y CABEZAL MUÑA > CABEZAL DE DESCARGA > CABEZAL 1	MO - Manejo de hierro	KG
1273	NO	ACTIVIDADES POR EJECUTAR > TRONCAL Y CABEZAL MUÑA > CABEZAL DE DESCARGA > CAMARA 1	SC - Excavación maquina, incluye retiro escombros	M3
1274	NO	ACTIVIDADES POR EJECUTAR > TRONCAL Y CABEZAL MUÑA > CABEZAL DE DESCARGA > CAMARA 1	SC - Descapote de terreno	M2
1275	NO	ACTIVIDADES POR EJECUTAR > TRONCAL Y CABEZAL MUÑA > CABEZAL DE DESCARGA > CAMARA 1	SC - Mejoramiento en rajon	M3
1276	NO	ACTIVIDADES POR EJECUTAR > TRONCAL Y CABEZAL MUÑA > CABEZAL DE DESCARGA > CAMARA 1	SC-Entibado laterales taludes	M2
1277	NO	ACTIVIDADES POR EJECUTAR > TRONCAL Y CABEZAL MUÑA > CABEZAL DE DESCARGA > CAMARA 1	SC - Relleno con material granular	M3
1278	NO	ACTIVIDADES POR EJECUTAR > TRONCAL Y CABEZAL MUÑA > CABEZAL DE DESCARGA > CAMARA 1	SC - localizacion y replanteo	M2
1279	NO	ACTIVIDADES POR EJECUTAR > TRONCAL Y CABEZAL MUÑA > CABEZAL DE DESCARGA > CAMARA 1	MAT - Concreto pobre 1500 psi	M3
1280	NO	ACTIVIDADES POR EJECUTAR > TRONCAL Y CABEZAL MUÑA > CABEZAL DE DESCARGA > CAMARA 1	MAT - Concreto industrializado 4000 psi	M3
1281	NO	ACTIVIDADES POR EJECUTAR > TRONCAL Y CABEZAL MUÑA > CABEZAL DE DESCARGA > CAMARA 1	sc-Bombeo de concreto	M3
1282	NO	ACTIVIDADES POR EJECUTAR > TRONCAL Y CABEZAL MUÑA > CABEZAL DE DESCARGA > CAMARA 1	SC-Cinta PVC	ML
1283	NO	ACTIVIDADES POR EJECUTAR > TRONCAL Y CABEZAL MUÑA > CABEZAL DE DESCARGA > CAMARA 1	MO - Concreto de limpieza	M2
1284	NO	ACTIVIDADES POR EJECUTAR > TRONCAL Y CABEZAL MUÑA > CABEZAL DE DESCARGA > CAMARA 1	MO - Box Culvert(Incluye formaleta y consumible)	M3
1285	NO	ACTIVIDADES POR EJECUTAR > TRONCAL Y CABEZAL MUÑA > CABEZAL DE DESCARGA > CAMARA 1	MAT - Hierro 60000 PSI	KG
1286	NO	ACTIVIDADES POR EJECUTAR > TRONCAL Y CABEZAL MUÑA > CABEZAL DE DESCARGA > CAMARA 1	MAT - Alambre negro	KG
1287	NO	ACTIVIDADES POR EJECUTAR > TRONCAL Y CABEZAL MUÑA > CABEZAL DE DESCARGA > CAMARA 1	MO - Manejo de hierro	KG
1289	NO	ACTIVIDADES POR EJECUTAR > TRONCAL Y CABEZAL MUÑA > CABEZAL DE DESCARGA > CAMARA 2	SC - Excavación maquina, incluye retiro escombros	M3
1290	NO	ACTIVIDADES POR EJECUTAR > TRONCAL Y CABEZAL MUÑA > CABEZAL DE DESCARGA > CAMARA 2	SC - Descapote de terreno	M2
1291	NO	ACTIVIDADES POR EJECUTAR > TRONCAL Y CABEZAL MUÑA > CABEZAL DE DESCARGA > CAMARA 2	SC - Mejoramiento en rajon	M3
1292	NO	ACTIVIDADES POR EJECUTAR > TRONCAL Y CABEZAL MUÑA > CABEZAL DE DESCARGA > CAMARA 2	SC-Entibado laterales taludes	M2
1293	NO	ACTIVIDADES POR EJECUTAR > TRONCAL Y CABEZAL MUÑA > CABEZAL DE DESCARGA > CAMARA 2	SC - Relleno con material granular	M3
1294	NO	ACTIVIDADES POR EJECUTAR > TRONCAL Y CABEZAL MUÑA > CABEZAL DE DESCARGA > CAMARA 2	SC - localizacion y replanteo	M2
1295	NO	ACTIVIDADES POR EJECUTAR > TRONCAL Y CABEZAL MUÑA > CABEZAL DE DESCARGA > CAMARA 2	MAT - Concreto pobre 1500 psi	M3
1296	NO	ACTIVIDADES POR EJECUTAR > TRONCAL Y CABEZAL MUÑA > CABEZAL DE DESCARGA > CAMARA 2	MAT - Concreto industrializado 4000 psi	M3
1297	NO	ACTIVIDADES POR EJECUTAR > TRONCAL Y CABEZAL MUÑA > CABEZAL DE DESCARGA > CAMARA 2	sc-Bombeo de concreto	M3
1298	NO	ACTIVIDADES POR EJECUTAR > TRONCAL Y CABEZAL MUÑA > CABEZAL DE DESCARGA > CAMARA 2	SC-Cinta PVC	ML
1299	NO	ACTIVIDADES POR EJECUTAR > TRONCAL Y CABEZAL MUÑA > CABEZAL DE DESCARGA > CAMARA 2	MO - Concreto de limpieza	M2
1300	NO	ACTIVIDADES POR EJECUTAR > TRONCAL Y CABEZAL MUÑA > CABEZAL DE DESCARGA > CAMARA 2	MO - Box Culvert(Incluye formaleta y consumible)	M3
1301	NO	ACTIVIDADES POR EJECUTAR > TRONCAL Y CABEZAL MUÑA > CABEZAL DE DESCARGA > CAMARA 2	MAT - Hierro 60000 PSI	KG
1302	NO	ACTIVIDADES POR EJECUTAR > TRONCAL Y CABEZAL MUÑA > CABEZAL DE DESCARGA > CAMARA 2	MAT - Alambre negro	KG
1303	NO	ACTIVIDADES POR EJECUTAR > TRONCAL Y CABEZAL MUÑA > CABEZAL DE DESCARGA > CAMARA 2	MO - Manejo de hierro	KG
1305	NO	ACTIVIDADES POR EJECUTAR > TRONCAL Y CABEZAL MUÑA > CABEZAL DE DESCARGA > COMPLEMENTARIOS	Planos record	GB
1306	NO	ACTIVIDADES POR EJECUTAR > TRONCAL Y CABEZAL MUÑA > CABEZAL DE DESCARGA > COMPLEMENTARIOS	PRUEBAS HERMETICIDAD-CCTV	UN
1307	NO	ACTIVIDADES POR EJECUTAR > TRONCAL Y CABEZAL MUÑA > CABEZAL DE DESCARGA > COMPLEMENTARIOS	HSEQ	UN
1308	NO	ACTIVIDADES POR EJECUTAR > TRONCAL Y CABEZAL MUÑA > CABEZAL DE DESCARGA > COMPLEMENTARIOS	PALETEROS	MES
1309	NO	ACTIVIDADES POR EJECUTAR > TRONCAL Y CABEZAL MUÑA > CABEZAL DE DESCARGA > COMPLEMENTARIOS	POLIZAS - PARA CONTRATO DE URBANISMO CON EL ADMON DELEGADO	GB
1310	NO	ACTIVIDADES POR EJECUTAR > TRONCAL Y CABEZAL MUÑA > CABEZAL DE DESCARGA > COMPLEMENTARIOS	TRAMITE ENTREGA CAR	GB
1311	NO	ACTIVIDADES POR EJECUTAR > TRONCAL Y CABEZAL MUÑA > CABEZAL DE DESCARGA > COMPLEMENTARIOS	VIGILANCIA MIENTRAS SE ENTREGAN LAS OBRAS	MES
1313	NO	ACTIVIDADES POR EJECUTAR > TRONCAL Y CABEZAL MUÑA > CABEZAL DE DESCARGA > IMPREVISTOS	IMPREVISTOS	%
1317	NO	ACTIVIDADES POR EJECUTAR > PTAR (BOMBAS PARA PTAR) > PTAR > BOMBAS PARA ESTACION ELEVADORA	PTAR BOMBAS PARA ESTACION ELEVADORA	GB
1321	NO	ACTIVIDADES POR EJECUTAR > ALMA CAFÉ > RED SUMINISTRO ALMA CAFÉ > TUBERIA Y ACCESORIOS	TUBERIA PVC-RDE21 4"	ML
1322	NO	ACTIVIDADES POR EJECUTAR > ALMA CAFÉ > RED SUMINISTRO ALMA CAFÉ > TUBERIA Y ACCESORIOS	TUBERIA PVC-RDE21 1"	ML
1323	NO	ACTIVIDADES POR EJECUTAR > ALMA CAFÉ > RED SUMINISTRO ALMA CAFÉ > TUBERIA Y ACCESORIOS	ACCESORIOS 4"	UND
1324	NO	ACTIVIDADES POR EJECUTAR > ALMA CAFÉ > RED SUMINISTRO ALMA CAFÉ > TUBERIA Y ACCESORIOS	ACCESORIOS 1"	UND
1325	NO	ACTIVIDADES POR EJECUTAR > ALMA CAFÉ > RED SUMINISTRO ALMA CAFÉ > TUBERIA Y ACCESORIOS	MACROMEDIDOR 4	UND
1326	NO	ACTIVIDADES POR EJECUTAR > ALMA CAFÉ > RED SUMINISTRO ALMA CAFÉ > TUBERIA Y ACCESORIOS	VALVULA 1"	UND
1327	NO	ACTIVIDADES POR EJECUTAR > ALMA CAFÉ > RED SUMINISTRO ALMA CAFÉ > TUBERIA Y ACCESORIOS	SUMINISTRO E INSTALACIÓN CINTA PREVENTIVA REDES	ML
1328	NO	ACTIVIDADES POR EJECUTAR > ALMA CAFÉ > RED SUMINISTRO ALMA CAFÉ > TUBERIA Y ACCESORIOS	EMPATE A PUNTO DE CONEXIÓN (INCLUYE UNIONES DE REPARACION Y ACCESORIOS)	GB
1330	NO	ACTIVIDADES POR EJECUTAR > ALMA CAFÉ > RED SUMINISTRO ALMA CAFÉ > MOVIMIENTO DE TIERRAS	EXCAVACIÓN MANUAL, INCLUYE RETIRO INTERNO DE ESCOMBROS	M3
1331	NO	ACTIVIDADES POR EJECUTAR > ALMA CAFÉ > RED SUMINISTRO ALMA CAFÉ > MOVIMIENTO DE TIERRAS	RELLENO EN ARENA DE PEÑA	M3
1332	NO	ACTIVIDADES POR EJECUTAR > ALMA CAFÉ > RED SUMINISTRO ALMA CAFÉ > MOVIMIENTO DE TIERRAS	RELLENO EN RECEBO B-200	M3
1334	NO	ACTIVIDADES POR EJECUTAR > ALMA CAFÉ > RED SUMINISTRO ALMA CAFÉ > OBRAS COMPLEMENTARIAS	PLAN DE MANEJO DE TRAFICO	UND
1335	NO	ACTIVIDADES POR EJECUTAR > ALMA CAFÉ > RED SUMINISTRO ALMA CAFÉ > OBRAS COMPLEMENTARIAS	CERRAMIENTO POLISOMBRA	M2
1336	NO	ACTIVIDADES POR EJECUTAR > ALMA CAFÉ > RED SUMINISTRO ALMA CAFÉ > OBRAS COMPLEMENTARIAS	CARCAMO	ML
1337	NO	ACTIVIDADES POR EJECUTAR > ALMA CAFÉ > RED SUMINISTRO ALMA CAFÉ > OBRAS COMPLEMENTARIAS	REPARACIONES VIALES	M2
1341	NO	ACTIVIDADES POR EJECUTAR > CASONA > RESTAURACION Y AMPLIACION DE LA CASONA > OBRAS ADICIONALES CASONA	RESTAURACION Y AMPLIACION DE LA CASONA	GB
1345	NO	ACTIVIDADES POR EJECUTAR > CONSTRUCCION PTAR > PTAR > FASES DE CONSTRUCCION (2025-2029)	PTAR FASE III (2025)	GB
1346	NO	ACTIVIDADES POR EJECUTAR > CONSTRUCCION PTAR > PTAR > FASES DE CONSTRUCCION (2025-2029)	PTAR FASE IV (2027)	GB
1347	NO	ACTIVIDADES POR EJECUTAR > CONSTRUCCION PTAR > PTAR > FASES DE CONSTRUCCION (2025-2029)	PTAR FASE V (2029)	GB
1351	NO	ACTIVIDADES POR EJECUTAR > IMPREVISTOS > IMPREVISTOS > IMPREVISTOS GENERALES POR SUBETAPA	IMPREVISTOS SUBETAPA 1	%
1352	NO	ACTIVIDADES POR EJECUTAR > IMPREVISTOS > IMPREVISTOS > IMPREVISTOS GENERALES POR SUBETAPA	IMPREVISTOS SUBETAPA 2	%
1353	NO	ACTIVIDADES POR EJECUTAR > IMPREVISTOS > IMPREVISTOS > IMPREVISTOS GENERALES POR SUBETAPA	IMPREVISTOS SUBETAPA 3	%
1354	NO	ACTIVIDADES POR EJECUTAR > IMPREVISTOS > IMPREVISTOS > IMPREVISTOS GENERALES POR SUBETAPA	IMPREVISTOS SUBETAPA 3A	%
1355	NO	ACTIVIDADES POR EJECUTAR > IMPREVISTOS > IMPREVISTOS > IMPREVISTOS GENERALES POR SUBETAPA	IMPREVISTOS SUBETAPA 3B	%
1356	NO	ACTIVIDADES POR EJECUTAR > IMPREVISTOS > IMPREVISTOS > IMPREVISTOS GENERALES POR SUBETAPA	IMPREVISTOS SUBETAPA 4	%
1357	NO	ACTIVIDADES POR EJECUTAR > IMPREVISTOS > IMPREVISTOS > IMPREVISTOS GENERALES POR SUBETAPA	IMPREVISTOS SUBETAPA 4A	%
1358	NO	ACTIVIDADES POR EJECUTAR > IMPREVISTOS > IMPREVISTOS > IMPREVISTOS GENERALES POR SUBETAPA	IMPREVISTOS SUBETAPA 4B	%
1359	NO	ACTIVIDADES POR EJECUTAR > IMPREVISTOS > IMPREVISTOS > IMPREVISTOS GENERALES POR SUBETAPA	IMPREVISTOS SUBETAPA 4C	%
1360	NO	ACTIVIDADES POR EJECUTAR > IMPREVISTOS > IMPREVISTOS > IMPREVISTOS GENERALES POR SUBETAPA	IMPREVISTOS SUBETAPA 4D	%
1361	NO	ACTIVIDADES POR EJECUTAR > IMPREVISTOS > IMPREVISTOS > IMPREVISTOS GENERALES POR SUBETAPA	IMPREVISTOS SUBETAPA 4E	%
1362	NO	ACTIVIDADES POR EJECUTAR > IMPREVISTOS > IMPREVISTOS > IMPREVISTOS GENERALES POR SUBETAPA	IMPREVISTOS SUBETAPA 4F	%
1363	NO	ACTIVIDADES POR EJECUTAR > IMPREVISTOS > IMPREVISTOS > IMPREVISTOS GENERALES POR SUBETAPA	IMPREVISTOS SUBETAPA 5	%
1364	NO	ACTIVIDADES POR EJECUTAR > IMPREVISTOS > IMPREVISTOS > IMPREVISTOS GENERALES POR SUBETAPA	IMPREVISTOS SUBETAPA 5A	%
1365	NO	ACTIVIDADES POR EJECUTAR > IMPREVISTOS > IMPREVISTOS > IMPREVISTOS GENERALES POR SUBETAPA	IMPREVISTOS SUBETAPA 5B	%
1366	NO	ACTIVIDADES POR EJECUTAR > IMPREVISTOS > IMPREVISTOS > IMPREVISTOS GENERALES POR SUBETAPA	IMPREVISTOS SUBETAPA 5C	%
1367	NO	ACTIVIDADES POR EJECUTAR > IMPREVISTOS > IMPREVISTOS > IMPREVISTOS GENERALES POR SUBETAPA	IMPREVISTOS SUBETAPA 5D	%
1368	NO	ACTIVIDADES POR EJECUTAR > IMPREVISTOS > IMPREVISTOS > IMPREVISTOS GENERALES POR SUBETAPA	IMPREVISTOS SUBETAPA 5E	%
1369	NO	ACTIVIDADES POR EJECUTAR > IMPREVISTOS > IMPREVISTOS > IMPREVISTOS GENERALES POR SUBETAPA	IMPREVISTOS SUBETAPA 5F	%
1370	NO	ACTIVIDADES POR EJECUTAR > IMPREVISTOS > IMPREVISTOS > IMPREVISTOS GENERALES POR SUBETAPA	IMPREVISTOS SUBETAPA 5G	%
1371	NO	ACTIVIDADES POR EJECUTAR > IMPREVISTOS > IMPREVISTOS > IMPREVISTOS GENERALES POR SUBETAPA	IMPREVISTOS SUBETAPA 6	%
1372	NO	ACTIVIDADES POR EJECUTAR > IMPREVISTOS > IMPREVISTOS > IMPREVISTOS GENERALES POR SUBETAPA	IMPREVISTOS SUBETAPA 7	%
1373	NO	ACTIVIDADES POR EJECUTAR > IMPREVISTOS > IMPREVISTOS > IMPREVISTOS GENERALES POR SUBETAPA	IMPREVISTOS SUBETAPA 8	%
1374	NO	ACTIVIDADES POR EJECUTAR > IMPREVISTOS > IMPREVISTOS > IMPREVISTOS GENERALES POR SUBETAPA	IMPREVISTOS SUBETAPA 8A	%
1375	NO	ACTIVIDADES POR EJECUTAR > IMPREVISTOS > IMPREVISTOS > IMPREVISTOS GENERALES POR SUBETAPA	IMPREVISTOS SUBETAPA 8B	%
1376	NO	ACTIVIDADES POR EJECUTAR > IMPREVISTOS > IMPREVISTOS > IMPREVISTOS GENERALES POR SUBETAPA	IMPREVISTOS SUBETAPA 8C	%
1377	NO	ACTIVIDADES POR EJECUTAR > IMPREVISTOS > IMPREVISTOS > IMPREVISTOS GENERALES POR SUBETAPA	IMPREVISTOS SUBETAPA 8D	%
1378	NO	ACTIVIDADES POR EJECUTAR > IMPREVISTOS > IMPREVISTOS > IMPREVISTOS GENERALES POR SUBETAPA	IMPREVISTOS SUBETAPA 9	%
1379	NO	ACTIVIDADES POR EJECUTAR > IMPREVISTOS > IMPREVISTOS > IMPREVISTOS GENERALES POR SUBETAPA	IMPREVISTOS SUBETAPA 9A	%
1380	NO	ACTIVIDADES POR EJECUTAR > IMPREVISTOS > IMPREVISTOS > IMPREVISTOS GENERALES POR SUBETAPA	IMPREVISTOS SUBETAPA 9B	%
1381	NO	ACTIVIDADES POR EJECUTAR > IMPREVISTOS > IMPREVISTOS > IMPREVISTOS GENERALES POR SUBETAPA	IMPREVISTOS SUBETAPA 9C	%
1382	NO	ACTIVIDADES POR EJECUTAR > IMPREVISTOS > IMPREVISTOS > IMPREVISTOS GENERALES POR SUBETAPA	IMPREVISTOS SUBETAPA 9D	%
1383	NO	ACTIVIDADES POR EJECUTAR > IMPREVISTOS > IMPREVISTOS > IMPREVISTOS GENERALES POR SUBETAPA	IMPREVISTOS SUBETAPA 9E	%
1384	NO	ACTIVIDADES POR EJECUTAR > IMPREVISTOS > IMPREVISTOS > IMPREVISTOS GENERALES POR SUBETAPA	IMPREVISTOS GENERAL	%
1389	NO	PTAR (ADMINISTRACION - OPERACION) > OPERACIÓN PTAR (AGOSTO 2023 - AGOSTO 2029) > OPERACION ANUAL > OPERACION ANUAL	OPERACIÓN PTAR (AGOSTO 2025 - AGOSTO 2026)	AÑO
1390	NO	PTAR (ADMINISTRACION - OPERACION) > OPERACIÓN PTAR (AGOSTO 2023 - AGOSTO 2029) > OPERACION ANUAL > OPERACION ANUAL	OPERACIÓN PTAR (AGOSTO 2026 - AGOSTO 2027)	AÑO
1391	NO	PTAR (ADMINISTRACION - OPERACION) > OPERACIÓN PTAR (AGOSTO 2023 - AGOSTO 2029) > OPERACION ANUAL > OPERACION ANUAL	OPERACIÓN PTAR (AGOSTO 2027 - AGOSTO 2028)	AÑO
1392	NO	PTAR (ADMINISTRACION - OPERACION) > OPERACIÓN PTAR (AGOSTO 2023 - AGOSTO 2029) > OPERACION ANUAL > OPERACION ANUAL	OPERACIÓN PTAR (AGOSTO 2028 - AGOSTO 2029)	AÑO
1397	NO	HUMEDALES (EL VINCULO - COLA DE TIERRA BLANCA) > MANTENIMIENTO HUMEDAL (2023 - 2030) > MANTENIMIENTO HUMEDAL (2026) > MANTENIMIENTO HUMEDAL (2026)	LIMPIEZA PERIODICA	GL
1398	NO	HUMEDALES (EL VINCULO - COLA DE TIERRA BLANCA) > MANTENIMIENTO HUMEDAL (2023 - 2030) > MANTENIMIENTO HUMEDAL (2026) > MANTENIMIENTO HUMEDAL (2026)	SEGUIMIENTO Y MONITORIEO	GL
1399	NO	HUMEDALES (EL VINCULO - COLA DE TIERRA BLANCA) > MANTENIMIENTO HUMEDAL (2023 - 2030) > MANTENIMIENTO HUMEDAL (2026) > MANTENIMIENTO HUMEDAL (2026)	PROGRAMA DE EDUCACION AMBIENTAL	GL
1400	NO	HUMEDALES (EL VINCULO - COLA DE TIERRA BLANCA) > MANTENIMIENTO HUMEDAL (2023 - 2030) > MANTENIMIENTO HUMEDAL (2026) > MANTENIMIENTO HUMEDAL (2026)	LIMPIEZA DE LODOS	GL
1403	NO	HUMEDALES (EL VINCULO - COLA DE TIERRA BLANCA) > MANTENIMIENTO HUMEDAL (2023 - 2030) > MANTENIMIENTO HUMEDAL (2027) > MANTENIMIENTO HUMEDAL (2027)	LIMPIEZA PERIODICA	GL
1404	NO	HUMEDALES (EL VINCULO - COLA DE TIERRA BLANCA) > MANTENIMIENTO HUMEDAL (2023 - 2030) > MANTENIMIENTO HUMEDAL (2027) > MANTENIMIENTO HUMEDAL (2027)	SEGUIMIENTO Y MONITORIEO	GL
1405	NO	HUMEDALES (EL VINCULO - COLA DE TIERRA BLANCA) > MANTENIMIENTO HUMEDAL (2023 - 2030) > MANTENIMIENTO HUMEDAL (2027) > MANTENIMIENTO HUMEDAL (2027)	PROGRAMA DE EDUCACION AMBIENTAL	GL
1406	NO	HUMEDALES (EL VINCULO - COLA DE TIERRA BLANCA) > MANTENIMIENTO HUMEDAL (2023 - 2030) > MANTENIMIENTO HUMEDAL (2027) > MANTENIMIENTO HUMEDAL (2027)	LIMPIEZA DE LODOS	GL
1409	NO	HUMEDALES (EL VINCULO - COLA DE TIERRA BLANCA) > MANTENIMIENTO HUMEDAL (2023 - 2030) > MANTENIMIENTO HUMEDAL (2028) > MANTENIMIENTO HUMEDAL (2028)	LIMPIEZA PERIODICA	GL
1410	NO	HUMEDALES (EL VINCULO - COLA DE TIERRA BLANCA) > MANTENIMIENTO HUMEDAL (2023 - 2030) > MANTENIMIENTO HUMEDAL (2028) > MANTENIMIENTO HUMEDAL (2028)	SEGUIMIENTO Y MONITORIEO	GL
1411	NO	HUMEDALES (EL VINCULO - COLA DE TIERRA BLANCA) > MANTENIMIENTO HUMEDAL (2023 - 2030) > MANTENIMIENTO HUMEDAL (2028) > MANTENIMIENTO HUMEDAL (2028)	PROGRAMA DE EDUCACION AMBIENTAL	GL
1412	NO	HUMEDALES (EL VINCULO - COLA DE TIERRA BLANCA) > MANTENIMIENTO HUMEDAL (2023 - 2030) > MANTENIMIENTO HUMEDAL (2028) > MANTENIMIENTO HUMEDAL (2028)	LIMPIEZA DE LODOS	GL
1415	NO	HUMEDALES (EL VINCULO - COLA DE TIERRA BLANCA) > MANTENIMIENTO HUMEDAL (2023 - 2030) > MANTENIMIENTO HUMEDAL (2029) > MANTENIMIENTO HUMEDAL (2029)	LIMPIEZA PERIODICA	GL
1416	NO	HUMEDALES (EL VINCULO - COLA DE TIERRA BLANCA) > MANTENIMIENTO HUMEDAL (2023 - 2030) > MANTENIMIENTO HUMEDAL (2029) > MANTENIMIENTO HUMEDAL (2029)	SEGUIMIENTO Y MONITORIEO	GL
1417	NO	HUMEDALES (EL VINCULO - COLA DE TIERRA BLANCA) > MANTENIMIENTO HUMEDAL (2023 - 2030) > MANTENIMIENTO HUMEDAL (2029) > MANTENIMIENTO HUMEDAL (2029)	PROGRAMA DE EDUCACION AMBIENTAL	GL
1418	NO	HUMEDALES (EL VINCULO - COLA DE TIERRA BLANCA) > MANTENIMIENTO HUMEDAL (2023 - 2030) > MANTENIMIENTO HUMEDAL (2029) > MANTENIMIENTO HUMEDAL (2029)	LIMPIEZA DE LODOS	GL
1421	NO	HUMEDALES (EL VINCULO - COLA DE TIERRA BLANCA) > MANTENIMIENTO HUMEDAL (2023 - 2030) > MANTENIMIENTO HUMEDAL (2030) > MANTENIMIENTO HUMEDAL (2030)	LIMPIEZA PERIODICA	GL
1422	NO	HUMEDALES (EL VINCULO - COLA DE TIERRA BLANCA) > MANTENIMIENTO HUMEDAL (2023 - 2030) > MANTENIMIENTO HUMEDAL (2030) > MANTENIMIENTO HUMEDAL (2030)	SEGUIMIENTO Y MONITORIEO	GL
1423	NO	HUMEDALES (EL VINCULO - COLA DE TIERRA BLANCA) > MANTENIMIENTO HUMEDAL (2023 - 2030) > MANTENIMIENTO HUMEDAL (2030) > MANTENIMIENTO HUMEDAL (2030)	PROGRAMA DE EDUCACION AMBIENTAL	GL
1424	NO	HUMEDALES (EL VINCULO - COLA DE TIERRA BLANCA) > MANTENIMIENTO HUMEDAL (2023 - 2030) > MANTENIMIENTO HUMEDAL (2030) > MANTENIMIENTO HUMEDAL (2030)	LIMPIEZA DE LODOS	GL
1428	NO	HUMEDALES (EL VINCULO - COLA DE TIERRA BLANCA) > VALLAS INFORMATIVAS HUMEDAL > VALLAS INFORMATIVAS HUMEDAL > VALLAS INFORMATIVAS HUMEDAL	VALLAS INFORMATIVAS HUMEDAL	AÑO
1433	NO	INDIRECTOS > PLAN DE GESTION URBANA (PGU) ETAPAS > PGU - (ACT POR EJECUTAR ET 1 a 9) > PGU - (ACT POR EJECUTAR ET 1 a 9)	PLAN DE GESTION URBANA (PGU) SUBETAPA 1	%
1434	NO	INDIRECTOS > PLAN DE GESTION URBANA (PGU) ETAPAS > PGU - (ACT POR EJECUTAR ET 1 a 9) > PGU - (ACT POR EJECUTAR ET 1 a 9)	PLAN DE GESTION URBANA (PGU) SUBETAPA 2	%
1435	NO	INDIRECTOS > PLAN DE GESTION URBANA (PGU) ETAPAS > PGU - (ACT POR EJECUTAR ET 1 a 9) > PGU - (ACT POR EJECUTAR ET 1 a 9)	PLAN DE GESTION URBANA (PGU) SUBETAPA 3	%
1436	NO	INDIRECTOS > PLAN DE GESTION URBANA (PGU) ETAPAS > PGU - (ACT POR EJECUTAR ET 1 a 9) > PGU - (ACT POR EJECUTAR ET 1 a 9)	PLAN DE GESTION URBANA (PGU) SUBETAPA 3A	%
1437	NO	INDIRECTOS > PLAN DE GESTION URBANA (PGU) ETAPAS > PGU - (ACT POR EJECUTAR ET 1 a 9) > PGU - (ACT POR EJECUTAR ET 1 a 9)	PLAN DE GESTION URBANA (PGU) SUBETAPA 3B	%
1438	NO	INDIRECTOS > PLAN DE GESTION URBANA (PGU) ETAPAS > PGU - (ACT POR EJECUTAR ET 1 a 9) > PGU - (ACT POR EJECUTAR ET 1 a 9)	PLAN DE GESTION URBANA (PGU) SUBETAPA 4	%
1439	NO	INDIRECTOS > PLAN DE GESTION URBANA (PGU) ETAPAS > PGU - (ACT POR EJECUTAR ET 1 a 9) > PGU - (ACT POR EJECUTAR ET 1 a 9)	PLAN DE GESTION URBANA (PGU) SUBETAPA 4A	%
1440	NO	INDIRECTOS > PLAN DE GESTION URBANA (PGU) ETAPAS > PGU - (ACT POR EJECUTAR ET 1 a 9) > PGU - (ACT POR EJECUTAR ET 1 a 9)	PLAN DE GESTION URBANA (PGU) SUBETAPA 4B	%
1441	NO	INDIRECTOS > PLAN DE GESTION URBANA (PGU) ETAPAS > PGU - (ACT POR EJECUTAR ET 1 a 9) > PGU - (ACT POR EJECUTAR ET 1 a 9)	PLAN DE GESTION URBANA (PGU) SUBETAPA 4C	%
1442	NO	INDIRECTOS > PLAN DE GESTION URBANA (PGU) ETAPAS > PGU - (ACT POR EJECUTAR ET 1 a 9) > PGU - (ACT POR EJECUTAR ET 1 a 9)	PLAN DE GESTION URBANA (PGU) SUBETAPA 4D	%
1443	NO	INDIRECTOS > PLAN DE GESTION URBANA (PGU) ETAPAS > PGU - (ACT POR EJECUTAR ET 1 a 9) > PGU - (ACT POR EJECUTAR ET 1 a 9)	PLAN DE GESTION URBANA (PGU) SUBETAPA 4E	%
1444	NO	INDIRECTOS > PLAN DE GESTION URBANA (PGU) ETAPAS > PGU - (ACT POR EJECUTAR ET 1 a 9) > PGU - (ACT POR EJECUTAR ET 1 a 9)	PLAN DE GESTION URBANA (PGU) SUBETAPA 4F	%
1445	NO	INDIRECTOS > PLAN DE GESTION URBANA (PGU) ETAPAS > PGU - (ACT POR EJECUTAR ET 1 a 9) > PGU - (ACT POR EJECUTAR ET 1 a 9)	PLAN DE GESTION URBANA (PGU) SUBETAPA 5	%
1446	NO	INDIRECTOS > PLAN DE GESTION URBANA (PGU) ETAPAS > PGU - (ACT POR EJECUTAR ET 1 a 9) > PGU - (ACT POR EJECUTAR ET 1 a 9)	PLAN DE GESTION URBANA (PGU) SUBETAPA 5A	%
1447	NO	INDIRECTOS > PLAN DE GESTION URBANA (PGU) ETAPAS > PGU - (ACT POR EJECUTAR ET 1 a 9) > PGU - (ACT POR EJECUTAR ET 1 a 9)	PLAN DE GESTION URBANA (PGU) SUBETAPA 5B	%
1448	NO	INDIRECTOS > PLAN DE GESTION URBANA (PGU) ETAPAS > PGU - (ACT POR EJECUTAR ET 1 a 9) > PGU - (ACT POR EJECUTAR ET 1 a 9)	PLAN DE GESTION URBANA (PGU) SUBETAPA 5C	%
1449	NO	INDIRECTOS > PLAN DE GESTION URBANA (PGU) ETAPAS > PGU - (ACT POR EJECUTAR ET 1 a 9) > PGU - (ACT POR EJECUTAR ET 1 a 9)	PLAN DE GESTION URBANA (PGU) SUBETAPA 5D	%
1450	NO	INDIRECTOS > PLAN DE GESTION URBANA (PGU) ETAPAS > PGU - (ACT POR EJECUTAR ET 1 a 9) > PGU - (ACT POR EJECUTAR ET 1 a 9)	PLAN DE GESTION URBANA (PGU) SUBETAPA 5E	%
1451	NO	INDIRECTOS > PLAN DE GESTION URBANA (PGU) ETAPAS > PGU - (ACT POR EJECUTAR ET 1 a 9) > PGU - (ACT POR EJECUTAR ET 1 a 9)	PLAN DE GESTION URBANA (PGU) SUBETAPA 5F	%
1452	NO	INDIRECTOS > PLAN DE GESTION URBANA (PGU) ETAPAS > PGU - (ACT POR EJECUTAR ET 1 a 9) > PGU - (ACT POR EJECUTAR ET 1 a 9)	PLAN DE GESTION URBANA (PGU) SUBETAPA 5G	%
1453	NO	INDIRECTOS > PLAN DE GESTION URBANA (PGU) ETAPAS > PGU - (ACT POR EJECUTAR ET 1 a 9) > PGU - (ACT POR EJECUTAR ET 1 a 9)	PLAN DE GESTION URBANA (PGU) SUBETAPA 7	%
1454	NO	INDIRECTOS > PLAN DE GESTION URBANA (PGU) ETAPAS > PGU - (ACT POR EJECUTAR ET 1 a 9) > PGU - (ACT POR EJECUTAR ET 1 a 9)	PLAN DE GESTION URBANA (PGU) SUBETAPA 8	%
1455	NO	INDIRECTOS > PLAN DE GESTION URBANA (PGU) ETAPAS > PGU - (ACT POR EJECUTAR ET 1 a 9) > PGU - (ACT POR EJECUTAR ET 1 a 9)	PLAN DE GESTION URBANA (PGU) SUBETAPA 8A	%
1456	NO	INDIRECTOS > PLAN DE GESTION URBANA (PGU) ETAPAS > PGU - (ACT POR EJECUTAR ET 1 a 9) > PGU - (ACT POR EJECUTAR ET 1 a 9)	PLAN DE GESTION URBANA (PGU) SUBETAPA 8B	%
1457	NO	INDIRECTOS > PLAN DE GESTION URBANA (PGU) ETAPAS > PGU - (ACT POR EJECUTAR ET 1 a 9) > PGU - (ACT POR EJECUTAR ET 1 a 9)	PLAN DE GESTION URBANA (PGU) SUBETAPA 8C	%
1458	NO	INDIRECTOS > PLAN DE GESTION URBANA (PGU) ETAPAS > PGU - (ACT POR EJECUTAR ET 1 a 9) > PGU - (ACT POR EJECUTAR ET 1 a 9)	PLAN DE GESTION URBANA (PGU) SUBETAPA 8D	%
1459	NO	INDIRECTOS > PLAN DE GESTION URBANA (PGU) ETAPAS > PGU - (ACT POR EJECUTAR ET 1 a 9) > PGU - (ACT POR EJECUTAR ET 1 a 9)	PLAN DE GESTION URBANA (PGU) SUBETAPA 9	%
1460	NO	INDIRECTOS > PLAN DE GESTION URBANA (PGU) ETAPAS > PGU - (ACT POR EJECUTAR ET 1 a 9) > PGU - (ACT POR EJECUTAR ET 1 a 9)	PLAN DE GESTION URBANA (PGU) SUBETAPA 9A	%
1461	NO	INDIRECTOS > PLAN DE GESTION URBANA (PGU) ETAPAS > PGU - (ACT POR EJECUTAR ET 1 a 9) > PGU - (ACT POR EJECUTAR ET 1 a 9)	PLAN DE GESTION URBANA (PGU) SUBETAPA 9B	%
1462	NO	INDIRECTOS > PLAN DE GESTION URBANA (PGU) ETAPAS > PGU - (ACT POR EJECUTAR ET 1 a 9) > PGU - (ACT POR EJECUTAR ET 1 a 9)	PLAN DE GESTION URBANA (PGU) SUBETAPA 9C	%
1463	NO	INDIRECTOS > PLAN DE GESTION URBANA (PGU) ETAPAS > PGU - (ACT POR EJECUTAR ET 1 a 9) > PGU - (ACT POR EJECUTAR ET 1 a 9)	PLAN DE GESTION URBANA (PGU) SUBETAPA 9D	%
1464	NO	INDIRECTOS > PLAN DE GESTION URBANA (PGU) ETAPAS > PGU - (ACT POR EJECUTAR ET 1 a 9) > PGU - (ACT POR EJECUTAR ET 1 a 9)	PLAN DE GESTION URBANA (PGU) SUBETAPA 9E	%
1468	NO	INDIRECTOS > COSTOS GESTION AMBIENTAL (CAR) > CAR - (ACTIVIDADES POR EJECUTAR) > CAR - (ACTIVIDADES POR EJECUTAR)	COSTOS GESTION AMBIENTAL (CAR) SUBETAPA 1	%
1469	NO	INDIRECTOS > COSTOS GESTION AMBIENTAL (CAR) > CAR - (ACTIVIDADES POR EJECUTAR) > CAR - (ACTIVIDADES POR EJECUTAR)	COSTOS GESTION AMBIENTAL (CAR) SUBETAPA 2	%
1470	NO	INDIRECTOS > COSTOS GESTION AMBIENTAL (CAR) > CAR - (ACTIVIDADES POR EJECUTAR) > CAR - (ACTIVIDADES POR EJECUTAR)	COSTOS GESTION AMBIENTAL (CAR) SUBETAPA 3	%
1471	NO	INDIRECTOS > COSTOS GESTION AMBIENTAL (CAR) > CAR - (ACTIVIDADES POR EJECUTAR) > CAR - (ACTIVIDADES POR EJECUTAR)	COSTOS GESTION AMBIENTAL (CAR) SUBETAPA 3A	%
1472	NO	INDIRECTOS > COSTOS GESTION AMBIENTAL (CAR) > CAR - (ACTIVIDADES POR EJECUTAR) > CAR - (ACTIVIDADES POR EJECUTAR)	COSTOS GESTION AMBIENTAL (CAR) SUBETAPA 3B	%
1473	NO	INDIRECTOS > COSTOS GESTION AMBIENTAL (CAR) > CAR - (ACTIVIDADES POR EJECUTAR) > CAR - (ACTIVIDADES POR EJECUTAR)	COSTOS GESTION AMBIENTAL (CAR) SUBETAPA 4	%
1474	NO	INDIRECTOS > COSTOS GESTION AMBIENTAL (CAR) > CAR - (ACTIVIDADES POR EJECUTAR) > CAR - (ACTIVIDADES POR EJECUTAR)	COSTOS GESTION AMBIENTAL (CAR) SUBETAPA 4A	%
1475	NO	INDIRECTOS > COSTOS GESTION AMBIENTAL (CAR) > CAR - (ACTIVIDADES POR EJECUTAR) > CAR - (ACTIVIDADES POR EJECUTAR)	COSTOS GESTION AMBIENTAL (CAR) SUBETAPA 4B	%
1476	NO	INDIRECTOS > COSTOS GESTION AMBIENTAL (CAR) > CAR - (ACTIVIDADES POR EJECUTAR) > CAR - (ACTIVIDADES POR EJECUTAR)	COSTOS GESTION AMBIENTAL (CAR) SUBETAPA 4C	%
1477	NO	INDIRECTOS > COSTOS GESTION AMBIENTAL (CAR) > CAR - (ACTIVIDADES POR EJECUTAR) > CAR - (ACTIVIDADES POR EJECUTAR)	COSTOS GESTION AMBIENTAL (CAR) SUBETAPA 4D	%
1478	NO	INDIRECTOS > COSTOS GESTION AMBIENTAL (CAR) > CAR - (ACTIVIDADES POR EJECUTAR) > CAR - (ACTIVIDADES POR EJECUTAR)	COSTOS GESTION AMBIENTAL (CAR) SUBETAPA 4E	%
1479	NO	INDIRECTOS > COSTOS GESTION AMBIENTAL (CAR) > CAR - (ACTIVIDADES POR EJECUTAR) > CAR - (ACTIVIDADES POR EJECUTAR)	COSTOS GESTION AMBIENTAL (CAR) SUBETAPA 4F	%
1480	NO	INDIRECTOS > COSTOS GESTION AMBIENTAL (CAR) > CAR - (ACTIVIDADES POR EJECUTAR) > CAR - (ACTIVIDADES POR EJECUTAR)	COSTOS GESTION AMBIENTAL (CAR) SUBETAPA 5	%
1481	NO	INDIRECTOS > COSTOS GESTION AMBIENTAL (CAR) > CAR - (ACTIVIDADES POR EJECUTAR) > CAR - (ACTIVIDADES POR EJECUTAR)	COSTOS GESTION AMBIENTAL (CAR) SUBETAPA 5A	%
1482	NO	INDIRECTOS > COSTOS GESTION AMBIENTAL (CAR) > CAR - (ACTIVIDADES POR EJECUTAR) > CAR - (ACTIVIDADES POR EJECUTAR)	COSTOS GESTION AMBIENTAL (CAR) SUBETAPA 5B	%
1483	NO	INDIRECTOS > COSTOS GESTION AMBIENTAL (CAR) > CAR - (ACTIVIDADES POR EJECUTAR) > CAR - (ACTIVIDADES POR EJECUTAR)	COSTOS GESTION AMBIENTAL (CAR) SUBETAPA 5C	%
1484	NO	INDIRECTOS > COSTOS GESTION AMBIENTAL (CAR) > CAR - (ACTIVIDADES POR EJECUTAR) > CAR - (ACTIVIDADES POR EJECUTAR)	COSTOS GESTION AMBIENTAL (CAR) SUBETAPA 5D	%
1485	NO	INDIRECTOS > COSTOS GESTION AMBIENTAL (CAR) > CAR - (ACTIVIDADES POR EJECUTAR) > CAR - (ACTIVIDADES POR EJECUTAR)	COSTOS GESTION AMBIENTAL (CAR) SUBETAPA 5E	%
1486	NO	INDIRECTOS > COSTOS GESTION AMBIENTAL (CAR) > CAR - (ACTIVIDADES POR EJECUTAR) > CAR - (ACTIVIDADES POR EJECUTAR)	COSTOS GESTION AMBIENTAL (CAR) SUBETAPA 5F	%
1487	NO	INDIRECTOS > COSTOS GESTION AMBIENTAL (CAR) > CAR - (ACTIVIDADES POR EJECUTAR) > CAR - (ACTIVIDADES POR EJECUTAR)	COSTOS GESTION AMBIENTAL (CAR) SUBETAPA 5G	%
1488	NO	INDIRECTOS > COSTOS GESTION AMBIENTAL (CAR) > CAR - (ACTIVIDADES POR EJECUTAR) > CAR - (ACTIVIDADES POR EJECUTAR)	COSTOS GESTION AMBIENTAL (CAR) SUBETAPA 7	%
1489	NO	INDIRECTOS > COSTOS GESTION AMBIENTAL (CAR) > CAR - (ACTIVIDADES POR EJECUTAR) > CAR - (ACTIVIDADES POR EJECUTAR)	COSTOS GESTION AMBIENTAL (CAR) SUBETAPA 8	%
1490	NO	INDIRECTOS > COSTOS GESTION AMBIENTAL (CAR) > CAR - (ACTIVIDADES POR EJECUTAR) > CAR - (ACTIVIDADES POR EJECUTAR)	COSTOS GESTION AMBIENTAL (CAR) SUBETAPA 8A	%
1491	NO	INDIRECTOS > COSTOS GESTION AMBIENTAL (CAR) > CAR - (ACTIVIDADES POR EJECUTAR) > CAR - (ACTIVIDADES POR EJECUTAR)	COSTOS GESTION AMBIENTAL (CAR) SUBETAPA 8B	%
1492	NO	INDIRECTOS > COSTOS GESTION AMBIENTAL (CAR) > CAR - (ACTIVIDADES POR EJECUTAR) > CAR - (ACTIVIDADES POR EJECUTAR)	COSTOS GESTION AMBIENTAL (CAR) SUBETAPA 8C	%
1493	NO	INDIRECTOS > COSTOS GESTION AMBIENTAL (CAR) > CAR - (ACTIVIDADES POR EJECUTAR) > CAR - (ACTIVIDADES POR EJECUTAR)	COSTOS GESTION AMBIENTAL (CAR) SUBETAPA 8D	%
1494	NO	INDIRECTOS > COSTOS GESTION AMBIENTAL (CAR) > CAR - (ACTIVIDADES POR EJECUTAR) > CAR - (ACTIVIDADES POR EJECUTAR)	COSTOS GESTION AMBIENTAL (CAR) SUBETAPA 9	%
1495	NO	INDIRECTOS > COSTOS GESTION AMBIENTAL (CAR) > CAR - (ACTIVIDADES POR EJECUTAR) > CAR - (ACTIVIDADES POR EJECUTAR)	COSTOS GESTION AMBIENTAL (CAR) SUBETAPA 9A	%
1496	NO	INDIRECTOS > COSTOS GESTION AMBIENTAL (CAR) > CAR - (ACTIVIDADES POR EJECUTAR) > CAR - (ACTIVIDADES POR EJECUTAR)	COSTOS GESTION AMBIENTAL (CAR) SUBETAPA 9B	%
1497	NO	INDIRECTOS > COSTOS GESTION AMBIENTAL (CAR) > CAR - (ACTIVIDADES POR EJECUTAR) > CAR - (ACTIVIDADES POR EJECUTAR)	COSTOS GESTION AMBIENTAL (CAR) SUBETAPA 9C	%
1498	NO	INDIRECTOS > COSTOS GESTION AMBIENTAL (CAR) > CAR - (ACTIVIDADES POR EJECUTAR) > CAR - (ACTIVIDADES POR EJECUTAR)	COSTOS GESTION AMBIENTAL (CAR) SUBETAPA 9D	%
1499	NO	INDIRECTOS > COSTOS GESTION AMBIENTAL (CAR) > CAR - (ACTIVIDADES POR EJECUTAR) > CAR - (ACTIVIDADES POR EJECUTAR)	COSTOS GESTION AMBIENTAL (CAR) SUBETAPA 9E	%
1500	NO	INDIRECTOS > COSTOS GESTION AMBIENTAL (CAR) > CAR - (ACTIVIDADES POR EJECUTAR) > CAR - (ACTIVIDADES POR EJECUTAR)	COSTOS GESTION AMBIENTAL (CAR) GENERAL	%
1504	NO	INDIRECTOS > COSTOS VIGILANCIA (PTAR + HUMEDALES + URBANISMO + CAMPAMENTO) > VIGILACIA AÑO 2021 - 2032 > VIGILACIA AÑO 2021 - 2032	VIGILACIA AÑO 2024	AÑO
1505	NO	INDIRECTOS > COSTOS VIGILANCIA (PTAR + HUMEDALES + URBANISMO + CAMPAMENTO) > VIGILACIA AÑO 2021 - 2032 > VIGILACIA AÑO 2021 - 2032	VIGILACIA AÑO 2025	AÑO
1506	NO	INDIRECTOS > COSTOS VIGILANCIA (PTAR + HUMEDALES + URBANISMO + CAMPAMENTO) > VIGILACIA AÑO 2021 - 2032 > VIGILACIA AÑO 2021 - 2032	VIGILACIA AÑO 2026	AÑO
1507	NO	INDIRECTOS > COSTOS VIGILANCIA (PTAR + HUMEDALES + URBANISMO + CAMPAMENTO) > VIGILACIA AÑO 2021 - 2032 > VIGILACIA AÑO 2021 - 2032	VIGILACIA AÑO 2027	AÑO
1508	NO	INDIRECTOS > COSTOS VIGILANCIA (PTAR + HUMEDALES + URBANISMO + CAMPAMENTO) > VIGILACIA AÑO 2021 - 2032 > VIGILACIA AÑO 2021 - 2032	VIGILACIA AÑO 2028	AÑO
1509	NO	INDIRECTOS > COSTOS VIGILANCIA (PTAR + HUMEDALES + URBANISMO + CAMPAMENTO) > VIGILACIA AÑO 2021 - 2032 > VIGILACIA AÑO 2021 - 2032	VIGILACIA AÑO 2029	AÑO
1510	NO	INDIRECTOS > COSTOS VIGILANCIA (PTAR + HUMEDALES + URBANISMO + CAMPAMENTO) > VIGILACIA AÑO 2021 - 2032 > VIGILACIA AÑO 2021 - 2032	VIGILACIA AÑO 2030	AÑO
1511	NO	INDIRECTOS > COSTOS VIGILANCIA (PTAR + HUMEDALES + URBANISMO + CAMPAMENTO) > VIGILACIA AÑO 2021 - 2032 > VIGILACIA AÑO 2021 - 2032	VIGILACIA AÑO 2031	AÑO
1512	NO	INDIRECTOS > COSTOS VIGILANCIA (PTAR + HUMEDALES + URBANISMO + CAMPAMENTO) > VIGILACIA AÑO 2021 - 2032 > VIGILACIA AÑO 2021 - 2032	VIGILACIA AÑO 2032	AÑO
1516	NO	INDIRECTOS > COSTOS PLAN DE MANEJO DE TRAFICO (PMT) > PMT (ACT POR EJECUTAR ET 1 a 9) > PMT (ACT POR EJECUTAR ET 1 a 9)	PMT - SUBETAPA 1	%
1517	NO	INDIRECTOS > COSTOS PLAN DE MANEJO DE TRAFICO (PMT) > PMT (ACT POR EJECUTAR ET 1 a 9) > PMT (ACT POR EJECUTAR ET 1 a 9)	PMT - SUBETAPA 2	%
1518	NO	INDIRECTOS > COSTOS PLAN DE MANEJO DE TRAFICO (PMT) > PMT (ACT POR EJECUTAR ET 1 a 9) > PMT (ACT POR EJECUTAR ET 1 a 9)	PMT - SUBETAPA 3	%
1519	NO	INDIRECTOS > COSTOS PLAN DE MANEJO DE TRAFICO (PMT) > PMT (ACT POR EJECUTAR ET 1 a 9) > PMT (ACT POR EJECUTAR ET 1 a 9)	PMT - SUBETAPA 3A	%
1520	NO	INDIRECTOS > COSTOS PLAN DE MANEJO DE TRAFICO (PMT) > PMT (ACT POR EJECUTAR ET 1 a 9) > PMT (ACT POR EJECUTAR ET 1 a 9)	PMT - SUBETAPA 3B	%
1521	NO	INDIRECTOS > COSTOS PLAN DE MANEJO DE TRAFICO (PMT) > PMT (ACT POR EJECUTAR ET 1 a 9) > PMT (ACT POR EJECUTAR ET 1 a 9)	PMT - SUBETAPA 4	%
1522	NO	INDIRECTOS > COSTOS PLAN DE MANEJO DE TRAFICO (PMT) > PMT (ACT POR EJECUTAR ET 1 a 9) > PMT (ACT POR EJECUTAR ET 1 a 9)	PMT - SUBETAPA 4A	%
1523	NO	INDIRECTOS > COSTOS PLAN DE MANEJO DE TRAFICO (PMT) > PMT (ACT POR EJECUTAR ET 1 a 9) > PMT (ACT POR EJECUTAR ET 1 a 9)	PMT - SUBETAPA 4B	%
1524	NO	INDIRECTOS > COSTOS PLAN DE MANEJO DE TRAFICO (PMT) > PMT (ACT POR EJECUTAR ET 1 a 9) > PMT (ACT POR EJECUTAR ET 1 a 9)	PMT - SUBETAPA 4C	%
1525	NO	INDIRECTOS > COSTOS PLAN DE MANEJO DE TRAFICO (PMT) > PMT (ACT POR EJECUTAR ET 1 a 9) > PMT (ACT POR EJECUTAR ET 1 a 9)	PMT - SUBETAPA 4D	%
1526	NO	INDIRECTOS > COSTOS PLAN DE MANEJO DE TRAFICO (PMT) > PMT (ACT POR EJECUTAR ET 1 a 9) > PMT (ACT POR EJECUTAR ET 1 a 9)	PMT - SUBETAPA 4E	%
1527	NO	INDIRECTOS > COSTOS PLAN DE MANEJO DE TRAFICO (PMT) > PMT (ACT POR EJECUTAR ET 1 a 9) > PMT (ACT POR EJECUTAR ET 1 a 9)	PMT - SUBETAPA 4F	%
1528	NO	INDIRECTOS > COSTOS PLAN DE MANEJO DE TRAFICO (PMT) > PMT (ACT POR EJECUTAR ET 1 a 9) > PMT (ACT POR EJECUTAR ET 1 a 9)	PMT - SUBETAPA 5	%
1529	NO	INDIRECTOS > COSTOS PLAN DE MANEJO DE TRAFICO (PMT) > PMT (ACT POR EJECUTAR ET 1 a 9) > PMT (ACT POR EJECUTAR ET 1 a 9)	PMT - SUBETAPA 5A	%
1530	NO	INDIRECTOS > COSTOS PLAN DE MANEJO DE TRAFICO (PMT) > PMT (ACT POR EJECUTAR ET 1 a 9) > PMT (ACT POR EJECUTAR ET 1 a 9)	PMT - SUBETAPA 5B	%
1531	NO	INDIRECTOS > COSTOS PLAN DE MANEJO DE TRAFICO (PMT) > PMT (ACT POR EJECUTAR ET 1 a 9) > PMT (ACT POR EJECUTAR ET 1 a 9)	PMT - SUBETAPA 5C	%
1532	NO	INDIRECTOS > COSTOS PLAN DE MANEJO DE TRAFICO (PMT) > PMT (ACT POR EJECUTAR ET 1 a 9) > PMT (ACT POR EJECUTAR ET 1 a 9)	PMT - SUBETAPA 5D	%
1533	NO	INDIRECTOS > COSTOS PLAN DE MANEJO DE TRAFICO (PMT) > PMT (ACT POR EJECUTAR ET 1 a 9) > PMT (ACT POR EJECUTAR ET 1 a 9)	PMT - SUBETAPA 5E	%
1534	NO	INDIRECTOS > COSTOS PLAN DE MANEJO DE TRAFICO (PMT) > PMT (ACT POR EJECUTAR ET 1 a 9) > PMT (ACT POR EJECUTAR ET 1 a 9)	PMT - SUBETAPA 5F	%
1535	NO	INDIRECTOS > COSTOS PLAN DE MANEJO DE TRAFICO (PMT) > PMT (ACT POR EJECUTAR ET 1 a 9) > PMT (ACT POR EJECUTAR ET 1 a 9)	PMT - SUBETAPA 5G	%
1536	NO	INDIRECTOS > COSTOS PLAN DE MANEJO DE TRAFICO (PMT) > PMT (ACT POR EJECUTAR ET 1 a 9) > PMT (ACT POR EJECUTAR ET 1 a 9)	PMT - SUBETAPA 7	%
1537	NO	INDIRECTOS > COSTOS PLAN DE MANEJO DE TRAFICO (PMT) > PMT (ACT POR EJECUTAR ET 1 a 9) > PMT (ACT POR EJECUTAR ET 1 a 9)	PMT - SUBETAPA 8	%
1538	NO	INDIRECTOS > COSTOS PLAN DE MANEJO DE TRAFICO (PMT) > PMT (ACT POR EJECUTAR ET 1 a 9) > PMT (ACT POR EJECUTAR ET 1 a 9)	PMT - SUBETAPA 8A	%
1539	NO	INDIRECTOS > COSTOS PLAN DE MANEJO DE TRAFICO (PMT) > PMT (ACT POR EJECUTAR ET 1 a 9) > PMT (ACT POR EJECUTAR ET 1 a 9)	PMT - SUBETAPA 8B	%
1540	NO	INDIRECTOS > COSTOS PLAN DE MANEJO DE TRAFICO (PMT) > PMT (ACT POR EJECUTAR ET 1 a 9) > PMT (ACT POR EJECUTAR ET 1 a 9)	PMT - SUBETAPA 8C	%
1541	NO	INDIRECTOS > COSTOS PLAN DE MANEJO DE TRAFICO (PMT) > PMT (ACT POR EJECUTAR ET 1 a 9) > PMT (ACT POR EJECUTAR ET 1 a 9)	PMT - SUBETAPA 8D	%
1542	NO	INDIRECTOS > COSTOS PLAN DE MANEJO DE TRAFICO (PMT) > PMT (ACT POR EJECUTAR ET 1 a 9) > PMT (ACT POR EJECUTAR ET 1 a 9)	PMT - SUBETAPA 9	%
1543	NO	INDIRECTOS > COSTOS PLAN DE MANEJO DE TRAFICO (PMT) > PMT (ACT POR EJECUTAR ET 1 a 9) > PMT (ACT POR EJECUTAR ET 1 a 9)	PMT - SUBETAPA 9A	%
1544	NO	INDIRECTOS > COSTOS PLAN DE MANEJO DE TRAFICO (PMT) > PMT (ACT POR EJECUTAR ET 1 a 9) > PMT (ACT POR EJECUTAR ET 1 a 9)	PMT - SUBETAPA 9B	%
1545	NO	INDIRECTOS > COSTOS PLAN DE MANEJO DE TRAFICO (PMT) > PMT (ACT POR EJECUTAR ET 1 a 9) > PMT (ACT POR EJECUTAR ET 1 a 9)	PMT - SUBETAPA 9C	%
1546	NO	INDIRECTOS > COSTOS PLAN DE MANEJO DE TRAFICO (PMT) > PMT (ACT POR EJECUTAR ET 1 a 9) > PMT (ACT POR EJECUTAR ET 1 a 9)	PMT - SUBETAPA 9D	%
1547	NO	INDIRECTOS > COSTOS PLAN DE MANEJO DE TRAFICO (PMT) > PMT (ACT POR EJECUTAR ET 1 a 9) > PMT (ACT POR EJECUTAR ET 1 a 9)	PMT - SUBETAPA 9E	%
1551	NO	INDIRECTOS > INTERVENTORIA Y ADMINISTRACIÓN DELEGADA OBRAS POR EJECUTAR > ADMIN DELEGAD + HONORARIOS Y REEMBOLSABLES (DEL POR EJECUTAR) > ADMIN DELEGAD + HONORARIOS Y REEMBOLSABLES (DEL POR EJECUTAR)	ADMIN DELEGAD + HON + REEMB SUBETAPA 1	%
1552	NO	INDIRECTOS > INTERVENTORIA Y ADMINISTRACIÓN DELEGADA OBRAS POR EJECUTAR > ADMIN DELEGAD + HONORARIOS Y REEMBOLSABLES (DEL POR EJECUTAR) > ADMIN DELEGAD + HONORARIOS Y REEMBOLSABLES (DEL POR EJECUTAR)	ADMIN DELEGAD + HON + REEMB SUBETAPA 2	%
1553	NO	INDIRECTOS > INTERVENTORIA Y ADMINISTRACIÓN DELEGADA OBRAS POR EJECUTAR > ADMIN DELEGAD + HONORARIOS Y REEMBOLSABLES (DEL POR EJECUTAR) > ADMIN DELEGAD + HONORARIOS Y REEMBOLSABLES (DEL POR EJECUTAR)	ADMIN DELEGAD + HON + REEMB SUBETAPA 3	%
1554	NO	INDIRECTOS > INTERVENTORIA Y ADMINISTRACIÓN DELEGADA OBRAS POR EJECUTAR > ADMIN DELEGAD + HONORARIOS Y REEMBOLSABLES (DEL POR EJECUTAR) > ADMIN DELEGAD + HONORARIOS Y REEMBOLSABLES (DEL POR EJECUTAR)	ADMIN DELEGAD + HON + REEMB SUBETAPA 3A	%
1555	NO	INDIRECTOS > INTERVENTORIA Y ADMINISTRACIÓN DELEGADA OBRAS POR EJECUTAR > ADMIN DELEGAD + HONORARIOS Y REEMBOLSABLES (DEL POR EJECUTAR) > ADMIN DELEGAD + HONORARIOS Y REEMBOLSABLES (DEL POR EJECUTAR)	ADMIN DELEGAD + HON + REEMB SUBETAPA 3B	%
1556	NO	INDIRECTOS > INTERVENTORIA Y ADMINISTRACIÓN DELEGADA OBRAS POR EJECUTAR > ADMIN DELEGAD + HONORARIOS Y REEMBOLSABLES (DEL POR EJECUTAR) > ADMIN DELEGAD + HONORARIOS Y REEMBOLSABLES (DEL POR EJECUTAR)	ADMIN DELEGAD + HON + REEMB SUBETAPA 4	%
1557	NO	INDIRECTOS > INTERVENTORIA Y ADMINISTRACIÓN DELEGADA OBRAS POR EJECUTAR > ADMIN DELEGAD + HONORARIOS Y REEMBOLSABLES (DEL POR EJECUTAR) > ADMIN DELEGAD + HONORARIOS Y REEMBOLSABLES (DEL POR EJECUTAR)	ADMIN DELEGAD + HON + REEMB SUBETAPA 4A	%
1558	NO	INDIRECTOS > INTERVENTORIA Y ADMINISTRACIÓN DELEGADA OBRAS POR EJECUTAR > ADMIN DELEGAD + HONORARIOS Y REEMBOLSABLES (DEL POR EJECUTAR) > ADMIN DELEGAD + HONORARIOS Y REEMBOLSABLES (DEL POR EJECUTAR)	ADMIN DELEGAD + HON + REEMB SUBETAPA 4B	%
1559	NO	INDIRECTOS > INTERVENTORIA Y ADMINISTRACIÓN DELEGADA OBRAS POR EJECUTAR > ADMIN DELEGAD + HONORARIOS Y REEMBOLSABLES (DEL POR EJECUTAR) > ADMIN DELEGAD + HONORARIOS Y REEMBOLSABLES (DEL POR EJECUTAR)	ADMIN DELEGAD + HON + REEMB SUBETAPA 4C	%
1560	NO	INDIRECTOS > INTERVENTORIA Y ADMINISTRACIÓN DELEGADA OBRAS POR EJECUTAR > ADMIN DELEGAD + HONORARIOS Y REEMBOLSABLES (DEL POR EJECUTAR) > ADMIN DELEGAD + HONORARIOS Y REEMBOLSABLES (DEL POR EJECUTAR)	ADMIN DELEGAD + HON + REEMB SUBETAPA 4D	%
1561	NO	INDIRECTOS > INTERVENTORIA Y ADMINISTRACIÓN DELEGADA OBRAS POR EJECUTAR > ADMIN DELEGAD + HONORARIOS Y REEMBOLSABLES (DEL POR EJECUTAR) > ADMIN DELEGAD + HONORARIOS Y REEMBOLSABLES (DEL POR EJECUTAR)	ADMIN DELEGAD + HON + REEMB SUBETAPA 4E	%
1562	NO	INDIRECTOS > INTERVENTORIA Y ADMINISTRACIÓN DELEGADA OBRAS POR EJECUTAR > ADMIN DELEGAD + HONORARIOS Y REEMBOLSABLES (DEL POR EJECUTAR) > ADMIN DELEGAD + HONORARIOS Y REEMBOLSABLES (DEL POR EJECUTAR)	ADMIN DELEGAD + HON + REEMB SUBETAPA 4F	%
1563	NO	INDIRECTOS > INTERVENTORIA Y ADMINISTRACIÓN DELEGADA OBRAS POR EJECUTAR > ADMIN DELEGAD + HONORARIOS Y REEMBOLSABLES (DEL POR EJECUTAR) > ADMIN DELEGAD + HONORARIOS Y REEMBOLSABLES (DEL POR EJECUTAR)	ADMIN DELEGAD + HON + REEMB SUBETAPA 5	%
1564	NO	INDIRECTOS > INTERVENTORIA Y ADMINISTRACIÓN DELEGADA OBRAS POR EJECUTAR > ADMIN DELEGAD + HONORARIOS Y REEMBOLSABLES (DEL POR EJECUTAR) > ADMIN DELEGAD + HONORARIOS Y REEMBOLSABLES (DEL POR EJECUTAR)	ADMIN DELEGAD + HON + REEMB SUBETAPA 5A	%
1565	NO	INDIRECTOS > INTERVENTORIA Y ADMINISTRACIÓN DELEGADA OBRAS POR EJECUTAR > ADMIN DELEGAD + HONORARIOS Y REEMBOLSABLES (DEL POR EJECUTAR) > ADMIN DELEGAD + HONORARIOS Y REEMBOLSABLES (DEL POR EJECUTAR)	ADMIN DELEGAD + HON + REEMB SUBETAPA 5B	%
1566	NO	INDIRECTOS > INTERVENTORIA Y ADMINISTRACIÓN DELEGADA OBRAS POR EJECUTAR > ADMIN DELEGAD + HONORARIOS Y REEMBOLSABLES (DEL POR EJECUTAR) > ADMIN DELEGAD + HONORARIOS Y REEMBOLSABLES (DEL POR EJECUTAR)	ADMIN DELEGAD + HON + REEMB SUBETAPA 5C	%
1567	NO	INDIRECTOS > INTERVENTORIA Y ADMINISTRACIÓN DELEGADA OBRAS POR EJECUTAR > ADMIN DELEGAD + HONORARIOS Y REEMBOLSABLES (DEL POR EJECUTAR) > ADMIN DELEGAD + HONORARIOS Y REEMBOLSABLES (DEL POR EJECUTAR)	ADMIN DELEGAD + HON + REEMB SUBETAPA 5D	%
1568	NO	INDIRECTOS > INTERVENTORIA Y ADMINISTRACIÓN DELEGADA OBRAS POR EJECUTAR > ADMIN DELEGAD + HONORARIOS Y REEMBOLSABLES (DEL POR EJECUTAR) > ADMIN DELEGAD + HONORARIOS Y REEMBOLSABLES (DEL POR EJECUTAR)	ADMIN DELEGAD + HON + REEMB SUBETAPA 5E	%
1569	NO	INDIRECTOS > INTERVENTORIA Y ADMINISTRACIÓN DELEGADA OBRAS POR EJECUTAR > ADMIN DELEGAD + HONORARIOS Y REEMBOLSABLES (DEL POR EJECUTAR) > ADMIN DELEGAD + HONORARIOS Y REEMBOLSABLES (DEL POR EJECUTAR)	ADMIN DELEGAD + HON + REEMB SUBETAPA 5F	%
1570	NO	INDIRECTOS > INTERVENTORIA Y ADMINISTRACIÓN DELEGADA OBRAS POR EJECUTAR > ADMIN DELEGAD + HONORARIOS Y REEMBOLSABLES (DEL POR EJECUTAR) > ADMIN DELEGAD + HONORARIOS Y REEMBOLSABLES (DEL POR EJECUTAR)	ADMIN DELEGAD + HON + REEMB SUBETAPA 5G	%
1571	NO	INDIRECTOS > INTERVENTORIA Y ADMINISTRACIÓN DELEGADA OBRAS POR EJECUTAR > ADMIN DELEGAD + HONORARIOS Y REEMBOLSABLES (DEL POR EJECUTAR) > ADMIN DELEGAD + HONORARIOS Y REEMBOLSABLES (DEL POR EJECUTAR)	ADMIN DELEGAD + HON + REEMB SUBETAPA 7	%
1572	NO	INDIRECTOS > INTERVENTORIA Y ADMINISTRACIÓN DELEGADA OBRAS POR EJECUTAR > ADMIN DELEGAD + HONORARIOS Y REEMBOLSABLES (DEL POR EJECUTAR) > ADMIN DELEGAD + HONORARIOS Y REEMBOLSABLES (DEL POR EJECUTAR)	ADMIN DELEGAD + HON + REEMB SUBETAPA 8	%
1573	NO	INDIRECTOS > INTERVENTORIA Y ADMINISTRACIÓN DELEGADA OBRAS POR EJECUTAR > ADMIN DELEGAD + HONORARIOS Y REEMBOLSABLES (DEL POR EJECUTAR) > ADMIN DELEGAD + HONORARIOS Y REEMBOLSABLES (DEL POR EJECUTAR)	ADMIN DELEGAD + HON + REEMB SUBETAPA 8A	%
1574	NO	INDIRECTOS > INTERVENTORIA Y ADMINISTRACIÓN DELEGADA OBRAS POR EJECUTAR > ADMIN DELEGAD + HONORARIOS Y REEMBOLSABLES (DEL POR EJECUTAR) > ADMIN DELEGAD + HONORARIOS Y REEMBOLSABLES (DEL POR EJECUTAR)	ADMIN DELEGAD + HON + REEMB SUBETAPA 8B	%
1575	NO	INDIRECTOS > INTERVENTORIA Y ADMINISTRACIÓN DELEGADA OBRAS POR EJECUTAR > ADMIN DELEGAD + HONORARIOS Y REEMBOLSABLES (DEL POR EJECUTAR) > ADMIN DELEGAD + HONORARIOS Y REEMBOLSABLES (DEL POR EJECUTAR)	ADMIN DELEGAD + HON + REEMB SUBETAPA 8C	%
1576	NO	INDIRECTOS > INTERVENTORIA Y ADMINISTRACIÓN DELEGADA OBRAS POR EJECUTAR > ADMIN DELEGAD + HONORARIOS Y REEMBOLSABLES (DEL POR EJECUTAR) > ADMIN DELEGAD + HONORARIOS Y REEMBOLSABLES (DEL POR EJECUTAR)	ADMIN DELEGAD + HON + REEMB SUBETAPA 8D	%
1577	NO	INDIRECTOS > INTERVENTORIA Y ADMINISTRACIÓN DELEGADA OBRAS POR EJECUTAR > ADMIN DELEGAD + HONORARIOS Y REEMBOLSABLES (DEL POR EJECUTAR) > ADMIN DELEGAD + HONORARIOS Y REEMBOLSABLES (DEL POR EJECUTAR)	ADMIN DELEGAD + HON + REEMB SUBETAPA 9	%
1578	NO	INDIRECTOS > INTERVENTORIA Y ADMINISTRACIÓN DELEGADA OBRAS POR EJECUTAR > ADMIN DELEGAD + HONORARIOS Y REEMBOLSABLES (DEL POR EJECUTAR) > ADMIN DELEGAD + HONORARIOS Y REEMBOLSABLES (DEL POR EJECUTAR)	ADMIN DELEGAD + HON + REEMB SUBETAPA 9A	%
1579	NO	INDIRECTOS > INTERVENTORIA Y ADMINISTRACIÓN DELEGADA OBRAS POR EJECUTAR > ADMIN DELEGAD + HONORARIOS Y REEMBOLSABLES (DEL POR EJECUTAR) > ADMIN DELEGAD + HONORARIOS Y REEMBOLSABLES (DEL POR EJECUTAR)	ADMIN DELEGAD + HON + REEMB SUBETAPA 9B	%
1580	NO	INDIRECTOS > INTERVENTORIA Y ADMINISTRACIÓN DELEGADA OBRAS POR EJECUTAR > ADMIN DELEGAD + HONORARIOS Y REEMBOLSABLES (DEL POR EJECUTAR) > ADMIN DELEGAD + HONORARIOS Y REEMBOLSABLES (DEL POR EJECUTAR)	ADMIN DELEGAD + HON + REEMB SUBETAPA 9C	%
1581	NO	INDIRECTOS > INTERVENTORIA Y ADMINISTRACIÓN DELEGADA OBRAS POR EJECUTAR > ADMIN DELEGAD + HONORARIOS Y REEMBOLSABLES (DEL POR EJECUTAR) > ADMIN DELEGAD + HONORARIOS Y REEMBOLSABLES (DEL POR EJECUTAR)	ADMIN DELEGAD + HON + REEMB SUBETAPA 9D	%
1582	NO	INDIRECTOS > INTERVENTORIA Y ADMINISTRACIÓN DELEGADA OBRAS POR EJECUTAR > ADMIN DELEGAD + HONORARIOS Y REEMBOLSABLES (DEL POR EJECUTAR) > ADMIN DELEGAD + HONORARIOS Y REEMBOLSABLES (DEL POR EJECUTAR)	ADMIN DELEGAD + HON + REEMB SUBETAPA 9E	%
1583	NO	INDIRECTOS > INTERVENTORIA Y ADMINISTRACIÓN DELEGADA OBRAS POR EJECUTAR > ADMIN DELEGAD + HONORARIOS Y REEMBOLSABLES (DEL POR EJECUTAR) > ADMIN DELEGAD + HONORARIOS Y REEMBOLSABLES (DEL POR EJECUTAR)	ADMIN DELEGAD + HON + REEMB GENERAL	%
1586	NO	INDIRECTOS > INTERVENTORIA Y ADMINISTRACIÓN DELEGADA OBRAS POR EJECUTAR > INTERVENTORIA + HONORARIOS Y REEMBOLSABLES (DEL POR EJECUTAR) > INTERVENTORIA + HONORARIOS Y REEMBOLSABLES (DEL POR EJECUTAR)	INTERVENTORIA + HON + REEMB SUBETAPA 1	%
1587	NO	INDIRECTOS > INTERVENTORIA Y ADMINISTRACIÓN DELEGADA OBRAS POR EJECUTAR > INTERVENTORIA + HONORARIOS Y REEMBOLSABLES (DEL POR EJECUTAR) > INTERVENTORIA + HONORARIOS Y REEMBOLSABLES (DEL POR EJECUTAR)	INTERVENTORIA + HON + REEMB SUBETAPA 2	%
1588	NO	INDIRECTOS > INTERVENTORIA Y ADMINISTRACIÓN DELEGADA OBRAS POR EJECUTAR > INTERVENTORIA + HONORARIOS Y REEMBOLSABLES (DEL POR EJECUTAR) > INTERVENTORIA + HONORARIOS Y REEMBOLSABLES (DEL POR EJECUTAR)	INTERVENTORIA + HON + REEMB SUBETAPA 3	%
1589	NO	INDIRECTOS > INTERVENTORIA Y ADMINISTRACIÓN DELEGADA OBRAS POR EJECUTAR > INTERVENTORIA + HONORARIOS Y REEMBOLSABLES (DEL POR EJECUTAR) > INTERVENTORIA + HONORARIOS Y REEMBOLSABLES (DEL POR EJECUTAR)	INTERVENTORIA + HON + REEMB SUBETAPA 3A	%
1590	NO	INDIRECTOS > INTERVENTORIA Y ADMINISTRACIÓN DELEGADA OBRAS POR EJECUTAR > INTERVENTORIA + HONORARIOS Y REEMBOLSABLES (DEL POR EJECUTAR) > INTERVENTORIA + HONORARIOS Y REEMBOLSABLES (DEL POR EJECUTAR)	INTERVENTORIA + HON + REEMB SUBETAPA 3B	%
1591	NO	INDIRECTOS > INTERVENTORIA Y ADMINISTRACIÓN DELEGADA OBRAS POR EJECUTAR > INTERVENTORIA + HONORARIOS Y REEMBOLSABLES (DEL POR EJECUTAR) > INTERVENTORIA + HONORARIOS Y REEMBOLSABLES (DEL POR EJECUTAR)	INTERVENTORIA + HON + REEMB SUBETAPA 4	%
1592	NO	INDIRECTOS > INTERVENTORIA Y ADMINISTRACIÓN DELEGADA OBRAS POR EJECUTAR > INTERVENTORIA + HONORARIOS Y REEMBOLSABLES (DEL POR EJECUTAR) > INTERVENTORIA + HONORARIOS Y REEMBOLSABLES (DEL POR EJECUTAR)	INTERVENTORIA + HON + REEMB SUBETAPA 4A	%
1593	NO	INDIRECTOS > INTERVENTORIA Y ADMINISTRACIÓN DELEGADA OBRAS POR EJECUTAR > INTERVENTORIA + HONORARIOS Y REEMBOLSABLES (DEL POR EJECUTAR) > INTERVENTORIA + HONORARIOS Y REEMBOLSABLES (DEL POR EJECUTAR)	INTERVENTORIA + HON + REEMB SUBETAPA 4B	%
1594	NO	INDIRECTOS > INTERVENTORIA Y ADMINISTRACIÓN DELEGADA OBRAS POR EJECUTAR > INTERVENTORIA + HONORARIOS Y REEMBOLSABLES (DEL POR EJECUTAR) > INTERVENTORIA + HONORARIOS Y REEMBOLSABLES (DEL POR EJECUTAR)	INTERVENTORIA + HON + REEMB SUBETAPA 4C	%
1595	NO	INDIRECTOS > INTERVENTORIA Y ADMINISTRACIÓN DELEGADA OBRAS POR EJECUTAR > INTERVENTORIA + HONORARIOS Y REEMBOLSABLES (DEL POR EJECUTAR) > INTERVENTORIA + HONORARIOS Y REEMBOLSABLES (DEL POR EJECUTAR)	INTERVENTORIA + HON + REEMB SUBETAPA 4D	%
1596	NO	INDIRECTOS > INTERVENTORIA Y ADMINISTRACIÓN DELEGADA OBRAS POR EJECUTAR > INTERVENTORIA + HONORARIOS Y REEMBOLSABLES (DEL POR EJECUTAR) > INTERVENTORIA + HONORARIOS Y REEMBOLSABLES (DEL POR EJECUTAR)	INTERVENTORIA + HON + REEMB SUBETAPA 4E	%
1597	NO	INDIRECTOS > INTERVENTORIA Y ADMINISTRACIÓN DELEGADA OBRAS POR EJECUTAR > INTERVENTORIA + HONORARIOS Y REEMBOLSABLES (DEL POR EJECUTAR) > INTERVENTORIA + HONORARIOS Y REEMBOLSABLES (DEL POR EJECUTAR)	INTERVENTORIA + HON + REEMB SUBETAPA 4F	%
1598	NO	INDIRECTOS > INTERVENTORIA Y ADMINISTRACIÓN DELEGADA OBRAS POR EJECUTAR > INTERVENTORIA + HONORARIOS Y REEMBOLSABLES (DEL POR EJECUTAR) > INTERVENTORIA + HONORARIOS Y REEMBOLSABLES (DEL POR EJECUTAR)	INTERVENTORIA + HON + REEMB SUBETAPA 5	%
1599	NO	INDIRECTOS > INTERVENTORIA Y ADMINISTRACIÓN DELEGADA OBRAS POR EJECUTAR > INTERVENTORIA + HONORARIOS Y REEMBOLSABLES (DEL POR EJECUTAR) > INTERVENTORIA + HONORARIOS Y REEMBOLSABLES (DEL POR EJECUTAR)	INTERVENTORIA + HON + REEMB SUBETAPA 5A	%
1600	NO	INDIRECTOS > INTERVENTORIA Y ADMINISTRACIÓN DELEGADA OBRAS POR EJECUTAR > INTERVENTORIA + HONORARIOS Y REEMBOLSABLES (DEL POR EJECUTAR) > INTERVENTORIA + HONORARIOS Y REEMBOLSABLES (DEL POR EJECUTAR)	INTERVENTORIA + HON + REEMB SUBETAPA 5B	%
1601	NO	INDIRECTOS > INTERVENTORIA Y ADMINISTRACIÓN DELEGADA OBRAS POR EJECUTAR > INTERVENTORIA + HONORARIOS Y REEMBOLSABLES (DEL POR EJECUTAR) > INTERVENTORIA + HONORARIOS Y REEMBOLSABLES (DEL POR EJECUTAR)	INTERVENTORIA + HON + REEMB SUBETAPA 5C	%
1602	NO	INDIRECTOS > INTERVENTORIA Y ADMINISTRACIÓN DELEGADA OBRAS POR EJECUTAR > INTERVENTORIA + HONORARIOS Y REEMBOLSABLES (DEL POR EJECUTAR) > INTERVENTORIA + HONORARIOS Y REEMBOLSABLES (DEL POR EJECUTAR)	INTERVENTORIA + HON + REEMB SUBETAPA 5D	%
1603	NO	INDIRECTOS > INTERVENTORIA Y ADMINISTRACIÓN DELEGADA OBRAS POR EJECUTAR > INTERVENTORIA + HONORARIOS Y REEMBOLSABLES (DEL POR EJECUTAR) > INTERVENTORIA + HONORARIOS Y REEMBOLSABLES (DEL POR EJECUTAR)	INTERVENTORIA + HON + REEMB SUBETAPA 5E	%
1604	NO	INDIRECTOS > INTERVENTORIA Y ADMINISTRACIÓN DELEGADA OBRAS POR EJECUTAR > INTERVENTORIA + HONORARIOS Y REEMBOLSABLES (DEL POR EJECUTAR) > INTERVENTORIA + HONORARIOS Y REEMBOLSABLES (DEL POR EJECUTAR)	INTERVENTORIA + HON + REEMB SUBETAPA 5F	%
1605	NO	INDIRECTOS > INTERVENTORIA Y ADMINISTRACIÓN DELEGADA OBRAS POR EJECUTAR > INTERVENTORIA + HONORARIOS Y REEMBOLSABLES (DEL POR EJECUTAR) > INTERVENTORIA + HONORARIOS Y REEMBOLSABLES (DEL POR EJECUTAR)	INTERVENTORIA + HON + REEMB SUBETAPA 5G	%
1606	NO	INDIRECTOS > INTERVENTORIA Y ADMINISTRACIÓN DELEGADA OBRAS POR EJECUTAR > INTERVENTORIA + HONORARIOS Y REEMBOLSABLES (DEL POR EJECUTAR) > INTERVENTORIA + HONORARIOS Y REEMBOLSABLES (DEL POR EJECUTAR)	INTERVENTORIA + HON + REEMB SUBETAPA 7	%
1607	NO	INDIRECTOS > INTERVENTORIA Y ADMINISTRACIÓN DELEGADA OBRAS POR EJECUTAR > INTERVENTORIA + HONORARIOS Y REEMBOLSABLES (DEL POR EJECUTAR) > INTERVENTORIA + HONORARIOS Y REEMBOLSABLES (DEL POR EJECUTAR)	INTERVENTORIA + HON + REEMB SUBETAPA 8	%
1608	NO	INDIRECTOS > INTERVENTORIA Y ADMINISTRACIÓN DELEGADA OBRAS POR EJECUTAR > INTERVENTORIA + HONORARIOS Y REEMBOLSABLES (DEL POR EJECUTAR) > INTERVENTORIA + HONORARIOS Y REEMBOLSABLES (DEL POR EJECUTAR)	INTERVENTORIA + HON + REEMB SUBETAPA 8A	%
1609	NO	INDIRECTOS > INTERVENTORIA Y ADMINISTRACIÓN DELEGADA OBRAS POR EJECUTAR > INTERVENTORIA + HONORARIOS Y REEMBOLSABLES (DEL POR EJECUTAR) > INTERVENTORIA + HONORARIOS Y REEMBOLSABLES (DEL POR EJECUTAR)	INTERVENTORIA + HON + REEMB SUBETAPA 8B	%
1610	NO	INDIRECTOS > INTERVENTORIA Y ADMINISTRACIÓN DELEGADA OBRAS POR EJECUTAR > INTERVENTORIA + HONORARIOS Y REEMBOLSABLES (DEL POR EJECUTAR) > INTERVENTORIA + HONORARIOS Y REEMBOLSABLES (DEL POR EJECUTAR)	INTERVENTORIA + HON + REEMB SUBETAPA 8C	%
1611	NO	INDIRECTOS > INTERVENTORIA Y ADMINISTRACIÓN DELEGADA OBRAS POR EJECUTAR > INTERVENTORIA + HONORARIOS Y REEMBOLSABLES (DEL POR EJECUTAR) > INTERVENTORIA + HONORARIOS Y REEMBOLSABLES (DEL POR EJECUTAR)	INTERVENTORIA + HON + REEMB SUBETAPA 8D	%
1612	NO	INDIRECTOS > INTERVENTORIA Y ADMINISTRACIÓN DELEGADA OBRAS POR EJECUTAR > INTERVENTORIA + HONORARIOS Y REEMBOLSABLES (DEL POR EJECUTAR) > INTERVENTORIA + HONORARIOS Y REEMBOLSABLES (DEL POR EJECUTAR)	INTERVENTORIA + HON + REEMB SUBETAPA 9	%
1613	NO	INDIRECTOS > INTERVENTORIA Y ADMINISTRACIÓN DELEGADA OBRAS POR EJECUTAR > INTERVENTORIA + HONORARIOS Y REEMBOLSABLES (DEL POR EJECUTAR) > INTERVENTORIA + HONORARIOS Y REEMBOLSABLES (DEL POR EJECUTAR)	INTERVENTORIA + HON + REEMB SUBETAPA 9A	%
1614	NO	INDIRECTOS > INTERVENTORIA Y ADMINISTRACIÓN DELEGADA OBRAS POR EJECUTAR > INTERVENTORIA + HONORARIOS Y REEMBOLSABLES (DEL POR EJECUTAR) > INTERVENTORIA + HONORARIOS Y REEMBOLSABLES (DEL POR EJECUTAR)	INTERVENTORIA + HON + REEMB SUBETAPA 9B	%
1615	NO	INDIRECTOS > INTERVENTORIA Y ADMINISTRACIÓN DELEGADA OBRAS POR EJECUTAR > INTERVENTORIA + HONORARIOS Y REEMBOLSABLES (DEL POR EJECUTAR) > INTERVENTORIA + HONORARIOS Y REEMBOLSABLES (DEL POR EJECUTAR)	INTERVENTORIA + HON + REEMB SUBETAPA 9C	%
1616	NO	INDIRECTOS > INTERVENTORIA Y ADMINISTRACIÓN DELEGADA OBRAS POR EJECUTAR > INTERVENTORIA + HONORARIOS Y REEMBOLSABLES (DEL POR EJECUTAR) > INTERVENTORIA + HONORARIOS Y REEMBOLSABLES (DEL POR EJECUTAR)	INTERVENTORIA + HON + REEMB SUBETAPA 9D	%
1617	NO	INDIRECTOS > INTERVENTORIA Y ADMINISTRACIÓN DELEGADA OBRAS POR EJECUTAR > INTERVENTORIA + HONORARIOS Y REEMBOLSABLES (DEL POR EJECUTAR) > INTERVENTORIA + HONORARIOS Y REEMBOLSABLES (DEL POR EJECUTAR)	INTERVENTORIA + HON + REEMB SUBETAPA 9E	%
1618	NO	INDIRECTOS > INTERVENTORIA Y ADMINISTRACIÓN DELEGADA OBRAS POR EJECUTAR > INTERVENTORIA + HONORARIOS Y REEMBOLSABLES (DEL POR EJECUTAR) > INTERVENTORIA + HONORARIOS Y REEMBOLSABLES (DEL POR EJECUTAR)	INTERVENTORIA + HON + REEMB GENERAL	%
1622	NO	INDIRECTOS > ESTUDIOS Y DISEÑOS > ESTUDIOS Y DISEÑOS (ACTIVIDADES POR EJECUTAR) > ESTUDIOS Y DISEÑOS (ACTIVIDADES POR EJECUTAR)	ESTUDIOS Y DISEÑOS SUBETAPA 1	%
1623	NO	INDIRECTOS > ESTUDIOS Y DISEÑOS > ESTUDIOS Y DISEÑOS (ACTIVIDADES POR EJECUTAR) > ESTUDIOS Y DISEÑOS (ACTIVIDADES POR EJECUTAR)	ESTUDIOS Y DISEÑOS SUBETAPA 2	%
1624	NO	INDIRECTOS > ESTUDIOS Y DISEÑOS > ESTUDIOS Y DISEÑOS (ACTIVIDADES POR EJECUTAR) > ESTUDIOS Y DISEÑOS (ACTIVIDADES POR EJECUTAR)	ESTUDIOS Y DISEÑOS SUBETAPA 3	%
1625	NO	INDIRECTOS > ESTUDIOS Y DISEÑOS > ESTUDIOS Y DISEÑOS (ACTIVIDADES POR EJECUTAR) > ESTUDIOS Y DISEÑOS (ACTIVIDADES POR EJECUTAR)	ESTUDIOS Y DISEÑOS SUBETAPA 3A	%
1626	NO	INDIRECTOS > ESTUDIOS Y DISEÑOS > ESTUDIOS Y DISEÑOS (ACTIVIDADES POR EJECUTAR) > ESTUDIOS Y DISEÑOS (ACTIVIDADES POR EJECUTAR)	ESTUDIOS Y DISEÑOS SUBETAPA 3B	%
1627	NO	INDIRECTOS > ESTUDIOS Y DISEÑOS > ESTUDIOS Y DISEÑOS (ACTIVIDADES POR EJECUTAR) > ESTUDIOS Y DISEÑOS (ACTIVIDADES POR EJECUTAR)	ESTUDIOS Y DISEÑOS SUBETAPA 4	%
1628	NO	INDIRECTOS > ESTUDIOS Y DISEÑOS > ESTUDIOS Y DISEÑOS (ACTIVIDADES POR EJECUTAR) > ESTUDIOS Y DISEÑOS (ACTIVIDADES POR EJECUTAR)	ESTUDIOS Y DISEÑOS SUBETAPA 4A	%
1629	NO	INDIRECTOS > ESTUDIOS Y DISEÑOS > ESTUDIOS Y DISEÑOS (ACTIVIDADES POR EJECUTAR) > ESTUDIOS Y DISEÑOS (ACTIVIDADES POR EJECUTAR)	ESTUDIOS Y DISEÑOS SUBETAPA 4B	%
1630	NO	INDIRECTOS > ESTUDIOS Y DISEÑOS > ESTUDIOS Y DISEÑOS (ACTIVIDADES POR EJECUTAR) > ESTUDIOS Y DISEÑOS (ACTIVIDADES POR EJECUTAR)	ESTUDIOS Y DISEÑOS SUBETAPA 4C	%
1631	NO	INDIRECTOS > ESTUDIOS Y DISEÑOS > ESTUDIOS Y DISEÑOS (ACTIVIDADES POR EJECUTAR) > ESTUDIOS Y DISEÑOS (ACTIVIDADES POR EJECUTAR)	ESTUDIOS Y DISEÑOS SUBETAPA 4D	%
1632	NO	INDIRECTOS > ESTUDIOS Y DISEÑOS > ESTUDIOS Y DISEÑOS (ACTIVIDADES POR EJECUTAR) > ESTUDIOS Y DISEÑOS (ACTIVIDADES POR EJECUTAR)	ESTUDIOS Y DISEÑOS SUBETAPA 4E	%
1633	NO	INDIRECTOS > ESTUDIOS Y DISEÑOS > ESTUDIOS Y DISEÑOS (ACTIVIDADES POR EJECUTAR) > ESTUDIOS Y DISEÑOS (ACTIVIDADES POR EJECUTAR)	ESTUDIOS Y DISEÑOS SUBETAPA 4F	%
1634	NO	INDIRECTOS > ESTUDIOS Y DISEÑOS > ESTUDIOS Y DISEÑOS (ACTIVIDADES POR EJECUTAR) > ESTUDIOS Y DISEÑOS (ACTIVIDADES POR EJECUTAR)	ESTUDIOS Y DISEÑOS SUBETAPA 5	%
1635	NO	INDIRECTOS > ESTUDIOS Y DISEÑOS > ESTUDIOS Y DISEÑOS (ACTIVIDADES POR EJECUTAR) > ESTUDIOS Y DISEÑOS (ACTIVIDADES POR EJECUTAR)	ESTUDIOS Y DISEÑOS SUBETAPA 5A	%
1636	NO	INDIRECTOS > ESTUDIOS Y DISEÑOS > ESTUDIOS Y DISEÑOS (ACTIVIDADES POR EJECUTAR) > ESTUDIOS Y DISEÑOS (ACTIVIDADES POR EJECUTAR)	ESTUDIOS Y DISEÑOS SUBETAPA 5B	%
1637	NO	INDIRECTOS > ESTUDIOS Y DISEÑOS > ESTUDIOS Y DISEÑOS (ACTIVIDADES POR EJECUTAR) > ESTUDIOS Y DISEÑOS (ACTIVIDADES POR EJECUTAR)	ESTUDIOS Y DISEÑOS SUBETAPA 5C	%
1638	NO	INDIRECTOS > ESTUDIOS Y DISEÑOS > ESTUDIOS Y DISEÑOS (ACTIVIDADES POR EJECUTAR) > ESTUDIOS Y DISEÑOS (ACTIVIDADES POR EJECUTAR)	ESTUDIOS Y DISEÑOS SUBETAPA 5D	%
1639	NO	INDIRECTOS > ESTUDIOS Y DISEÑOS > ESTUDIOS Y DISEÑOS (ACTIVIDADES POR EJECUTAR) > ESTUDIOS Y DISEÑOS (ACTIVIDADES POR EJECUTAR)	ESTUDIOS Y DISEÑOS SUBETAPA 5E	%
1640	NO	INDIRECTOS > ESTUDIOS Y DISEÑOS > ESTUDIOS Y DISEÑOS (ACTIVIDADES POR EJECUTAR) > ESTUDIOS Y DISEÑOS (ACTIVIDADES POR EJECUTAR)	ESTUDIOS Y DISEÑOS SUBETAPA 5F	%
1641	NO	INDIRECTOS > ESTUDIOS Y DISEÑOS > ESTUDIOS Y DISEÑOS (ACTIVIDADES POR EJECUTAR) > ESTUDIOS Y DISEÑOS (ACTIVIDADES POR EJECUTAR)	ESTUDIOS Y DISEÑOS SUBETAPA 5G	%
1642	NO	INDIRECTOS > ESTUDIOS Y DISEÑOS > ESTUDIOS Y DISEÑOS (ACTIVIDADES POR EJECUTAR) > ESTUDIOS Y DISEÑOS (ACTIVIDADES POR EJECUTAR)	ESTUDIOS Y DISEÑOS SUBETAPA 7	%
1643	NO	INDIRECTOS > ESTUDIOS Y DISEÑOS > ESTUDIOS Y DISEÑOS (ACTIVIDADES POR EJECUTAR) > ESTUDIOS Y DISEÑOS (ACTIVIDADES POR EJECUTAR)	ESTUDIOS Y DISEÑOS SUBETAPA 8	%
1644	NO	INDIRECTOS > ESTUDIOS Y DISEÑOS > ESTUDIOS Y DISEÑOS (ACTIVIDADES POR EJECUTAR) > ESTUDIOS Y DISEÑOS (ACTIVIDADES POR EJECUTAR)	ESTUDIOS Y DISEÑOS SUBETAPA 8A	%
1645	NO	INDIRECTOS > ESTUDIOS Y DISEÑOS > ESTUDIOS Y DISEÑOS (ACTIVIDADES POR EJECUTAR) > ESTUDIOS Y DISEÑOS (ACTIVIDADES POR EJECUTAR)	ESTUDIOS Y DISEÑOS SUBETAPA 8B	%
1646	NO	INDIRECTOS > ESTUDIOS Y DISEÑOS > ESTUDIOS Y DISEÑOS (ACTIVIDADES POR EJECUTAR) > ESTUDIOS Y DISEÑOS (ACTIVIDADES POR EJECUTAR)	ESTUDIOS Y DISEÑOS SUBETAPA 8C	%
1647	NO	INDIRECTOS > ESTUDIOS Y DISEÑOS > ESTUDIOS Y DISEÑOS (ACTIVIDADES POR EJECUTAR) > ESTUDIOS Y DISEÑOS (ACTIVIDADES POR EJECUTAR)	ESTUDIOS Y DISEÑOS SUBETAPA 8D	%
1648	NO	INDIRECTOS > ESTUDIOS Y DISEÑOS > ESTUDIOS Y DISEÑOS (ACTIVIDADES POR EJECUTAR) > ESTUDIOS Y DISEÑOS (ACTIVIDADES POR EJECUTAR)	ESTUDIOS Y DISEÑOS SUBETAPA 9	%
1649	NO	INDIRECTOS > ESTUDIOS Y DISEÑOS > ESTUDIOS Y DISEÑOS (ACTIVIDADES POR EJECUTAR) > ESTUDIOS Y DISEÑOS (ACTIVIDADES POR EJECUTAR)	ESTUDIOS Y DISEÑOS SUBETAPA 9A	%
1650	NO	INDIRECTOS > ESTUDIOS Y DISEÑOS > ESTUDIOS Y DISEÑOS (ACTIVIDADES POR EJECUTAR) > ESTUDIOS Y DISEÑOS (ACTIVIDADES POR EJECUTAR)	ESTUDIOS Y DISEÑOS SUBETAPA 9B	%
1651	NO	INDIRECTOS > ESTUDIOS Y DISEÑOS > ESTUDIOS Y DISEÑOS (ACTIVIDADES POR EJECUTAR) > ESTUDIOS Y DISEÑOS (ACTIVIDADES POR EJECUTAR)	ESTUDIOS Y DISEÑOS SUBETAPA 9C	%
1652	NO	INDIRECTOS > ESTUDIOS Y DISEÑOS > ESTUDIOS Y DISEÑOS (ACTIVIDADES POR EJECUTAR) > ESTUDIOS Y DISEÑOS (ACTIVIDADES POR EJECUTAR)	ESTUDIOS Y DISEÑOS SUBETAPA 9D	%
1653	NO	INDIRECTOS > ESTUDIOS Y DISEÑOS > ESTUDIOS Y DISEÑOS (ACTIVIDADES POR EJECUTAR) > ESTUDIOS Y DISEÑOS (ACTIVIDADES POR EJECUTAR)	ESTUDIOS Y DISEÑOS SUBETAPA 9E	%
1654	NO	INDIRECTOS > ESTUDIOS Y DISEÑOS > ESTUDIOS Y DISEÑOS (ACTIVIDADES POR EJECUTAR) > ESTUDIOS Y DISEÑOS (ACTIVIDADES POR EJECUTAR)	ESTUDIOS Y DISEÑOS GENERAL	%
1659	NO	INCREMENTOS (INDEXACION) > INDEXACION POR EJECUTAR > INDEXACION AÑO 2023 > INDEXACION AÑO 2023	INDEXACION POR EJECUTAR AÑO 2023 (GENERAL)	GL
1660	NO	INCREMENTOS (INDEXACION) > INDEXACION POR EJECUTAR > INDEXACION AÑO 2023 > INDEXACION AÑO 2023	INDEXACION POR EJECUTAR AÑO 2023 (ETAPA 01)	GL
1661	NO	INCREMENTOS (INDEXACION) > INDEXACION POR EJECUTAR > INDEXACION AÑO 2023 > INDEXACION AÑO 2023	INDEXACION POR EJECUTAR AÑO 2023 (ETAPA 02)	GL
1662	NO	INCREMENTOS (INDEXACION) > INDEXACION POR EJECUTAR > INDEXACION AÑO 2023 > INDEXACION AÑO 2023	INDEXACION POR EJECUTAR AÑO 2023 (ETAPA 03)	GL
1663	NO	INCREMENTOS (INDEXACION) > INDEXACION POR EJECUTAR > INDEXACION AÑO 2023 > INDEXACION AÑO 2023	INDEXACION POR EJECUTAR AÑO 2023 (ETAPA 07)	GL
1666	NO	INCREMENTOS (INDEXACION) > INDEXACION POR EJECUTAR > INDEXACION AÑO 2024 > INDEXACION AÑO 2024	INDEXACION POR EJECUTAR AÑO 2024 (GENERAL)	GL
1667	NO	INCREMENTOS (INDEXACION) > INDEXACION POR EJECUTAR > INDEXACION AÑO 2024 > INDEXACION AÑO 2024	INDEXACION POR EJECUTAR AÑO 2024 (ETAPA 01)	GL
1668	NO	INCREMENTOS (INDEXACION) > INDEXACION POR EJECUTAR > INDEXACION AÑO 2024 > INDEXACION AÑO 2024	INDEXACION POR EJECUTAR AÑO 2024 (ETAPA 02)	GL
1669	NO	INCREMENTOS (INDEXACION) > INDEXACION POR EJECUTAR > INDEXACION AÑO 2024 > INDEXACION AÑO 2024	INDEXACION POR EJECUTAR AÑO 2024 (ETAPA 03)	GL
1670	NO	INCREMENTOS (INDEXACION) > INDEXACION POR EJECUTAR > INDEXACION AÑO 2024 > INDEXACION AÑO 2024	INDEXACION POR EJECUTAR AÑO 2024 (ETAPA 04)	GL
1671	NO	INCREMENTOS (INDEXACION) > INDEXACION POR EJECUTAR > INDEXACION AÑO 2024 > INDEXACION AÑO 2024	INDEXACION POR EJECUTAR AÑO 2024 (ETAPA 05)	GL
1672	NO	INCREMENTOS (INDEXACION) > INDEXACION POR EJECUTAR > INDEXACION AÑO 2024 > INDEXACION AÑO 2024	INDEXACION POR EJECUTAR AÑO 2024 (ETAPA 07)	GL
1675	NO	INCREMENTOS (INDEXACION) > INDEXACION POR EJECUTAR > INDEXACION AÑO 2025 > INDEXACION AÑO 2025	INDEXACION POR EJECUTAR AÑO 2025 (GENERAL)	GL
1676	NO	INCREMENTOS (INDEXACION) > INDEXACION POR EJECUTAR > INDEXACION AÑO 2025 > INDEXACION AÑO 2025	INDEXACION POR EJECUTAR AÑO 2025 (ETAPA 01)	GL
1677	NO	INCREMENTOS (INDEXACION) > INDEXACION POR EJECUTAR > INDEXACION AÑO 2025 > INDEXACION AÑO 2025	INDEXACION POR EJECUTAR AÑO 2025 (ETAPA 02)	GL
1678	NO	INCREMENTOS (INDEXACION) > INDEXACION POR EJECUTAR > INDEXACION AÑO 2025 > INDEXACION AÑO 2025	INDEXACION POR EJECUTAR AÑO 2025 (ETAPA 03)	GL
1679	NO	INCREMENTOS (INDEXACION) > INDEXACION POR EJECUTAR > INDEXACION AÑO 2025 > INDEXACION AÑO 2025	INDEXACION POR EJECUTAR AÑO 2025 (ETAPA 04)	GL
1680	NO	INCREMENTOS (INDEXACION) > INDEXACION POR EJECUTAR > INDEXACION AÑO 2025 > INDEXACION AÑO 2025	INDEXACION POR EJECUTAR AÑO 2025 (ETAPA 05)	GL
1681	NO	INCREMENTOS (INDEXACION) > INDEXACION POR EJECUTAR > INDEXACION AÑO 2025 > INDEXACION AÑO 2025	INDEXACION POR EJECUTAR AÑO 2025 (ETAPA 07)	GL
1684	NO	INCREMENTOS (INDEXACION) > INDEXACION POR EJECUTAR > INDEXACION AÑO 2026 > INDEXACION AÑO 2026	INDEXACION POR EJECUTAR AÑO 2026 (GENERAL)	GL
1685	NO	INCREMENTOS (INDEXACION) > INDEXACION POR EJECUTAR > INDEXACION AÑO 2026 > INDEXACION AÑO 2026	INDEXACION POR EJECUTAR AÑO 2026 (ETAPA 03)	GL
1686	NO	INCREMENTOS (INDEXACION) > INDEXACION POR EJECUTAR > INDEXACION AÑO 2026 > INDEXACION AÑO 2026	INDEXACION POR EJECUTAR AÑO 2026 (ETAPA 04)	GL
1687	NO	INCREMENTOS (INDEXACION) > INDEXACION POR EJECUTAR > INDEXACION AÑO 2026 > INDEXACION AÑO 2026	INDEXACION POR EJECUTAR AÑO 2026 (ETAPA 05)	GL
1688	NO	INCREMENTOS (INDEXACION) > INDEXACION POR EJECUTAR > INDEXACION AÑO 2026 > INDEXACION AÑO 2026	INDEXACION POR EJECUTAR AÑO 2026 (ETAPA 07)	GL
1689	NO	INCREMENTOS (INDEXACION) > INDEXACION POR EJECUTAR > INDEXACION AÑO 2026 > INDEXACION AÑO 2026	INDEXACION POR EJECUTAR AÑO 2026 (ETAPA 08)	GL
1690	NO	INCREMENTOS (INDEXACION) > INDEXACION POR EJECUTAR > INDEXACION AÑO 2026 > INDEXACION AÑO 2026	INDEXACION POR EJECUTAR AÑO 2026 (ETAPA 09)	GL
1693	NO	INCREMENTOS (INDEXACION) > INDEXACION POR EJECUTAR > INDEXACION AÑO 2027 > INDEXACION AÑO 2027	INDEXACION POR EJECUTAR AÑO 2027 (GENERAL)	GL
1694	NO	INCREMENTOS (INDEXACION) > INDEXACION POR EJECUTAR > INDEXACION AÑO 2027 > INDEXACION AÑO 2027	INDEXACION POR EJECUTAR AÑO 2027 (ETAPA 03)	GL
1695	NO	INCREMENTOS (INDEXACION) > INDEXACION POR EJECUTAR > INDEXACION AÑO 2027 > INDEXACION AÑO 2027	INDEXACION POR EJECUTAR AÑO 2027 (ETAPA 04)	GL
1696	NO	INCREMENTOS (INDEXACION) > INDEXACION POR EJECUTAR > INDEXACION AÑO 2027 > INDEXACION AÑO 2027	INDEXACION POR EJECUTAR AÑO 2027 (ETAPA 05)	GL
1697	NO	INCREMENTOS (INDEXACION) > INDEXACION POR EJECUTAR > INDEXACION AÑO 2027 > INDEXACION AÑO 2027	INDEXACION POR EJECUTAR AÑO 2027 (ETAPA 07)	GL
1698	NO	INCREMENTOS (INDEXACION) > INDEXACION POR EJECUTAR > INDEXACION AÑO 2027 > INDEXACION AÑO 2027	INDEXACION POR EJECUTAR AÑO 2027 (ETAPA 08)	GL
1699	NO	INCREMENTOS (INDEXACION) > INDEXACION POR EJECUTAR > INDEXACION AÑO 2027 > INDEXACION AÑO 2027	INDEXACION POR EJECUTAR AÑO 2027 (ETAPA 09)	GL
1702	NO	INCREMENTOS (INDEXACION) > INDEXACION POR EJECUTAR > INDEXACION AÑO 2028 > INDEXACION AÑO 2028	INDEXACION POR EJECUTAR AÑO 2028 (GENERAL)	GL
1703	NO	INCREMENTOS (INDEXACION) > INDEXACION POR EJECUTAR > INDEXACION AÑO 2028 > INDEXACION AÑO 2028	INDEXACION POR EJECUTAR AÑO 2028 (ETAPA 04)	GL
1704	NO	INCREMENTOS (INDEXACION) > INDEXACION POR EJECUTAR > INDEXACION AÑO 2028 > INDEXACION AÑO 2028	INDEXACION POR EJECUTAR AÑO 2028 (ETAPA 05)	GL
1705	NO	INCREMENTOS (INDEXACION) > INDEXACION POR EJECUTAR > INDEXACION AÑO 2028 > INDEXACION AÑO 2028	INDEXACION POR EJECUTAR AÑO 2028 (ETAPA 07)	GL
1706	NO	INCREMENTOS (INDEXACION) > INDEXACION POR EJECUTAR > INDEXACION AÑO 2028 > INDEXACION AÑO 2028	INDEXACION POR EJECUTAR AÑO 2028 (ETAPA 08)	GL
1707	NO	INCREMENTOS (INDEXACION) > INDEXACION POR EJECUTAR > INDEXACION AÑO 2028 > INDEXACION AÑO 2028	INDEXACION POR EJECUTAR AÑO 2028 (ETAPA 09)	GL
1710	NO	INCREMENTOS (INDEXACION) > INDEXACION POR EJECUTAR > INDEXACION AÑO 2029 > INDEXACION AÑO 2029	INDEXACION POR EJECUTAR AÑO 2029 (GENERAL)	GL
1711	NO	INCREMENTOS (INDEXACION) > INDEXACION POR EJECUTAR > INDEXACION AÑO 2029 > INDEXACION AÑO 2029	INDEXACION POR EJECUTAR AÑO 2029 (ETAPA 04)	GL
1712	NO	INCREMENTOS (INDEXACION) > INDEXACION POR EJECUTAR > INDEXACION AÑO 2029 > INDEXACION AÑO 2029	INDEXACION POR EJECUTAR AÑO 2029 (ETAPA 05)	GL
1713	NO	INCREMENTOS (INDEXACION) > INDEXACION POR EJECUTAR > INDEXACION AÑO 2029 > INDEXACION AÑO 2029	INDEXACION POR EJECUTAR AÑO 2029 (ETAPA 07)	GL
1714	NO	INCREMENTOS (INDEXACION) > INDEXACION POR EJECUTAR > INDEXACION AÑO 2029 > INDEXACION AÑO 2029	INDEXACION POR EJECUTAR AÑO 2029 (ETAPA 08)	GL
1715	NO	INCREMENTOS (INDEXACION) > INDEXACION POR EJECUTAR > INDEXACION AÑO 2029 > INDEXACION AÑO 2029	INDEXACION POR EJECUTAR AÑO 2029 (ETAPA 09)	GL
1718	NO	INCREMENTOS (INDEXACION) > INDEXACION POR EJECUTAR > INDEXACION AÑO 2030 > INDEXACION AÑO 2030	INDEXACION POR EJECUTAR AÑO 2030 (GENERAL)	GL
1719	NO	INCREMENTOS (INDEXACION) > INDEXACION POR EJECUTAR > INDEXACION AÑO 2030 > INDEXACION AÑO 2030	INDEXACION POR EJECUTAR AÑO 2030 (ETAPA 04)	GL
1720	NO	INCREMENTOS (INDEXACION) > INDEXACION POR EJECUTAR > INDEXACION AÑO 2030 > INDEXACION AÑO 2030	INDEXACION POR EJECUTAR AÑO 2030 (ETAPA 05)	GL
1721	NO	INCREMENTOS (INDEXACION) > INDEXACION POR EJECUTAR > INDEXACION AÑO 2030 > INDEXACION AÑO 2030	INDEXACION POR EJECUTAR AÑO 2030 (ETAPA 07)	GL
1722	NO	INCREMENTOS (INDEXACION) > INDEXACION POR EJECUTAR > INDEXACION AÑO 2030 > INDEXACION AÑO 2030	INDEXACION POR EJECUTAR AÑO 2030 (ETAPA 08)	GL
1723	NO	INCREMENTOS (INDEXACION) > INDEXACION POR EJECUTAR > INDEXACION AÑO 2030 > INDEXACION AÑO 2030	INDEXACION POR EJECUTAR AÑO 2030 (ETAPA 09)	GL
